블록,색인 순서,제목,문서 ID,구분,원본 XML,검색 코드
hmi standard motors,1,,331,LAD,0355-FlgNet.xml,#ingresso_run #risposta #allarme1 #comulativo_allarmi #allarme2 #allarme3 #allarme4 #allarme5
hmi standard motorized valve,1,,336,LAD,0356-FlgNet.xml,#ingresso_run_opening #risposta_opening #ingresso_run_closing #risposta_closing #allarme1 #comulativo_allarmi #allarme2 #allarme3 #allarme4 #allarme5 #limit_switch_open #limit_switch_open_hmi #limiti_switch_close #limit_switch_close_hmi
hmi pv_1gate,1,,341,LAD,0399-FlgNet.xml,#ls_open #hmi_ls_open #ls_close #hmi_ls_close #selector #hmi_selectoor #allarm1 #total_allarms #allarm2 #allarm3 #allarm4 #allarm5
hmi pv_2gate,1,,347,LAD,0400-FlgNet.xml,#gatea_open #hmi_gatea_open #gatea_close #hmi_gatea_close #gateb_open #hmi_gateb_open #gateb_close #hmi_gateb_close #selector_gatea #hmi_selector_gatea #selector_gateb #hmi_selector_gateb #allarm1 #total_allarms #allarm2 #allarm3 #allarm4 #allarm5 #allarm6 #allarm7
hmi output,1,,356,LAD,0401-FlgNet.xml,"move ""tag_280"" move ""tag_281"" move ""tag_282"" move ""tag_283"" move ""tag_284"" move ""tag_285"" %db14.dbw6 %db14.dbw8 %db14.dbw10 move ""tag_286"" move ""tag_287"" move ""tag_288"" %db14.dbw12 %db14.dbw14 %db14.dbw16 move ""tag_289"" move ""tag_290"" move ""tag_291"" %db14.dbw18 %db14.dbw20 %db14.dbw22 %db14.dbw0 %db14.dbw2 %db14.dbw4"
recipes handler,1,,364,색인/빈 네트워크/기타 언어,,"#in_range := (""recipesdb"".hmi_index >= 1 and ""recipesdb"".hmi_index <= 100); #differing := ""recipesdb"".recipes[0] <> ""recipesdb"".recipes[""recipesdb"".hmi_index]; //if hmi editor idx changes, copy from archvie onto hmi buffer if (""recipesdb"".hmi_index <> ""recipesdb"".oldhmi_idx) and #in_range then ""recipesdb"".recipes[0] := ""recipesdb"".recipes[""recipesdb"".hmi_index]; ""recipesdb"".modify_recipe := 0; ""recipesdb"".vis_saveundo := 0; ""recipesdb"".vis_modify := 1; ""recipesdb"".vis_loadrecipe := 1; //or if old changed but is not in range, force the first allowed recipe in the editor buffer elsif not #in_range then ""recipesdb"".hmi_index := 1; end_if; //changing the hmi idx will force a copy of a new selected recipe on the hmi buffer, no edits are done in the archive. //if hmi editor idx has not changed and is in range, check for modifications between the hmi buffer and the archive copy if #in_range and ""recipesdb"".hmi_index = ""recipesdb"".oldhmi_idx then //if a modification occured, remove modify button, the operator must save or undo the recipe before proceeding with modifications on other recipes //or load any recipes if (""recipesdb"".recipes[0] <> ""recipesdb"".recipes[""recipesdb"".hmi_index]) and ""recipesdb"".modify_recipe then ""recipesdb"".vis_saveundo := 1; ""recipesdb"".vis_modify := 0; ""recipesdb"".vis_loadrecipe := 0; //if is possible to save and save btn is pressed, copy editor recipe in archive if ""recipesdb"".vis_saveundo and ""recipesdb"".save_recipe then ""recipesdb"".recipes[""recipesdb"".hmi_index] := ""recipesdb"".recipes[0]; ""recipesdb"".vis_saveundo := 0; ""recipesdb"".vis_modify := 1; ""recipesdb"".modify_recipe:= 0; ""recipesdb"".save_recipe := 0; ""recipesdb"".vis_loadrecipe := 1; end_if; //if is possible to undo modification, copy from archive to the editor the recipe if ""recipesdb"".vis_saveundo and ""recipesdb"".undo_modification then ""recipesdb"".recipes[0] := ""recipesdb"".recipes[""recipesdb"".hmi_index]; ""recipesdb"".vis_saveundo := 0; ""recipesdb"".vis_modify := 1; ""recipesdb"".modify_recipe := 0; ""recipesdb"".undo_modification := 0; ""recipesdb"".vis_loadrecipe := 1; end_if; end_if; end_if; if (""recipesdb"".recipes[0] = ""recipesdb"".recipes[""recipesdb"".hmi_index]) and ""recipesdb"".vis_loadrecipe and ""recipesdb"".load_recipe then ""data"".set_perc_bwf01 := ""recipesdb"".recipes[0].bwf01; ""data"".set_perc_bwf02 := ""recipesdb"".recipes[0].bwf02; ""data"".set_perc_fr01 := ""recipesdb"".recipes[0].rd01; ""data"".set_perc_vt01 := ""recipesdb"".recipes[0].fn01; ""data"".psh01_setpoint := ""recipesdb"".recipes[0].psh01; ""data"".psh02_setpoint := ""recipesdb"".recipes[0].psh02; ""data"".tc03_setpoint := ""recipesdb"".recipes[0].tc03; ""data"".tc01_setpoint := ""recipesdb"".recipes[0].tc01; ""recipesdb"".active_recipe:=""recipesdb"".hmi_index; ""recipesdb"".load_recipe := 0; end_if; //save last scan hmi idx ""recipesdb"".oldhmi_idx := ""recipesdb"".hmi_index;"
cyc_int4 ogni 200ms,1,for test trends,396,LAD,0146-FlgNet.xml,"""off"" add ""data"".pot_mv02 1 ""data"".pot_mv02 100 move 0 ""data"".pot_mv02 ""data"".pot_mv02"
startup only,1,special flag initialization,401,색인/빈 네트워크/기타 언어,,"set s ""on"" clr s ""off"""
startup only,2,reset all flag start motors,402,LAD,0147-FlgNet.xml,"""on"" move int#0 move int#0 move int#0 move int#0 move int#0 move int#0 move int#0 move int#0 %db2.dbw8 %db2.dbw10 %db2.dbw12 %db2.dbw14 %db2.dbw0 %db2.dbw2 %db2.dbw4 %db2.dbw6"
startup only,3,reset all flag allarms,403,LAD,0148-FlgNet.xml,"""on"" move int#0 move int#0 move int#0 move int#0 move int#0 move int#0 move int#0 move int#0 %db3.dbw8 %db3.dbw10 %db3.dbw12 %db3.dbw14 move int#0 %db3.dbw16 %db3.dbw0 %db3.dbw2 %db3.dbw4 %db3.dbw6"
startup only,4,plants defaults,404,LAD,0149-FlgNet.xml,"""on"" ""flag"".mv01_auto ""on"" ""flag"".mv02_auto ""flag"".mv03_auto ""on"" ""flag"".mv04_auto ""flag"".mv05_auto ""flag"".mv06_auto ""flag"".fn_04_auto"
startup only,5,default,405,LAD,0150-FlgNet.xml,"""on"" ""flag"".pv_02_gate_a_mem_close ""flag"".pv_02_gate_b_mem_close ""flag"".pv_01_gate_a_mem_close ""flag"".pv_01_gate_b_mem_close ""flag"".pv_03_gate_mem_close"
motor/alarm client,1,apron conveyor fault (cl01),410,LAD,0220-FlgNet.xml,"""on"" ""apron conveyor a fault"" ""allarm"".motor_client_01_fault ""apron conveyor a fault"" ""flag"".reset_allarm ""allarm"".motor_client_01_fault"
motor/alarm client,2,client motor 2 allarm,411,LAD,0221-FlgNet.xml,"""on"" ""impactor fault"" ""allarm"".motor_client_02_fault ""impactor fault"" ""flag"".reset_allarm ""allarm"".motor_client_02_fault"
motor/alarm client,3,client motor 3 allarm,412,LAD,0222-FlgNet.xml,"""on"" ""impact vibrationfeeder fault"" ""allarm"".motor_client_03_fault ""impact vibrationfeeder fault"" ""flag"".reset_allarm ""allarm"".motor_client_03_fault"
motor/alarm client,4,client motor 4 allarm,413,LAD,0223-FlgNet.xml,"""on"" ""belt conveyor a fault"" ""allarm"".motor_client_04_fault ""belt conveyor a fault"" ""flag"".reset_allarm ""allarm"".motor_client_04_fault"
motor/alarm client,5,client motor 5 allarm,414,LAD,0224-FlgNet.xml,"""on"" ""air knife fault"" ""allarm"".motor_client_05_fault ""air knife fault"" ""flag"".reset_allarm ""allarm"".motor_client_05_fault"
motor/alarm client,6,client motor 6 allarm,415,LAD,0225-FlgNet.xml,"""on"" ""belt conveyor b fault"" ""allarm"".motor_client_06_fault ""belt conveyor b fault"" ""flag"".reset_allarm ""allarm"".motor_client_06_fault"
motor/alarm client,7,client motor 7 allarm,416,LAD,0226-FlgNet.xml,"""on"" ""shredder 1 fault"" ""allarm"".motor_client_07_fault ""shredder 1 fault"" ""flag"".reset_allarm ""allarm"".motor_client_07_fault"
motor/alarm client,8,client motor 8 allarm,417,LAD,0227-FlgNet.xml,"""on"" ""shredder vibrationfeeder fault"" ""allarm"".motor_client_08_fault ""shredder vibrationfeeder fault"" ""flag"".reset_allarm ""allarm"".motor_client_08_fault"
motor/alarm client,9,client motor 9 allarm,418,LAD,0228-FlgNet.xml,"""on"" ""belt conveyor c fault"" ""allarm"".motor_client_09_fault ""belt conveyor c fault"" ""flag"".reset_allarm ""allarm"".motor_client_09_fault"
motor/alarm client,10,client motor 10 allarm,419,LAD,0229-FlgNet.xml,"""on"" ""rotex screenfault"" ""allarm"".motor_client_10_fault ""rotex screenfault"" ""flag"".reset_allarm ""allarm"".motor_client_10_fault"
motor/alarm client,11,client motor 13 allarm,420,LAD,0230-FlgNet.xml,"""on"" ""apron conveyor b fault"" ""allarm"".motor_client_13_fault ""apron conveyor b fault"" ""flag"".reset_allarm ""allarm"".motor_client_13_fault"
motor/alarm client,12,client motor 14 allarm,421,LAD,0231-FlgNet.xml,"""on"" ""shredder 2fault"" ""allarm"".motor_client_14_fault ""shredder 2fault"" ""flag"".reset_allarm ""allarm"".motor_client_14_fault"
motor/alarm client,13,client motor 15 allarm,422,LAD,0232-FlgNet.xml,"""on"" ""belt coveyor d fault"" ""allarm"".motor_client_15_fault ""belt coveyor d fault"" ""flag"".reset_allarm ""allarm"".motor_client_15_fault"
motor/alarm client,14,client motor 16 allarm,423,LAD,0233-FlgNet.xml,"""on"" ""belt conveyor e fault"" ""allarm"".motor_client_16_fault ""belt conveyor e fault"" ""flag"".reset_allarm ""allarm"".motor_client_16_fault"
motor/alarm client,15,client motor 17 allarm,424,LAD,0234-FlgNet.xml,"""on"" ""weighting hopper 2fault"" ""allarm"".motor_client_17_fault ""weighting hopper 2fault"" ""flag"".reset_allarm ""allarm"".motor_client_17_fault"
motor/alarm client,16,client motor 18 allarm bwf02---------------,425,LAD,0235-FlgNet.xml,"""on"" ""hopper conveyor 2fault"" ""allarm"".motor_client_18_fault ""hopper conveyor 2fault"" ""flag"".reset_allarm ""allarm"".motor_client_18_fault"
motor/alarm client,17,primary shradder fault (cl19),426,LAD,0236-FlgNet.xml,"""on"" ""primaryshredder run"" ""allarm"".motor_client_19_fault ""primaryshredder run"" ""flag"".reset_allarm ""allarm"".motor_client_19_fault"
i/o_flt1,1,,434,LAD,0000-FlgNet.xml,"""on"" ""i/o flt"""
mod_err,1,,439,LAD,0001-FlgNet.xml,"""on"" ""module access flt"""
prog_err,1,,444,LAD,0002-FlgNet.xml,"""on"" ""prog fault"""
tod_int0,1,,449,LAD,0004-FlgNet.xml,"""on"" ""tag_191"""
kf_kt,1,,460,색인/빈 네트워크/기타 언어,,l 0 t #kt l #kf // tempo in secondi o decimi >=i bec // esci se <= 0 an #sec jc x1 // se secondi l 10 // x 10 *i // tempo in decimi // tra 0 e 9.9 secondi x1: l 99 >d jc x2 tak // tempo in decimi itb // converti in bcd slw 4 // aggiungi uno zero a destra (x10) ju esc // base 0 = decine di ms // tra 10.0 e 99.9 secondi x2: tak // tempo in decimi l 999 >d jc x3 tak // tempo in decimi itb // converti in bcd l 16#1000 // base 1 = decimi ju or // tra 100.0 e 999.9 secondi x3: tak // tempo in decimi + 5 // +5 per arrotondamento l 9999 >d jc x4 tak // tempo in decimi dtb // converti in bcd srd 4 // sposta a destra di 1 cifra (/10) l 16#2000 // base 2 = secondi ju or // tra 1000.0 e 9990.0 secondi x4: tak // tempo in decimi + 45 // +50 (45+5) per arrotondamento l 99900 >d jc x5 tak // tempo in decimi dtb // converti in bcd srd 8 // sposta a destra di 2 cifre (/100) l 16#3000 // base 3 = decine di secondi ju or // oltre 9990.0 secondi x5: l 16#3999 // massimo tempo possibile ju esc // uscita or: ow // aggiungi la base esc: t #kt // uscita
rack_flt,1,,765,LAD,0003-FlgNet.xml,"""on"" ""rack fault"""
allarm manager,1,,927,LAD,0151-FlgNet.xml,"""flag"".reset_allarm move %db3.dbw0 ""flag"".run_horn ""flag"".stop_horn move %db3.dbw2 ""workdata"".w1 move %db3.dbw4 ""workdata"".w2 move %db3.dbw6 ""workdata"".w3 move %db3.dbw8 ""workdata"".w4 move %db3.dbw10 ""workdata"".w15 move %db3.dbw12 ""workdata"".w16 move %db3.dbw14 ""workdata"".w17 move %db3.dbw16 ""workdata"".w18 ""workdata"".w0"
allarm manager,2,com_w3 bit11 (new_allarm),928,LAD,0152-FlgNet.xml,"%db3.dbw0 ""workdata"".w0 ""flag"".stop_horn ""flag"".new_allarm %db3.dbw2 ""workdata"".w1 %db3.dbw4 ""workdata"".w2 %db3.dbw6 ""workdata"".w3 %db3.dbw8 ""workdata"".w4 %db3.dbw10 ""workdata"".w15 %db3.dbw12 ""workdata"".w16 %db3.dbw14 ""workdata"".w17 %db3.dbw16 ""workdata"".w18"
allarm manager,3,com_w3 bit9 (run_horn),929,LAD,0153-FlgNet.xml,"""flag"".new_allarm ""flag"".reset_allarm ""flag"".stop_horn ""flag"".run_horn ""flag"".new_allarm"
allarm manager,4,com_w3 bit8 (reset_allarm),930,LAD,0158-FlgNet.xml,"""inputs"".reset_allarmi ""flag"".reset_allarm ""flag"".reset_allarms_hmi ""inputs"".tacitazione ""flag"".stop_horn ""flag"".stop_horn_hmi ""flag"".stop_horn_hmi ""flag"".reset_allarms_hmi tof ""iec_timer_0_db"" t#3s ""103a7"" tof ""iec_timer_1_db"" t#3s ""reset_inverter"""
allarm manager,5,com_w3 bit8 (reset_allarm),931,LAD,0154-FlgNet.xml,"""flag"".reset_allarm ""tag_160"" s5t#1s ""flag"".stop_horn ""tag_160"" ""flag"".reset_allarm ""flag"".stop_horn ""blinking ligh"""
allarm manager,6,,932,LAD,0005-FlgNet.xml,"""kf_kt"" ""data"".siren_time 0 ""data"".siren_work_time"
allarm manager,7,a 57.6 siren alarms,933,LAD,0155-FlgNet.xml,"""flag"".run_horn ""tag_161"" ""data"".siren_work_time ""flag"".m_horn ""siren"" ""pls m50.2"" ""blinking ligh"" ""tag_161"" ""flag"".run_horn"
allarm manager,8,send report every 10 minutes,934,LAD,0156-FlgNet.xml,"""on"" ""tag_162"" ""flag"".m_tdpro_report ""flag"".m_tdpro_report ""tag_162"" ""tag_162"" s5t#10m"
allarm manager,9,clear values of report at the end of the recording,935,LAD,0157-FlgNet.xml,"""on"" ""flag"".m_tdpro_report ""pls 50_5"" move 0 move 0 ""data"".bwf02_count_rep ""data"".bwf01_count_rep"
time work motor,1,client motor 1,1002,LAD,0292-FlgNet.xml,"""tag_47"" ""apron conveyor a run"" add ""hours motors"".client_motor_1_min 1 ""hours motors"".client_motor_1_min 60 move 1 move 0 ""flag_aggiorna_db"" ""hours motors"".client_motor_1_hour ""hours motors"".client_motor_1_min ""hours motors"".client_motor_1_min"
time work motor,2,client motor 2,1003,LAD,0293-FlgNet.xml,"""tag_47"" ""impactor run"" add ""hours motors"".client_motor_2_min 1 ""hours motors"".client_motor_2_min 60 move 1 move 0 ""flag_aggiorna_db"" ""hours motors"".client_motor_2_hour ""hours motors"".client_motor_2_min ""hours motors"".client_motor_2_min"
time work motor,3,client motor 3,1004,LAD,0294-FlgNet.xml,"""tag_47"" ""impact vibrationfeeder run"" add ""hours motors"".client_motor_3_min 1 ""hours motors"".client_motor_3_min 60 move 1 move 0 ""flag_aggiorna_db"" ""hours motors"".client_motor_3_hour ""hours motors"".client_motor_3_min ""hours motors"".client_motor_3_min"
time work motor,4,client motor 4,1005,LAD,0295-FlgNet.xml,"""tag_47"" ""belt conveyor a run"" add ""hours motors"".client_motor_4_min 1 ""hours motors"".client_motor_4_min 60 move 1 move 0 ""flag_aggiorna_db"" ""hours motors"".client_motor_4_hour ""hours motors"".client_motor_4_min ""hours motors"".client_motor_4_min"
time work motor,5,client motor 5,1006,LAD,0296-FlgNet.xml,"""tag_47"" ""air knife run"" add ""hours motors"".client_motor_5_min 1 ""hours motors"".client_motor_5_min 60 move 1 move 0 ""flag_aggiorna_db"" ""hours motors"".client_motor_5_hour ""hours motors"".client_motor_5_min ""hours motors"".client_motor_5_min"
time work motor,6,client motor 6,1007,LAD,0297-FlgNet.xml,"""tag_47"" ""belt conveyor b run"" add ""hours motors"".client_motor_6_min 1 ""hours motors"".client_motor_6_min 60 move 1 move 0 ""flag_aggiorna_db"" ""hours motors"".client_motor_6_hour ""hours motors"".client_motor_6_min ""hours motors"".client_motor_6_min"
time work motor,7,client motor 7,1008,LAD,0298-FlgNet.xml,"""tag_47"" ""shredder 1 run"" add ""hours motors"".client_motor_7_min 1 ""hours motors"".client_motor_7_min 60 move 1 move 0 ""flag_aggiorna_db"" ""hours motors"".client_motor_7_hour ""hours motors"".client_motor_7_min ""hours motors"".client_motor_7_min"
time work motor,8,client motor 8,1009,LAD,0299-FlgNet.xml,"""tag_47"" ""shredder vibrationfeeder run"" add ""hours motors"".client_motor_8_min 1 ""hours motors"".client_motor_8_min 60 move 1 move 0 ""flag_aggiorna_db"" ""hours motors"".client_motor_8_hour ""hours motors"".client_motor_8_min ""hours motors"".client_motor_8_min"
time work motor,9,client motor 9,1010,LAD,0300-FlgNet.xml,"""tag_47"" ""belt conveyor c run"" add ""hours motors"".client_motor_9_min 1 ""hours motors"".client_motor_9_min 60 move 1 move 0 ""flag_aggiorna_db"" ""hours motors"".client_motor_9_hour ""hours motors"".client_motor_9_min ""hours motors"".client_motor_9_min"
time work motor,10,client motor 10,1011,LAD,0301-FlgNet.xml,"""tag_47"" ""rotex screen run"" add ""hours motors"".client_motor_10_min 1 ""hours motors"".client_motor_10_min 60 move 1 move 0 ""flag_aggiorna_db"" ""hours motors"".client_motor_10_hour ""hours motors"".client_motor_10_min ""hours motors"".client_motor_10_min"
time work motor,11,client motor 13,1012,LAD,0302-FlgNet.xml,"""tag_47"" ""apron conveyor b run"" add ""hours motors"".client_motor_13_min 1 ""hours motors"".client_motor_13_min 60 move 1 move 0 ""flag_aggiorna_db"" ""hours motors"".client_motor_13_hour ""hours motors"".client_motor_13_min ""hours motors"".client_motor_13_min"
time work motor,12,client motor 14,1013,LAD,0303-FlgNet.xml,"""tag_47"" ""shredder 2 run"" add ""hours motors"".client_motor_14_min 1 ""hours motors"".client_motor_14_min 60 move 1 move 0 ""flag_aggiorna_db"" ""hours motors"".client_motor_14_hour ""hours motors"".client_motor_14_min ""hours motors"".client_motor_14_min"
time work motor,13,client motor 15,1014,LAD,0304-FlgNet.xml,"""tag_47"" ""belt conveyor d run"" add ""hours motors"".client_motor_15_min 1 ""hours motors"".client_motor_15_min 60 move 1 move 0 ""flag_aggiorna_db"" ""hours motors"".client_motor_15_hour ""hours motors"".client_motor_15_min ""hours motors"".client_motor_15_min"
time work motor,14,client motor 16,1015,LAD,0305-FlgNet.xml,"""tag_47"" ""belt conveyor e run"" add ""hours motors"".client_motor_16_min 1 ""hours motors"".client_motor_16_min 60 move 1 move 0 ""flag_aggiorna_db"" ""hours motors"".client_motor_16_hour ""hours motors"".client_motor_16_min ""hours motors"".client_motor_16_min"
time work motor,15,client motor 17,1016,LAD,0306-FlgNet.xml,"""tag_47"" ""liw systemautoreader"" add ""hours motors"".client_motor_17_min 1 ""hours motors"".client_motor_17_min 60 move 1 move 0 ""flag_aggiorna_db"" ""hours motors"".client_motor_17_hour ""hours motors"".client_motor_17_min ""hours motors"".client_motor_17_min"
time work motor,16,client motor 19,1017,LAD,0307-FlgNet.xml,"""tag_47"" ""primaryshredder run"" add ""hours motors"".client_motor_19_min 1 ""hours motors"".client_motor_19_min 60 move 1 move 0 ""flag_aggiorna_db"" ""hours motors"".client_motor_19_hour ""hours motors"".client_motor_19_min ""hours motors"".client_motor_19_min"
time work motor,17,bc-01,1018,LAD,0308-FlgNet.xml,"""tag_47"" ""bc01_fbk"" add ""hours motors"".bc_01_min 1 ""hours motors"".bc_01_min 60 move 1 move 0 ""flag_aggiorna_db"" ""hours motors"".bc_01_hour ""hours motors"".bc_01_min ""hours motors"".bc_01_min"
time work motor,18,rd-01,1019,LAD,0309-FlgNet.xml,"""tag_47"" ""rd01_fbk"" add ""hours motors"".rd_01_min 1 ""hours motors"".rd_01_min 60 move 1 move 0 ""flag_aggiorna_db"" ""hours motors"".rd_01_hour ""hours motors"".rd_01_min ""hours motors"".rd_01_min"
time work motor,19,rd-01 fan,1020,LAD,0310-FlgNet.xml,"""tag_47"" ""rd01f_fbk"" add ""hours motors"".rd_01_fan_min 1 ""hours motors"".rd_01_fan_min 60 move 1 move 0 ""flag_aggiorna_db"" ""hours motors"".rd_01_fan_hour ""hours motors"".rd_01_fan_min ""hours motors"".rd_01_fan_min"
time work motor,20,mc-03,1021,LAD,0311-FlgNet.xml,"""tag_47"" ""102a7_spare5"" add ""hours motors"".mc_03_min 1 ""hours motors"".mc_03_min 60 move 1 move 0 ""flag_aggiorna_db"" ""hours motors"".mc_03_hour ""hours motors"".mc_03_min ""hours motors"".mc_03_min"
time work motor,21,mc-04,1022,LAD,0312-FlgNet.xml,"""tag_47"" ""mc04_fbk"" add ""hours motors"".mc_04_min 1 ""hours motors"".mc_04_min 60 move 1 move 0 ""flag_aggiorna_db"" ""hours motors"".mc_04_hour ""hours motors"".mc_04_min ""hours motors"".mc_04_min"
time work motor,22,mc-05 deleted,1023,색인/빈 네트워크/기타 언어,,
time work motor,23,vs-01,1024,LAD,0313-FlgNet.xml,"""tag_47"" ""vs01_fbk"" add ""hours motors"".vs_01_min 1 ""hours motors"".vs_01_min 60 move 1 move 0 ""flag_aggiorna_db"" ""hours motors"".vs_01_hour ""hours motors"".vs_01_min ""hours motors"".vs_01_min"
time work motor,24,sc-12 deleted,1025,색인/빈 네트워크/기타 언어,,
time work motor,25,fn-02,1026,LAD,0314-FlgNet.xml,"""tag_47"" ""fn02_fbk"" add ""hours motors"".fn_02_min 1 ""hours motors"".fn_02_min 60 move 1 move 0 ""flag_aggiorna_db"" ""hours motors"".fn_02_hour ""hours motors"".fn_02_min ""hours motors"".fn_02_min"
time work motor,26,vr-01,1027,LAD,0315-FlgNet.xml,"""tag_47"" ""vr01_fbk"" add ""hours motors"".vr_01_min 1 ""hours motors"".vr_01_min 60 move 1 move 0 ""flag_aggiorna_db"" ""hours motors"".vr_01_hour ""hours motors"".vr_01_min ""hours motors"".vr_01_min"
time work motor,27,fn-01,1028,LAD,0316-FlgNet.xml,"""tag_47"" ""fn01_fbk"" add ""hours motors"".fn_01_min 1 ""hours motors"".fn_01_min 60 move 1 move 0 ""flag_aggiorna_db"" ""hours motors"".fn_01_hour ""hours motors"".fn_01_min ""hours motors"".fn_01_min"
time work motor,28,vr-02,1029,LAD,0317-FlgNet.xml,"""tag_47"" ""vr02_fbk"" add ""hours motors"".vr_02_min 1 ""hours motors"".vr_02_min 60 move 1 move 0 ""flag_aggiorna_db"" ""hours motors"".vr_02_hour ""hours motors"".vr_02_min ""hours motors"".vr_02_min"
time work motor,29,ch-01,1030,LAD,0318-FlgNet.xml,"""tag_47"" ""ch01_fbk"" add ""hours motors"".ch_01_min 1 ""hours motors"".ch_01_min 60 move 1 move 0 ""flag_aggiorna_db"" ""hours motors"".ch_01_hour ""hours motors"".ch_01_min ""hours motors"".ch_01_min"
time work motor,30,fn-03,1031,LAD,0319-FlgNet.xml,"""tag_47"" ""fn03_fbk"" add ""hours motors"".fn_03_min 1 ""hours motors"".fn_03_min 60 move 1 move 0 ""flag_aggiorna_db"" ""hours motors"".fn_03_hour ""hours motors"".fn_03_min ""hours motors"".fn_03_min"
time work motor,31,fn-06,1032,LAD,0320-FlgNet.xml,"""tag_47"" ""fn06_fbk"" add ""hours motors"".fn_06_min 1 ""hours motors"".fn_06_min 60 move 1 move 0 ""flag_aggiorna_db"" ""hours motors"".fn_06_hour ""hours motors"".fn_06_min ""hours motors"".fn_06_min"
time work motor,32,sc-01,1033,LAD,0321-FlgNet.xml,"""tag_47"" ""sc01_fbk"" add ""hours motors"".sc_01_min 1 ""hours motors"".sc_01_min 60 move 1 move 0 ""flag_aggiorna_db"" ""hours motors"".sc_01_hour ""hours motors"".sc_01_min ""hours motors"".sc_01_min"
time work motor,33,fn-01 fan deleted,1034,색인/빈 네트워크/기타 언어,,
time work motor,34,ld-01,1035,LAD,0322-FlgNet.xml,"""tag_47"" ""ld-01_fbk"" add ""hours motors"".ld_01_min 1 ""hours motors"".ld_01_min 60 move 1 move 0 ""flag_aggiorna_db"" ""hours motors"".ld_01_hour ""hours motors"".ld_01_min ""hours motors"".ld_01_min"
time work motor,35,ld-01 vib,1036,LAD,0323-FlgNet.xml,"""tag_47"" ""ld-01a_fbk"" add ""hours motors"".ld_01_vib_min 1 ""hours motors"".ld_01_vib_min 60 move 1 move 0 ""flag_aggiorna_db"" ""hours motors"".ld_01_vib_hour ""hours motors"".ld_01_vib_min ""hours motors"".ld_01_vib_min"
time work motor,36,sc-10,1037,LAD,0324-FlgNet.xml,"""tag_47"" ""sc-10_fbk"" add ""hours motors"".sc_10_min 1 ""hours motors"".sc_10_min 60 move 1 move 0 ""flag_aggiorna_db"" ""hours motors"".sc_10_hour ""hours motors"".sc_10_min ""hours motors"".sc_10_min"
time work motor,37,sc-11,1038,LAD,0325-FlgNet.xml,"""tag_47"" ""sc-11_fbk"" add ""hours motors"".sc_11_min 1 ""hours motors"".sc_11_min 60 move 1 move 0 ""flag_aggiorna_db"" ""hours motors"".sc_11_hour ""hours motors"".sc_11_min ""hours motors"".sc_11_min"
time work motor,38,fn-04,1039,LAD,0326-FlgNet.xml,"""tag_47"" ""fn04_fbk"" add ""hours motors"".fn_04_min 1 ""hours motors"".fn_04_min 60 move 1 move 0 ""flag_aggiorna_db"" ""hours motors"".fn_04_hour ""hours motors"".fn_04_min ""hours motors"".fn_04_min"
time work motor,39,vr-03,1040,LAD,0327-FlgNet.xml,"""tag_47"" ""vr03_fbk"" add ""hours motors"".vr_03_min 1 ""hours motors"".vr_03_min 60 move 1 move 0 ""flag_aggiorna_db"" ""hours motors"".vr_03_hour ""hours motors"".vr_03_min ""hours motors"".vr_03_min"
time work motor,40,vr-04,1041,LAD,0328-FlgNet.xml,"""tag_47"" ""vr04_fbk"" add ""hours motors"".vr_04_min 1 ""hours motors"".vr_04_min 60 move 1 move 0 ""flag_aggiorna_db"" ""hours motors"".vr_04_hour ""hours motors"".vr_04_min ""hours motors"".vr_04_min"
time work motor,41,vr-05,1042,LAD,0329-FlgNet.xml,"""tag_47"" ""vr05_fbk"" add ""hours motors"".vr_05_min 1 ""hours motors"".vr_05_min 60 move 1 move 0 ""flag_aggiorna_db"" ""hours motors"".vr_05_hour ""hours motors"".vr_05_min ""hours motors"".vr_05_min"
time work motor,42,vr-06,1043,LAD,0330-FlgNet.xml,"""tag_47"" ""vr06_fbk"" add ""hours motors"".vr_06_min 1 ""hours motors"".vr_06_min 60 move 1 move 0 ""flag_aggiorna_db"" ""hours motors"".vr_06_hour ""hours motors"".vr_06_min ""hours motors"".vr_06_min"
time work motor,43,fn-05,1044,LAD,0331-FlgNet.xml,"""tag_47"" ""fn05_fbk"" add ""hours motors"".fn_05_min 1 ""hours motors"".fn_05_min 60 move 1 move 0 ""flag_aggiorna_db"" ""hours motors"".fn_05_hour ""hours motors"".fn_05_min ""hours motors"".fn_05_min"
time work motor,44,,1045,LAD,0332-FlgNet.xml,"""tag_48"" move 0 move 0 move 0 move 0 move 0 ""hours motors"".client_motor_1_hour ""hours motors"".client_motor_2_hour ""hours motors"".client_motor_3_hour ""hours motors"".client_motor_4_hour ""hours motors"".client_motor_5_hour"
time work motor,45,,1046,LAD,0333-FlgNet.xml,"""tag_48"" move 0 move 0 move 0 move 0 move 0 ""hours motors"".client_motor_6_hour ""hours motors"".client_motor_7_hour ""hours motors"".client_motor_8_hour ""hours motors"".client_motor_9_hour ""hours motors"".client_motor_10_hour"
time work motor,46,,1047,LAD,0334-FlgNet.xml,"""tag_48"" move 0 move 0 move 0 move 0 move 0 ""hours motors"".client_motor_11_hour ""hours motors"".client_motor_12_hour ""hours motors"".client_motor_13_hour ""hours motors"".client_motor_14_hour ""hours motors"".client_motor_15_hour"
time work motor,47,,1048,LAD,0335-FlgNet.xml,"""tag_48"" move 0 move 0 move 0 move 0 move 0 ""hours motors"".client_motor_16_hour ""hours motors"".client_motor_17_hour ""hours motors"".client_motor_18_hour ""hours motors"".client_motor_19_hour ""hours motors"".bc_01_hour"
time work motor,48,,1049,LAD,0336-FlgNet.xml,"""tag_48"" move 0 move 0 move 0 move 0 move 0 ""hours motors"".rd_01_hour ""hours motors"".rd_01_fan_hour ""hours motors"".mc_03_hour ""hours motors"".mc_04_hour ""hours motors"".mc_05_hour"
time work motor,49,,1050,LAD,0337-FlgNet.xml,"""tag_48"" move 0 move 0 move 0 move 0 move 0 ""hours motors"".vs_01_hour ""hours motors"".sc_12_hour ""hours motors"".fn_02_hour ""hours motors"".vr_01_hour ""hours motors"".fn_01_hour"
time work motor,50,,1051,LAD,0338-FlgNet.xml,"""tag_48"" move 0 move 0 move 0 move 0 move 0 ""hours motors"".vr_02_hour ""hours motors"".ch_01_hour ""hours motors"".fn_03_hour ""hours motors"".fn_06_hour ""hours motors"".sc_01_hour"
time work motor,51,,1052,LAD,0339-FlgNet.xml,"""tag_48"" move 0 move 0 move 0 move 0 move 0 ""hours motors"".fn_01_fan_hour ""hours motors"".ld_01_hour ""hours motors"".ld_01_vib_hour ""hours motors"".sc_10_hour ""hours motors"".sc_11_hour"
time work motor,52,,1053,LAD,0340-FlgNet.xml,"""tag_48"" move 0 move 0 move 0 move 0 move 0 ""hours motors"".fn_04_hour ""hours motors"".vr_03_hour ""hours motors"".vr_04_hour ""hours motors"".vr_05_hour ""hours motors"".vr_06_hour"
time work motor,53,,1054,LAD,0018-FlgNet.xml,"""tag_48"" move 0 ""hours motors"".fn_05_hour"
time work motor,54,reset working hours after recording the data in the db,1055,LAD,0341-FlgNet.xml,"""on"" ""flag_aggiorna_db"" ""mem2_0"" ""mem2_0"" ""flag_aggiorna_db"" ""tag_48"" s5t#5s ""tag_48"" ""mem2_0"""
time work motor,55,every 1 minutes,1056,LAD,0019-FlgNet.xml,"""tag_47"" ""tag_47"" s5t#1m"
hmi inputs,1,,1070,LAD,0397-FlgNet.xml,"move ""tag_178"" move ""tag_179"" move ""tag_180"" move ""tag_171"" move ""tag_181"" move ""tag_182"" %db13.dbw6 %db13.dbw8 %db13.dbw10 move ""tag_183"" move ""tag_274"" move ""tag_275"" %db13.dbw12 %db13.dbw14 %db13.dbw16 move ""tag_276"" move ""tag_277"" %db13.dbw18 %db13.dbw20 ""pv-14 close"" ""inputs"".""pv-14 close"" ""pv-14 open"" ""inputs"".""pv-14 open"" ""fn04_fbk"" ""inputs"".""fn04 run"" ""fn04_all_inv"" ""inputs"".fn04_all_inv ""177t1_ok"" ""inputs"".""177t1_ok"" ""ll_ld01"" ""inputs"".""ld-01 minimo"" ""170fc1"" ""inputs"".""ld-01 inspection ls"" ""170sa1"" ""inputs"".""ld-01 local button"" ""mv03_open"" ""inputs"".""mv03 open"" ""mv03_close"" ""inputs"".""mv03 close"" %db13.dbw0 %db13.dbw2 %db13.dbw4"
hmi inputs,2,analog,1071,LAD,0398-FlgNet.xml,"move ""tc04"" move ""tc05"" move ""bwf01_flowrate"":p move ""bwf02_flowrate"" move ""bwf01_level"" move ""bwf02_level"" move ""tc01"" move ""tc02"" ""inputs"".level_bwf01 ""inputs"".level_bwf02 ""inputs"".tc_01 ""inputs"".tc_02 move ""tc03"" move ""tc06"" move ""tc07"" move ""zt01"" ""inputs"".tc_03 ""inputs"".tc_06 ""inputs"".tc_07 ""inputs"".zt_01 move ""psh01"" move ""psh02"" move ""psh03"" move ""pc01"" ""inputs"".psh_01 ""inputs"".psh_02 ""inputs"".psh_03 ""inputs"".pc_01 move ""fn02_current"" move ""fn04_current"" ""inputs"".fn02_absorption ""inputs"".fn04_absorption move ""rd01_current"" move ""fn01_current"" move ""r001"" move ""r002"" ""inputs"".rd01_absorbption ""inputs"".fn01_absorption ""inputs"".ro_01 ""inputs"".ro_02 move ""r003"" move ""r004"" move ""br01_gas"" move ""br01_air"" move ""br01_flowmeter_gas"" move ""br01_flowmeter_air"" ""inputs"".ro_03 ""inputs"".ro_04 ""inputs"".br_01_retransmission_gas ""inputs"".br_01_retransmission_air ""inputs"".br_01_massflowmeter_gas ""inputs"".br_01_massflowmeter_air ""inputs"".tc_04 ""inputs"".tc_05 ""inputs"".flow_rate_bwf01 ""inputs"".flow_rate_bwf02"
simulation,1,,1079,LAD,0413-FlgNet.xml,"""clock100ms"" ton ""clock1s_simu"" t#100ms ""clock100ms"""
simulation,2,,1080,LAD,0415-FlgNet.xml,"""on"" ""inputs"".""mc04 torque"" ""inputs"".""low pressure air"" ""inputs"".""ld-01 minimo"" ""inputs"".""nitrogen tank ready"" ""inputs"".em_ok ""inputs"".presenza_110v"
simulation,3,,1081,LAD,0414-FlgNet.xml,"""clock3s"" ton ""clock3s_simu"" t#3s ""clock3s"""
simulation,4,motors simulated,1082,LAD,0402-FlgNet.xml,"""flag"".m_bc_01 ""inputs"".""bc01 run"" ""flag"".m_rd_01 ""inputs"".""rd01 run"" ""flag"".m_rd_01_fan ""inputs"".""fan rd01 run"" ""flag"".m_mc_03 ""inputs"".""mc03 run"" ""flag"".m_mc_04 ""inputs"".""mc04 run"" ""flag"".m_vs_01 ""inputs"".""vs01 run"" ""start aux inv"" ""inputs"".""aux inverter run"""
simulation,5,mv,1083,LAD,0403-FlgNet.xml,"""start open mv-01"" ""inputs"".""mv01 run_opening"" ""start close mv-01"" ""inputs"".""mv01 run_closing"" ""clock100ms"" ""data"".pot_mv01 0 sub ""data"".pot_mv01 1 ""data"".pot_mv01 ""data"".pot_mv01 98 ""inputs"".""mv01 open"" ""data"".pot_mv01 2 ""inputs"".""mv01 close"" ""open mv02"" ""inputs"".""mv02 run_opening"" ""clock100ms"" ""data"".pot_mv02 100 add ""data"".pot_mv02 1 ""data"".pot_mv02 ""close mv02"" ""inputs"".""mv02 run_closing"" ""clock100ms"" ""data"".pot_mv02 0 sub ""data"".pot_mv02 1 ""data"".pot_mv02 ""data"".pot_mv02 98 ""inputs"".""mv02 open"" ""data"".pot_mv02 2 ""inputs"".""mv02 close"" ""start open mv03"" ""inputs"".""mv03 run_opening"" ""clock100ms"" ""data"".pot_mv03 100 add ""data"".pot_mv03 1 ""data"".pot_mv03 ""start close mv03"" ""inputs"".""mv03 run_closing"" ""clock100ms"" ""data"".pot_mv03 0 sub ""data"".pot_mv03 1 ""data"".pot_mv03 ""data"".pot_mv03 98 ""inputs"".""mv03 open"" ""data"".pot_mv03 2 ""inputs"".""mv03 close"" ""open mv05"" ""inputs"".""mv05 run_opening"" ""clock100ms"" ""data"".pot_mv05 100 add ""data"".pot_mv05 1 ""data"".pot_mv05 ""close mv05"" ""inputs"".""mv05 run_closing"" ""clock100ms"" ""data"".pot_mv05 0 sub ""data"".pot_mv05 1 ""data"".pot_mv05 ""data"".pot_mv05 98 ""inputs"".""mv05 open"" ""data"".pot_mv05 2 ""inputs"".""mv05 close"" ""open mv06"" ""inputs"".""mv06 run_opening"" ""clock100ms"" ""data"".pot_mv06 100 add ""data"".pot_mv06 1 ""data"".pot_mv06 ""close mv06"" ""inputs"".""mv06 run_closing"" ""clock100ms"" ""data"".pot_mv06 0 sub ""data"".pot_mv06 1 ""data"".pot_mv06 ""data"".pot_mv06 98 ""inputs"".mv06_open ""data"".pot_mv06 2 ""inputs"".""mv06 close"" ""clock100ms"" ""data"".pot_mv01 100 add ""data"".pot_mv01 1 ""data"".pot_mv01"
simulation,6,motors simulated,1084,LAD,0404-FlgNet.xml,"""flag"".m_fn_02 ""inputs"".""fn02 run"" ""flag"".m_vr_01 ""inputs"".""vr-01 run"" ""flag"".m_fn_01 ""inputs"".""fn01 run"" ""flag"".m_vr_02 ""inputs"".""vr02 run"" ""flag"".m_ch_01 ""inputs"".""ch01 run"" ""flag"".m_fn_03 ""inputs"".""fn03 run"" ""flag"".m_fn_06 ""inputs"".""feedbackmotor fn-06"" ""flag"".m_sc_01 ""inputs"".""feedbackmotor sc-01"""
simulation,7,motors simulated,1085,LAD,0405-FlgNet.xml,"""flag"".m_ld_01 ""inputs"".""feedbackmotor ld-01"" ""flag"".m_ld_01_vib ""inputs"".""feedbackmotor-ld-01a"" ""inputs"".""ld-01 local button"" ""flag"".m_sc_10 ""inputs"".""feedbackmotor sc-10"" ""flag"".m_sc_11 ""inputs"".""feedbackmotor sc-11"" ""flag"".m_fn_04 ""inputs"".""fn04 run"" ""flag"".m_vr_03 ""inputs"".""vr03 run"" ""flag"".m_vr_04 ""inputs"".""vr04 run"" ""flag"".m_vr_05 ""inputs"".""vr05 run"" ""flag"".m_vr_06 ""inputs"".""vr-06 run"""
simulation,8,motors simulated,1086,LAD,0406-FlgNet.xml,"""flag"".m_fn_05 ""inputs"".""fn-05 run"" ""flag"".m_er01 ""inputs"".feedback_er01 ""flag"".m_bwf01 ""inputs"".""bwf 01 run"" ""inputs"".""bwf01 ok"" ""flag"".m_bwf02 ""inputs"".""bwf 02 run"" ""inputs"".""bwf02 ok"""
simulation,9,pv03,1087,LAD,0407-FlgNet.xml,"""flag"".m_pv03 ""inputs"".""deviator open pv-03"" ""flag"".m_pv03 ""inputs"".""deviator close pv-03"""
simulation,10,pv04,1088,LAD,0408-FlgNet.xml,"""flag"".m_pv04 ""inputs"".""pv04 open"" ""flag"".m_pv04 ""inputs"".""pv04 close"""
simulation,11,pv14,1089,LAD,0409-FlgNet.xml,"""pv-14"" ""inputs"".""pv-14 open"" ""pv-14"" ""inputs"".""pv-14 close"""
simulation,12,pv01,1090,LAD,0410-FlgNet.xml,"""pv-01 gate a"" ""inputs"".""fc gate a open"" ""pv-01 gate a"" ""inputs"".""limit switch ls-02gate a closedvalve pv-01"" ""pv-01 gate b ev"" ""inputs"".""pv-01 gate b open"" ""pv-01 gate b ev"" ""inputs"".""limit switch ls-06gate b closedvalve pv-01"""
simulation,13,pv02,1091,LAD,0411-FlgNet.xml,"""pv-02 gate a ev"" ""inputs"".""pv-02 ev a open"" ""pv-02 gate a ev"" ""inputs"".""pv-02 ev a close"" ""pv-02 gate b ev"" ""inputs"".""pv-02 gate b open"" ""pv-02 gate b ev"" ""inputs"".""pv-02 gate b close"""
simulation,14,,1092,LAD,0412-FlgNet.xml,"""flag"".start_burner ""inputs"".""fc aria chiusa"" ""start burner"" ""data"".temp_tc01 ""data"".tc01_setpoint ""clock3s"" div ""data"".burner_panel_setpoint 5 add ""data"".temp_tc01 #buffinc ""data"".temp_tc01 ""data"".tc01_setpoint ""clock3s"" sub ""data"".temp_tc01 1 ""data"".temp_tc01 #buffinc ""data"".temp_tc01 ""start burner"" ""clock100ms"" ""data"".temp_tc01 551 sub ""data"".temp_tc01 1 ""data"".temp_tc01 add ""data"".temp_tc01 3 ""data"".temp_tc02 ""inputs"".""fc gas chiuso"" ""inputs"".""burner on"" ""inputs"".""high flame gas"""
hmi,1,bc01,1178,LAD,0357-FlgNet.xml,"""hmi standard motors"" ""inputs"".""bc01 run"" ""allarm"".bc_01_fault ""allarm"".bc_01_fc false ""allarm"".bc01_inv false ""motors"".bc01.risposta ""motors"".bc01.allarme_comulativo"
hmi,2,rd01,1179,LAD,0358-FlgNet.xml,"""hmi standard motors"" ""inputs"".""rd01 run"" ""allarm"".rd_01_fault ""allarm"".rd01_inv false false false ""motors"".rd01.risposta ""motors"".rd01.allarme_comulativo"
hmi,3,rd01 fan,1180,LAD,0359-FlgNet.xml,"""hmi standard motors"" ""inputs"".""fan rd01 run"" ""allarm"".rd_01_fan_fault false false false false ""motors"".rd01_fan.risposta ""motors"".rd01_fan.allarme_comulativo"
hmi,4,spare motor,1181,LAD,0360-FlgNet.xml,"""hmi standard motors"" ""inputs"".""mc03 run"" ""allarm"".mc_03_fault ""allarm"".mc_03_torque false false false ""motors"".spare.risposta ""motors"".spare.allarme_comulativo"
hmi,5,mc04,1182,LAD,0361-FlgNet.xml,"""hmi standard motors"" ""inputs"".""mc04 run"" ""allarm"".mc_04_fault false ""allarm"".mc04_inv false false ""motors"".mc04.risposta ""motors"".mc04.allarme_comulativo"
hmi,6,mc05 deleted,1183,색인/빈 네트워크/기타 언어,,
hmi,7,vs01,1184,LAD,0362-FlgNet.xml,"""hmi standard motors"" ""inputs"".""vs01 run"" ""allarm"".vs_01_fault ""allarm"".vs01_inv false false false ""motors"".vs01.risposta ""motors"".vs01.allarme_comulativo"
hmi,8,sc12 deleted,1185,색인/빈 네트워크/기타 언어,,
hmi,9,auxiliary inverter,1186,LAD,0363-FlgNet.xml,"""hmi standard motors"" ""inputs"".""aux inverter run"" ""allarm"".aux_inverter_fault ""allarm"".aux_inv false false false ""motors"".aux_inv.allarme_comulativo ""start aux inv"" ""motors"".aux_inv.risposta ""motors"".aux_inv.allarme_comulativo"
hmi,10,mv06,1187,LAD,0364-FlgNet.xml,"""hmi standard motorized valve"" ""inputs"".""mv06 run_opening"" ""inputs"".""mv06 run_closing"" ""allarm"".mv_06_fault false false false false ""inputs"".mv06_open ""inputs"".""mv06 close"" ""motors"".mv06.risposta_opening ""motors"".mv06.risposta_closing ""motors"".mv06.limit_switch_open ""motors"".mv06.limit_switch_close ""motors"".mv06.comulativo_allarmi"
hmi,11,mv05,1188,LAD,0365-FlgNet.xml,"""hmi standard motorized valve"" ""inputs"".""mv05 run_opening"" ""inputs"".""mv05 run_closing"" ""allarm"".mv_05_fault false false false false ""inputs"".""mv05 open"" ""inputs"".""mv05 close"" ""motors"".mv05.risposta_opening ""motors"".mv05.risposta_closing ""motors"".mv05.limit_switch_open ""motors"".mv05.limit_switch_close ""motors"".mv05.comulativo_allarmi"
hmi,12,mv02,1189,LAD,0366-FlgNet.xml,"""hmi standard motorized valve"" ""inputs"".""mv02 run_opening"" ""inputs"".""mv02 run_closing"" ""allarm"".mv02_fault false false false false ""inputs"".""mv02 open"" ""inputs"".""mv02 close"" ""motors"".mv02.risposta_opening ""motors"".mv02.risposta_closing ""motors"".mv02.limit_switch_open ""motors"".mv02.limit_switch_close ""motors"".mv02.comulativo_allarmi"
hmi,13,mv01,1190,LAD,0367-FlgNet.xml,"""hmi standard motorized valve"" ""inputs"".""mv01 run_opening"" ""inputs"".""mv01 run_closing"" ""allarm"".mv01_fault false false false false ""inputs"".""mv01 open"" ""inputs"".""mv01 close"" ""motors"".mv01.risposta_opening ""motors"".mv01.risposta_closing ""motors"".mv01.limit_switch_open ""motors"".mv01.limit_switch_close ""motors"".mv01.comulativo_allarmi"
hmi,14,mv03,1191,LAD,0369-FlgNet.xml,"""hmi standard motorized valve"" ""inputs"".""mv03 run_opening"" ""inputs"".""mv03 run_closing"" ""allarm"".mv03_fault false false false false ""inputs"".""mv03 open"" ""inputs"".""mv03 close"" ""motors"".mv03.risposta_opening ""motors"".mv03.risposta_closing ""motors"".mv03.limit_switch_open ""motors"".mv03.limit_switch_close ""motors"".mv03.comulativo_allarmi"
hmi,15,fn02,1192,LAD,0368-FlgNet.xml,"""hmi standard motors"" ""inputs"".""fn02 run"" ""allarm"".fn_02_fault ""allarm"".fn02_inv false false false ""motors"".fn02.risposta ""motors"".fn02.allarme_comulativo"
hmi,16,vr01,1193,LAD,0370-FlgNet.xml,"""hmi standard motors"" ""inputs"".""vr-01 run"" ""allarm"".vr_01_fault false false false false ""motors"".vr01.risposta ""motors"".vr01.allarme_comulativo"
hmi,17,fn01,1194,LAD,0371-FlgNet.xml,"""hmi standard motors"" ""inputs"".""fn01 run"" ""allarm"".fn_01_fault ""allarm"".fn01_inv false false false ""motors"".fn01.risposta ""motors"".fn01.allarme_comulativo"
hmi,18,vr02,1195,LAD,0372-FlgNet.xml,"""hmi standard motors"" ""inputs"".""vr02 run"" ""allarm"".vr_02_fault false false false false ""motors"".vr02.risposta ""motors"".vr02.allarme_comulativo"
hmi,19,ch01,1196,LAD,0373-FlgNet.xml,"""hmi standard motors"" ""inputs"".""ch01 run"" ""allarm"".ch_01_fault false false false false ""motors"".ch01.risposta ""motors"".ch01.allarme_comulativo"
hmi,20,fn03,1197,LAD,0374-FlgNet.xml,"""hmi standard motors"" ""inputs"".""fn03 run"" ""allarm"".fn_03_fault ""allarm"".fn03_inv false false false ""motors"".fn03.risposta ""motors"".fn03.allarme_comulativo"
hmi,21,fn06,1198,LAD,0375-FlgNet.xml,"""hmi standard motors"" ""inputs"".""feedbackmotor fn-06"" ""allarm"".mbva01_fault false false false false ""motors"".fn06.risposta ""motors"".fn06.allarme_comulativo"
hmi,22,sc1,1199,LAD,0376-FlgNet.xml,"""hmi standard motors"" ""inputs"".""feedbackmotor sc-01"" ""allarm"".sc_01_fault false false false false ""motors"".sc1.risposta ""motors"".sc1.allarme_comulativo"
hmi,23,fn01 fan deleted,1200,색인/빈 네트워크/기타 언어,,
hmi,24,ld01 mf,1201,LAD,0377-FlgNet.xml,"""hmi standard motors"" ""inputs"".""feedbackmotor ld-01"" ""allarm"".ld_01_fault false false false false ""motors"".ld01_mf.risposta ""motors"".ld01_mf.allarme_comulativo"
hmi,25,ld01 vb,1202,LAD,0378-FlgNet.xml,"""hmi standard motors"" ""inputs"".""feedbackmotor-ld-01a"" ""allarm"".ld_01_vib_fault false false false false ""motors"".ld01_vb.risposta ""motors"".ld01_vb.allarme_comulativo"
hmi,26,sc10,1203,LAD,0379-FlgNet.xml,"""hmi standard motors"" ""inputs"".""feedbackmotor sc-10"" ""allarm"".sc_10_fault false false false false ""motors"".sc10.risposta ""motors"".sc10.allarme_comulativo"
hmi,27,sc11,1204,LAD,0380-FlgNet.xml,"""hmi standard motors"" ""inputs"".""feedbackmotor sc-11"" ""allarm"".sc_11_fault false false false false ""motors"".sc11.risposta ""motors"".sc11.allarme_comulativo"
hmi,28,fn04 ????,1205,LAD,0381-FlgNet.xml,"""hmi standard motors"" ""inputs"".""fn04 run"" ""allarm"".fn_04_fault ""allarm"".fn04_inv false false false ""motors"".fn04.risposta ""motors"".fn04.allarme_comulativo"
hmi,29,vr03,1206,LAD,0382-FlgNet.xml,"""hmi standard motors"" ""inputs"".""vr03 run"" ""allarm"".vr_03_fault false false false false ""motors"".vr03.risposta ""motors"".vr03.allarme_comulativo"
hmi,30,vr04,1207,LAD,0383-FlgNet.xml,"""hmi standard motors"" ""inputs"".""vr04 run"" ""allarm"".vr_04_fault false false false false ""motors"".vr04.risposta ""motors"".vr04.allarme_comulativo"
hmi,31,vr05,1208,LAD,0384-FlgNet.xml,"""hmi standard motors"" ""inputs"".""vr05 run"" ""allarm"".vr_05_fault false false false false ""motors"".vr05.risposta ""motors"".vr05.allarme_comulativo"
hmi,32,vr06,1209,LAD,0385-FlgNet.xml,"""hmi standard motors"" ""inputs"".""vr-06 run"" ""allarm"".vr_06_fault false false false false ""motors"".vr06.risposta ""motors"".vr06.allarme_comulativo"
hmi,33,fn05,1210,LAD,0386-FlgNet.xml,"""hmi standard motors"" ""inputs"".""fn-05 run"" ""allarm"".fn_05_fault false false false false ""motors"".fn05.risposta ""motors"".fn05.allarme_comulativo"
hmi,34,er01,1211,LAD,0387-FlgNet.xml,"""hmi standard motors"" ""inputs"".feedback_er01 ""allarm"".er01_run false false false false ""motors"".er01.risposta ""motors"".er01.allarme_comulativo"
hmi,35,pv14,1212,LAD,0388-FlgNet.xml,"""inputs"".""pv-14 close"" ""motors"".pv_14.ls_close ""inputs"".""pv-14 open"" ""motors"".pv_14.ls_open"
hmi,36,bwf01,1213,LAD,0389-FlgNet.xml,"""inputs"".""bwf01 ok"" ""motors"".bwf01.status ""inputs"".""bwf 01 run"" ""motors"".bwf01.risposta ""allarm"".bwf01_fault ""motors"".bwf01.allarme_comulativo ""allarm"".bwf01_fault_control ""allarm"".bwf01_min_level ""allarm"".bwf01_min_level"
hmi,37,bwf02,1214,LAD,0390-FlgNet.xml,"""inputs"".""bwf02 ok"" ""motors"".bwf02.status ""inputs"".""bwf 02 run"" ""motors"".bwf02.risposta ""allarm"".bwf02_fault ""motors"".bwf02.allarme_comulativo ""allarm"".bwf02_fault_control ""allarm"".bwf02_min_level ""allarm"".bwf02_min_level"
hmi,38,pv01,1215,LAD,0391-FlgNet.xml,"""hmi pv_2gate"" ""inputs"".""fc gate a open"" ""inputs"".""limit switch ls-02gate a closedvalve pv-01"" ""inputs"".""pv-01 gate b open"" ""inputs"".""limit switch ls-06gate b closedvalve pv-01"" ""inputs"".""selector op gate a pv-01"" ""inputs"".""selector op gate b pv-01"" ""allarm"".pv_01_gate_a_not_close ""allarm"".pv_01_gate_a_not_open ""allarm"".pv_01_gate_b_not_close ""allarm"".pv_01_gate_b_not_open false false false ""motors"".pv_01.ls_gate_a_open ""motors"".pv_01.ls_gate_a_close ""motors"".pv_01.ls_gate_b_open ""motors"".pv_01.ls_gate_b_close ""motors"".pv_01.selector_gatea ""motors"".pv_01.selector_gateb ""motors"".pv_01.comulativo_allarmi"
hmi,39,pv02,1216,LAD,0392-FlgNet.xml,"""hmi pv_2gate"" ""inputs"".""pv-02 ev a open"" ""inputs"".""pv-02 ev a close"" ""inputs"".""pv-02 gate b open"" ""inputs"".""pv-02 gate b close"" ""inputs"".""selector op gate a pv-02"" ""inputs"".""selector op gate b pv-02"" ""allarm"".pv_02_gate_a_not_close ""allarm"".pv_02_gate_a_not_open ""allarm"".pv_02_gate_b_not_close ""allarm"".pv_02_gate_b_not_open false false false ""motors"".pv_02.ls_gate_a_open ""motors"".pv_02.ls_gate_a_close ""motors"".pv_02.ls_gate_b_open ""motors"".pv_02.ls_gate_b_close ""motors"".pv_02.selector_gatea ""motors"".pv_02.selector_gateb ""motors"".pv_02.comulativo_allarmi"
hmi,40,pv03,1217,LAD,0393-FlgNet.xml,"""hmi pv_1gate"" ""inputs"".""deviator open pv-03"" ""inputs"".""deviator close pv-03"" ""inputs"".""pv03 local selector"" ""allarm"".pv_03_gate_not_close1 ""allarm"".pv_03_gate_not_open1 false false false ""motors"".pv_03.ls_open ""motors"".pv_03.ls_close ""motors"".pv_03.total_allarms ""motors"".pv_03.selector"
hmi,41,pv04,1218,LAD,0394-FlgNet.xml,"""hmi pv_1gate"" ""inputs"".""pv04 open"" ""inputs"".""pv04 close"" ""inputs"".""button open pv-0000"" ""allarm"".pv04_fault false false false false ""motors"".pv_04.ls_open ""motors"".pv_04.ls_close ""motors"".pv_04.total_allarms ""motors"".pv_04.selector"
hmi,42,br-01,1219,LAD,0395-FlgNet.xml,"""inputs"".""high flame gas"" ""motors"".br_01.high_flame ""inputs"".""burner on"" ""motors"".br_01.burner_on"
hmi,43,ev03,1220,LAD,0396-FlgNet.xml,"""ev03"" ""motors"".ev_03.ls_open ""ev03"" ""motors"".ev_03.ls_close"
allarms 2,1,mv-01 motorized valve fault,1226,LAD,0159-FlgNet.xml,"""on"" ""on"" ""start open mv-01"" ""inputs"".""mv01 run_opening"" ""tag_92"" s5t#150ms ""on"" ""open mv02"" ""inputs"".""mv02 run_opening"" ""tag_93"" s5t#150ms ""close mv02"" ""inputs"".""mv02 run_closing"" ""tag_93"" ""allarm"".mv02_fault ""on"" ""start open mv03"" ""inputs"".""mv03 run_opening"" ""tag_94"" s5t#150s ""start close mv03"" ""inputs"".""mv03 run_closing"" ""tag_94"" ""allarm"".mv03_fault ""on"" ""open mv05"" ""inputs"".""mv05 run_opening"" ""tag_96"" s5t#150ms ""close mv05"" ""inputs"".""mv05 run_closing"" ""tag_96"" ""allarm"".mv_05_fault ""on"" ""open mv06"" ""inputs"".""mv06 run_opening"" ""tag_97"" s5t#150ms ""close mv06"" ""inputs"".""mv06 run_closing"" ""tag_97"" ""allarm"".mv_06_fault ""flag"".reset_allarm ""allarm"".mv01_fault ""allarm"".mv01_fault ""allarm"".mv02_fault ""allarm"".mv02_fault ""allarm"".mv03_fault ""allarm"".mv03_fault ""allarm"".mv04_fault ""allarm"".mv04_fault ""allarm"".mv_05_fault ""allarm"".mv_05_fault ""allarm"".mv_06_fault ""allarm"".mv_06_fault ""start close mv-01"" ""inputs"".""mv01 run_closing"" ""tag_92"" ""allarm"".mv01_fault"
allarms 2,2,psl-04 low air pressure,1227,LAD,0160-FlgNet.xml,"""on"" ""inputs"".""low pressure air"" ""allarm"".psl_air_low ""flag"".reset_allarm ""allarm"".psl_air_low ""inputs"".""low pressure air"" ""allarm"".psl_air_low"
allarms 2,3,ld-01 low lime level,1228,LAD,0161-FlgNet.xml,"""on"" ""inputs"".""ld-01 minimo"" ton ""min_ld_01"" t#10s ""allarm"".ld_01_min ""flag"".reset_allarm ""allarm"".ld_01_min ""inputs"".""ld-01 minimo"" ""allarm"".ld_01_min"
allarms 2,4,pv-04 limit switch deleted,1229,색인/빈 네트워크/기타 언어,,
allarms 2,5,allarm valve pv-04 deleted,1230,색인/빈 네트워크/기타 언어,,
main,1,simulation,1612,LAD,0029-FlgNet.xml,"""simulation(1)"" ""simulation"""
main,2,,1613,LAD,0030-FlgNet.xml,"""recipes handler"" ""hmi"" ""hmi output"" ""simulation(1)"" ""hmi inputs"""
main,3,word input,1614,LAD,0544-FlgNet.xml,"move ""tag_171"" move ""tag_172"" move ""tag_173"" move ""tag_174"" ""word_inputs"".word1 ""word_inputs"".word2 ""word_inputs"".word3 ""word_inputs"".word4"
main,4,,1615,LAD,0545-FlgNet.xml,"move ""tag_175"" move ""tag_176"" move ""tag_177"" ""word_inputs"".word5 ""word_inputs"".word6 ""word_inputs"".word7"
main,5,word output,1616,LAD,0546-FlgNet.xml,"move ""tag_178"" move ""tag_179"" move ""tag_180"" move ""tag_181"" ""word_outputs"".word1 ""word_outputs"".word2 ""word_outputs"".word3 ""word_outputs"".word4"
main,6,,1617,LAD,0547-FlgNet.xml,"move ""tag_182"" move ""tag_183"" move ""tag_184"" move ""tag_185"" ""word_outputs"".word5 ""word_outputs"".word6 ""word_outputs"".word7 ""word_outputs"".word8"
main,7,,1618,LAD,0548-FlgNet.xml,"move ""tag_186"" move ""tag_187"" move ""tag_188"" ""word_outputs"".word9 ""word_outputs"".word10 ""word_outputs"".word11"
main,8,analog conversion and allarms,1619,LAD,0031-FlgNet.xml,"""on"" ""analog input conversion"" ""allarms 1"" ""allarms 2"" ""allarms 3"""
main,9,motors valve and burner,1620,LAD,0549-FlgNet.xml,"""on"" ""motors 1"" ""filter"" ""r1 scraps gate 2"" ""burner control"" ""motor/alarm client"" ""time work motor"""
main,10,motorized valve,1621,LAD,0032-FlgNet.xml,"""on"" ""valve control loop"" ""analog output conversion"""
main,11,allarm manager and siren,1622,LAD,0033-FlgNet.xml,"""on"" ""allarm manager"""
main,12,cpu clock,1623,LAD,0034-FlgNet.xml,"""off"" rd_sys_t t_conv #todaydatetime #todaydate #readclkretvalue #todaydatetime"
main,13,trasfering bit of maintenance,1624,LAD,0550-FlgNet.xml,"""on"" move ""data"".maint_code_0 move ""data"".maint_code_3 ""tag_190"" ""tag_189"""
main,14,maintenance period limits,1625,색인/빈 네트워크/기타 언어,,"l ""data"".maint_code_1 l 16972 ==i jc m001 call rd_sys_t date_and_time ret_val :=#readclkretvalue out :=#todaydatetime call t_conv date_and_time to date in :=#todaydatetime out :=#todaydate l #todaydate l d#2026-01-01 >=i s ""allarm"".maintenance_period_limit m001: nop 0"
main,15,maintenance period limits,1626,LAD,0551-FlgNet.xml,"""on"" ""flag"".reset_allarm ""allarm"".maintenance_period_limit ""allarm"".maintenance_period_limit"
signal linearization,1,,1658,LAD,0291-FlgNet.xml,#in0 #analog_input -1382 #analog_input 32767 convert #analog_input convert #zero add #app5 #app6 convert #coeff mul #app3 #app4 div #app3 28000 move #app3 #analog_input 32767 move -9999 #out_of_range #outvalue #analog_input -1382 #app5 #app6 #app3 #app4 #app3 #app3 #outvalue
signal linearization,2,,1659,LAD,0014-FlgNet.xml,#in0 move 0 #outvalue
analog output conversion,1,plant limits,1679,LAD,0460-FlgNet.xml,"""on"" ""data2"".set_th 0 move 0 div ""data"".set_perc_bwf01 100 mul #prod_h ""data2"".set_th #prod_h #prod_h ""on"" #prod_h 0.0 move 0 #prod_h ""data2"".set_max_th1 mul ""data2"".set_max_th1 100.0 div #tmp ""data2"".set_max_th #tmp ""data"".set_perc_bwf01 ""data"".set_perc_bwf01 div ""data"".set_perc_bwf02 100 mul #prod_h ""data2"".set_th #prod_h #prod_h ""on"" #prod_h 0.0 move 0 #prod_h ""data2"".set_max_th2 mul ""data2"".set_max_th2 100.0 div #tmp ""data2"".set_max_th #tmp ""data"".set_perc_bwf02 ""data"".set_perc_bwf02 ""data2"".set_th ""data2"".set_max_th move ""data2"".set_max_th ""data2"".set_th ""data2"".set_th"
analog output conversion,2,bwf01 client feeder,1680,LAD,0461-FlgNet.xml,"""on"" ""data"".set_perc_bwf01 0 move 0 ""data"".set_perc_bwf01 100 move 100 ""data"".set_perc_bwf01 ""data"".set_perc_bwf01"
analog output conversion,3,bwf01 speed calculation,1681,LAD,0462-FlgNet.xml,"""on"" move ""data"".set_perc_bwf01 move ""data2"".set_th #app01 move ""data2"".set_max_th1 #app03 ""on"" mul #app00 272 mul #app00 #app01 div #app01 #app03 move #app03 #app00 #app01 #app03 ""bwf01_sp_flowrate"":p mul #app00 272 mul #app00 #app01 div #app01 #app03 move #app03 #app00 #app01 #app03 ""bwf01_sp_flowrate"":p #app00"
analog output conversion,4,bwf02 client feeder,1682,LAD,0463-FlgNet.xml,"""on"" ""data"".set_perc_bwf02 0 move 0 ""data"".set_perc_bwf02 100 move 100 ""data"".set_perc_bwf02 ""off"" mul ""data"".set_perc_bwf02 272 ""bwf02_sp_flowrate"":p ""data"".set_perc_bwf02"
analog output conversion,5,bwf02 speed calculation,1683,LAD,0464-FlgNet.xml,"""on"" move ""data"".set_perc_bwf02 move ""data2"".set_th #app01 move ""data2"".set_max_th2 #app03 mul #app00 272 mul #app00 #app01 div #app01 #app03 move #app03 #app00 #app01 #app03 ""bwf02_sp_flowrate"":p #app00"
analog output conversion,6,rd-01 cylinder,1684,LAD,0465-FlgNet.xml,"""on"" ""data"".set_perc_fr01 5 move 5 ""data"".set_perc_fr01 100 move 100 ""data"".set_perc_fr01 mul ""data"".set_perc_fr01 272 ""rd01_sp_speed"":p ""data"".set_perc_fr01"
analog output conversion,7,fn-01 ventilator,1685,LAD,0466-FlgNet.xml,"""on"" ""data"".set_perc_vt01 5 move 5 ""data"".set_perc_vt01 100 move 100 ""data"".set_perc_vt01 mul ""data"".set_perc_vt01 272 ""fn01_sp_speed"":p ""data"".set_perc_vt01"
analog output conversion,8,br01 burner,1686,LAD,0467-FlgNet.xml,"""on"" ""data"".burner_air_out 0 move 0 ""data"".burner_air_out 100 move 100 ""data"".burner_air_out mul ""data"".burner_air_out 272 #calcolo_aria ""on"" move #calcolo_aria ""br01_air_sp"":p ""data"".burner_air_out"
analog output conversion,9,br01 burner - gas,1687,LAD,0468-FlgNet.xml,"""on"" ""data"".burner_gas_out 0 move 0 ""data"".burner_gas_out 100 move 100 ""data"".burner_gas_out ""on"" mul ""data"".burner_gas_out 285 move ""br01_gas_sp"" ""br01_gas_sp"":p #test_out ""data"".burner_gas_out"
analog output conversion,10,fn02 ventilation of secondary air,1688,LAD,0469-FlgNet.xml,"""on"" ""data"".set_perc_vt02 5 move 5 ""data"".set_perc_vt02 100 move 100 ""data"".set_perc_vt02 mul ""data"".set_perc_vt02 272 ""fn02_sp"":p ""data"".set_perc_vt02"
analog output conversion,11,module aspirator fn-04,1689,LAD,0470-FlgNet.xml,"""on"" ""data"".set_perc_fn04 5 move 5 ""data"".set_perc_fn04 100 move 100 ""data"".set_perc_fn04 mul ""data"".set_perc_fn04 272 ""fn04_sp"":p ""data"".set_perc_fn04"
analog output conversion,12,salt system,1690,LAD,0471-FlgNet.xml,"""on"" ""data2"".set_th ""tag_158"" ""tag_159"" s5t#15m ""tag_159"" move ""data2"".set_th ""tag_158"""
analog output conversion,13,send output to perifery,1691,LAD,0472-FlgNet.xml,"""on"" move ""tag_158"" mul #app04 181 move #app05 #app05 ""liw_sp_speed"":p #app04"
analog output conversion,14,bc01,1692,LAD,0473-FlgNet.xml,"""on"" ""hmi_db"".set_perc_bc01 10 move 10 ""hmi_db"".set_perc_bc01 100 move 100 ""hmi_db"".set_perc_bc01 mul ""hmi_db"".set_perc_bc01 272 ""102a5_spare0"":p ""hmi_db"".set_perc_bc01"
analog output conversion,15,mc04,1693,LAD,0474-FlgNet.xml,"""on"" ""hmi_db"".set_perc_mc04 10 move 10 ""hmi_db"".set_perc_mc04 100 move 100 ""hmi_db"".set_perc_mc04 mul ""hmi_db"".set_perc_mc04 272 ""102a5_spare3"" ""hmi_db"".set_perc_mc04"
valve control loop,1,mv01 controlled by tc03,1702,LAD,0342-FlgNet.xml,"""on"" ""on"" ""inputs"".""mv01 open"" ""flag"".m_mv01_open ""allarm"".mv01_fault ""flag"".mv01_auto ""up mv01 pid"" ""mv work pulse"" ""start close mv-01"" ""inputs"".""mv01 open"" ""hmi_db"".resetencoderprocedure_mv01 ""start open mv-01"" ""flag"".m_mv01_open ""flag"".mv01_auto ""down mv01 pid"" ""mv work pulse"" ""start open mv-01"" ""inputs"".""mv01 close"" ""start close mv-01"" ""on"" ""flag"".m_mv01_close ""hmi_db"".resetencoderprocedure_mv01 ""on"" ""flag"".m_mv01_close ""flag"".mv01_auto ""inputs"".""mv01 close"" ""flag"".m_mv01_close ""flag"".m_mv01_open ""flag"".mv01_auto"
valve control loop,2,calibration encoder mv01,1703,LAD,0354-FlgNet.xml,"""hmi_db"".resetencoderprocedure_mv01 ""inputs"".""mv01 close"" move 0 ""mv01_encoder"".setcountvalue ""mv01_encoder"".setcountvalue ""hmi_db"".resetencoderprocedure_mv01 ""mv01_encoder"".newcountvalue"
valve control loop,3,mv02 controlled by psh-01,1704,LAD,0343-FlgNet.xml,"""on"" ""on"" ""inputs"".""mv02 open"" ""flag"".m_mv02_open ""allarm"".mv02_fault ""flag"".mv02_auto ""pid mv02 up"" ""mv work pulse"" ""close mv02"" ""inputs"".""mv02 open"" ""open mv02"" ""flag"".m_mv02_open ""flag"".mv02_auto ""pid mv02 down"" ""mv work pulse"" ""open mv02"" ""inputs"".""mv02 close"" ""close mv02"" ""on"" ""flag"".m_mv02_close ""on"" ""flag"".m_mv02_close ""flag"".mv02_auto ""inputs"".""mv02 close"" ""flag"".m_mv02_close ""flag"".m_mv02_open ""flag"".mv02_auto"
valve control loop,4,mv03 controlled by psh03,1705,LAD,0344-FlgNet.xml,"""on"" sub ""data"".psh03_setpoint ""data"".psh03 ""tag_147"" ""tag_148"" s5t#4s ""tag_148"" ""tag_147"" s5t#10s ""tag_148"" #errpsh03 5 ""pid down mv03"" #errpsh03 -5 ""pid up mv03"" #errpsh03"
valve control loop,5,mv03 controlled by psh03,1706,LAD,0345-FlgNet.xml,"""on"" ""on"" ""inputs"".""mv03 open"" ""flag"".m_mv03_open ""allarm"".mv03_fault ""flag"".mv03_auto ""pid up mv03"" ""mv work pulse"" ""hmi_db"".resetencoderprocedure_mv03 ""inputs"".""mv03 open"" ""start open mv03"" ""flag"".m_mv03_open ""mv work pulse"" ""on"" ""open mv03 for washing"" ""flag"".mv03_auto ""pid down mv03"" ""mv work pulse"" ""open mv03 for washing"" ""inputs"".""mv03 close"" ""start close mv03"" ""on"" ""flag"".m_mv03_close ""mv work pulse"" ""on"" ""close mv03 for burner startup"" ""hmi_db"".resetencoderprocedure_mv03 ""on"" ""flag"".m_mv03_close ""flag"".mv03_auto ""inputs"".""mv03 close"" ""flag"".m_mv03_close ""flag"".m_mv03_open ""flag"".mv03_auto ""inputs"".""mv03 close"" ""close mv03 for burner startup"""
valve control loop,6,calibration encoder mv03,1707,LAD,0353-FlgNet.xml,"""hmi_db"".resetencoderprocedure_mv03 ""inputs"".""mv03 close"" move 0 ""mv03_encoder"".setcountvalue ""mv03_encoder"".setcountvalue ""hmi_db"".resetencoderprocedure_mv03 ""mv03_encoder"".newcountvalue"
valve control loop,7,mv05 controlled by ro-01,1708,LAD,0346-FlgNet.xml,"""on"" ""on"" ""inputs"".""mv05 open"" ""flag"".m_mv05_open ""allarm"".mv_05_fault ""flag"".mv05_auto ""pid up mv05"" ""allarm"".oxigen_fault ""close mv05"" ""inputs"".""mv05 open"" ""open mv05"" ""flag"".m_mv05_open ""mv work pulse"" ""flag"".mv05_auto ""pid down mv05"" ""open mv05"" ""inputs"".""mv05 close"" ""close mv05"" ""flag"".m_mv05_close ""mv work pulse"" ""allarm"".oxigen_fault ""under testing"" ""under testing"" ""flag"".m_mv05_close ""flag"".mv05_auto ""inputs"".""mv05 close"" ""flag"".m_mv05_close ""flag"".m_mv05_open ""flag"".mv05_auto"
valve control loop,8,mv06 controlled by psh02,1709,LAD,0347-FlgNet.xml,"""on"" ""data"".psh02_setpoint 0 sub ""data"".psh02_setpoint ""data"".psh_02 ""tag_149"" ""tag_150"" s5t#300ms ""tag_150"" ""tag_149"" s5t#4s ""tag_150"" #errpsh02 5 ""mv06 pid down"" #errpsh02 -5 ""mv06 pid up"" #errpsh02"
valve control loop,9,the working tool has a low range,1710,LAD,0348-FlgNet.xml,"""on"" ""flag"".mv06_auto ""data"".psh02_setpoint 0 ""shot to close"" ""shot to open"" ""psh02"":p 0 ""tag_151"" s5t#20s ""shot to close"" ""tag_153"" s5t#300ms ""tag_153"" ""shot to close"" ""shot to open"" ""shot to open"" ""psh02"":p 0 ""tag_152"" s5t#2s ""tag_152"" ""shot to open"" ""tag_151"" ""shot to close"""
valve control loop,10,mv06 controlled by psh02,1711,LAD,0349-FlgNet.xml,"""on"" ""on"" ""inputs"".mv06_open ""flag"".mv06_open ""allarm"".mv_06_fault ""flag"".mv06_auto ""mv06 pid up"" ""close mv06"" ""inputs"".mv06_open ""open mv06"" ""flag"".mv06_open ""mv work pulse"" ""on"" ""flag"".mv06_auto ""mv06 pid down"" ""open mv06"" ""inputs"".""mv06 close"" ""close mv06"" ""shot to close"" ""flag"".mv06_close ""mv work pulse"" ""on"" ""shot to open"" ""flag"".mv06_close ""flag"".mv06_auto ""inputs"".""mv06 close"" ""flag"".mv06_close ""flag"".mv06_open ""flag"".mv06_auto"
valve control loop,11,motorized valve work time pulse generator,1712,LAD,0350-FlgNet.xml,"""on"" ""tag_154"" ""tag_155"" s5t#200ms ""tag_155"" ""tag_154"" s5t#2s ""tag_155"" ""mv work pulse"""
valve control loop,12,motorized valve pulse generator for rotation control,1713,LAD,0351-FlgNet.xml,"""on"" ""tag_156"" ""tag_157"" s5t#10ms ""tag_157"" ""tag_156"" s5t#10ms ""tag_157"" ""pls 50 7"" ""on"" ""start open mv-01"" add ""workdata"".w33 1 ""on"" ""open mv02"" add ""workdata"".w35 1 ""close mv02"" sub ""workdata"".w36 1 move 0 ""workdata"".w35 ""workdata"".w36 move 0 ""workdata"".w36 ""workdata"".w35 ""on"" ""start open mv03"" add ""workdata"".w29 1 ""start close mv03"" sub ""workdata"".w30 1 move 0 ""workdata"".w29 ""workdata"".w30 move 0 ""workdata"".w30 ""workdata"".w29 ""on"" ""open mv05"" add ""workdata"".w31 1 ""close mv05"" sub ""workdata"".w32 1 move 0 ""workdata"".w31 ""workdata"".w32 move 0 ""workdata"".w32 ""workdata"".w31 ""on"" ""open mv06"" add ""workdata"".w19 1 ""close mv06"" sub ""workdata"".w20 1 move 0 ""workdata"".w19 ""workdata"".w20 move 0 ""workdata"".w20 ""workdata"".w19 ""start close mv-01"" sub ""workdata"".w34 1 move 0 ""workdata"".w33 ""workdata"".w34 move 0 ""workdata"".w34 ""workdata"".w33"
valve control loop,13,motorized valve fault,1714,LAD,0352-FlgNet.xml,"""on"" ""on"" ""workdata"".w33 2000 ""allarm"".mv01_fault ""on"" ""workdata"".w35 1000 ""allarm"".mv02_fault ""workdata"".w36 -1000 ""allarm"".mv02_fault move 0 ""workdata"".w36 move 0 ""workdata"".w35 ""on"" ""workdata"".w29 3400 ""allarm"".mv03_fault ""workdata"".w30 -3400 ""allarm"".mv03_fault move 0 ""workdata"".w30 move 0 ""workdata"".w29 ""on"" ""workdata"".w37 700 ""allarm"".mv04_fault ""workdata"".w38 -700 ""allarm"".mv04_fault move 0 ""workdata"".w38 move 0 ""workdata"".w37 ""on"" ""workdata"".w31 700 ""allarm"".mv_05_fault ""workdata"".w32 -700 ""allarm"".mv_05_fault move 0 ""workdata"".w32 move 0 ""workdata"".w31 ""on"" ""workdata"".w19 2200 ""allarm"".mv_06_fault ""workdata"".w20 -2200 ""allarm"".mv_06_fault move 0 ""workdata"".w20 move 0 ""workdata"".w19 ""workdata"".w34 -2000 ""allarm"".mv01_fault move 0 ""workdata"".w34 move 0 ""workdata"".w33"
cyc_int2 ogni 1s,1,,1719,색인/빈 네트워크/기타 언어,,"if ""manage_tc1_2"".enabletc01 and ""manage_tc1_2"".enabletc02 then if not ""allarm"".tc01_ofr and not ""allarm"".tc02_ofr then ""manage_tc1_2"".pid_ref_temp := (""data"".temp_tc01 + ""data"".temp_tc02) / 2; elsif ""allarm"".tc01_ofr then ""manage_tc1_2"".enabletc01 := false; elsif ""allarm"".tc02_ofr then ""manage_tc1_2"".enabletc02 := false; end_if; ""manage_tc1_2"".emergencystop := false; elsif ""manage_tc1_2"".enabletc01 and not ""manage_tc1_2"".enabletc02 then ""manage_tc1_2"".pid_ref_temp := ""data"".temp_tc01; ""manage_tc1_2"".emergencystop := false; if ""allarm"".tc01_ofr then ""manage_tc1_2"".enabletc01 := false; end_if; elsif ""manage_tc1_2"".enabletc02 and not ""manage_tc1_2"".enabletc01 then ""manage_tc1_2"".pid_ref_temp := ""data"".temp_tc02; ""manage_tc1_2"".emergencystop := false; if ""allarm"".tc01_ofr then ""manage_tc1_2"".enabletc01 := false; end_if; else ""manage_tc1_2"".emergencystop := true; end_if; ""allarm"".emergencystoptc1_2 := ""manage_tc1_2"".emergencystop;"
cyc_int2 ogni 1s,2,,1720,색인/빈 네트워크/기타 언어,,"//converte il setpoint in reale l ""data"".tc01_setpoint itd dtr t #spvalue //converte il processvalue in reale l ""manage_tc1_2"".pid_ref_temp // itd // dtr t #procvalue //converte il manualvalue in reale l ""data"".burner_panel_setpoint itd dtr t #manvalue //converte il maxvalue in reale l ""data"".max_prc_br1 itd dtr t #maxvalue //nega il flag autoburner an ""flag autoburner"" = #manuale //richiamo fb41 pid_cont call cont_c , ""pid-burner"" com_rst :=false man_on :=#manuale pvper_on :=false p_sel :=true //utilizza parte p i_sel :=true //utilizza parte i int_hold :=false i_itl_on :=false d_sel :=true //utilizza parte d cycle :=t#1s //intervallo di campionamento sp_int :=#spvalue //valore voluto pv_in :=#procvalue //valore del processo pv_per := man :=#manvalue //uscita in manuale gain :=1.35 //coefficiente proporzionale p ti :=t#6m //tempo di integrazione i td :=t#5s //tempo del derivatore d tm_lag :=t#5s //tempo di ritardo del componente d deadb_w :=2.0 //banda morta lmn_hlm :=#maxvalue //valore superiore uscita lmn_llm :=5.0 //valore inferiore uscita pv_fac :=1.0 //fattore moltiplicativo procvalue pv_off :=0.0 //fattore offset procvalue lmn_fac :=1.0 //fattore moltiplicativo outvalue lmn_off :=0.0 //fattore offset outvalue i_itlval := disv := lmn :=#outvalue lmn_per := qlmn_hlm := qlmn_llm := lmn_p :=#testp lmn_i :=#testi lmn_d :=#testd pv := er := //converte risultato pid l #outvalue rnd t #i_outvalue"
cyc_int2 ogni 1s,3,,1721,LAD,0416-FlgNet.xml,"""off"" #manuale move #i_ffwd #manuale add 0 #i_outvalue ""workdata"".burner_pid_result ""workdata"".burner_pid_result"
cyc_int2 ogni 1s,4,,1722,LAD,0023-FlgNet.xml,"""on"" add 0 #i_outvalue ""workdata"".burner_pid_result"
cyc_int2 ogni 1s,5,auto start/stop motors and presetting,1723,LAD,0024-FlgNet.xml,"""on"" ""auto start motors"""
cyc_int2 ogni 1s,6,delayed burner flow rate variation,1724,LAD,0417-FlgNet.xml,"""on"" ""data"".burner_panel_setpoint ""data"".burner_air_out add ""data"".burner_air_out 1 ""data"".burner_panel_setpoint ""data"".burner_air_out add ""data"".burner_air_out -1 ""data"".burner_air_out ""data"".burner_air_out"
analog input conversion,1,tc04,1731,LAD,0481-FlgNet.xml,"""on"" ""signal linearization"" ""on"" ""tc04"":p ""coeff"".coeff_tc04 ""coeff"".zero_tc04 ""data"".temp_tc04 ""allarm"".tc04_ofr"
analog input conversion,2,tc-05,1732,LAD,0482-FlgNet.xml,"""off"" ""signal linearization"" ""on"" ""tc05"":p ""coeff"".coeff_tc05 ""coeff"".zero_tc05 ""data"".temp_tc05 ""allarm"".tc05_ofr"
analog input conversion,3,tc-09,1733,LAD,0483-FlgNet.xml,"""on"" ""signal linearization"" ""on"" ""tc09"":p ""coeff"".coeff_tc09 ""coeff"".zero_tc09 ""data"".tc_09 ""allarm"".tc09_ofr"
analog input conversion,4,tc-10,1734,LAD,0484-FlgNet.xml,"""off"" ""signal linearization"" ""on"" ""tc-10"":p ""coeff"".coeff_tc10 ""coeff"".zero_tc10 ""data"".tc_10 ""allarm"".tc10_ofr"
analog input conversion,5,client 1 bwf01 flow rate,1735,LAD,0485-FlgNet.xml,"""on"" ""on"" ""signal linearization"" ""on"" ""bwf01_flowrate"":p ""coeff"".coeff_bwf1_feeder_flow_rate ""coeff"".zero_bwf1_feeder_flow_rate ""on"" ""bwf 01 run"" mul ""data"".set_perc_bwf01 ""data2"".set_th div #temp4 100 ""bwf 01 run"" move 0 ""data"".client_1 #temp4 ""data"".client_1 ""data"".client_1 ""allarm"".flow_rate_bwf01_ofr"
analog input conversion,6,client 2 bwf02 flow rate,1736,LAD,0486-FlgNet.xml,"""on"" ""on"" ""signal linearization"" ""on"" ""bwf02_flowrate"":p ""coeff"".coeff_bwf2_feeder_flow_rate ""coeff"".zero_bwf2_feeder_flow_rate ""off"" ""bwf 02 run"" mul ""data"".set_perc_bwf02 ""data2"".set_th div #temp4 100 ""bwf 02 run"" move 0 ""data"".client_2 #temp4 ""data"".client_2 ""data"".client_2 ""allarm"".flow_rate_bwf02_ofr"
analog input conversion,7,client 3 level indicator bwf01,1737,LAD,0487-FlgNet.xml,"""off"" ""signal linearization"" ""on"" ""bwf01_level"":p ""coeff"".coeff_bwf1_hopper_level ""coeff"".zero_bwf1_hopper_level ""data"".client_3 ""allarm"".level_bwf01_ofr"
analog input conversion,8,client 4 level indicator bwf02,1738,LAD,0488-FlgNet.xml,"""on"" ""signal linearization"" ""on"" ""bwf02_level"":p ""coeff"".coeff_bwf2_hopper_level ""coeff"".zero_bwf2_hopper_level ""data"".client_4 ""allarm"".level_bwf02_ofr"
analog input conversion,9,tc-01,1739,LAD,0489-FlgNet.xml,"""on"" ""signal linearization"" ""on"" ""tc01"":p ""coeff"".coeff_tc01 ""coeff"".zero_tc01 ""data"".temp_tc01 ""allarm"".tc01_ofr"
analog input conversion,10,tc-02,1740,LAD,0490-FlgNet.xml,"""on"" ""signal linearization"" ""on"" ""tc02"":p ""coeff"".coeff_tc02 ""coeff"".zero_tc02 ""data"".temp_tc02 ""allarm"".tc02_ofr"
analog input conversion,11,tc-03,1741,LAD,0491-FlgNet.xml,"""on"" ""signal linearization"" ""on"" ""tc03"":p ""coeff"".coeff_tc03 ""coeff"".zero_tc03 ""data"".temp_tc03 ""allarm"".tc03_ofr"
analog input conversion,12,tc-06,1742,LAD,0492-FlgNet.xml,"""on"" ""signal linearization"" ""on"" ""tc06"":p ""coeff"".coeff_tc06 ""coeff"".zero_tc06 ""data"".temp_t6 ""allarm"".tc06_ofr"
analog input conversion,13,tc-07,1743,LAD,0493-FlgNet.xml,"""off"" ""signal linearization"" ""on"" ""tc07"":p ""coeff"".coeff_tc07 ""coeff"".zero_tc07 ""data"".tc_07 ""allarm"".tc07_ofr"
analog input conversion,14,zt-01,1744,LAD,0494-FlgNet.xml,"""off"" ""signal linearization"" ""on"" ""zt01"":p ""coeff"".coeff_zt01 ""coeff"".zero_zt01 ""data"".zt_01 ""allarm"".zt01_ofr"
analog input conversion,15,psh-01,1745,LAD,0495-FlgNet.xml,"""on"" ""signal linearization"" ""on"" ""psh01"":p ""coeff"".coeff_psh01 ""coeff"".zero_psh01 ""data"".press_pc01 ""allarm"".psh01_ofr"
analog input conversion,16,psh-02,1746,LAD,0496-FlgNet.xml,"""on"" ""signal linearization"" ""on"" ""psh02"":p ""coeff"".coeff_psh02 ""coeff"".zero_psh02 ""data"".psh_02 ""allarm"".psh02_ofr"
analog input conversion,17,psh-03,1747,LAD,0497-FlgNet.xml,"""on"" ""signal linearization"" ""on"" ""psh03"":p ""coeff"".coeff_psh03 ""coeff"".zero_psh03 ""data"".psh03 ""allarm"".psh03_ofr"
analog input conversion,18,r0-01,1748,LAD,0498-FlgNet.xml,"""off"" ""signal linearization"" ""on"" ""r001"":p ""coeff"".coeff_r01 ""coeff"".zero_r01 ""data"".oxigen_ro01 ""allarm"".ro01_ofr"
analog input conversion,19,r0-02,1749,LAD,0499-FlgNet.xml,"""off"" ""signal linearization"" ""on"" ""r002"":p ""coeff"".coeff_r02 ""coeff"".zero_r02 ""data"".oxigen_ro02 ""allarm"".ro02_ofr"
analog input conversion,20,r0-03,1750,LAD,0500-FlgNet.xml,"""off"" ""signal linearization"" ""on"" ""r003"":p ""coeff"".coeff_r03 ""coeff"".zero_r03 ""off"" add ""data"".oxigen_ro02 11 ""data"".ro03 ""data"".ro03 ""allarm"".ro03_ofr"
analog input conversion,21,r0-04,1751,LAD,0501-FlgNet.xml,"""off"" ""signal linearization"" ""on"" ""r004"":p ""coeff"".coeff_r04 ""coeff"".zero_r04 ""data"".ro04 ""allarm"".ro04_ofr"
analog input conversion,22,gas br-01 - position,1752,LAD,0502-FlgNet.xml,"""on"" ""signal linearization"" ""on"" ""br01_gas"":p ""coeff"".coeff_trasm_gas_br01 ""coeff"".zero_trasm_gas_br01 ""data"".gas_br_01 ""allarm"".br01_gas_ofr"
analog input conversion,23,air br-01 - position,1753,LAD,0503-FlgNet.xml,"""on"" ""signal linearization"" ""on"" ""br01_air"":p ""coeff"".coeff_trasm_air_br01 ""coeff"".zero_trasm_air_br01 ""data"".air_br_01 ""allarm"".br01_air_ofr"
analog input conversion,24,max flow gas - flowmeter,1754,LAD,0504-FlgNet.xml,"""on"" ""signal linearization"" ""on"" ""br01_flowmeter_gas"":p ""coeff"".coeff_flow_gas_br01 ""coeff"".zero_flow_gas_br01 ""data"".massico_flow_gas 1 move 1 ""data"".massico_flow_gas ""data"".massico_flow_gas ""allarm"".massico_gas_ofr"
analog input conversion,25,max flow air - flowmeter,1755,LAD,0505-FlgNet.xml,"""on"" ""signal linearization"" ""on"" ""br01_flowmeter_air"":p ""coeff"".coeff_flow_air_br01 ""coeff"".zero_flow_air_br01 ""data"".massico_flow_air ""allarm"".massico_air_ofr"
analog input conversion,26,reading encoder mv01,1756,LAD,0506-FlgNet.xml,"""simulation(1)"" ""em_ok"" high_speed_counter ""mv01_encoder"" ""fill_unit1"".control_signals.sw_gate0 ""flag"".reset_allarm ""fill_unit1"".act_cntv0"
analog input conversion,27,reading encoder mv02,1757,LAD,0507-FlgNet.xml,"""simulation(1)"" ""em_ok"" high_speed_counter ""mv02_encoder"" ""fill_unit1"".control_signals.sw_gate1 ""fill_unit1"".act_cntv1"
analog input conversion,28,reading encoder mv03,1758,LAD,0508-FlgNet.xml,"""simulation(1)"" ""em_ok"" high_speed_counter ""mv03_encoder"" ""fill_unit1"".control_signals.sw_gate2 ""fill_unit1"".act_cntv2"
analog input conversion,29,reading encoder mv05,1759,LAD,0509-FlgNet.xml,"""simulation(1)"" ""em_ok"" high_speed_counter ""mv05_encoder"" ""fill_unit1"".control_signals.sw_gate3 ""fill_unit1"".act_cntv3"
analog input conversion,30,reading encoder mv06,1760,LAD,0510-FlgNet.xml,"""simulation(1)"" ""em_ok"" high_speed_counter ""mv06_encoder"" ""fill_unit1"".control_signals.sw_gate4 ""fill_unit1"".act_cntv4"
analog input conversion,31,store current position value at power-off,1761,LAD,0511-FlgNet.xml,"""em_ok"" move #cnt_act_0 move #cnt_act_1 ""memory encoder"".encoder_ch01 move #cnt_act_2 ""memory encoder"".encoder_ch02 move #cnt_act_3 ""memory encoder"".encoder_ch03 move #cnt_act_4 ""memory encoder"".encoder_ch04 ""memory encoder"".encoder_ch00"
analog input conversion,32,data management mv01,1762,LAD,0512-FlgNet.xml,"""em_ok"" ""mv01_close"" ""fill_unit1"".control_signals.sw_gate0 ""fill_unit1"".control_signals.sw_gate0 move 0 move int#0 ""memory encoder"".encoder_ch00 ""memory encoder"".encoder_ch00_10 ""signal linearization"" ""on"" ""memory encoder"".encoder_ch00_10 ""coeff"".coeff_trasm_mv01 ""coeff"".zero_trasm_mv01 ""data"".pot_mv01 ""allarm"".pot_mv01_ofr add ""memory encoder"".encoder_ch00 ""fill_unit1"".act_cntv0 div #cnt_act_0 100 move #cntv0_100 #cnt_act_0 #cntv0_100 ""memory encoder"".encoder_ch00_10"
analog input conversion,33,data management mv02,1763,LAD,0513-FlgNet.xml,"""em_ok"" ""mv02_close"" ""fill_unit1"".control_signals.sw_gate1 ""fill_unit1"".control_signals.sw_gate1 move 0 move int#0 ""memory encoder"".encoder_ch01 ""memory encoder"".encoder_ch01_10 ""signal linearization"" ""on"" ""memory encoder"".encoder_ch01_10 ""coeff"".coeff_trasm_mv02 ""coeff"".zero_trasm_mv02 ""data"".pot_mv02 ""allarm"".pot_mv02_ofr add ""memory encoder"".encoder_ch01 ""fill_unit1"".act_cntv1 div #cnt_act_1 100 move #cntv1_100 #cnt_act_1 #cntv1_100 ""memory encoder"".encoder_ch01_10"
analog input conversion,34,mv03 data management,1764,LAD,0514-FlgNet.xml,"""em_ok"" ""inputs"".""mv03 close"" ""fill_unit1"".control_signals.sw_gate2 ""fill_unit1"".control_signals.sw_gate2 move 0 move int#0 ""memory encoder"".encoder_ch02 ""memory encoder"".encoder_ch02_10 ""signal linearization"" ""on"" ""memory encoder"".encoder_ch02_10 ""coeff"".coeff_trasm_mv03 ""coeff"".zero_trasm_mv03 ""data"".pot_mv03 ""allarm"".pot_mv03_ofr add ""memory encoder"".encoder_ch02 ""fill_unit1"".act_cntv2 div #cnt_act_2 100 move #cntv2_100 #cnt_act_2 #cntv2_100 ""memory encoder"".encoder_ch02_10"
analog input conversion,35,mv05 data management,1765,LAD,0515-FlgNet.xml,"""em_ok"" ""mv05_close"" ""fill_unit1"".control_signals.sw_gate3 ""fill_unit1"".control_signals.sw_gate3 move 0 move int#0 ""memory encoder"".encoder_ch03 ""memory encoder"".encoder_ch03_10 ""signal linearization"" ""on"" ""memory encoder"".encoder_ch03_10 ""coeff"".coeff_trasm_mv05 ""coeff"".zero_trasm_mv05 ""data"".pot_mv05 ""allarm"".pot_mv05_ofr add ""memory encoder"".encoder_ch03 ""fill_unit1"".act_cntv3 div #cnt_act_3 100 move #cntv3_100 #cnt_act_3 #cntv3_100 ""memory encoder"".encoder_ch03_10"
analog input conversion,36,mv06 data management,1766,LAD,0516-FlgNet.xml,"""em_ok"" ""mv06_close"" ""fill_unit1"".control_signals.sw_gate4 ""fill_unit1"".control_signals.sw_gate4 move 0 move int#0 ""memory encoder"".encoder_ch04 ""memory encoder"".encoder_ch04_10 ""signal linearization"" ""on"" ""memory encoder"".encoder_ch04_10 ""coeff"".coeff_mv06 ""coeff"".zero_mv06 ""data"".pot_mv06 ""allarm"".pot_mv06_ofr add ""memory encoder"".encoder_ch04 ""fill_unit1"".act_cntv4 div #cnt_act_4 100 move #cntv4_100 #cnt_act_4 #cntv4_100 ""memory encoder"".encoder_ch04_10"
analog input conversion,37,fn-02 fan,1767,LAD,0517-FlgNet.xml,"""on"" ""signal linearization"" ""on"" ""fn02_current"":p ""coeff"".coeff_fan_a_fn02 ""coeff"".zero_fan_a_fn02 ""data"".fn_02_fan ""allarm"".fn02_absorbption_ofr"
analog input conversion,38,bc-01,1768,LAD,0525-FlgNet.xml,"""on"" ""signal linearization"" ""on"" ""102a3_spare0"":p 10 0 ""hmi_db"".amp_bc01 ""allarm"".bc01_absorbption_ofr"
analog input conversion,39,mc04,1769,LAD,0526-FlgNet.xml,"""on"" ""signal linearization"" ""on"" ""mv04_m18a"":p 100 0 ""hmi_db"".amp_mc04 ""allarm"".mc04_absorbption_ofr"
analog input conversion,40,fn-02 aspirator,1770,LAD,0518-FlgNet.xml,"""on"" ""signal linearization"" ""on"" ""fn04_current"":p ""coeff"".coeff_aspirator_a_fn04 ""coeff"".zero_aspirator_a_fn04 ""data"".fn_04_aspirator ""allarm"".fn04_absorbption_ofr"
analog input conversion,41,rd-01,1771,LAD,0519-FlgNet.xml,"""on"" ""signal linearization"" ""on"" ""rd01_current"":p ""coeff"".coeff_drum_a_rd01 ""coeff"".zero_drum_a_rd01 ""data"".amp_rd01 ""allarm"".rd01_absorbption_ofr"
analog input conversion,42,fn-01,1772,LAD,0520-FlgNet.xml,"""on"" ""signal linearization"" ""on"" ""fn01_current"":p ""coeff"".coeff_fan_a_fn01 ""coeff"".zero_fan_a_fn01 ""data"".amp_fn01 ""allarm"".fn01_absorbption_ofr"
analog input conversion,43,dp-01,1773,LAD,0521-FlgNet.xml,"""on"" ""signal linearization"" ""on"" ""pr_bf01"":p ""coeff"".coeff_dp01 ""coeff"".zero_dp01 ""data"".dp_01 ""allarm"".bf01_ofr"
analog input conversion,44,dp-02,1774,LAD,0522-FlgNet.xml,"""on"" ""signal linearization"" ""on"" ""pr_br02"":p ""coeff"".coeff_dp02 ""coeff"".zero_dp02 ""data"".dp_02 ""allarm"".bf02_ofr"
analog input conversion,45,pc-01,1775,LAD,0523-FlgNet.xml,"""on"" ""signal linearization"" ""on"" ""pc01"":p ""coeff"".coeff_pc01 ""coeff"".zero_pc01 ""data"".pc_01 ""allarm"".pc01_ofr"
analog input conversion,46,contactor ton passed in bwf,1776,LAD,0524-FlgNet.xml,"""on"" ""bwf01 pulse"" ""pls m51 0"" add ""data"".bwf01_count_rep 1 ""bwf02 pulse"" ""pls 51 1"" add ""data"".bwf02_count_rep 1 ""data"".bwf02_count_rep ""data"".bwf01_count_rep"
allarms 1,1,bwf01,1781,LAD,0418-FlgNet.xml,"""on"" ""consent start bwf01"" ""inputs"".""bwf 01 run"" ""tag_49"" s5t#10s ""flag"".reset_allarm ""allarm"".bwf01_fault ""inputs"".""bwf01 fault"" ""allarm"".bwf01_fault ""tag_49"" ""inputs"".""bwf 01 run"" ""allarm"".bwf01_fault ""inputs"".""bwf01 fault"""
allarms 1,2,bwf01,1782,LAD,0419-FlgNet.xml,"""on"" ""consent start bwf01"" ""inputs"".""min lev bwf01"" ""allarm"".bwf01_min_level ""inputs"".""max lev bwf01"" ""allarm"".bwf01_max_level ""flag"".reset_allarm ""inputs"".""min lev bwf01"" ""allarm"".bwf01_min_level ""inputs"".""max lev bwf01"" ""allarm"".bwf01_max_level"
allarms 1,3,bwf02,1783,LAD,0420-FlgNet.xml,"""on"" ""consent start bwf02"" ""inputs"".""bwf 02 run"" ""tag_50"" s5t#10s ""flag"".reset_allarm ""allarm"".bwf02_fault ""inputs"".""bwf02 fault"" ""allarm"".bwf02_fault ""tag_50"" ""inputs"".""bwf 02 run"" ""allarm"".bwf02_fault ""inputs"".""bwf02 fault"""
allarms 1,4,bwf02,1784,LAD,0421-FlgNet.xml,"""on"" ""consent start bwf02"" ""inputs"".""min lev bwf02"" ""allarm"".bwf02_min_level ""inputs"".""max lev bwf02"" ""allarm"".bwf02_max_level ""flag"".reset_allarm ""inputs"".""min lev bwf02"" ""allarm"".bwf02_min_level ""inputs"".""max lev bwf02"" ""allarm"".bwf02_max_level"
allarms 1,5,bc01,1785,LAD,0422-FlgNet.xml,"""on"" ""start bc01"" ""inputs"".""bc01 run"" ""tag_51"" s5t#2s ""flag"".reset_allarm ""allarm"".bc_01_fault ""allarm"".bc_01_fault ""allarm"".bc01_inv ""allarm"".bc01_inv ""inputs"".bc01_all_inv ""tag_51"" ""inputs"".""bc01 run"" ""allarm"".bc_01_fault ""inputs"".bc01_all_inv ""allarm"".bc01_inv"
allarms 1,6,bc01,1786,LAD,0423-FlgNet.xml,"""on"" ""inputs"".""bc01 trip wire"" ""allarm"".bc_01_fc ""flag"".reset_allarm ""inputs"".""bc01 trip wire"" ""allarm"".bc_01_fc ""allarm"".bc_01_fc"
allarms 1,7,rd01,1787,LAD,0424-FlgNet.xml,"""on"" ""start rd01"" ""inputs"".""rd01 run"" ""tag_54"" s5t#5s ""flag"".reset_allarm ""allarm"".rd_01_fault ""allarm"".rd_01_fault ""allarm"".rd01_inv ""allarm"".rd01_inv ""inputs"".rd01_all_inv ""tag_54"" ""inputs"".""rd01 run"" ""allarm"".rd_01_fault ""inputs"".rd01_all_inv ""allarm"".rd01_inv"
allarms 1,8,fan rd01,1788,LAD,0425-FlgNet.xml,"""on"" ""start fan rd01"" ""inputs"".""fan rd01 run"" ""tag_55"" s5t#2s ""flag"".reset_allarm ""allarm"".rd_01_fan_fault ""allarm"".rd_01_fan_fault ""tag_55"" ""inputs"".""fan rd01 run"" ""allarm"".rd_01_fan_fault"
allarms 1,9,spare motor,1789,LAD,0426-FlgNet.xml,"""off"" ""start spare motor"" ""inputs"".""mc03 run"" ""tag_56"" s5t#2s ""flag"".reset_allarm ""allarm"".mc_03_fault ""allarm"".mc_03_fault ""tag_56"" ""inputs"".""mc03 run"" ""allarm"".mc_03_fault"
allarms 1,10,spare motor,1790,LAD,0427-FlgNet.xml,"""off"" ""inputs"".""mc03 torque"" ""allarm"".mc_03_torque ""flag"".reset_allarm ""inputs"".""mc03 torque"" ""allarm"".mc_03_torque ""allarm"".mc_03_torque"
allarms 1,11,mc04,1791,LAD,0428-FlgNet.xml,"""on"" ""start mc04"" ""inputs"".mc04_all_inv ""tag_57"" s5t#5s ""flag"".reset_allarm ""allarm"".mc_04_fault ""allarm"".mc_04_fault ""allarm"".mc04_inv ""allarm"".mc04_inv ""inputs"".""mc04 run"" ""tag_57"" ""inputs"".""mc04 run"" ""allarm"".mc_04_fault ""inputs"".mc04_all_inv ""allarm"".mc04_inv"
allarms 1,12,mc04 deleted,1792,LAD,0429-FlgNet.xml,"""off"" ""inputs"".""mc04 torque"" ""allarm"".mc_04_torque ""flag"".reset_allarm ""inputs"".""mc04 torque"" ""allarm"".mc_04_torque ""allarm"".mc_04_torque"
allarms 1,13,mc05 deleted,1793,색인/빈 네트워크/기타 언어,,
allarms 1,14,vs01,1794,LAD,0430-FlgNet.xml,"""on"" ""start vs01"" ""inputs"".""vs01 run"" ""tag_59"" s5t#2s ""flag"".reset_allarm ""allarm"".vs_01_fault ""allarm"".vs_01_fault ""allarm"".vs01_inv ""allarm"".vs01_inv ""inputs"".vs01_all_inv ""tag_59"" ""inputs"".""vs01 run"" ""allarm"".vs_01_fault ""inputs"".vs01_all_inv ""allarm"".vs01_inv"
allarms 1,15,sc12 deleted,1795,색인/빈 네트워크/기타 언어,,
allarms 1,16,fn02,1796,LAD,0431-FlgNet.xml,"""on"" ""start fn02"" ""inputs"".""fn02 run"" ""tag_61"" s5t#2s ""flag"".reset_allarm ""allarm"".fn_02_fault ""allarm"".fn_02_fault ""allarm"".fn02_inv ""allarm"".fn02_inv ""inputs"".fn02_all_inv ""tag_61"" ""inputs"".""fn02 run"" ""allarm"".fn_02_fault ""inputs"".fn02_all_inv ""allarm"".fn02_inv"
allarms 1,17,vr01,1797,LAD,0432-FlgNet.xml,"""on"" ""start vr01"" ""inputs"".""vr-01 run"" ""tag_62"" s5t#2s ""flag"".reset_allarm ""allarm"".vr_01_fault ""allarm"".vr_01_fault ""tag_62"" ""allarm"".vr_01_fault"
allarms 1,18,fn01,1798,LAD,0433-FlgNet.xml,"""on"" ""start fn01"" ""inputs"".""fn01 run"" ""tag_63"" s5t#2s ""flag"".reset_allarm ""allarm"".fn_01_fault ""allarm"".fn_01_fault ""allarm"".fn01_inv ""allarm"".fn01_inv ""inputs"".fn01_all_inv ""tag_63"" ""inputs"".""fn01 run"" ""allarm"".fn_01_fault ""inputs"".fn01_all_inv ""allarm"".fn01_inv"
allarms 1,19,vr02,1799,LAD,0434-FlgNet.xml,"""on"" ""start vr02"" ""inputs"".""vr02 run"" ""tag_64"" s5t#2s ""flag"".reset_allarm ""allarm"".vr_02_fault ""allarm"".vr_02_fault ""tag_64"" ""allarm"".vr_02_fault"
allarms 1,20,ch01,1800,LAD,0435-FlgNet.xml,"""on"" ""start ch01"" ""inputs"".""ch01 run"" ""tag_65"" s5t#2s ""flag"".reset_allarm ""allarm"".ch_01_fault ""allarm"".ch_01_fault ""tag_65"" ""allarm"".ch_01_fault"
allarms 1,21,fn03,1801,LAD,0436-FlgNet.xml,"""start fn03"" ""inputs"".""fn03 run"" ""fp_m25_run"" ""memo_m25_running"" ""start fn03"" ""memo_m25_running"" ""inputs"".""fn03 run"" ""on"" ""start fn03"" ""inputs"".""fn03 run"" ""memo_m25_running"" ""tag_66"" s5t#35s ""flag"".reset_allarm ""allarm"".fn_03_fault ""allarm"".fn_03_fault ""allarm"".fn03_inv ""allarm"".fn03_inv ""inputs"".fn03_all_softstarter ""allarm"".fn03_inv ""tag_66"" ""inputs"".""fn03 run"" ""allarm"".fn_03_fault ""memo_m25_running"" ""tag_66"" s5t#35s"
allarms 1,22,fn06,1802,LAD,0437-FlgNet.xml,"""on"" ""start fn06"" ""inputs"".""feedbackmotor fn-06"" ""tag_67"" s5t#2s ""flag"".reset_allarm ""allarm"".mbva01_fault ""allarm"".mbva01_fault ""tag_67"" ""allarm"".mbva01_fault"
allarms 1,23,sc01,1803,LAD,0438-FlgNet.xml,"""on"" ""start sc01"" ""inputs"".""feedbackmotor sc-01"" ""tag_68"" s5t#2s ""flag"".reset_allarm ""allarm"".sc_01_fault ""allarm"".sc_01_fault ""tag_68"" ""allarm"".sc_01_fault"
allarms 1,24,fn01_fan deleted,1804,색인/빈 네트워크/기타 언어,,
allarms 1,25,ld01,1805,LAD,0439-FlgNet.xml,"""on"" ""start ld01"" ""inputs"".""feedbackmotor ld-01"" ""tag_70"" s5t#2s ""flag"".reset_allarm ""allarm"".ld_01_fault ""allarm"".ld_01_fault ""tag_70"" ""allarm"".ld_01_fault"
allarms 1,26,ld01 vibrator,1806,LAD,0440-FlgNet.xml,"""on"" ""start vibrator ld-01"" ""inputs"".""feedbackmotor-ld-01a"" ""tag_71"" s5t#2s ""flag"".reset_allarm ""allarm"".ld_01_vib_fault ""allarm"".ld_01_vib_fault ""tag_71"" ""allarm"".ld_01_vib_fault"
allarms 1,27,sc10,1807,LAD,0441-FlgNet.xml,"""on"" ""start sc10"" ""inputs"".""feedbackmotor sc-10"" ""tag_72"" s5t#2s ""flag"".reset_allarm ""allarm"".sc_10_fault ""allarm"".sc_10_fault ""tag_72"" ""allarm"".sc_10_fault"
allarms 1,28,sc11,1808,LAD,0442-FlgNet.xml,"""on"" ""start sc11"" ""inputs"".""feedbackmotor sc-11"" ""tag_73"" s5t#2s ""flag"".reset_allarm ""allarm"".sc_11_fault ""allarm"".sc_11_fault ""tag_73"" ""allarm"".sc_11_fault"
allarms 1,29,fn04,1809,LAD,0443-FlgNet.xml,"""on"" ""start fn04"" ""inputs"".""fn04 run"" ""tag_74"" s5t#17s ""flag"".reset_allarm ""allarm"".fn_04_fault ""allarm"".fn_04_fault ""allarm"".fn04_inv ""allarm"".fn04_inv ""inputs"".fn04_all_inv ""tag_74"" ""inputs"".""fn04 run"" ""allarm"".fn_04_fault ""inputs"".fn04_all_inv ""allarm"".fn04_inv"
allarms 1,30,vr03,1810,LAD,0444-FlgNet.xml,"""on"" ""start vr03"" ""inputs"".""vr03 run"" ""tag_75"" s5t#2s ""flag"".reset_allarm ""allarm"".vr_03_fault ""allarm"".vr_03_fault ""tag_75"" ""allarm"".vr_03_fault"
allarms 1,31,vr04,1811,LAD,0445-FlgNet.xml,"""on"" ""start vr04"" ""inputs"".""vr04 run"" ""tag_76"" s5t#2s ""flag"".reset_allarm ""allarm"".vr_04_fault ""allarm"".vr_04_fault ""tag_76"" ""allarm"".vr_04_fault"
allarms 1,32,vr05,1812,LAD,0446-FlgNet.xml,"""on"" ""start vr05"" ""inputs"".""vr05 run"" ""tag_77"" s5t#2s ""flag"".reset_allarm ""allarm"".vr_05_fault ""allarm"".vr_05_fault ""tag_77"" ""allarm"".vr_05_fault"
allarms 1,33,vr06,1813,LAD,0447-FlgNet.xml,"""on"" ""start vr06"" ""inputs"".""vr-06 run"" ""tag_78"" s5t#2s ""flag"".reset_allarm ""allarm"".vr_06_fault ""allarm"".vr_06_fault ""tag_78"" ""allarm"".vr_06_fault"
allarms 1,34,fn05,1814,LAD,0448-FlgNet.xml,"""on"" ""start fn05"" ""inputs"".""fn-05 run"" ""tag_79"" s5t#2s ""flag"".reset_allarm ""allarm"".fn_05_fault ""allarm"".fn_05_fault ""tag_79"" ""allarm"".fn_05_fault"
allarms 1,35,pv01,1815,LAD,0449-FlgNet.xml,"""on"" ""pv-01 gate a"" ""flag"".pv_01_gate_a_mem_open ""tag_80"" s5t#4s ""flag"".reset_allarm ""allarm"".pv_01_gate_a_not_open ""allarm"".pv_01_gate_a_not_open ""pv-01 gate a"" ""flag"".pv_01_gate_a_mem_close ""tag_81"" s5t#4s ""tag_81"" ""allarm"".pv_01_gate_a_not_close ""flag"".reset_allarm ""allarm"".pv_01_gate_a_not_close ""allarm"".pv_01_gate_a_not_close ""tag_80"" ""allarm"".pv_01_gate_a_not_open"
allarms 1,36,pv01,1816,LAD,0450-FlgNet.xml,"""on"" ""pv-01 gate b ev"" ""flag"".pv_01_gate_b_mem_open ""tag_82"" s5t#7s ""flag"".reset_allarm ""allarm"".pv_01_gate_b_not_open ""allarm"".pv_01_gate_b_not_open ""pv-01 gate b ev"" ""flag"".pv_01_gate_b_mem_close ""tag_83"" s5t#7s ""tag_83"" ""allarm"".pv_01_gate_b_not_close ""flag"".reset_allarm ""allarm"".pv_01_gate_b_not_close ""allarm"".pv_01_gate_b_not_close ""tag_82"" ""allarm"".pv_01_gate_b_not_open"
allarms 1,37,pv02,1817,LAD,0451-FlgNet.xml,"""on"" ""pv-02 gate a ev"" ""flag"".pv_02_gate_a_mem_open ""tag_84"" s5t#7s ""flag"".reset_allarm ""allarm"".pv_02_gate_a_not_open ""allarm"".pv_02_gate_a_not_open ""pv-02 gate a ev"" ""flag"".pv_02_gate_a_mem_close ""tag_85"" s5t#7s ""tag_85"" ""allarm"".pv_02_gate_a_not_close ""flag"".reset_allarm ""allarm"".pv_02_gate_a_not_close ""allarm"".pv_02_gate_a_not_close ""tag_84"" ""allarm"".pv_02_gate_a_not_open"
allarms 1,38,pv02,1818,LAD,0452-FlgNet.xml,"""on"" ""pv-02 gate b ev"" ""flag"".pv_02_gate_b_mem_open ""tag_86"" s5t#7s ""flag"".reset_allarm ""allarm"".pv_02_gate_b_not_open ""allarm"".pv_02_gate_b_not_open ""pv-02 gate b ev"" ""flag"".pv_02_gate_b_mem_close ""tag_87"" s5t#7s ""tag_87"" ""allarm"".pv_02_gate_b_not_close ""flag"".reset_allarm ""allarm"".pv_02_gate_b_not_close ""allarm"".pv_02_gate_b_not_close ""tag_86"" ""allarm"".pv_02_gate_b_not_open"
allarms 1,39,pv03,1819,LAD,0453-FlgNet.xml,"""on"" ""pv-03 gate ev"" ""flag"".pv_03_gate_mem_open ""tag_88"" s5t#5s ""flag"".reset_allarm ""allarm"".pv_03_gate_not_open1 ""allarm"".pv_03_gate_not_open1 ""pv-03 gate ev"" ""flag"".pv_03_gate_mem_close ""tag_89"" s5t#5s ""tag_89"" ""allarm"".pv_03_gate_not_close1 ""flag"".reset_allarm ""allarm"".pv_03_gate_not_close1 ""allarm"".pv_03_gate_not_close1 ""tag_88"" ""allarm"".pv_03_gate_not_open1"
allarms 1,40,bwf01/bwf02,1820,LAD,0454-FlgNet.xml,"""off"" ""inputs"".bwf1_inverter_high_speed ""tag_90"" s5t#30s ""inputs"".bwf2_inverter_high_speed ""tag_91"" s5t#30s ""tag_91"" ""allarm"".bwf02_fault_control ""flag"".reset_allarm ""allarm"".bwf01_fault_control ""inputs"".bwf1_inverter_high_speed ""allarm"".bwf01_fault_control ""allarm"".bwf02_fault_control ""inputs"".bwf2_inverter_high_speed ""allarm"".bwf02_fault_control ""tag_90"" ""allarm"".bwf01_fault_control"
allarms 1,41,auxiliary inverter,1821,LAD,0455-FlgNet.xml,"""on"" ""start aux inv"" ""start aux inv"" ""inputs"".""aux inverter run"" ton ""aux_inv_run"" t#2s ""allarm"".aux_inverter_fault ""flag"".reset_allarm ""allarm"".aux_inverter_fault ""inputs"".""aux inverter run"" ""allarm"".aux_inverter_fault ""allarm"".aux_inv ""allarm"".aux_inv ""inputs"".aux_inv_all ""allarm"".aux_inv"
allarms 1,42,er01,1822,LAD,0456-FlgNet.xml,"""on"" ""start er-01"" ""inputs"".feedback_er01 ton ""er_01_run_rit"" t#2s ""allarm"".er01_run ""flag"".reset_allarm ""allarm"".er01_run ""allarm"".er01_run"
allarms 1,43,presence 110v,1823,LAD,0457-FlgNet.xml,"""inputs"".presenza_110v ""allarm"".""110v_fault"" ""flag"".reset_allarm ""allarm"".""110v_fault"" ""allarm"".""110v_fault"""
allarms 1,44,module emergenzy ok,1824,LAD,0458-FlgNet.xml,"""inputs"".em_ok ""allarm"".emergency_module_fault ""flag"".reset_allarm ""allarm"".emergency_module_fault ""allarm"".emergency_module_fault"
allarms 1,45,simulation enabled,1825,LAD,0459-FlgNet.xml,"""simulation(1)"" ""allarm"".""simulation enabled"" ""flag"".reset_allarm ""allarm"".""simulation enabled"" ""allarm"".""simulation enabled"""
control_stechio,1,calculate the gas flow rate based on the theoretical ramp,1830,LAD,0194-FlgNet.xml,"""on"" ""data"".burner_air_out 0 move ""stechio"".gas_crv0_4 ""data"".burner_air_out 5 move ""stechio"".gas_crv5_9 #portata_presunta_gas ""data"".burner_air_out 10 move ""stechio"".gas_crv10_14 #portata_presunta_gas ""data"".burner_air_out 15 move ""stechio"".gas_crv15_19 #portata_presunta_gas ""data"".burner_air_out 20 move ""stechio"".gas_crv20_24 #portata_presunta_gas ""data"".burner_air_out 25 move ""stechio"".gas_crv25_29 #portata_presunta_gas ""data"".burner_air_out 30 move ""stechio"".gas_crv30_34 #portata_presunta_gas ""data"".burner_air_out 35 move ""stechio"".gas_crv35_39 #portata_presunta_gas ""data"".burner_air_out 40 move ""stechio"".gas_crv40_44 #portata_presunta_gas ""data"".burner_air_out 45 move ""stechio"".gas_crv45_49 #portata_presunta_gas ""data"".burner_air_out 50 move ""stechio"".gas_crv50_54 #portata_presunta_gas ""data"".burner_air_out 55 move ""stechio"".gas_crv55_59 #portata_presunta_gas ""data"".burner_air_out 60 move ""stechio"".gas_crv60_64 #portata_presunta_gas ""data"".burner_air_out 65 move ""stechio"".gas_crv65_69 #portata_presunta_gas ""data"".burner_air_out 70 move ""stechio"".gas_crv70_74 #portata_presunta_gas ""data"".burner_air_out 75 move ""stechio"".gas_crv75_79 #portata_presunta_gas ""data"".burner_air_out 80 move ""stechio"".gas_crv80_84 #portata_presunta_gas ""data"".burner_air_out 85 move ""stechio"".gas_crv85_89 #portata_presunta_gas ""data"".burner_air_out 90 move ""stechio"".gas_crv90_94 #portata_presunta_gas ""data"".burner_air_out 95 move ""stechio"".gas_crv95_100 #portata_presunta_gas #portata_presunta_gas"
control_stechio,2,calculation of the current stoichiometric ratio,1831,색인/빈 네트워크/기타 언어,,"l ""data"".massico_flow_air//converte portata aria itd dtr t #air_flow //in reale l ""data"".massico_flow_gas//converte portata gas itd dtr t #gas_flow //in reale //------------------------------------------------------------------------ l #air_flow //calcola il rapporto l #gas_flow //stechiometrico /r t #stechio_attuale //(portata aria) / (portata gas) l #stechio_attuale t ""stechio"".real_stechio//(portata aria) / (portata gas) l ""stechio"".set_stechio t #setpoint_stechio //------------------------------------------------------------------------"
control_stechio,3,run pid block,1832,LAD,0195-FlgNet.xml,"cont_c ""pid_stechio"" ""off"" ""on"" ""on"" ""on"" t#100ms #setpoint_stechio #stechio_attuale 0.0 ""stechio"".pid_gain ""stechio"".pid_ti ""stechio"".pid_td t#1m 0.1 ""stechio"".limite_max ""stechio"".limite_min 1.0 0.0 1.0 0.0 1.0 ""inputs"".""high flame gas"" ""on"" ""inputs"".""high flame gas"" ""disable masses"" ""off"" #correzione_stechio"
control_stechio,4,calculate percentage and send,1833,색인/빈 네트워크/기타 언어,,"//converte correzione calcolata in intero l #correzione_stechio rnd t #correzione_calcolata_int //e corregge la portata del gas //portata gas = portata presunta gas + correzione stechiometrica l #portata_presunta_gas l #correzione_calcolata_int +i t ""data"".burner_gas_out"
control_stechio,5,verify range sent by gas,1834,LAD,0196-FlgNet.xml,"""on"" ""data"".burner_gas_out 0 move 0 ""data"".burner_gas_out 100 move 100 ""data"".burner_gas_out ""data"".burner_gas_out"
control_stechio,6,check stoichiometric ratio correction range,1835,LAD,0197-FlgNet.xml,"""on"" #correzione_stechio ""stechio"".limite_min ""stechio"".sign_lim_min #correzione_stechio ""stechio"".limite_max ""stechio"".sign_lim_max"
control_stechio,7,meter of cubic meters of gas passed,1836,색인/빈 네트워크/기타 언어,,"//------------------------------------------------------------------------ //calcolo consumo gas test //------------------------------------------------------------------------ an ""inputs"".""burner on"" jc fine l #gas_flow l 36000.0 /r t #portata_al_secondo l #portata_al_secondo l ""stechio"".consumo_gas +r t ""stechio"".consumo_gas l #portata_al_secondo l ""stechio"".consumo_gas_totale +r t ""stechio"".consumo_gas_totale ju fine azz: l 0 t ""stechio"".consumo_gas fine: nop 0 //------------------------------------------------------------------------ an ""hmi_db"".resetcounter_gasconsumption jc azz0 l 0 t ""stechio"".consumo_gas set r ""hmi_db"".resetcounter_gasconsumption azz0: nop 0"
auto start motors,1,increment seconds count,1841,LAD,0162-FlgNet.xml,"""on"" ""flag"".auto_on1 add ""data"".tempo_presetting 1 ""flag"".auto_on1 move 0 ""data"".tempo_presetting ""data"".tempo_presetting"
auto start motors,2,status display in supervisor,1842,LAD,0163-FlgNet.xml,"""on"" ""flag"".auto_on1 move ""data"".tipo_preset ""flag"".auto_on1 move -1 ""data"".d37 ""data"".d37"
auto start motors,3,preheating,1843,LAD,0164-FlgNet.xml,"""on"" ""allarm"".emergency_module_fault ""data"".tipo_preset 1 ""flag"".auto_on1 ""data"".tempo_presetting 1 ""flag"".reset_allarm ""memocmd_bc01_startup"" ""flag"".enable_r1_gate ""memocmd_pv1_startup"" ton ""t_reset_startup_pv1"" t#1m ""flag"".enable_r1_gate ""memocmd_pv1_startup"" ""data"".tempo_presetting 3 ""flag"".m_vr_03 ""flag"".m_vr_04 ""flag"".m_vr_05 ""data"".tempo_presetting 5 ""flag"".m_sc_01 ""flag"".m_sc_10 ""flag"".m_sc_11 ""data"".tempo_presetting 8 ""flag"".m_fn_04 ""data"".tempo_presetting 15 ""flag"".standby_on ""data"".tempo_presetting 17 ""flag"".m_vs_01 ""flag"".m_mc_05 ""flag"".m_mc_04 ""flag"".enable_r2_gate ""data"".tempo_presetting 19 ""flag"".m_rd_01_fan ""data"".tempo_presetting 21 ""flag"".m_rd_01 move 25 ""data"".set_perc_fr01 ""data"".tempo_presetting 24 ""flag"".m_bc_01 ""memocmd_bc01_startup"" move 75 ""data"".set_perc_vt02 ""flag"".m_fn_02 ""data"".tempo_presetting 26 ""flag"".enable_r1_gate ""memocmd_pv1_startup"" ""data"".tempo_presetting 28 ""flag"".m_vr_01 ""flag"".m_vr_02 ""flag"".m_ch_01 ""data"".tempo_presetting 30 ""flag"".m_fn_01 move 35 ""data"".set_perc_vt01 ""data"".tempo_presetting 33 ""off"" ""flag"".m_fn_02 ""data"".tempo_presetting 36 ""flag"".m_fn_03 ""data"".tempo_presetting 40 ""flag"".reset_allarm ""flag"".m_fn_06 ""data"".tempo_presetting 45 ""off"" move 850 ""flag"".start_burner ""flag"".auto_burner move 500 ""data"".tc03_setpoint ""data"".tc01_setpoint ""data"".tempo_presetting 50 ""flag"".auto_on1 ""flag"".maintenance_on"
auto start motors,4,production,1844,LAD,0165-FlgNet.xml,"""on"" ""allarm"".emergency_module_fault ""flag"".auto_on1 ""data"".tipo_preset 2 ""data"".tempo_presetting 1 ""flag"".reset_allarm ""data"".tempo_presetting 3 ""flag"".m_vr_03 ""flag"".m_vr_04 ""flag"".m_vr_05 ""data"".tempo_presetting 6 ""flag"".m_sc_01 ""flag"".m_sc_10 ""flag"".m_sc_11 ""data"".tempo_presetting 10 ""flag"".m_fn_04 ""data"".tempo_presetting 18 ""flag"".m_vs_01 ""data"".tempo_presetting 21 ""off"" ""flag"".m_mc_05 ""data"".tempo_presetting 24 ""flag"".m_mc_04 ""data"".tempo_presetting 27 ""flag"".enable_r2_gate ""data"".tempo_presetting 30 ""flag"".standby_on ""data"".tempo_presetting 33 ""flag"".m_rd_01_fan ""data"".tempo_presetting 35 ""flag"".m_rd_01 move 25 ""data"".set_perc_fr01 ""data"".tempo_presetting 40 ""flag"".enable_r1_gate ""data"".tempo_presetting 43 ""flag"".m_bc_01 ""data"".tempo_presetting 46 ""flag"".m_vr_01 ""flag"".m_vr_02 ""flag"".m_ch_01 ""data"".tempo_presetting 49 ""flag"".m_fn_01 move 35 ""data"".set_perc_vt01 ""data"".tempo_presetting 52 ""flag"".m_fn_02 move 80 ""data"".set_perc_vt02 ""data"".tempo_presetting 56 ""flag"".m_fn_03 ""data"".tempo_presetting 60 ""flag"".reset_allarm ""flag"".m_fn_06 ""data"".tempo_presetting 62 ""off"" move 850 ""flag"".start_burner ""flag"".auto_burner move 500 ""data"".tc03_setpoint ""data"".tc01_setpoint ""data"".tempo_presetting 65 ""flag"".auto_on1 ""flag"".maintenance_on"
auto start motors,5,set points fn01,1845,LAD,0169-FlgNet.xml,"""on"" ""allarm"".emergency_module_fault ""data"".tipo_preset 1 ""hmi_db"".preheatingcontrol_enabled ""manage_tc1_2"".pid_ref_temp ""hmi_db"".fn01_preheating_1st_step_temperature ""manage_tc1_2"".pid_ref_temp ""hmi_db"".fn01_preheating_2nd_step_temperature ton ""ton_2nd_step_fn01"" t#10s move ""hmi_db"".fn01_preheating_1st_step_speed ""data"".tipo_preset 2 ""manage_tc1_2"".pid_ref_temp ""hmi_db"".fn01_preheating_2nd_step_temperature ""manage_tc1_2"".pid_ref_temp ""hmi_db"".fn01_preheating_3rd_step_temperature ton ""ton_3rd_step_fn01"" t#10s move ""hmi_db"".fn01_preheating_2nd_step_speed ""data"".set_perc_vt01 ""manage_tc1_2"".pid_ref_temp ""hmi_db"".fn01_preheating_3rd_step_temperature ""manage_tc1_2"".pid_ref_temp ""hmi_db"".fn01_preheating_4th_step_temperature ton ""ton_4th_step_fn01"" t#10s move ""hmi_db"".fn01_preheating_3rd_step_speed ""data"".set_perc_vt01 ""manage_tc1_2"".pid_ref_temp ""hmi_db"".fn01_preheating_4th_step_temperature ton ""ton_last_step_fn01"" t#10s move ""hmi_db"".fn01_preheating_4th_step_speed ""data"".set_perc_vt01 ""manage_tc1_2"".pid_ref_temp ""hmi_db"".fn01_preheating_1st_step_temperature ton ""ton_1st_step_fn01"" t#10s move 15 ""data"".set_perc_vt01 ""data"".set_perc_vt01"
auto start motors,6,emergency stop,1846,LAD,0168-FlgNet.xml,"""allarm"".emergency_module_fault ""tag_292"" move 0 move 5 ""flag"".auto_on1 ""data"".tempo_presetting ""data"".tipo_preset"
auto start motors,7,presetting sequence 5: complete engine stop,1847,LAD,0166-FlgNet.xml,"""flag"".auto_on1 ""data"".tipo_preset 5 ""data"".tempo_presetting 1 ""flag"".m_fn_03 ""allarm"".emergency_module_fault ""data"".tempo_presetting 5 ""flag"".m_ch_01 ""flag"".m_fn_01_fan ""flag"".m_fn_01 ""allarm"".emergency_module_fault ""data"".tempo_presetting 11 ""flag"".m_vr_01 ""flag"".m_vr_02 ""allarm"".emergency_module_fault ""data"".tempo_presetting 13 ""flag"".m_bc_01 ""flag"".m_fn_04 ""flag"".m_er01 ""allarm"".emergency_module_fault ""data"".tempo_presetting 15 ""flag"".m_rd_01 ""flag"".enable_r1_gate ""allarm"".emergency_module_fault ""data"".tempo_presetting 17 ""flag"".m_rd_01_fan ""allarm"".emergency_module_fault ""data"".tempo_presetting 19 ""flag"".m_mc_04 ""allarm"".emergency_module_fault ""data"".tempo_presetting 20 ""flag"".m_vr_03 ""flag"".m_vr_04 ""flag"".m_vr_05 ""allarm"".emergency_module_fault ""data"".tempo_presetting 21 ""flag"".standby_on ""flag"".m_vs_01 ""allarm"".emergency_module_fault ""data"".tempo_presetting 25 ""flag"".auto_on1 ""allarm"".emergency_module_fault ""flag"".m_fn_02 ""flag"".m_fn_06"
auto start motors,8,presetting sequence 6: no sequence,1848,LAD,0167-FlgNet.xml,"""flag"".auto_on1 ""data"".tipo_preset 6 ""data"".tempo_presetting 1 ""flag"".standby_on ""data"".tempo_presetting 25 ""flag"".auto_on1"
auto start motors,9,production counters,1849,LAD,0170-FlgNet.xml,"div ""data"".set_perc_bwf01 100.0 mul #prod_h_bwf01 ""data2"".set_th div #prod_h_bwf01 3600.0 div ""data"".set_perc_bwf02 100.0 mul #prod_h_bwf02 ""data2"".set_th div #prod_h_bwf02 3600.0 ""hmi_db"".resetcounter_partialproduction move 0.0 ""hmi_db"".resetcounter_partialproduction ""hmi_db"".counter_partialproduction ""consent start bwf01"" ""consent start bwf02"" add #prod_s_bwf01 ""hmi_db"".counter_partialproduction add #prod_s_bwf01 ""hmi_db"".counter_totalproduction ""hmi_db"".counter_partialproduction ""hmi_db"".counter_totalproduction ""consent start bwf02"" ""consent start bwf01"" add #prod_s_bwf02 ""hmi_db"".counter_partialproduction add #prod_s_bwf02 ""hmi_db"".counter_totalproduction ""hmi_db"".counter_partialproduction ""hmi_db"".counter_totalproduction ""consent start bwf01"" ""consent start bwf02"" add #prod_s_bwf01 #prod_s_bwf02 ""hmi_db"".counter_partialproduction add #prod_s_bwf01 #prod_s_bwf02 ""hmi_db"".counter_totalproduction ""hmi_db"".counter_partialproduction ""hmi_db"".counter_totalproduction #prod_h_bwf01 #prod_h_bwf01 #prod_s_bwf01 #prod_h_bwf02 #prod_h_bwf02 #prod_s_bwf02"
burner control,1,burner control box fault,1854,LAD,0171-FlgNet.xml,"""on"" ""brurner lock out"" ""app m10.2"" ""allarm"".burner_ldu_fault ""flag"".reset_allarm ""allarm"".burner_ldu_fault ""m491"" ""app m10.2"" ""app m10.2"" ""tag_135"" s5t#6s ""tag_135"" ""app m10.2"" ""m491"" ""tag_136"" s5t#2s ""rst allarm burner"" ""tag_136"" ""allarm"".burner_ldu_fault ""tag_137"" s5t#2s ""tag_137"" ""m491"""
burner control,2,burner servomotor not in minimal position,1855,LAD,0172-FlgNet.xml,"""on"" ""flag"".start_burner ""pls m50.0"" ""inputs"".""fc gas chiuso"" ""allarm"".servomotor_min_pos_all ""flag"".reset_allarm ""allarm"".servomotor_min_pos_all ""allarm"".servomotor_min_pos_all ""inputs"".""fc aria chiusa"""
burner control,3,a 56.3 max.temperaturefilter,1856,LAD,0173-FlgNet.xml,"""on"" ""allarm"".max_max_tc09 ""allarm"".max_max_tc01_temp ""temperature interlock ok"""
burner control,4,start gas test,1857,LAD,0174-FlgNet.xml,"""on"" ""allarm"".max_max_tc09 ""allarm"".burner_start_fault ""allarm"".burner_ldu_fault ""inputs"".""fn01 run"" ""inputs"".""fn04 run"" ""inputs"".""rd01 run"" ""inputs"".""feedbackmotor fn-06"" ""inputs"".""fn02 run"" ""flag"".burner_ready ""inputs"".""burner on"""
burner control,5,burner stop,1858,LAD,0175-FlgNet.xml,"""on"" ""flag"".burner_ready ""flag"".start_burner ""allarm"".max_max_tc09 ""allarm"".burner_start_fault ""allarm"".burner_ldu_fault ""allarm"".fn_03_fault ""on"" ""allarm"".servomotor_min_pos_all ""allarm"".max_tc04_temp ""allarm"".max_tc05_temp ""allarm"".max_max_tc03_temp ""allarm"".max_max_tc01_temp ""allarm"".ro01_signal_fault ""allarm"".tc01_tc02_comp_fault ""allarm"".low_aspiration ""allarm"".psl_air_low ""allarm"".hydrogen_box_fault ""allarm"".emergencystoptc1_2"
burner control,6,counter minutes of burner work,1859,LAD,0176-FlgNet.xml,"""on"" ""inputs"".""burner on"" ""tag_138"" ""pls m51.5"" add ""workdata"".w5 1 ""inputs"".""burner on"" move 0 ""workdata"".w5 ""tag_138"" ""tag_138"" s5t#1m ""workdata"".w5"
burner control,7,counter burner off during preheating or production,1860,LAD,0193-FlgNet.xml,"""data"".tipo_preset 1 ""data"".tipo_preset 2 ""hmi_db"".memoburneron ""flag"".start_burner ""hmi_db"".memoburneron ""inputs"".""burner on"" ""hmi_db"".memoburneron move 0 ""hmi_db"".counter_stopburner move 0.0 ""stechio"".consumo_gas move 0.0 ""hmi_db"".counter_partialproduction ""flag"".auto_burner ""hmi_db"".memoburneron ""inputs"".""burner on"" ""ps181_0"" ton ""iec_timer_0_db_1"" t#1m ""ps181_0"" add ""hmi_db"".counter_stopburner 1 ""hmi_db"".counter_stopburner ""hmi_db"".resetcounter_stopburner move 0 ""hmi_db"".resetcounter_stopburner ""hmi_db"".counter_stopburner"
burner control,8,programmed burner shutdown every 24 hours,1861,LAD,0177-FlgNet.xml,"""off"" ""workdata"".w5 1440 ""programmed stop burner"" ""workdata"".w5 1320 ""allarm"".burner_time_limit_22h"
burner control,9,a 56.6 start high flameburner,1862,LAD,0178-FlgNet.xml,"""on"" add ""data"".tc01_setpoint 20 add ""data"".tc01_setpoint 15 #app01 ""inputs"".""burner on and ok"" ""start high flame"" ""burner on and ok"" ""start high flame"" ""on"" ""manage_tc1_2"".pid_ref_temp #app00 move 0 ""start high flame"" ""manage_tc1_2"".pid_ref_temp #app01 ""allarm"".max_tc01_temp ""allarm"".max_tc03_temp ""tag_140"" s5t#8s ""tag_140"" ""start high flame"" ""allarm"".max_tc01_temp ""allarm"".max_tc03_temp ""inputs"".""fc gas chiuso"" ""inputs"".""fc aria chiusa"" ""tag_139"" s5t#50ms ""tag_139"" ""start high flame"" ""data"".burner_panel_setpoint #app00"
burner control,10,enable relay forceed spark,1863,LAD,0179-FlgNet.xml,"""on"" ""inputs"".""burner on"" ""start high flame"" ""main flame on"" ""inputs"".""burner on"" ""main flame on"" ""start high flame"" ""main flame on"" ""tag_141"" s5t#4s ""tag_141"" ""foced spark"" ""tag_141"" ""main flame on"""
burner control,11,reduce speed mn01 se tc01 > 30°c the setpoint,1864,LAD,0180-FlgNet.xml,"""off"" add ""data"".tc01_setpoint 30 add ""data"".tc01_setpoint 25 #app03 ""on"" ""manage_tc1_2"".pid_ref_temp #app02 ""riduce mn01"" ""manage_tc1_2"".pid_ref_temp #app03 ""riduce mn01"" #app02"
burner control,12,burner lock,1865,LAD,0181-FlgNet.xml,"""on"" ""off"" ""allarm"".max_tc01_temp ""data"".gas_br_01 30 ""lock burner"" ""programmed stop burner"" ""allarm"".max_tc01_temp ""allarm"".max_tc03_temp ""programmed stop burner"" ""lock burner"" ""on"" ""allarm"".max_tc03_temp ""inputs"".""fc gas chiuso"" ""inputs"".""fc aria chiusa"""
burner control,13,burner start sequence,1866,LAD,0182-FlgNet.xml,"""flag"".start_burner ""lock burner"" ""flag"".m_fn_03 ""off"" ""flag"".m_fn_03 ""inputs"".""fn03 run"" ""enable start burner(1)"" ""enable start burner"" ""rem. start/stop burner"""
burner control,14,for viewing washing time in supervisor,1867,LAD,0183-FlgNet.xml,"""on"" ""tag_142"" add ""workdata"".br01_cleantime 1 ""tag_142"" ""tag_142"" s5t#1s ""workdata"".br01_cleantime"
burner control,15,enable burner cleaning sequence,1868,LAD,0184-FlgNet.xml,"""on"" ""enable start burner(1)"" move 0 ""enable start burner(1)"" ""workdata"".br01_state 0 ""manage_tc1_2"".pid_ref_temp 500.0 move 7 ""workdata"".br01_state 1 ""off"" move ""data"".max_prc_br1 ""open mv03 for washing"" move 2 ""workdata"".br01_state ""data"".burner_panel_setpoint ""workdata"".br01_state 2 ""inputs"".""mv03 open"" move 3 ""workdata"".br01_state ""workdata"".br01_state 3 ""tag_143"" s5t#4m ""on"" ""tag_142"" add ""workdata"".br01_cleantime 1 ""tag_142"" ""tag_142"" s5t#1s ""workdata"".br01_cleantime ""tag_143"" move 4 ""workdata"".br01_state ""workdata"".br01_state 4 ""off"" move 0 ""open mv03 for washing"" move 5 ""workdata"".br01_state ""data"".burner_panel_setpoint ""workdata"".br01_state 5 ""inputs"".""mv03 close"" move 6 ""on"" ""workdata"".br01_state ""workdata"".br01_state 6 ""tag_144"" s5t#1s ""tag_144"" move 7 ""workdata"".br01_state ""workdata"".br01_state 77 ""data"".oxigen_ro01 60 move 7 ""data"".oxigen_ro01 60 move 0 ""workdata"".br01_state ""workdata"".br01_state ""workdata"".br01_state 7 ""enable start burner"" ""open mv03 for washing"" ""close mv03 for burner startup"" move 8 ""workdata"".br01_state ""workdata"".br01_state 8 ""inputs"".""burner on"" move 9 ""workdata"".br01_state ""workdata"".br01_state 9 ""tag_145"" s5t#30s ""tag_145"" move 10 ""workdata"".br01_state ""workdata"".br01_state 10 move 11 ""workdata"".br01_state ""workdata"".br01_state 11 ""inputs"".""burner on"" ""start burner"" ""inputs"".""burner on"" move 0 ""workdata"".br01_state move 0 ""workdata"".br01_cleantime ""manage_tc1_2"".pid_ref_temp 500.0 move 1 ""workdata"".br01_state move 0 ""workdata"".br01_cleantime ""workdata"".br01_state ""open mv03 for washing"" ""inputs"".""mv03 close"" ""inputs"".""mv03 close"" ""close mv03 for burner startup"" ""enable start burner"" ""workdata"".br01_state"
burner control,16,burner start fault reset,1869,LAD,0185-FlgNet.xml,"""flag"".reset_allarm ""allarm"".burner_start_fault ""allarm"".burner_start_fault"
burner control,17,burner servomotor control fb41 pid mode,1870,LAD,0186-FlgNet.xml,"""on"" ""flag"".auto_burner ""allarm"".max_tc01_temp ""allarm"".max_tc03_temp ""programmed stop burner"" ""start burner"" ""inputs"".""high flame gas"" ""flag autoburner"" ""enable start burner(1)"" move 0 ""data"".burner_panel_setpoint ""allarm"".max_tc01_temp ""allarm"".max_tc03_temp ""programmed stop burner"" ""inputs"".""high flame gas"""
burner control,18,if on auto send pid result to the module,1871,LAD,0187-FlgNet.xml,"""flag autoburner"" add ""workdata"".burner_pid_result 0 ""data"".burner_panel_setpoint"
burner control,19,burner air range limits,1872,LAD,0188-FlgNet.xml,"""on"" ""inputs"".""burner on"" ""data"".burner_panel_setpoint ""data"".max_prc_br1 move ""data"".max_prc_br1 ""data"".burner_panel_setpoint 100 move 100 ""data"".burner_panel_setpoint ""rem. start/stop burner"" ""data"".burner_panel_setpoint 0 move 0 ""data"".burner_panel_setpoint ""rem. start/stop burner"" ""data"".burner_panel_setpoint 0 move 0 ""data"".burner_panel_setpoint ""enable start burner(1)"" ""data"".burner_panel_setpoint"
burner control,20,simulation,1873,LAD,0008-FlgNet.xml,"""off"" move 0 ""data"".burner_panel_setpoint"
burner control,21,stoichiometry out of range,1874,LAD,0189-FlgNet.xml,"""on"" ""stechio"".sign_lim_min ""tag_146"" s5t#20s ""stechio"".sign_lim_max ""flag"".reset_allarm ""allarm"".sechio_limits ""stechio"".sign_lim_min ""stechio"".sign_lim_max ""allarm"".sechio_limits ""tag_146"" ""allarm"".sechio_limits"
burner control,22,dryout warm first ramp,1875,LAD,0190-FlgNet.xml,"""off"" ""workdata"".w5 1 move 20 ""workdata"".w5 60 move 30 ""data"".tc01_setpoint ""workdata"".w5 120 move 40 ""data"".tc01_setpoint ""workdata"".w5 180 move 80 ""data"".tc01_setpoint ""workdata"".w5 240 move 100 ""data"".tc01_setpoint ""workdata"".w5 300 move 120 ""data"".tc01_setpoint ""workdata"".w5 360 move 140 ""data"".tc01_setpoint ""workdata"".w5 420 move 160 ""data"".tc01_setpoint ""workdata"".w5 480 move 180 ""data"".tc01_setpoint ""workdata"".w5 540 move 200 ""data"".tc01_setpoint ""workdata"".w5 600 move 200 ""data"".tc01_setpoint ""data"".tc01_setpoint"
burner control,23,dryout warm second ramp,1876,LAD,0191-FlgNet.xml,"""off"" ""workdata"".w5 1320 move 240 ""workdata"".w5 1380 move 280 ""data"".tc01_setpoint ""workdata"".w5 1440 move 320 ""data"".tc01_setpoint ""workdata"".w5 1500 move 360 ""data"".tc01_setpoint ""data"".tc01_setpoint"
burner control,24,dryout warm third ramp,1877,LAD,0192-FlgNet.xml,"""off"" ""workdata"".w5 1740 move 400 ""workdata"".w5 1800 move 440 ""data"".tc01_setpoint ""workdata"".w5 1860 move 480 ""data"".tc01_setpoint ""workdata"".w5 1920 move 520 ""data"".tc01_setpoint ""workdata"".w5 1980 move 560 ""data"".tc01_setpoint ""workdata"".w5 2040 move 600 ""data"".tc01_setpoint ""data"".tc01_setpoint"
filter,1,,1882,LAD,0217-FlgNet.xml,"""kf_kt"" ""data"".valve_p 0 ""kf_kt"" ""data"".valve_w 0 ""coeff"".dp_01_pausa_soglia_1 ""coeff"".dp_01_lavoro_soglia_1"
filter,2,time work/pause by dp01,1883,LAD,0198-FlgNet.xml,"""off"" ""data"".ev_filter_on 51 ""data"".dp_01 ""coeff"".dp_01_soglia_1 move ""coeff"".dp_01_pausa_soglia_1 move ""coeff"".dp_01_lavoro_soglia_1 ""data"".dp_01 ""coeff"".dp_01_soglia_1 ""data"".dp_01 ""coeff"".dp_01_soglia_2 move ""coeff"".dp_01_pausa_soglia_2 move ""coeff"".dp_01_lavoro_soglia_1 ""data"".lava_pausa ""data"".lava_lavoro ""data"".dp_01 ""coeff"".dp_01_soglia_2 ""data"".dp_01 ""coeff"".dp_01_soglia_3 move ""coeff"".dp_01_pausa_soglia_3 move ""coeff"".dp_01_lavoro_soglia_1 ""data"".lava_pausa ""data"".lava_lavoro ""data"".dp_01 ""coeff"".dp_01_soglia_3 ""data"".dp_01 ""coeff"".dp_01_soglia_4 move ""coeff"".dp_01_pausa_soglia_4 move ""coeff"".dp_01_lavoro_soglia_1 ""data"".lava_pausa ""data"".lava_lavoro ""data"".dp_01 ""coeff"".dp_01_soglia_4 move ""coeff"".dp_01_pausa_soglia_5 move ""coeff"".dp_01_lavoro_soglia_1 ""data"".lava_pausa ""data"".lava_lavoro ""data"".lava_pausa ""data"".lava_lavoro"
filter,3,time work/pause by dp02,1884,LAD,0199-FlgNet.xml,"""off"" ""data"".ev_filter_on 50 ""data"".dp_02 ""coeff"".dp_02_soglia_1 move ""coeff"".dp_02_pausa_soglia_1 move ""coeff"".dp_02_lavoro_soglia_1 ""data"".dp_02 ""coeff"".dp_02_soglia_1 ""data"".dp_02 ""coeff"".dp_02_soglia_2 move ""coeff"".dp_02_pausa_soglia_2 move ""coeff"".dp_02_lavoro_soglia_1 ""data"".lava_pausa ""data"".lava_lavoro ""data"".dp_02 ""coeff"".dp_02_soglia_2 ""data"".dp_02 ""coeff"".dp_02_soglia_3 move ""coeff"".dp_02_pausa_soglia_3 move ""coeff"".dp_02_lavoro_soglia_1 ""data"".lava_pausa ""data"".lava_lavoro ""data"".dp_02 ""coeff"".dp_02_soglia_3 ""data"".dp_02 ""coeff"".dp_02_soglia_4 move ""coeff"".dp_02_pausa_soglia_4 move ""coeff"".dp_02_lavoro_soglia_1 ""data"".lava_pausa ""data"".lava_lavoro ""data"".dp_02 ""coeff"".dp_02_soglia_4 move ""coeff"".dp_02_pausa_soglia_5 move ""coeff"".dp_02_lavoro_soglia_1 ""data"".lava_pausa ""data"".lava_lavoro ""data"".lava_pausa ""data"".lava_lavoro"
filter,4,force wash minimum,1885,LAD,0200-FlgNet.xml,"""on"" ""tag_129"" ""tag_130"" s5t#2h ""tag_130"" ""tag_129"" s5t#10m ""tag_130"" #forza_lavaggio ""on"""
filter,5,enabling sleeve washing,1886,LAD,0219-FlgNet.xml,"""on"" ""inputs"".""feedbackmotor sc-10"" ""inputs"".""vr04 run"" ""data"".dp_01 ""coeff"".dp_01_soglia_1 #abilita_lavaggio_bf01 ""bf01_run"" ""inputs"".""feedbackmotor sc-11"" ""inputs"".""vr05 run"" ""data"".dp_02 ""coeff"".dp_01_soglia_1 #abilita_lavaggio_bf02 ""bf02_run"" #forza_lavaggio #forza_lavaggio"
filter,6,work pause times for filter valves,1887,LAD,0201-FlgNet.xml,"""on"" move ""coeff"".dp_01_pausa_soglia_1 move ""coeff"".dp_01_lavoro_soglia_1 ""data"".lava_lavoro #abilita_lavaggio_bf01 ""tag_131"" ""tag_132"" ""data"".lava_pausa #abilita_lavaggio_bf02 ""tag_132"" ""tag_131"" ""data"".lava_lavoro ""data"".lava_pausa"
filter,7,filter work,1888,LAD,0202-FlgNet.xml,"""off"" move 0 ""sc-10_fbk"" move 1 ""data"".lava ""sc-11_fbk"" move 2 ""data"".lava ""sc-10_fbk"" ""sc-11_fbk"" move 3 ""data"".lava ""data"".lava"
filter,8,,1889,LAD,0203-FlgNet.xml,"""off"" ""data"".lava 0 move 0 move 0 ""data"".lava 1 move 11 move 50 ""data"".lava_start ""data"".lava_end ""data"".lava 2 move 51 move 90 ""data"".lava_start ""data"".lava_end ""data"".lava 3 move 11 move 90 ""data"".lava_start ""data"".lava_end ""data"".lava_start ""data"".lava_end"
filter,9,enable all the 80 valves when the filters are parallels,1890,LAD,0204-FlgNet.xml,"""on"" move 11 move 90 ""data"".lava_end ""data"".lava_start"
filter,10,a0.0 filter 1 valve bf01first sector,1891,LAD,0205-FlgNet.xml,"""on"" ""tag_132"" ""data"".ev_filter_on 11 #abilita_lavaggio_bf01 ""ev-11"" ""data"".ev_filter_on 12 #abilita_lavaggio_bf02 ""ev-51"" ""data"".ev_filter_on 13 #abilita_lavaggio_bf01 ""ev-12"" ""data"".ev_filter_on 14 #abilita_lavaggio_bf02 ""ev-52"" ""data"".ev_filter_on 15 #abilita_lavaggio_bf01 ""ev-13"" ""data"".ev_filter_on 16 #abilita_lavaggio_bf02 ""ev-53"" ""data"".ev_filter_on 17 #abilita_lavaggio_bf01 ""ev-14"" ""data"".ev_filter_on 18 #abilita_lavaggio_bf02 ""ev-54"" ""data"".ev_filter_on 19 #abilita_lavaggio_bf01 ""ev-15"" ""data"".ev_filter_on 20 #abilita_lavaggio_bf02 ""ev-55"""
filter,11,wash filter,1892,LAD,0206-FlgNet.xml,"""on"" ""tag_132"" ""data"".ev_filter_on 21 #abilita_lavaggio_bf01 ""ev-16"" ""data"".ev_filter_on 22 #abilita_lavaggio_bf02 ""ev-56"" ""data"".ev_filter_on 23 #abilita_lavaggio_bf01 ""ev-17"" ""data"".ev_filter_on 24 #abilita_lavaggio_bf02 ""ev-57"" ""data"".ev_filter_on 25 #abilita_lavaggio_bf01 ""ev-18"" ""data"".ev_filter_on 26 #abilita_lavaggio_bf02 ""ev-58"" ""data"".ev_filter_on 27 #abilita_lavaggio_bf01 ""ev-19"" ""data"".ev_filter_on 28 #abilita_lavaggio_bf02 ""ev-59"" ""data"".ev_filter_on 29 #abilita_lavaggio_bf01 ""ev-20"" ""data"".ev_filter_on 30 #abilita_lavaggio_bf02 ""ev-60"""
filter,12,wash filter,1893,LAD,0207-FlgNet.xml,"""on"" ""tag_132"" ""data"".ev_filter_on 31 #abilita_lavaggio_bf01 ""ev-21"" ""data"".ev_filter_on 32 #abilita_lavaggio_bf02 ""ev-61"" ""data"".ev_filter_on 33 #abilita_lavaggio_bf01 ""ev-22"" ""data"".ev_filter_on 34 #abilita_lavaggio_bf02 ""ev-62"" ""data"".ev_filter_on 35 #abilita_lavaggio_bf01 ""ev-23"" ""data"".ev_filter_on 36 #abilita_lavaggio_bf02 ""ev-63"" ""data"".ev_filter_on 37 #abilita_lavaggio_bf01 ""ev-24"" ""data"".ev_filter_on 38 #abilita_lavaggio_bf02 ""ev-64"" ""data"".ev_filter_on 39 #abilita_lavaggio_bf01 ""ev-25"" ""data"".ev_filter_on 40 #abilita_lavaggio_bf02 ""ev-65"""
filter,13,wash filter,1894,LAD,0208-FlgNet.xml,"""on"" ""tag_132"" ""data"".ev_filter_on 41 #abilita_lavaggio_bf01 ""ev-26"" ""data"".ev_filter_on 42 #abilita_lavaggio_bf02 ""ev-66"" ""data"".ev_filter_on 43 #abilita_lavaggio_bf01 ""ev-27"" ""data"".ev_filter_on 44 #abilita_lavaggio_bf02 ""ev-67"" ""data"".ev_filter_on 45 #abilita_lavaggio_bf01 ""ev-28"" ""data"".ev_filter_on 46 #abilita_lavaggio_bf02 ""ev-68"" ""data"".ev_filter_on 47 #abilita_lavaggio_bf01 ""ev-29"" ""data"".ev_filter_on 48 #abilita_lavaggio_bf02 ""ev-69"" ""data"".ev_filter_on 49 #abilita_lavaggio_bf01 ""ev-30"" ""data"".ev_filter_on 50 #abilita_lavaggio_bf02 ""ev-70"""
filter,14,wash filter,1895,LAD,0209-FlgNet.xml,"""on"" ""tag_132"" ""data"".ev_filter_on 51 #abilita_lavaggio_bf01 ""ev-31"" ""data"".ev_filter_on 52 #abilita_lavaggio_bf02 ""ev-71"" ""data"".ev_filter_on 53 #abilita_lavaggio_bf01 ""ev-32"" ""data"".ev_filter_on 54 #abilita_lavaggio_bf02 ""ev-72"" ""data"".ev_filter_on 55 #abilita_lavaggio_bf01 ""ev-33"" ""data"".ev_filter_on 56 #abilita_lavaggio_bf02 ""ev-73"" ""data"".ev_filter_on 57 #abilita_lavaggio_bf01 ""ev-34"" ""data"".ev_filter_on 58 #abilita_lavaggio_bf02 ""ev-74"" ""data"".ev_filter_on 59 #abilita_lavaggio_bf01 ""ev-35"" ""data"".ev_filter_on 60 #abilita_lavaggio_bf02 ""ev-75"""
filter,15,wash filter,1896,LAD,0210-FlgNet.xml,"""on"" ""tag_132"" ""data"".ev_filter_on 61 #abilita_lavaggio_bf01 ""ev-36"" ""data"".ev_filter_on 62 #abilita_lavaggio_bf02 ""ev-76"" ""data"".ev_filter_on 63 #abilita_lavaggio_bf01 ""ev-37"" ""data"".ev_filter_on 64 #abilita_lavaggio_bf02 ""ev-77"" ""data"".ev_filter_on 65 #abilita_lavaggio_bf01 ""ev-38"" ""data"".ev_filter_on 66 #abilita_lavaggio_bf02 ""ev-78"" ""data"".ev_filter_on 67 #abilita_lavaggio_bf01 ""ev-39"" ""data"".ev_filter_on 68 #abilita_lavaggio_bf02 ""ev-79"" ""data"".ev_filter_on 69 #abilita_lavaggio_bf01 ""ev-40"" ""data"".ev_filter_on 70 #abilita_lavaggio_bf02 ""ev-80"""
filter,16,wash filter,1897,LAD,0211-FlgNet.xml,"""on"" ""tag_132"" ""data"".ev_filter_on 71 #abilita_lavaggio_bf01 ""ev-41"" ""data"".ev_filter_on 72 #abilita_lavaggio_bf02 ""ev-81"" ""data"".ev_filter_on 73 #abilita_lavaggio_bf01 ""ev-42"" ""data"".ev_filter_on 74 #abilita_lavaggio_bf02 ""ev-82"" ""data"".ev_filter_on 75 #abilita_lavaggio_bf01 ""ev-43"" ""data"".ev_filter_on 76 #abilita_lavaggio_bf02 ""ev-83"" ""data"".ev_filter_on 77 #abilita_lavaggio_bf01 ""ev-44"" ""data"".ev_filter_on 78 #abilita_lavaggio_bf02 ""ev-84"" ""data"".ev_filter_on 79 #abilita_lavaggio_bf01 ""ev-45"" ""data"".ev_filter_on 80 #abilita_lavaggio_bf02 ""ev-85"""
filter,17,wash filter,1898,LAD,0212-FlgNet.xml,"""on"" ""tag_132"" ""data"".ev_filter_on 81 #abilita_lavaggio_bf01 ""ev-46"" ""data"".ev_filter_on 82 #abilita_lavaggio_bf02 ""ev-86"" ""data"".ev_filter_on 83 #abilita_lavaggio_bf01 ""ev-47"" ""data"".ev_filter_on 84 #abilita_lavaggio_bf02 ""ev-87"" ""data"".ev_filter_on 85 #abilita_lavaggio_bf01 ""ev-48"" ""data"".ev_filter_on 86 #abilita_lavaggio_bf02 ""ev-88"" ""data"".ev_filter_on 87 #abilita_lavaggio_bf01 ""ev-49"" ""data"".ev_filter_on 88 #abilita_lavaggio_bf02 ""ev-89"" ""data"".ev_filter_on 89 #abilita_lavaggio_bf01 ""ev-50"" ""data"".ev_filter_on 90 #abilita_lavaggio_bf02 ""ev-90"""
filter,18,next valve,1899,LAD,0218-FlgNet.xml,"""on"" ""tag_132"" ""pls 50 3"" add 1 ""data"".ev_filter_on ""data"".ev_filter_on ""data"".lava_start move ""data"".lava_start ""data"".ev_filter_on ""data"".ev_filter_on ""data"".lava_end move ""data"".lava_start ""data"".ev_filter_on ""data"".ev_filter_on"
filter,19,speed fn-04 at start,1900,LAD,0213-FlgNet.xml,"""start fn04"" ""pls 50 4"" move 20 ""data"".set_perc_fn04"
filter,20,dp-01 control loop,1901,LAD,0214-FlgNet.xml,"""flag"".fn_04_auto sub ""data"".pc_01 ""coeff"".set_pc01 ""tag_133"" #app02 5 ""data"".fn_04_aspirator 250 add 1 ""data"".set_perc_fn04 #app02 -1 ""data"".set_perc_fn04 20 add -1 ""data"".set_perc_fn04 ""data"".set_perc_fn04 ""data"".set_perc_fn04 ""tag_133"" ""tag_133"" s5t#4s #app02"
filter,21,pv-14 cold air filter fault,1902,LAD,0215-FlgNet.xml,"""on"" ""pv-14"" ""inputs"".""pv-14 open"" ""tag_134"" s5t#20s ""pv-14"" ""inputs"".""pv-14 close"" ""flag"".reset_allarm ""allarm"".fault_pv14 ""allarm"".fault_pv14 ""tag_134"" ""allarm"".fault_pv14"
filter,22,valve air false pv-14,1903,LAD,0216-FlgNet.xml,"""on"" ""allarm"".fault_pv14 ""flag"".m_pv14 ""flag"".m_pv14 ""pv-14"" ""open false air"" ""allarm"".max_tc09 ""allarm"".max_max_tc09 ""allarm"".emergency_module_fault"
filter,23,,1904,색인/빈 네트워크/기타 언어,,"(* if ""ev-11"" or ""ev-12"" or ""ev-13"" or ""ev-14"" or ""ev-15"" or ""ev-16"" or ""ev-17"" or ""ev-18"" or ""ev-19"" or ""ev-20"" or ""ev-21"" or ""ev-22"" or ""ev-23"" or ""ev-24"" or ""ev-25"" or ""ev-26"" or ""ev-27"" or ""ev-28"" or ""ev-29"" or ""ev-30"" or ""ev-31"" or ""ev-32"" or ""ev-33"" or ""ev-34"" or ""ev-35"" or ""ev-36"" or ""ev-37"" or ""ev-38"" or ""ev-39"" or ""ev-40"" or ""ev-41"" or ""ev-42"" or ""ev-43"" or ""ev-44"" or ""ev-45"" or ""ev-46"" or ""ev-47"" or ""ev-48"" or ""ev-49"" or ""ev-50"" then ""bf01_run"":=true; else ""bf01_run"" := false; end_if; if ""ev-51"" or ""ev-52"" or ""ev-53"" or ""ev-54"" or ""ev-55"" or ""ev-56"" or ""ev-57"" or ""ev-58"" or ""ev-59"" or ""ev-60"" or ""ev-61"" or ""ev-62"" or ""ev-63"" or ""ev-64"" or ""ev-65"" or ""ev-66"" or ""ev-67"" or ""ev-68"" or ""ev-69"" or ""ev-70"" or ""ev-71"" or ""ev-72"" or ""ev-73"" or ""ev-74"" or ""ev-75"" or ""ev-76"" or ""ev-77"" or ""ev-78"" or ""ev-79"" or ""ev-80"" or ""ev-81"" or ""ev-82"" or ""ev-83"" or ""ev-84"" or ""ev-85"" or ""ev-86"" or ""ev-87"" or ""ev-88"" or ""ev-89"" or ""ev-90"" then ""bf02_run"" := true; else ""bf02_run"" := false; end_if; *)"
r1 scraps gate 2,1,pv-01,1911,LAD,0276-FlgNet.xml,"""on"" ""on"" ""flag"".enable_r1_gate ""allarm"".pv_01_gate_a_not_open ""allarm"".pv_01_gate_b_not_open ""r1 gate on"" ""under testing"" ""r1 gate on"" move 0 ""open ev a 01 pv-01"" ""open ev b 01 pv-01"" ""close ev a 01 pv-01"" ""close ev b 01 pv-01"" ""workdata"".r1state ""flag"".enable_r1_gate ""flag"".pv_01_gate_a_mem_open ""flag"".pv_01_gate_b_mem_open ""flag"".r1_gate_loop_on"
r1 scraps gate 2,2,,1912,LAD,0285-FlgNet.xml,"""kf_kt"" ""data"".pv_01b 0 ""kf_kt"" ""data"".""pv-01a"" 0 ""data"".set_evr1b_open_time ""data"".set_evr1a_open_time"
r1 scraps gate 2,3,r1 gate loop pv-01,1913,LAD,0277-FlgNet.xml,"""on"" ""flag"".enable_r1_gate ""r1 gate on"" ""workdata"".r1state 0 ""close ev a 01 pv-01"" ""workdata"".r1state 1 ""open ev b 01 pv-01"" ""close ev b 01 pv-01"" ""flag"".pv_01_gate_b_mem_open move 2 ""workdata"".r1state ""workdata"".r1state 2 ""tag_164"" ""data"".set_evr1b_open_time ""tag_164"" move 3 ""workdata"".r1state ""workdata"".r1state 3 ""close ev b 01 pv-01"" ""open ev b 01 pv-01"" ""tag_165"" s5t#1s ""tag_165"" move 4 ""workdata"".r1state ""workdata"".r1state 4 ""open ev a 01 pv-01"" ""close ev a 01 pv-01"" ""flag"".pv_01_gate_a_mem_open move 5 ""workdata"".r1state ""workdata"".r1state 5 ""tag_166"" ""data"".set_evr1a_open_time ""tag_166"" move 0 ""workdata"".r1state ""open ev a 01 pv-01"" ""tag_163"" s5t#1s ""tag_163"" move 1 ""workdata"".r1state"
r1 scraps gate 2,4,evr4 scraps discharge door and gates selector pv-01,1914,LAD,0278-FlgNet.xml,"""on"" ""ev01_sel_open"" ""open ev a 00 pv-01"" ""ev02_sel_open"" ""open ev b 00 pv-01"""
r1 scraps gate 2,5,a 48.4 ev-02 valvecommand,1915,LAD,0279-FlgNet.xml,"""on"" ""open ev b 00 pv-01"" ""pv-01 gate b ev"" ""open ev b 01 pv-01"" ""maintenance pv01"" ""off"" ""open ev a 00 pv-01"" ""pv-01 gate a"" ""open ev a 01 pv-01"" ""maintenance pv01"""
r1 scraps gate 2,6,pv-02 rotary drum discharge valve,1916,LAD,0280-FlgNet.xml,"""on"" ""mc04_fbk"" ""flag"".enable_r2_gate ""allarm"".pv_02_gate_a_not_open ""allarm"".pv_02_gate_b_not_open ""pv-02 gate on"" ""inputs"".""mc04 run"" ""allarm"".maintenance_on ""pv-02 gate on"" move 0 ""open ev a 01 pv-02"" ""open ev b 01 pv-02"" ""close ev a 01 pv-02"" ""close ev b 01 pv-02"" ""workdata"".w7 ""flag"".enable_r2_gate ""flag"".pv_02_gate_a_mem_open ""flag"".pv_02_gate_b_mem_open ""flag"".r2_gate_loop_on"
r1 scraps gate 2,7,,1917,LAD,0284-FlgNet.xml,"""kf_kt"" ""data"".pv_02b 0 ""kf_kt"" ""data"".pv_02a 0 ""data"".set_pv02b_open_time ""data"".set_pv02a_open_time"
r1 scraps gate 2,8,r1 gate loop pv-02,1918,LAD,0281-FlgNet.xml,"""on"" ""flag"".enable_r2_gate ""pv-02 gate on"" ""workdata"".w7 0 ""close ev a 01 pv-02"" ""workdata"".w7 1 ""open ev b 01 pv-02"" ""close ev b 01 pv-02"" ""flag"".pv_02_gate_b_mem_open move 2 ""workdata"".w7 ""workdata"".w7 2 ""tag_168"" ""data"".set_pv02b_open_time ""tag_168"" move 3 ""workdata"".w7 ""workdata"".w7 3 ""close ev b 01 pv-02"" ""open ev b 01 pv-02"" ""tag_169"" s5t#800ms ""tag_169"" move 4 ""workdata"".w7 ""workdata"".w7 4 ""open ev a 01 pv-02"" ""close ev a 01 pv-02"" ""flag"".pv_02_gate_a_mem_open move 5 ""workdata"".w7 ""workdata"".w7 5 ""tag_170"" ""data"".set_pv02a_open_time ""tag_170"" move 0 ""workdata"".w7 ""open ev a 01 pv-02"" ""tag_167"" s5t#300ms ""tag_167"" move 1 ""workdata"".w7"
r1 scraps gate 2,9,evr4 scraps discharge door and gates selector pv-02,1919,LAD,0282-FlgNet.xml,"""on"" ""selector op gate a pv-02"" ""open ev a 00 pv-02"" ""selector op gate b pv-02"" ""open ev b 00 pv-02"""
r1 scraps gate 2,10,a 56.4 ev-05 valvecommand,1920,LAD,0283-FlgNet.xml,"""on"" ""open ev b 00 pv-02"" ""pv-02 gate b ev"" ""open ev b 01 pv-02"" ""maintenance pv02"" ""open ev a 00 pv-02"" ""pv-02 gate a ev"" ""open ev a 01 pv-02"" ""maintenance pv02"""
r1 scraps gate 2,11,pv01,1921,LAD,0286-FlgNet.xml,"""on"" ""pv-01 gate a"" ""ev01_open"" ""flag"".pv_01_gate_a_mem_open ""pv-01 gate a"" ""flag"".pv_01_gate_a_mem_open ""pv-01 gate a"" ""ev01_close"" ""flag"".pv_01_gate_a_mem_close ""inputs"".""limit switch ls-02gate a closedvalve pv-01"" ""pv-01 gate a"" ""flag"".pv_01_gate_a_mem_close ""inputs"".""fc gate a open"""
r1 scraps gate 2,12,pv01,1922,LAD,0287-FlgNet.xml,"""on"" ""pv-01 gate b ev"" ""ev02_open"" ""flag"".pv_01_gate_b_mem_open ""pv-01 gate b ev"" ""flag"".pv_01_gate_b_mem_open ""pv-01 gate b ev"" ""ev02_close"" ""flag"".pv_01_gate_b_mem_close ""inputs"".""limit switch ls-06gate b closedvalve pv-01"" ""pv-01 gate b ev"" ""flag"".pv_01_gate_b_mem_close false ""ev02_close"" ""inputs"".""pv-01 gate b open"""
r1 scraps gate 2,13,pv02,1923,LAD,0288-FlgNet.xml,"""on"" ""pv-02 gate a ev"" ""ev04_open"" ""flag"".pv_02_gate_a_mem_open ""pv-02 gate a ev"" ""flag"".pv_02_gate_a_mem_open ""pv-02 gate a ev"" ""ev04_close"" ""flag"".pv_02_gate_a_mem_close ""inputs"".""pv-02 ev a close"" ""pv-02 gate a ev"" ""flag"".pv_02_gate_a_mem_close ""inputs"".""pv-02 ev a open"""
r1 scraps gate 2,14,pv02,1924,LAD,0289-FlgNet.xml,"""on"" ""pv-02 gate b ev"" ""ev05_open"" ""flag"".pv_02_gate_b_mem_open ""pv-02 gate b ev"" ""flag"".pv_02_gate_b_mem_open ""pv-02 gate b ev"" ""ev05_close"" ""flag"".pv_02_gate_b_mem_close ""inputs"".""pv-02 gate b close"" ""pv-02 gate b ev"" ""flag"".pv_02_gate_b_mem_close ""inputs"".""pv-02 gate b open"""
r1 scraps gate 2,15,pv03,1925,LAD,0290-FlgNet.xml,"""on"" ""pv-03 gate ev"" ""deviator open pv-03"" ""flag"".pv_03_gate_mem_open ""pv-03 gate ev"" ""flag"".pv_03_gate_mem_open ""pv-03 gate ev"" ""deviator close pv-03"" ""flag"".pv_03_gate_mem_close ""inputs"".""deviator close pv-03"" ""flag"".m_pv03 ""pv-03 gate ev"" ""flag"".pv_03_gate_mem_close ""inputs"".""deviator open pv-03"" ""flag"".m_pv03"
motors 1,1,maintenance,1930,LAD,0237-FlgNet.xml,"""on"" ""flag"".maintenance_on ""under testing"" ""allarm"".maintenance_on"
motors 1,2,block load,1931,LAD,0238-FlgNet.xml,"""on"" ""allarm"".low_tc03_temp #disable_load_rd01 ""allarm"".oxigen_fault ""allarm"".oxigen_too_high ""flag"".standby_on ""allarm"".max_max_tc09 ""allarm"".hydrogen_box_fault ""r1 gate on"" ""rd01_fbk"""
motors 1,3,bwf01,1932,LAD,0239-FlgNet.xml,"""on"" ""allarm"".bwf01_fault ""flag"".m_bwf01 ""allarm"".bwf01_fault_control ""data"".set_perc_bwf01 0 ""inputs"".""bwf01 ok"" ""inputs"".""bc01 run"" #disable_load_rd01 ""flag"".m_bwf01 ""consent start bwf01"""
motors 1,4,bwf02,1933,LAD,0240-FlgNet.xml,"""on"" ""allarm"".bwf02_fault ""flag"".m_bwf02 ""allarm"".bwf02_fault_control ""data"".set_perc_bwf02 0 ""inputs"".""bwf02 ok"" ""inputs"".""bc01 run"" #disable_load_rd01 ""flag"".m_bwf02 ""consent start bwf02"""
motors 1,5,bwf01/02,1934,LAD,0241-FlgNet.xml,"""off"" ""flag"".m_bwf01 ""tag_114"" s5t#6m ""on"" ""flag"".m_bwf01 ""inputs"".""rd01 run"" ""flag"".m_bwf02 ""flag"".m_bwf01 ""flag"".m_bwf02 ""inputs"".""bc01 run"" ""flag"".m_bwf02 ""tag_114"" ""flag"".m_bwf01 ""flag"".m_bwf02"
motors 1,6,bc01,1935,LAD,0242-FlgNet.xml,"""on"" ""allarm"".bc_01_fault ""flag"".m_bc_01 ""allarm"".bc01_inv ""allarm"".bc_01_fc ""under testing"" ""flag"".m_bc_01 ""flag"".r1_gate_loop_on ""start bc01"" ""memocmd_bc01_startup"" ""flag"".maintenance_on"
motors 1,7,rd01,1936,LAD,0243-FlgNet.xml,"""on"" ""allarm"".rd_01_fault ""flag"".m_rd_01 ""allarm"".rd01_inv ""data"".set_perc_fr01 0 ""inputs"".""fan rd01 run"" ""flag"".r2_gate_loop_on ""flag"".standby_on ""under testing"" ""flag"".m_rd_01 ""start rd01"""
motors 1,8,,1937,LAD,0275-FlgNet.xml,"""kf_kt"" ""data"".ev_03_w 0 ""kf_kt"" ""data"".ev_03p 0 ""data"".evfr01_work_time ""data"".evfr01_wait_time"
motors 1,9,rd01,1938,LAD,0244-FlgNet.xml,"""on"" ""start rd01"" ""tag_115"" ""tag_116"" ""data"".evfr01_work_time ""tag_116"" ""tag_115"" ""data"".evfr01_wait_time ""tag_116"" ""on"" ""ev03"""
motors 1,10,rd01 fan,1939,LAD,0245-FlgNet.xml,"""on"" ""allarm"".rd_01_fan_fault ""flag"".m_rd_01_fan ""flag"".r2_gate_loop_on ""flag"".standby_on ""under testing"" ""flag"".m_rd_01_fan ""start fan rd01"""
motors 1,11,mc03 spare motor,1940,LAD,0246-FlgNet.xml,"""on"" ""allarm"".mc_03_fault ""flag"".m_mc_03 ""inputs"".""mc04 run"" ""flag"".standby_on ""allarm"".mc_03_torque ""under testing"" ""flag"".m_mc_03 ""start spare motor"""
motors 1,12,mc04,1941,LAD,0247-FlgNet.xml,"""on"" ""allarm"".mc_04_fault ""flag"".m_mc_04 ""allarm"".mc04_inv ""inputs"".""vs01 run"" ""allarm"".maintenance_on ""flag"".m_mc_04 ""start mc04"""
motors 1,13,mc05 deleted,1942,색인/빈 네트워크/기타 언어,,
motors 1,14,vs01,1943,LAD,0248-FlgNet.xml,"""on"" ""allarm"".vs_01_fault ""flag"".m_vs_01 ""allarm"".vs01_inv ""flag"".m_vs_01 ""start vs01"""
motors 1,15,vs01 brake (off),1944,LAD,0249-FlgNet.xml,"""off"" ""flag"".m_vs_01 ""inputs"".""vs01 run"" ""allarm"".vs_01_fault ""start vs01 brake"" ""flag"".m_vs_01 ""start vs01 brake"" ""allarm"".vs_01_fault ""allarm"".vs01_inv ""inputs"".""vs01 run"" ""start vs01 brake"" ""tag_117"" s5t#2s ""tag_117"" ""braking vs01"""
motors 1,16,sc12 deleted,1945,색인/빈 네트워크/기타 언어,,
motors 1,17,pv04 deleted,1946,색인/빈 네트워크/기타 언어,,
motors 1,18,,1947,LAD,0013-FlgNet.xml,"""kf_kt"" ""data"".pv04 0 ""data"".pv04_clean_delay"
motors 1,19,fn02,1948,LAD,0250-FlgNet.xml,"""on"" ""allarm"".fn_02_fault ""flag"".m_fn_02 ""allarm"".fn02_inv ""data"".set_perc_vt02 0 ""flag"".m_fn_02 ""start fn02"""
motors 1,20,vr01,1949,LAD,0251-FlgNet.xml,"""on"" ""allarm"".vr_01_fault ""flag"".m_vr_01 ""flag"".m_vr_01 ""start vr01"""
motors 1,21,preallarm fn01,1950,LAD,0252-FlgNet.xml,"""on"" ""allarm"".max_tc04_temp ""allarm"".prealarms_fn01 ""allarm"".max_tc05_temp ""allarm"".zt01_fn01_vibration ""inputs"".""fn01 run"" ""inputs"".""vr-01 run"" ""inputs"".""vr02 run"" ""tag_122"" s5t#1h_30m ""tag_122"" #stop_fan_fn01"
motors 1,22,fn01,1951,LAD,0253-FlgNet.xml,"""on"" ""allarm"".fn_01_fault ""flag"".m_fn_01 ""allarm"".fn01_inv ""data"".set_perc_vt01 0 #stop_fan_fn01 ""allarm"".hydrogen_box_fault ""under testing"" ""flag"".m_fn_01 ""start fn01"""
motors 1,23,vr02,1952,LAD,0254-FlgNet.xml,"""on"" ""allarm"".vr_02_fault ""flag"".m_vr_02 ""flag"".m_vr_02 ""start vr02"""
motors 1,24,ch01,1953,LAD,0255-FlgNet.xml,"""on"" ""servicebit"" ""allarm"".ch_01_fault ""flag"".m_ch_01 ""flag"".m_ch_01 ""start ch01"" ""tag_123"" s5t#10s ""tag_123"" ""enable start chiller"""
motors 1,25,fn03,1954,LAD,0256-FlgNet.xml,"""on"" ""allarm"".fn_03_fault ""flag"".m_fn_03 ""allarm"".fn03_inv ""flag"".m_fn_03 ""start fn03"""
motors 1,26,fn06,1955,LAD,0257-FlgNet.xml,"""on"" ""allarm"".mbva01_fault ""flag"".m_fn_06 ""inputs"".""rd01 run"" ""under testing"" ""flag"".m_fn_06 ""start fn06"""
motors 1,27,sc01,1956,LAD,0258-FlgNet.xml,"""on"" ""allarm"".sc_01_fault ""flag"".m_sc_01 ""inputs"".""vr03 run"" ""under testing"" ""flag"".m_sc_01 ""start sc01"""
motors 1,28,fn01 deleted,1957,색인/빈 네트워크/기타 언어,,
motors 1,29,ld01,1958,LAD,0259-FlgNet.xml,"""on"" ""allarm"".ld_01_fault ""flag"".m_ld_01 ""inputs"".""vr-06 run"" ""under testing"" ""flag"".m_ld_01 ""inputs"".""ld-01 inspection ls"" ""start ld01"""
motors 1,30,,1959,LAD,0274-FlgNet.xml,"""kf_kt"" ""data"".ld01_w 0 ""kf_kt"" ""data"".ld01_p 0 ""data"".ld_01v_worktime ""data"".ld_01v_pausetime"
motors 1,31,ld01,1960,LAD,0260-FlgNet.xml,"""on"" ""inputs"".""feedbackmotor ld-01"" ""tag_124"" ""tag_125"" ""data"".ld_01v_worktime ""tag_125"" ""tag_124"" ""data"".ld_01v_pausetime ""tag_125"" #start_ld01vib"
motors 1,32,ld01,1961,LAD,0261-FlgNet.xml,"""on"" ""allarm"".ld_01_vib_fault ""flag"".m_ld_01_vib ""inputs"".""vr-06 run"" ""under testing"" ""flag"".m_ld_01_vib ""inputs"".""ld-01 local button"" ""start vibrator ld-01"" ""allarm"".ld_01_vib_fault #start_ld01vib"
motors 1,33,sc10,1962,LAD,0262-FlgNet.xml,"""on"" ""allarm"".sc_10_fault ""flag"".m_sc_10 ""inputs"".""vr04 run"" ""under testing"" ""flag"".m_sc_10 ""start sc10"""
motors 1,34,sc11,1963,LAD,0263-FlgNet.xml,"""on"" ""allarm"".sc_11_fault ""flag"".m_sc_11 ""inputs"".""vr05 run"" ""under testing"" ""flag"".m_sc_11 ""start sc11"""
motors 1,35,preallarm fn04,1964,LAD,0264-FlgNet.xml,"""on"" ""inputs"".""fn04 run"" ""inputs"".""feedbackmotor sc-01"" ""allarm"".prealarms_fn04 ""inputs"".""vr03 run"" ""inputs"".""feedbackmotor sc-10"" ""inputs"".""vr04 run"" ""inputs"".""feedbackmotor sc-11"" ""inputs"".""vr05 run"" ""tag_126"" s5t#1h_30m ""tag_126"" #stop_fan_fn04"
motors 1,36,fn04,1965,LAD,0265-FlgNet.xml,"""on"" ""allarm"".fn_04_fault ""flag"".m_fn_04 ""allarm"".fn04_inv ""data"".set_perc_fn04 0 #stop_fan_fn04 ""allarm"".max_max_tc09 ""flag"".m_fn_04 ""start fn04"""
motors 1,37,vr03,1966,LAD,0266-FlgNet.xml,"""on"" ""allarm"".vr_03_fault ""flag"".m_vr_03 ""flag"".m_vr_03 ""start vr03"""
motors 1,38,vr04,1967,LAD,0267-FlgNet.xml,"""on"" ""allarm"".vr_04_fault ""flag"".m_vr_04 ""flag"".m_vr_04 ""start vr04"""
motors 1,39,vr05,1968,LAD,0268-FlgNet.xml,"""on"" ""allarm"".vr_05_fault ""flag"".m_vr_05 ""flag"".m_vr_05 ""start vr05"""
motors 1,40,vr06,1969,LAD,0269-FlgNet.xml,"""on"" ""allarm"".vr_06_fault ""flag"".m_vr_06 ""start er-01"" ""under testing"" ""flag"".m_vr_06 ""start vr06"""
motors 1,41,fn05,1970,LAD,0270-FlgNet.xml,"""on"" ""allarm"".fn_05_fault ""flag"".m_fn_05 ""inputs"".""fn04 run"" ""under testing"" ""flag"".m_fn_05 ""start fn05"""
motors 1,42,er01,1971,LAD,0271-FlgNet.xml,"""on"" ""off"" ""flag"".m_er01 ""allarm"".er01_run ""inputs"".""fn-05 run"" ""under testing"" ""flag"".m_er01 ""inputs"".""177t1_ok"" ""start er-01"""
motors 1,43,pv03,1972,LAD,0272-FlgNet.xml,"""on"" ""off"" ""flag"".m_pv03 ""flag"".m_pv03 ""pv-03 gate ev"" ""inputs"".""pv03 local selector"""
motors 1,44,liw feeder,1973,LAD,0273-FlgNet.xml,"""on"" ""inputs"".""bwf 01 run"" ""tag_127"" s5t#15m ""inputs"".""bwf 02 run"" ""start liw feeder"" ""inputs"".""bwf 01 run"" ""inputs"".""bwf 02 run"" ""tag_128"" s5t#15m ""tag_128"" ""start liw feeder"" ""pv-03 gate ev"" ""start liw feeder"""
allarms 3,1,max tc01 temperature,1979,LAD,0527-FlgNet.xml,"""on"" ""manage_tc1_2"".pid_ref_temp ""data"".tc01_max_all ""tag_99"" s5t#6s ""allarm"".max_tc01_temp sub ""data"".tc01_max_all 5 ""manage_tc1_2"".pid_ref_temp #app00 ""allarm"".max_tc01_temp #app00 ""flag"".stop_horn add ""data"".tc01_max_all 20 #max_max_tc1 ""manage_tc1_2"".pid_ref_temp #max_max_tc1 ""tag_100"" s5t#6s ""tag_100"" ""allarm"".max_max_tc01_temp ""manage_tc1_2"".pid_ref_temp 1250.0 ""manage_tc1_2"".pid_ref_temp -60.0 ""flag"".reset_allarm ""allarm"".max_max_tc01_temp ""allarm"".max_max_tc01_temp ""tag_99"" ""allarm"".max_tc01_temp"
allarms 3,2,low tc03 temperature,1980,LAD,0528-FlgNet.xml,"""on"" ""inputs"".""bwf 01 run"" ""data"".temp_tc03 ""data"".tc03_min_all ""tag_101"" s5t#3s ""inputs"".""bwf 02 run"" ""data"".tc03_min_all 200 move 200 ""data"".tc03_min_all ""allarm"".low_tc03_temp add ""data"".tc03_min_all 5 ""data"".temp_tc03 #app00 ""allarm"".low_tc03_temp #app00 ""flag"".stop_horn ""data"".temp_tc03 ""data"".tc03_max_all ""tag_102"" s5t#3s ""tag_102"" ""allarm"".max_tc03_temp ""allarm"".max_tc03_temp sub ""data"".tc03_max_all 5 ""data"".temp_tc03 #app00 ""allarm"".max_tc03_temp #app00 ""flag"".stop_horn add ""data"".tc03_max_all 50 #max_max_tc3 ""data"".temp_tc03 #max_max_tc3 ""tag_103"" s5t#3s ""tag_103"" ""allarm"".max_max_tc03_temp ""data"".temp_tc03 750 ""data"".temp_tc03 -60 ""flag"".reset_allarm ""allarm"".max_max_tc03_temp ""allarm"".max_max_tc03_temp ""tag_101"" ""allarm"".low_tc03_temp"
allarms 3,3,max tc04 temperature,1981,LAD,0529-FlgNet.xml,"""on"" ""data"".temp_tc04 ""data"".tc04_tc05_max_all ""tag_104"" s5t#1m ""data"".temp_tc04 120 ""data"".temp_tc04 -60 ""data"".temp_tc05 ""data"".tc04_tc05_max_all ""tag_105"" s5t#1m ""tag_105"" ""servicebit"" ""allarm"".max_tc05_temp ""data"".temp_tc05 120 ""data"".temp_tc05 -60 ""flag"".reset_allarm ""allarm"".max_tc04_temp ""allarm"".max_tc04_temp ""allarm"".max_tc05_temp ""allarm"".max_tc05_temp ""tag_104"" ""allarm"".max_tc04_temp"
allarms 3,4,oxigen analyzer out of range,1982,LAD,0530-FlgNet.xml,"""on"" ""data"".oxigen_ro01 0 ""servicebit"" ""allarm"".oxigen_fault ""data"".oxigen_ro01 200 ""allarm"".oxigen_fault ""data"".oxigen_ro01 5 ""data"".oxigen_ro01 195 ""allarm"".oxigen_fault ""flag"".stop_horn"
allarms 3,5,oxigen too high,1983,LAD,0531-FlgNet.xml,"""data"".ro01_max_setpoint 100 move 100 ""on"" ""data"".oxigen_ro01 ""data"".ro01_max_setpoint ""allarm"".oxigen_too_high ""allarm"".oxigen_too_high sub ""data"".ro01_max_setpoint 10 ""data"".oxigen_ro01 #app05 ""allarm"".oxigen_too_high ""flag"".stop_horn #app05 ""data"".ro01_max_setpoint"
allarms 3,6,ro01 oxigen low limit,1984,LAD,0532-FlgNet.xml,"""off"" ""manage_tc1_2"".pid_ref_temp 650.0 ""data"".oxigen_ro01 5 ""tag_106"" s5t#1m ""flag"".reset_allarm ""allarm"".oxigen_low ""data"".oxigen_ro01 20 ""allarm"".oxigen_low ""manage_tc1_2"".pid_ref_temp 650.0 ""tag_106"" ""allarm"".oxigen_low"
allarms 3,7,ro01-ro02 signal compare fault,1985,LAD,0533-FlgNet.xml,"""on"" ""ro01-ro02control disable"" ""manage_tc1_2"".pid_ref_temp 650.0 sub ""data"".oxigen_ro01 ""data"".oxigen_ro02 ""flag"".reset_allarm ""allarm"".ro01_signal_fault ""allarm"".ro01_signal_fault #app01 -20 ""tag_107"" s5t#1m ""tag_107"" ""allarm"".ro01_signal_fault #app01 20 #app01"
allarms 3,8,tc01/tc02 signal compare fault,1986,LAD,0534-FlgNet.xml,"""on"" ""tc01-tc02control disable"" ""data"".temp_tc01 400 sub ""data"".temp_tc01 ""data"".temp_tc02 ""flag"".reset_allarm ""allarm"".tc01_tc02_comp_fault ""allarm"".tc01_tc02_comp_fault ""data"".temp_tc02 400 #app02 -100 ""tag_108"" s5t#1m ""tag_108"" ""allarm"".tc01_tc02_comp_fault #app02 100 #app02"
allarms 3,9,pc-01 low depressure,1987,LAD,0535-FlgNet.xml,"""on"" ""inputs"".""fn01 run"" ""inputs"".""fn04 run"" ""data"".pc_01 -10 ""tag_109"" s5t#30s ""data"".pc_01 ""data"".min_pressure_pc_01 ""data"".pc_01 -800 ""flag"".reset_allarm ""allarm"".low_aspiration ""allarm"".low_aspiration ""tag_109"" ""allarm"".low_aspiration"
allarms 3,10,high vibrations fn-01,1988,LAD,0536-FlgNet.xml,"""off"" ""data"".zt_01 400 ""tag_110"" s5t#10s ""data"".zt_01 -800 ""allarm"".zt01_fn01_vibration ""data"".zt_01 380 ""allarm"".zt01_fn01_vibration ""tag_110"" ""allarm"".zt01_fn01_vibration"
allarms 3,11,max pressure psh-02,1989,LAD,0537-FlgNet.xml,"""on"" ""data"".psh_02 ""data"".psh02_max_setpoint ""tag_111"" s5t#3m ""allarm"".max_psh_02 sub ""data"".psh02_max_setpoint 5 ""data"".psh_02 #app06 ""allarm"".max_psh_02 ""flag"".stop_horn #app06 ""tag_111"" ""allarm"".max_psh_02"
allarms 3,12,hydrogen box not ready,1990,LAD,0538-FlgNet.xml,"""on"" ""inputs"".""nitrogen tank ready"" ""servicebit"" ""allarm"".hydrogen_box_fault ""flag"".reset_allarm ""allarm"".hydrogen_box_fault ""inputs"".""nitrogen tank ready"" ""allarm"".hydrogen_box_fault ""servicebit"""
allarms 3,13,tc-09 filter inlet temperature,1991,LAD,0539-FlgNet.xml,"""on"" ""data"".tc_09 ""data"".tc09_max ""open false air"" add ""data"".tc09_max 5 ""data"".tc_09 #app07 ""allarm"".max_tc09 #app07 sub ""data"".tc09_max 2 ""data"".tc_09 #app03 ""allarm"".max_tc09 ""allarm"".max_tc09 #app03 ""open false air"" ""flag"".stop_horn ""data"".tc_09 ""data"".tc09_max_max ""allarm"".max_max_tc09 ""data"".tc_09 200 ""data"".tc_09 -60 ""flag"".reset_allarm ""allarm"".max_max_tc09 ""allarm"".max_max_tc09"
allarms 3,14,max filter depressure,1992,LAD,0540-FlgNet.xml,"""on"" ""data"".dp_01 2800 ""tag_112"" s5t#3m ""data"".dp_02 2800 ""data"".dp_01 -100 ""data"".dp_02 -100 ""flag"".reset_allarm ""allarm"".max_dp_filter ""data"".dp_01 2500 ""data"".dp_02 2500 ""allarm"".max_dp_filter ""tag_112"" ""allarm"".max_dp_filter"
allarms 3,15,incorrect scraps feeder formula,1993,LAD,0541-FlgNet.xml,"""on"" ""inputs"".""bwf 01 run"" ""inputs"".""bwf 02 run"" add ""data"".set_perc_bwf01 ""data"".set_perc_bwf02 #somma_perc_alim 100 ""tag_113"" s5t#5s ""flag"".reset_allarm ""allarm"".formula_fault ""allarm"".formula_fault #somma_perc_alim ""tag_113"" ""allarm"".formula_fault"
allarms 3,16,plc hardware diagnostic fault fault,1994,LAD,0542-FlgNet.xml,"""on"" ""i/o flt"" ""allarm"".plc_diagnostic_fault ""ob fault"" ""rack fault"" ""module access flt"" ""prog fault"" ""flag"".reset_allarm ""allarm"".plc_diagnostic_fault ""allarm"".plc_diagnostic_fault ""i/o flt"" ""ob fault"" ""rack fault"" ""module access flt"" ""prog fault"""
allarms 3,17,ro03,1995,LAD,0543-FlgNet.xml,"""on"" ""data"".ro_03 30 ton ""ro03_min"" t#2s ""allarm"".ro03_min ""on"" ""data"".ro_03 80 ton ""ro03_max"" t#2s ""allarm"".ro03_max ""flag"".reset_allarm ""allarm"".ro03_min ""allarm"".ro03_min ""allarm"".ro03_max ""allarm"".ro03_max"
cyc_int5 ogni 100ms,1,,4,색인/빈 네트워크/기타 언어,,"//converte set in reale l ""data"".ro01_setpoint //prende il valore dal supervisore itd //lo converte in dint dtr //lo converte in real t #real_spo2 //converte il valore in reale l ""data"".oxigen_ro01 //prende il valore dal supervisore itd //lo converte in dint dtr //lo converte in real t #real_o2"
cyc_int5 ogni 100ms,2,controll ro01 moduling mv05 - pid,5,LAD,0475-FlgNet.xml,"""on"" cont_s ""pid_mv05"" t#100ms #real_spo2 #real_o2 2.0 t#1m 1.0 t#200ms t#3s t#5s 1.0 ""flag"".mv05_auto ""allarm"".oxigen_fault ""under testing"" ""inputs"".""mv05 open"" ""inputs"".""mv05 close"" ""pid up mv05"" ""pid down mv05"""
cyc_int5 ogni 100ms,3,controll pc01 moduling mv02 - converts values into real,6,색인/빈 네트워크/기타 언어,,"//converte set in reale l ""data"".psh01_setpoint//prende il valore dal supervisore itd //lo converte in dint dtr //lo converte in real t #real_sppc01 //converte il valore in reale l ""data"".press_pc01 //prende il valore dal supervisore itd //lo converte in dint dtr //lo converte in real t #real_pc01"
cyc_int5 ogni 100ms,4,controll pc01 moduling mv02,7,LAD,0476-FlgNet.xml,"""on"" cont_s ""pid_mv-02"" t#100ms #real_sppc01 #real_pc01 -0.22 t#2s 2.0 t#200ms t#2s_500ms t#18s 1.0 ""flag"".mv02_auto ""inputs"".""mv02 open"" ""inputs"".""mv02 close"" ""pid mv02 up"" ""pid mv02 down"""
cyc_int5 ogni 100ms,5,,8,LAD,0480-FlgNet.xml,"""data"".tc03_setpoint 200 move 200 ""data"".tc03_setpoint"
cyc_int5 ogni 100ms,6,controll tc03 moduling mv04 - converts values into real,9,색인/빈 네트워크/기타 언어,,"//converte set in reale l ""data"".tc03_setpoint //prende il valore dal supervisore l -15 //meno 30°c +i itd //lo converte in dint dtr //lo converte in real t #real_sp_tc03xmv04 //converte il valore in reale l ""data"".temp_tc03 //prende il valore dal supervisore itd //lo converte in dint dtr //lo converte in real t #real_tc03xmv04"
cyc_int5 ogni 100ms,7,controll tc03 moduling mv01 - converts values into real,10,색인/빈 네트워크/기타 언어,,"//converte set in reale l ""data"".tc03_setpoint //prende il valore dal supervisore l 0 //meno 0% +i itd //lo converte in dint dtr //lo converte in real t #real_sp_tc03xmv01 //converte il valore in reale l ""data"".temp_tc03 //prende il valore dal supervisore // l ""data"".temp_t6 //prende il valore dal supervisore itd //lo converte in dint dtr //lo converte in real t #real_tc03xmv01"
cyc_int5 ogni 100ms,8,controll tc03 moduling mv01,11,LAD,0477-FlgNet.xml,"""on"" cont_s ""pidmv01"" t#100ms #real_sp_tc03xmv01 #real_tc03xmv01 3.0 t#3m 1.0 t#500ms t#1s t#31s 1.0 ""flag"".mv01_auto ""on"" ""inputs"".""mv01 open"" ""off"" ""data"".pot_mv01 100 ""on"" ""inputs"".""mv01 close"" ""off"" ""data"".pot_mv01 10 ""up mv01 pid"" ""down mv01 pid"""
cyc_int5 ogni 100ms,9,disable pid control on vt02,12,LAD,0478-FlgNet.xml,"""on"" ""flag"".mv04_auto #vt02manuale ""start fn02"" ""on"""
cyc_int5 ogni 100ms,10,the temperature of tc03 moduling the speed of vt02,13,색인/빈 네트워크/기타 언어,,"//converte il manualvalue in reale normalizzandolo in 100..0 l 0 l ""data"".set_perc_vt02 +i itd dtr t #vt02manualvalue //richiamo fb41 pid_cont call cont_c , ""pid_vt02"" com_rst :=false man_on :=#vt02manuale pvper_on :=false p_sel :=true //utilizza parte p i_sel :=true //utilizza parte i int_hold := i_itl_on := d_sel :=false //utilizza parte d cycle :=t#100ms //intervallo di campionamento sp_int :=#real_sp_tc03xmv04//valore voluto pv_in :=#real_tc03xmv04//valore del processo pv_per := man :=#vt02manualvalue//uscita in manuale gain :=""data_pid"".gain_fn02//coefficiente proporzionale p ti :=""data_pid"".ti_fn02//tempo di integrazione i td :=t#1m //tempo del derivatore d tm_lag :=t#1m //tempo di ritardo del componente d deadb_w :=1.5 //banda morta lmn_hlm :=100.0 //valore superiore uscita (50%) lmn_llm :=35.0 //valore inferiore uscita (100%) pv_fac := pv_off := lmn_fac :=1.0 //fattore moltiplicativo outvalue lmn_off :=0.0 //fattore offset outvalue i_itlval := disv :=1.0 //fattore di disturbo lmn :=#outvt02 //uscita regolante lmn_per := qlmn_hlm := qlmn_llm := lmn_p := lmn_i := lmn_d := pv := er := //converte risultato pid 0..100 -> 100..0 l 0.0 l #outvt02 +r rnd t ""data"".set_perc_vt02"
cyc_int5 ogni 100ms,11,control pc02 moduling mv03 - convert values in real,14,색인/빈 네트워크/기타 언어,,"//converte set in reale l ""data"".psh02_setpoint//prende il valore dal supervisore itd //lo converte in dint dtr //lo converte in real t #real_sppc02 //converte il valore in reale l ""data"".psh_02 //prende il valore dal supervisore itd //lo converte in dint dtr //lo converte in real t #real_pc02"
cyc_int5 ogni 100ms,12,control pc02 moduling mv03 - not used,15,LAD,0479-FlgNet.xml,"""off"" cont_s ""pid_mv03"" t#100ms #real_sppc02 #real_pc02 -4.0 t#10s 2.0 t#200ms t#5s t#3s 2.0 ""flag"".mv03_auto ""open mv03 for washing"" ""inputs"".""mv03 open"" ""inputs"".""mv03 close"" ""pid up mv03"" ""pid down mv03"""
cyc_int5 ogni 100ms,13,executes gas flow calculation block,16,LAD,0028-FlgNet.xml,"""on"" ""control_stechio"""
