설비 ID,설비명,영역,상위,자료 상태,입력,출력,내부 심볼,HMI 설정,직접 대상 정적 조건,모드 참조 규칙,허가 참조 규칙,단계 조건·전환,타이머 인자,고장·알람 참조 규칙,리셋·초기화 참조 규칙,도면 FG,원본 네트워크,관련 불일치 ID,미확정 항목,동작 확정 상태
BC01,드럼 투입 컨베이어,원료 이송,,자료에서 확인,bc01_all_inv (%I0.1); bc01_fbk (%I0.0); bc01_tripwire (%I6.2); bc01_prox (%I6.3),start bc01 (%Q0.0),memocmd_bc01_startup (%M180.7),"BC_01\RispostaA (DB11,X0.0); BC_01\Flag (DB2,X0.0); BC_01\Allarme1 (DB11,X0.1)","1018:1118 Move hours motors.BC_01_HOUR <- ((Tag_47 AND BC01_Fbk) AND [hours motors.BC_01_MIN >= 60]) / Move 입력 1
1018:1121 Move hours motors.BC_01_MIN <- Move UID 1118.eno (블록 동작 확인) / Move 입력 0
1048:2772 Move hours motors.BC_01_HOUR <- Move UID 2769.eno (블록 동작 확인) / Move 입력 0
1082:33 Coil Inputs.BC01 run <- Flag.M_BC_01 / 조건에 따른 Coil 기록
1692:36 Move HMI_DB.SET_PERC_BC01 <- (ON AND [HMI_DB.SET_PERC_BC01 < 10]) / Move 입력 10
1692:38 Move HMI_DB.SET_PERC_BC01 <- (ON AND [HMI_DB.SET_PERC_BC01 > 100]) / Move 입력 100
1785:223 SCoil Allarm.BC_01_FAULT <- (((ON AND Start BC01) AND Tag_51) AND NOT [Inputs.BC01 run]) / 조건 성립 시 Set
1785:27 SCoil Allarm.BC01_INV <- (((ON AND Start BC01) AND Tag_51) AND Inputs.BC01_All_inv) / 조건 성립 시 Set
1785:228 RCoil Allarm.BC_01_FAULT <- ((ON AND Flag.RESET_ALLARM) AND Allarm.BC_01_FAULT) / 조건 성립 시 Reset
1785:267 RCoil Allarm.BC01_INV <- ((ON AND Flag.RESET_ALLARM) AND Allarm.BC01_INV) / 조건 성립 시 Reset
1786:234 SCoil Allarm.BC_01_FC <- (ON AND Inputs.BC01 trip wire) / 조건 성립 시 Set
1786:240 RCoil Allarm.BC_01_FC <- (((ON AND Flag.RESET_ALLARM) AND NOT [Inputs.BC01 trip wire]) AND Allarm.BC_01_FC) / 조건 성립 시 Reset
1843:492 SCoil Flag.M_BC_01 <- ((((ON AND NOT [Allarm.Emergency_module_fault]) AND [Data.Tipo_preset = 1]) AND Flag.Auto_ON1) AND [Data.Tempo_presetting = 24]) / 조건 성립 시 Set
1843:102 SCoil MemoCMD_BC01_Startup <- SCoil UID 492.out (블록 동작 확인) / 조건 성립 시 Set
1843:828 RCoil MemoCMD_BC01_Startup <- NOT [((ON AND NOT [Allarm.Emergency_module_fault]) AND [Data.Tipo_preset = 1])] / 조건 성립 시 Reset
1844:1162 SCoil Flag.M_BC_01 <- ((((ON AND NOT [Allarm.Emergency_module_fault]) AND Flag.Auto_ON1) AND [Data.Tipo_preset = 2]) AND [Data.Tempo_presetting = 43]) / 조건 성립 시 Set
1847:927 RCoil Flag.M_BC_01 <- (((Flag.Auto_ON1 AND [Data.Tipo_preset = 5]) AND [Data.Tempo_presetting = 13]) OR ((Flag.Auto_ON1 AND [Data.Tipo_preset = 5]) AND Allarm.Emergency_module_fault)) / 조건 성립 시 Reset
1935:198 RCoil Flag.M_BC_01 <- ((ON AND Allarm.BC_01_FAULT) OR (ON AND Allarm.BC01_INV) OR ((ON AND Allarm.BC_01_FC) AND NOT [UNDER TESTING])) / 조건 성립 시 Reset
1935:202 Coil Start BC01 <- (((ON AND Flag.M_BC_01) AND Flag.R1_GATE_LOOP_ON) OR ((ON AND Flag.M_BC_01) AND MemoCMD_BC01_Startup) OR ((ON AND Flag.M_BC_01) AND Flag.Maintenance_ON)) / 조건에 따른 Coil 기록","1843:410, 1843:412, 1843:420, 1843:422, 1843:424, 1843:432, 1843:434, 1843:436, 1843:443, 1843:449, 1843:456, 1843:458, 1843:460, 1843:462, 1843:469, 1843:478, 1843:481, 1843:492, 1843:495, 1843:500, 1843:506, 1843:513, 1843:515, 1843:517, 1843:527, 1843:530, 1843:539, 1843:545, 1843:552, 1843:554, 1843:568, 1843:573, 1843:578, 1843:581, 1843:587, 1844:747, 1844:749, 1844:757, 1844:759, 1844:761, 1844:769, 1844:771, 1844:773, 1844:780, 1844:786, 1844:793, 1844:799, 1844:805, 1844:811, 1844:817, 1844:826, 1844:829, 1844:1158, 1844:1162, 1844:850, 1844:852, 1844:854, 1844:864, 1844:867, 1844:878, 1844:881, 1844:889, 1844:896, 1844:898, 1844:912, 1844:917, 1844:922, 1844:925, 1844:931, 1847:891, 1847:893, 1847:897, 1847:905, 1847:907, 1847:909, 1847:917, 1847:919, 1847:927, 1847:929, 1847:931, 1847:939, 1847:941, 1847:948, 1847:954, 1847:961, 1847:963, 1847:965, 1847:973, 1847:975, 1847:982, 1935:202",1935:202,,1785:217 SdCoil Tag_51 <- (((ON AND Start BC01) AND NOT [Inputs.BC01 run]) OR ((ON AND Start BC01) AND Inputs.BC01_All_inv)) / 시간 동작 SdCoil; 타이머 의미 추가 확인 / 시간 인자 S5T#2S,"1785:223, 1785:27, 1785:228, 1785:267, 1786:234, 1786:240, 1843:410, 1843:412, 1843:420, 1843:422, 1843:424, 1843:432, 1843:434, 1843:436, 1843:443, 1843:449, 1843:456, 1843:458, 1843:460, 1843:462, 1843:469, 1843:478, 1843:481, 1843:492, 1843:495, 1843:500, 1843:506, 1843:513, 1843:515, 1843:517, 1843:527, 1843:530, 1843:539, 1843:545, 1843:552, 1843:554, 1843:568, 1843:573, 1843:578, 1843:581, 1843:587, 1843:828, 1844:747, 1844:749, 1844:757, 1844:759, 1844:761, 1844:769, 1844:771, 1844:773, 1844:780, 1844:786, 1844:793, 1844:799, 1844:805, 1844:811, 1844:817, 1844:826, 1844:829, 1844:1158, 1844:1162, 1844:850, 1844:852, 1844:854, 1844:864, 1844:867, 1844:878, 1844:881, 1844:889, 1844:896, 1844:898, 1844:912, 1844:917, 1844:922, 1844:925, 1844:931, 1847:891, 1847:893, 1847:897, 1847:905, 1847:907, 1847:909, 1847:917, 1847:919, 1847:927, 1847:929, 1847:931, 1847:939, 1847:941, 1847:948, 1847:954, 1847:961, 1847:963, 1847:965, 1847:973, 1847:975, 1847:982, 1932:109, 1933:147, 1935:198","1785:228, 1785:267, 1786:240, 1843:410, 1843:412, 1843:420, 1843:422, 1843:424, 1843:432, 1843:434, 1843:436, 1843:443, 1843:449, 1843:456, 1843:458, 1843:460, 1843:462, 1843:469, 1843:478, 1843:481, 1843:492, 1843:102, 1843:495, 1843:500, 1843:506, 1843:34, 1843:513, 1843:515, 1843:517, 1843:527, 1843:530, 1843:539, 1843:545, 1843:552, 1843:554, 1843:568, 1843:573, 1843:578, 1843:581, 1843:587, 1843:828, 1843:838, 1844:747, 1844:749, 1844:757, 1844:759, 1844:761, 1844:769, 1844:771, 1844:773, 1844:780, 1844:786, 1844:793, 1844:799, 1844:805, 1844:811, 1844:817, 1844:826, 1844:829, 1844:1158, 1844:1162, 1844:850, 1844:852, 1844:854, 1844:864, 1844:867, 1844:878, 1844:881, 1844:889, 1844:896, 1844:898, 1844:912, 1844:917, 1844:922, 1844:925, 1844:931, 1847:891, 1847:893, 1847:897, 1847:905, 1847:907, 1847:909, 1847:917, 1847:919, 1847:927, 1847:929, 1847:931, 1847:939, 1847:941, 1847:948, 1847:954, 1847:961, 1847:963, 1847:965, 1847:973, 1847:975, 1847:982, 1935:202","18, 19","1018, 1048, 1082, 1178, 1692, 1768, 1785, 1786, 1843, 1844, 1847, 1932, 1933, 1934, 1935","BASELINE, POWER, VOLTAGE, ADDRESS, SOURCE-XML",TIA 호출 조건·주기·중복 쓰기 순서와 전원 재시작 동작 확인; 현재 PLC 프로그램·현장 설치·단자·정상 극성 및 실제 설정값 대조; 시험 기대 결과 확정과 실행 증거 수집; 상태 전환 순서 또는 단일 동작·수동 장치 여부 미확정; 정적 조건에 미해석 참조·호출·타이머 출력 등이 있음,자료 연결 완료 · 동작 확정 검토 중
RD01,회전 드럼,원료 이송,,자료에서 확인,rd01_all_inv (%I0.3); rd01_current (%IW332); rd01_fbk (%I0.2),start fan rd01 (%Q0.2); start rd01 (%Q0.1); rd01_sp_speed (%QW290),,"RD_01_FAN\Allarme1 (DB11,X4.1); RD_01\Allarme1 (DB11,X2.1); Editor_RD01 (DB26,INT12); RD_01\RispostaA (DB11,X2.0); RD_01_FAN\RispostaA (DB11,X4.0); RD_01\Flag (DB2,X0.1); RD_01_FAN\Flag (DB2,X0.2); I_RD01_ABSORBPTION (DB13,INT64)","1019:1172 Move hours motors.RD_01_HOUR <- ((Tag_47 AND RD01_Fbk) AND [hours motors.RD_01_MIN >= 60]) / Move 입력 1
1019:1175 Move hours motors.RD_01_MIN <- Move UID 1172.eno (블록 동작 확인) / Move 입력 0
1020:1226 Move hours motors.RD_01_FAN_HOUR <- ((Tag_47 AND RD01F_Fbk) AND [hours motors.RD_01_FAN_MIN >= 60]) / Move 입력 1
1020:1229 Move hours motors.RD_01_FAN_MIN <- Move UID 1226.eno (블록 동작 확인) / Move 입력 0
1049:2822 Move hours motors.RD_01_HOUR <- Tag_48 / Move 입력 0
1049:2825 Move hours motors.RD_01_FAN_HOUR <- Move UID 2822.eno (블록 동작 확인) / Move 입력 0
1071:144 Move Inputs.RD01_ABSORBPTION <- POWER / Move 입력 RD01_Current
1082:37 Coil Inputs.RD01 run <- Flag.M_RD_01 / 조건에 따른 Coil 기록
1082:41 Coil Inputs.fan RD01 run <- Flag.M_RD_01_FAN / 조건에 따른 Coil 기록
1787:321 SCoil Allarm.RD_01_FAULT <- (((ON AND Start RD01) AND Tag_54) AND NOT [Inputs.RD01 run]) / 조건 성립 시 Set
1787:365 SCoil Allarm.RD01_INV <- (((ON AND Start RD01) AND Tag_54) AND Inputs.RD01_All_inv) / 조건 성립 시 Set
1787:326 RCoil Allarm.RD_01_FAULT <- ((ON AND Flag.RESET_ALLARM) AND Allarm.RD_01_FAULT) / 조건 성립 시 Reset
1787:373 RCoil Allarm.RD01_INV <- ((ON AND Flag.RESET_ALLARM) AND Allarm.RD01_INV) / 조건 성립 시 Reset
1788:355 SCoil Allarm.RD_01_FAN_FAULT <- (((ON AND Start fan RD01) AND Tag_55) AND NOT [Inputs.fan RD01 run]) / 조건 성립 시 Set
1788:360 RCoil Allarm.RD_01_FAN_FAULT <- ((ON AND Flag.RESET_ALLARM) AND Allarm.RD_01_FAN_FAULT) / 조건 성립 시 Reset
1843:469 SCoil Flag.M_RD_01_FAN <- ((((ON AND NOT [Allarm.Emergency_module_fault]) AND [Data.Tipo_preset = 1]) AND Flag.Auto_ON1) AND [Data.Tempo_presetting = 19]) / 조건 성립 시 Set
1843:478 SCoil Flag.M_RD_01 <- ((((ON AND NOT [Allarm.Emergency_module_fault]) AND [Data.Tipo_preset = 1]) AND Flag.Auto_ON1) AND [Data.Tempo_presetting = 21]) / 조건 성립 시 Set
1844:817 SCoil Flag.M_RD_01_FAN <- ((((ON AND NOT [Allarm.Emergency_module_fault]) AND Flag.Auto_ON1) AND [Data.Tipo_preset = 2]) AND [Data.Tempo_presetting = 33]) / 조건 성립 시 Set
1844:826 SCoil Flag.M_RD_01 <- ((((ON AND NOT [Allarm.Emergency_module_fault]) AND Flag.Auto_ON1) AND [Data.Tipo_preset = 2]) AND [Data.Tempo_presetting = 35]) / 조건 성립 시 Set
1847:939 RCoil Flag.M_RD_01 <- (((Flag.Auto_ON1 AND [Data.Tipo_preset = 5]) AND [Data.Tempo_presetting = 15]) OR ((Flag.Auto_ON1 AND [Data.Tipo_preset = 5]) AND Allarm.Emergency_module_fault)) / 조건 성립 시 Reset
1847:948 RCoil Flag.M_RD_01_FAN <- (((Flag.Auto_ON1 AND [Data.Tipo_preset = 5]) AND [Data.Tempo_presetting = 17]) OR ((Flag.Auto_ON1 AND [Data.Tipo_preset = 5]) AND Allarm.Emergency_module_fault)) / 조건 성립 시 Reset
1931:66 Coil Disable_Load_RD01 <- ((ON AND Allarm.LOW_TC03_TEMP) OR (ON AND Allarm.Oxigen_Fault) OR (ON AND Allarm.Oxigen_Too_high) OR (ON AND Flag.STANDBY_ON) OR (ON AND Allarm.MAX_MAX_TC09) OR (ON AND Allarm.HYDROGEN_BOX_FAULT) OR (ON AND NOT [R1 Gate ON]) OR (ON AND NOT [RD01_Fbk])) / 조건에 따른 Coil 기록
1936:236 RCoil Flag.M_RD_01 <- ((ON AND Allarm.RD_01_FAULT) OR (ON AND Allarm.RD01_INV) OR (ON AND [Data.SET_PERC_FR01 = 0]) OR (ON AND NOT [Inputs.fan RD01 run]) OR (((ON AND NOT [Flag.R2_GATE_LOOP_ON]) AND NOT [Flag.STANDBY_ON]) AND NOT [UNDER TESTING])) / 조건 성립 시 Reset
1936:240 Coil Start RD01 <- (ON AND Flag.M_RD_01) / 조건에 따른 Coil 기록
1939:283 RCoil Flag.M_RD_01_FAN <- ((ON AND Allarm.RD_01_FAN_FAULT) OR (((ON AND NOT [Flag.R2_GATE_LOOP_ON]) AND NOT [Flag.STANDBY_ON]) AND NOT [UNDER TESTING])) / 조건 성립 시 Reset
1939:287 Coil Start fan RD01 <- (ON AND Flag.M_RD_01_FAN) / 조건에 따른 Coil 기록","1843:410, 1843:412, 1843:420, 1843:422, 1843:424, 1843:432, 1843:434, 1843:436, 1843:443, 1843:449, 1843:456, 1843:458, 1843:460, 1843:462, 1843:469, 1843:478, 1843:481, 1843:492, 1843:495, 1843:500, 1843:506, 1843:513, 1843:515, 1843:517, 1843:527, 1843:530, 1843:539, 1843:545, 1843:552, 1843:554, 1843:568, 1843:573, 1843:578, 1843:581, 1843:587, 1844:747, 1844:749, 1844:757, 1844:759, 1844:761, 1844:769, 1844:771, 1844:773, 1844:780, 1844:786, 1844:793, 1844:799, 1844:805, 1844:811, 1844:817, 1844:826, 1844:829, 1844:1158, 1844:1162, 1844:850, 1844:852, 1844:854, 1844:864, 1844:867, 1844:878, 1844:881, 1844:889, 1844:896, 1844:898, 1844:912, 1844:917, 1844:922, 1844:925, 1844:931, 1847:891, 1847:893, 1847:897, 1847:905, 1847:907, 1847:909, 1847:917, 1847:919, 1847:927, 1847:929, 1847:931, 1847:939, 1847:941, 1847:948, 1847:954, 1847:961, 1847:963, 1847:965, 1847:973, 1847:975, 1847:982","1936:236, 1939:283",,"1787:315 SdCoil Tag_54 <- (((ON AND Start RD01) AND NOT [Inputs.RD01 run]) OR ((ON AND Start RD01) AND Inputs.RD01_All_inv)) / 시간 동작 SdCoil; 타이머 의미 추가 확인 / 시간 인자 S5T#5S
1788:349 SdCoil Tag_55 <- ((ON AND Start fan RD01) AND NOT [Inputs.fan RD01 run]) / 시간 동작 SdCoil; 타이머 의미 추가 확인 / 시간 인자 S5T#2S
1938:257 SdCoil Tag_116 <- ((ON AND Start RD01) AND NOT [Tag_115]) / 시간 동작 SdCoil; 타이머 의미 추가 확인 / 시간 인자 Data.EVFR01_Work_time
1938:262 SdCoil Tag_115 <- ((ON AND Start RD01) AND Tag_116) / 시간 동작 SdCoil; 타이머 의미 추가 확인 / 시간 인자 Data.EVFR01_Wait_time","1787:321, 1787:365, 1787:326, 1787:373, 1788:355, 1788:360, 1843:410, 1843:412, 1843:420, 1843:422, 1843:424, 1843:432, 1843:434, 1843:436, 1843:443, 1843:449, 1843:456, 1843:458, 1843:460, 1843:462, 1843:469, 1843:478, 1843:481, 1843:492, 1843:495, 1843:500, 1843:506, 1843:513, 1843:515, 1843:517, 1843:527, 1843:530, 1843:539, 1843:545, 1843:552, 1843:554, 1843:568, 1843:573, 1843:578, 1843:581, 1843:587, 1843:828, 1844:747, 1844:749, 1844:757, 1844:759, 1844:761, 1844:769, 1844:771, 1844:773, 1844:780, 1844:786, 1844:793, 1844:799, 1844:805, 1844:811, 1844:817, 1844:826, 1844:829, 1844:1158, 1844:1162, 1844:850, 1844:852, 1844:854, 1844:864, 1844:867, 1844:878, 1844:881, 1844:889, 1844:896, 1844:898, 1844:912, 1844:917, 1844:922, 1844:925, 1844:931, 1847:891, 1847:893, 1847:897, 1847:905, 1847:907, 1847:909, 1847:917, 1847:919, 1847:927, 1847:929, 1847:931, 1847:939, 1847:941, 1847:948, 1847:954, 1847:961, 1847:963, 1847:965, 1847:973, 1847:975, 1847:982, 1857:182, 1931:66, 1932:109, 1933:147, 1936:236, 1939:283, 1955:772","1787:326, 1787:373, 1788:360, 1843:410, 1843:412, 1843:420, 1843:422, 1843:424, 1843:432, 1843:434, 1843:436, 1843:443, 1843:449, 1843:456, 1843:458, 1843:460, 1843:462, 1843:469, 1843:478, 1843:481, 1843:492, 1843:102, 1843:495, 1843:500, 1843:506, 1843:34, 1843:513, 1843:515, 1843:517, 1843:527, 1843:530, 1843:539, 1843:545, 1843:552, 1843:554, 1843:568, 1843:573, 1843:578, 1843:581, 1843:587, 1843:828, 1843:838, 1844:747, 1844:749, 1844:757, 1844:759, 1844:761, 1844:769, 1844:771, 1844:773, 1844:780, 1844:786, 1844:793, 1844:799, 1844:805, 1844:811, 1844:817, 1844:826, 1844:829, 1844:1158, 1844:1162, 1844:850, 1844:852, 1844:854, 1844:864, 1844:867, 1844:878, 1844:881, 1844:889, 1844:896, 1844:898, 1844:912, 1844:917, 1844:922, 1844:925, 1844:931, 1847:891, 1847:893, 1847:897, 1847:905, 1847:907, 1847:909, 1847:917, 1847:919, 1847:927, 1847:929, 1847:931, 1847:939, 1847:941, 1847:948, 1847:954, 1847:961, 1847:963, 1847:965, 1847:973, 1847:975, 1847:982","20, 21","1019, 1020, 1049, 1071, 1082, 1179, 1180, 1684, 1771, 1787, 1788, 1843, 1844, 1847, 1857, 1931, 1932, 1933, 1934, 1936, 1938, 1939, 1955","BASELINE, POWER, VOLTAGE, ADDRESS, SOURCE-XML",TIA 호출 조건·주기·중복 쓰기 순서와 전원 재시작 동작 확인; 현재 PLC 프로그램·현장 설치·단자·정상 극성 및 실제 설정값 대조; 시험 기대 결과 확정과 실행 증거 수집; 상태 전환 순서 또는 단일 동작·수동 장치 여부 미확정; 정적 조건에 미해석 참조·호출·타이머 출력 등이 있음,자료 연결 완료 · 동작 확정 검토 중
RD01-FAN,드럼 모터 냉각팬,원료 이송,RD01,자료에서 확인,rd01f_fbk (%I0.4),start fan rd01 (%Q0.2),,"RD_01_FAN\Allarme1 (DB11,X4.1); RD_01_FAN\RispostaA (DB11,X4.0); RD_01_FAN\Flag (DB2,X0.2)",1939:287 Coil Start fan RD01 <- (ON AND Flag.M_RD_01_FAN) / 조건에 따른 Coil 기록,,1939:283,,,"1788:355, 1788:360, 1843:410, 1843:412, 1843:420, 1843:422, 1843:424, 1843:432, 1843:434, 1843:436, 1843:443, 1843:449, 1843:456, 1843:458, 1843:460, 1843:462, 1843:469, 1843:478, 1843:481, 1843:492, 1843:495, 1843:500, 1843:506, 1843:513, 1843:515, 1843:517, 1843:527, 1843:530, 1843:539, 1843:545, 1843:552, 1843:554, 1843:568, 1843:573, 1843:578, 1843:581, 1843:587, 1843:828, 1844:747, 1844:749, 1844:757, 1844:759, 1844:761, 1844:769, 1844:771, 1844:773, 1844:780, 1844:786, 1844:793, 1844:799, 1844:805, 1844:811, 1844:817, 1844:826, 1844:829, 1844:1158, 1844:1162, 1844:850, 1844:852, 1844:854, 1844:864, 1844:867, 1844:878, 1844:881, 1844:889, 1844:896, 1844:898, 1844:912, 1844:917, 1844:922, 1844:925, 1844:931, 1847:891, 1847:893, 1847:897, 1847:905, 1847:907, 1847:909, 1847:917, 1847:919, 1847:927, 1847:929, 1847:931, 1847:939, 1847:941, 1847:948, 1847:954, 1847:961, 1847:963, 1847:965, 1847:973, 1847:975, 1847:982, 1936:236, 1939:283","1788:360, 1843:410, 1843:412, 1843:420, 1843:422, 1843:424, 1843:432, 1843:434, 1843:436, 1843:443, 1843:449, 1843:456, 1843:458, 1843:460, 1843:462, 1843:469, 1843:478, 1843:481, 1843:492, 1843:102, 1843:495, 1843:500, 1843:506, 1843:34, 1843:513, 1843:515, 1843:517, 1843:527, 1843:530, 1843:539, 1843:545, 1843:552, 1843:554, 1843:568, 1843:573, 1843:578, 1843:581, 1843:587, 1843:828, 1843:838, 1844:747, 1844:749, 1844:757, 1844:759, 1844:761, 1844:769, 1844:771, 1844:773, 1844:780, 1844:786, 1844:793, 1844:799, 1844:805, 1844:811, 1844:817, 1844:826, 1844:829, 1844:1158, 1844:1162, 1844:850, 1844:852, 1844:854, 1844:864, 1844:867, 1844:878, 1844:881, 1844:889, 1844:896, 1844:898, 1844:912, 1844:917, 1844:922, 1844:925, 1844:931, 1847:891, 1847:893, 1847:897, 1847:905, 1847:907, 1847:909, 1847:917, 1847:919, 1847:927, 1847:929, 1847:931, 1847:939, 1847:941, 1847:948, 1847:954, 1847:961, 1847:963, 1847:965, 1847:973, 1847:975, 1847:982",22,"1020, 1049, 1082, 1180, 1788, 1843, 1844, 1847, 1936, 1939","BASELINE, POWER, VOLTAGE, ADDRESS, SOURCE-XML",TIA 호출 조건·주기·중복 쓰기 순서와 전원 재시작 동작 확인; 현재 PLC 프로그램·현장 설치·단자·정상 극성 및 실제 설정값 대조; 시험 기대 결과 확정과 실행 증거 수집; 자동·수동 모드 전환 및 우선순위 미확정; 전용 타이머 또는 무지연 동작 여부 미확정; 상태 전환 순서 또는 단일 동작·수동 장치 여부 미확정,자료 연결 완료 · 동작 확정 검토 중
MC03,예비 모터 MC03,원료 이송,,예비·실물 동일성 확인,mc03_torque (%I6.4),start spare motor (%Q0.3),,,"1021:1280 Move hours motors.MC_03_HOUR <- ((Tag_47 AND 102A7_SPARE5) AND [hours motors.MC_03_MIN >= 60]) / Move 입력 1
1021:1283 Move hours motors.MC_03_MIN <- Move UID 1280.eno (블록 동작 확인) / Move 입력 0
1049:2828 Move hours motors.MC_03_HOUR <- Move UID 2825.eno (블록 동작 확인) / Move 입력 0
1082:44 Coil Inputs.MC03 run <- Flag.M_MC_03 / 조건에 따른 Coil 기록
1789:389 SCoil Allarm.MC_03_FAULT <- (((OFF AND Start Spare Motor) AND Tag_56) AND NOT [Inputs.MC03 run]) / 조건 성립 시 Set
1789:394 RCoil Allarm.MC_03_FAULT <- ((OFF AND Flag.RESET_ALLARM) AND Allarm.MC_03_FAULT) / 조건 성립 시 Reset
1790:400 SCoil Allarm.MC_03_TORQUE <- (OFF AND NOT [Inputs.MC03 torque]) / 조건 성립 시 Set
1790:406 RCoil Allarm.MC_03_TORQUE <- (((OFF AND Flag.RESET_ALLARM) AND Inputs.MC03 torque) AND Allarm.MC_03_TORQUE) / 조건 성립 시 Reset
1940:314 RCoil Flag.M_MC_03 <- ((ON AND Allarm.MC_03_FAULT) OR ((ON AND NOT [Inputs.MC04 run]) AND NOT [Flag.STANDBY_ON]) OR ((ON AND Allarm.MC_03_TORQUE) AND NOT [UNDER TESTING])) / 조건 성립 시 Reset
1940:318 Coil Start Spare Motor <- (ON AND Flag.M_MC_03) / 조건에 따른 Coil 기록",,,,1789:383 SdCoil Tag_56 <- ((OFF AND Start Spare Motor) AND NOT [Inputs.MC03 run]) / 시간 동작 SdCoil; 타이머 의미 추가 확인 / 시간 인자 S5T#2S,"1789:389, 1789:394, 1790:400, 1790:406, 1940:314","1789:394, 1790:406",23,"1021, 1049, 1082, 1181, 1789, 1790, 1940","BASELINE, POWER, VOLTAGE, ADDRESS, SOURCE-XML",TIA 호출 조건·주기·중복 쓰기 순서와 전원 재시작 동작 확인; 현재 PLC 프로그램·현장 설치·단자·정상 극성 및 실제 설정값 대조; 시험 기대 결과 확정과 실행 증거 수집; 직접 HMI 설정 미식별: 표시용 가공 태그·상위 화면 여부 확인; 자동·수동 모드 전환 및 우선순위 미확정; 상태 전환 순서 또는 단일 동작·수동 장치 여부 미확정; 정적 조건에 미해석 참조·호출·타이머 출력 등이 있음,자료 연결 완료 · 동작 확정 검토 중
MC04,금속 컨베이어,원료 이송,,자료에서 확인,mc04_all_inv (%I0.7); mc04_fbk (%I0.6); mc04_torque (%I6.5),start mc04 (%Q0.4),,"MC_04\Allarme1 (DB11,X8.1); MC_04\RispostaA (DB11,X8.0); MC_04\Flag (DB2,X0.4)","1022:1334 Move hours motors.MC_04_HOUR <- ((Tag_47 AND MC04_Fbk) AND [hours motors.MC_04_MIN >= 60]) / Move 입력 1
1022:1337 Move hours motors.MC_04_MIN <- Move UID 1334.eno (블록 동작 확인) / Move 입력 0
1049:2831 Move hours motors.MC_04_HOUR <- Move UID 2828.eno (블록 동작 확인) / Move 입력 0
1080:27 Coil Inputs.MC04 torque <- ON / 조건에 따른 Coil 기록
1082:46 Coil Inputs.MC04 run <- Flag.M_MC_04 / 조건에 따른 Coil 기록
1693:24 Move HMI_DB.SET_PERC_MC04 <- (ON AND [HMI_DB.SET_PERC_MC04 < 10]) / Move 입력 10
1693:26 Move HMI_DB.SET_PERC_MC04 <- (ON AND [HMI_DB.SET_PERC_MC04 > 100]) / Move 입력 100
1791:443 SCoil Allarm.MC_04_FAULT <- (((ON AND Start MC04) AND Tag_57) AND NOT [Inputs.MC04 run]) / 조건 성립 시 Set
1791:487 SCoil Allarm.MC04_INV <- (((ON AND Start MC04) AND Tag_57) AND Inputs.MC04_All_inv) / 조건 성립 시 Set
1791:448 RCoil Allarm.MC_04_FAULT <- ((ON AND Flag.RESET_ALLARM) AND Allarm.MC_04_FAULT) / 조건 성립 시 Reset
1791:495 RCoil Allarm.MC04_INV <- ((ON AND Flag.RESET_ALLARM) AND Allarm.MC04_INV) / 조건 성립 시 Reset
1792:454 SCoil Allarm.MC_04_TORQUE <- (OFF AND NOT [Inputs.MC04 torque]) / 조건 성립 시 Set
1792:460 RCoil Allarm.MC_04_TORQUE <- (((OFF AND Flag.RESET_ALLARM) AND Inputs.MC04 torque) AND Allarm.MC_04_TORQUE) / 조건 성립 시 Reset
1843:460 RCoil Flag.M_MC_04 <- ((((ON AND NOT [Allarm.Emergency_module_fault]) AND [Data.Tipo_preset = 1]) AND Flag.Auto_ON1) AND [Data.Tempo_presetting = 17]) / 조건 성립 시 Reset
1844:799 SCoil Flag.M_MC_04 <- ((((ON AND NOT [Allarm.Emergency_module_fault]) AND Flag.Auto_ON1) AND [Data.Tipo_preset = 2]) AND [Data.Tempo_presetting = 24]) / 조건 성립 시 Set
1847:954 RCoil Flag.M_MC_04 <- (((Flag.Auto_ON1 AND [Data.Tipo_preset = 5]) AND [Data.Tempo_presetting = 19]) OR ((Flag.Auto_ON1 AND [Data.Tipo_preset = 5]) AND Allarm.Emergency_module_fault)) / 조건 성립 시 Reset
1941:340 RCoil Flag.M_MC_04 <- ((ON AND Allarm.MC_04_FAULT) OR (ON AND Allarm.MC04_INV) OR ((ON AND NOT [Inputs.VS01 run]) AND NOT [Allarm.Maintenance_ON])) / 조건 성립 시 Reset
1941:344 Coil Start MC04 <- (ON AND Flag.M_MC_04) / 조건에 따른 Coil 기록","1843:410, 1843:412, 1843:420, 1843:422, 1843:424, 1843:432, 1843:434, 1843:436, 1843:443, 1843:449, 1843:456, 1843:458, 1843:460, 1843:462, 1843:469, 1843:478, 1843:481, 1843:492, 1843:495, 1843:500, 1843:506, 1843:513, 1843:515, 1843:517, 1843:527, 1843:530, 1843:539, 1843:545, 1843:552, 1843:554, 1843:568, 1843:573, 1843:578, 1843:581, 1843:587, 1844:747, 1844:749, 1844:757, 1844:759, 1844:761, 1844:769, 1844:771, 1844:773, 1844:780, 1844:786, 1844:793, 1844:799, 1844:805, 1844:811, 1844:817, 1844:826, 1844:829, 1844:1158, 1844:1162, 1844:850, 1844:852, 1844:854, 1844:864, 1844:867, 1844:878, 1844:881, 1844:889, 1844:896, 1844:898, 1844:912, 1844:917, 1844:922, 1844:925, 1844:931, 1847:891, 1847:893, 1847:897, 1847:905, 1847:907, 1847:909, 1847:917, 1847:919, 1847:927, 1847:929, 1847:931, 1847:939, 1847:941, 1847:948, 1847:954, 1847:961, 1847:963, 1847:965, 1847:973, 1847:975, 1847:982, 1941:340",,,1791:437 SdCoil Tag_57 <- (((ON AND Start MC04) AND Inputs.MC04_All_inv) OR ((ON AND Start MC04) AND NOT [Inputs.MC04 run])) / 시간 동작 SdCoil; 타이머 의미 추가 확인 / 시간 인자 S5T#5S,"1791:443, 1791:487, 1791:448, 1791:495, 1792:454, 1792:460, 1843:410, 1843:412, 1843:420, 1843:422, 1843:424, 1843:432, 1843:434, 1843:436, 1843:443, 1843:449, 1843:456, 1843:458, 1843:460, 1843:462, 1843:469, 1843:478, 1843:481, 1843:492, 1843:495, 1843:500, 1843:506, 1843:513, 1843:515, 1843:517, 1843:527, 1843:530, 1843:539, 1843:545, 1843:552, 1843:554, 1843:568, 1843:573, 1843:578, 1843:581, 1843:587, 1843:828, 1844:747, 1844:749, 1844:757, 1844:759, 1844:761, 1844:769, 1844:771, 1844:773, 1844:780, 1844:786, 1844:793, 1844:799, 1844:805, 1844:811, 1844:817, 1844:826, 1844:829, 1844:1158, 1844:1162, 1844:850, 1844:852, 1844:854, 1844:864, 1844:867, 1844:878, 1844:881, 1844:889, 1844:896, 1844:898, 1844:912, 1844:917, 1844:922, 1844:925, 1844:931, 1847:891, 1847:893, 1847:897, 1847:905, 1847:907, 1847:909, 1847:917, 1847:919, 1847:927, 1847:929, 1847:931, 1847:939, 1847:941, 1847:948, 1847:954, 1847:961, 1847:963, 1847:965, 1847:973, 1847:975, 1847:982, 1916:456, 1916:458, 1940:314, 1941:340","1791:448, 1791:495, 1792:460, 1843:410, 1843:412, 1843:420, 1843:422, 1843:424, 1843:432, 1843:434, 1843:436, 1843:443, 1843:449, 1843:456, 1843:458, 1843:460, 1843:462, 1843:469, 1843:478, 1843:481, 1843:492, 1843:102, 1843:495, 1843:500, 1843:506, 1843:34, 1843:513, 1843:515, 1843:517, 1843:527, 1843:530, 1843:539, 1843:545, 1843:552, 1843:554, 1843:568, 1843:573, 1843:578, 1843:581, 1843:587, 1843:828, 1843:838, 1844:747, 1844:749, 1844:757, 1844:759, 1844:761, 1844:769, 1844:771, 1844:773, 1844:780, 1844:786, 1844:793, 1844:799, 1844:805, 1844:811, 1844:817, 1844:826, 1844:829, 1844:1158, 1844:1162, 1844:850, 1844:852, 1844:854, 1844:864, 1844:867, 1844:878, 1844:881, 1844:889, 1844:896, 1844:898, 1844:912, 1844:917, 1844:922, 1844:925, 1844:931, 1847:891, 1847:893, 1847:897, 1847:905, 1847:907, 1847:909, 1847:917, 1847:919, 1847:927, 1847:929, 1847:931, 1847:939, 1847:941, 1847:948, 1847:954, 1847:961, 1847:963, 1847:965, 1847:973, 1847:975, 1847:982","24, 25","1022, 1049, 1080, 1082, 1182, 1693, 1769, 1791, 1792, 1843, 1844, 1847, 1916, 1940, 1941","BASELINE, POWER, VOLTAGE, ADDRESS, MV04-MC04, SOURCE-XML",TIA 호출 조건·주기·중복 쓰기 순서와 전원 재시작 동작 확인; 현재 PLC 프로그램·현장 설치·단자·정상 극성 및 실제 설정값 대조; 시험 기대 결과 확정과 실행 증거 수집; 상태 전환 순서 또는 단일 동작·수동 장치 여부 미확정; 정적 조건에 미해석 참조·호출·타이머 출력 등이 있음,자료 연결 완료 · 동작 확정 검토 중
MC05,금속 컨베이어 MC05,원료 이송,,삭제 제목·예비 여부 확인,mc05_torque (%I6.6); mc05_fbk (%I1.0),start mc05 (%Q0.5),,"MC_05\RispostaA (DB11,X10.0); MC_05\Flag (DB2,X0.5); MC_05\Allarme1 (DB11,X10.1)","1049:2834 Move hours motors.MC_05_HOUR <- Move UID 2831.eno (블록 동작 확인) / Move 입력 0
1843:458 RCoil Flag.M_MC_05 <- ((((ON AND NOT [Allarm.Emergency_module_fault]) AND [Data.Tipo_preset = 1]) AND Flag.Auto_ON1) AND [Data.Tempo_presetting = 17]) / 조건 성립 시 Reset
1844:793 SCoil Flag.M_MC_05 <- (((((ON AND NOT [Allarm.Emergency_module_fault]) AND Flag.Auto_ON1) AND [Data.Tipo_preset = 2]) AND [Data.Tempo_presetting = 21]) AND OFF) / 조건 성립 시 Set","1843:410, 1843:412, 1843:420, 1843:422, 1843:424, 1843:432, 1843:434, 1843:436, 1843:443, 1843:449, 1843:456, 1843:458, 1843:460, 1843:462, 1843:469, 1843:478, 1843:481, 1843:492, 1843:495, 1843:500, 1843:506, 1843:513, 1843:515, 1843:517, 1843:527, 1843:530, 1843:539, 1843:545, 1843:552, 1843:554, 1843:568, 1843:573, 1843:578, 1843:581, 1843:587, 1844:747, 1844:749, 1844:757, 1844:759, 1844:761, 1844:769, 1844:771, 1844:773, 1844:780, 1844:786, 1844:793, 1844:799, 1844:805, 1844:811, 1844:817, 1844:826, 1844:829, 1844:1158, 1844:1162, 1844:850, 1844:852, 1844:854, 1844:864, 1844:867, 1844:878, 1844:881, 1844:889, 1844:896, 1844:898, 1844:912, 1844:917, 1844:922, 1844:925, 1844:931",,,,"1843:410, 1843:412, 1843:420, 1843:422, 1843:424, 1843:432, 1843:434, 1843:436, 1843:443, 1843:449, 1843:456, 1843:458, 1843:460, 1843:462, 1843:469, 1843:478, 1843:481, 1843:492, 1843:495, 1843:500, 1843:506, 1843:513, 1843:515, 1843:517, 1843:527, 1843:530, 1843:539, 1843:545, 1843:552, 1843:554, 1843:568, 1843:573, 1843:578, 1843:581, 1843:587, 1843:828, 1844:747, 1844:749, 1844:757, 1844:759, 1844:761, 1844:769, 1844:771, 1844:773, 1844:780, 1844:786, 1844:793, 1844:799, 1844:805, 1844:811, 1844:817, 1844:826, 1844:829, 1844:1158, 1844:1162, 1844:850, 1844:852, 1844:854, 1844:864, 1844:867, 1844:878, 1844:881, 1844:889, 1844:896, 1844:898, 1844:912, 1844:917, 1844:922, 1844:925, 1844:931","1843:410, 1843:412, 1843:420, 1843:422, 1843:424, 1843:432, 1843:434, 1843:436, 1843:443, 1843:449, 1843:456, 1843:458, 1843:460, 1843:462, 1843:469, 1843:478, 1843:481, 1843:492, 1843:102, 1843:495, 1843:500, 1843:506, 1843:34, 1843:513, 1843:515, 1843:517, 1843:527, 1843:530, 1843:539, 1843:545, 1843:552, 1843:554, 1843:568, 1843:573, 1843:578, 1843:581, 1843:587, 1843:828, 1843:838, 1844:747, 1844:749, 1844:757, 1844:759, 1844:761, 1844:769, 1844:771, 1844:773, 1844:780, 1844:786, 1844:793, 1844:799, 1844:805, 1844:811, 1844:817, 1844:826, 1844:829, 1844:1158, 1844:1162, 1844:850, 1844:852, 1844:854, 1844:864, 1844:867, 1844:878, 1844:881, 1844:889, 1844:896, 1844:898, 1844:912, 1844:917, 1844:922, 1844:925, 1844:931",26,"1049, 1843, 1844","BASELINE, POWER, VOLTAGE, ADDRESS, MC05-SC12-PV04, SOURCE-XML",TIA 호출 조건·주기·중복 쓰기 순서와 전원 재시작 동작 확인; 현재 PLC 프로그램·현장 설치·단자·정상 극성 및 실제 설정값 대조; 시험 기대 결과 확정과 실행 증거 수집; 전용 타이머 또는 무지연 동작 여부 미확정; 상태 전환 순서 또는 단일 동작·수동 장치 여부 미확정; 정적 조건에 미해석 참조·호출·타이머 출력 등이 있음,자료 연결 완료 · 동작 확정 검토 중
VS01,진동 스크린,원료 이송,,자료에서 확인,vs01_fbk (%I1.1); vs01_all_inv (%I1.2),braking vs01 (%Q49.5); start vs01 (%Q0.6),start vs01 brake (%M11.0),"VS_01\RispostaA (DB11,X12.0); VS_01\Flag (DB2,X0.6); VS_01\Allarme1 (DB11,X12.1)","1024:1442 Move hours motors.VS_01_HOUR <- ((Tag_47 AND VS01_Fbk) AND [hours motors.VS_01_MIN >= 60]) / Move 입력 1
1024:1445 Move hours motors.VS_01_MIN <- Move UID 1442.eno (블록 동작 확인) / Move 입력 0
1050:2884 Move hours motors.VS_01_HOUR <- Tag_48 / Move 입력 0
1082:66 Coil Inputs.VS01 run <- Flag.M_VS_01 / 조건에 따른 Coil 기록
1794:551 SCoil Allarm.VS_01_FAULT <- (((ON AND Start VS01) AND Tag_59) AND NOT [Inputs.VS01 run]) / 조건 성립 시 Set
1794:595 SCoil Allarm.VS01_INV <- (((ON AND Start VS01) AND Tag_59) AND Inputs.VS01_All_Inv) / 조건 성립 시 Set
1794:556 RCoil Allarm.VS_01_FAULT <- ((ON AND Flag.RESET_ALLARM) AND Allarm.VS_01_FAULT) / 조건 성립 시 Reset
1794:603 RCoil Allarm.VS01_INV <- ((ON AND Flag.RESET_ALLARM) AND Allarm.VS01_INV) / 조건 성립 시 Reset
1843:456 RCoil Flag.M_VS_01 <- ((((ON AND NOT [Allarm.Emergency_module_fault]) AND [Data.Tipo_preset = 1]) AND Flag.Auto_ON1) AND [Data.Tempo_presetting = 17]) / 조건 성립 시 Reset
1844:786 SCoil Flag.M_VS_01 <- ((((ON AND NOT [Allarm.Emergency_module_fault]) AND Flag.Auto_ON1) AND [Data.Tipo_preset = 2]) AND [Data.Tempo_presetting = 18]) / 조건 성립 시 Set
1847:975 RCoil Flag.M_VS_01 <- (((Flag.Auto_ON1 AND [Data.Tipo_preset = 5]) AND [Data.Tempo_presetting = 21]) OR ((Flag.Auto_ON1 AND [Data.Tipo_preset = 5]) AND Allarm.Emergency_module_fault)) / 조건 성립 시 Reset
1943:377 RCoil Flag.M_VS_01 <- ((ON AND Allarm.VS_01_FAULT) OR (ON AND Allarm.VS01_INV)) / 조건 성립 시 Reset
1943:381 Coil Start VS01 <- (ON AND Flag.M_VS_01) / 조건에 따른 Coil 기록
1944:425 SCoil Start VS01 BRAKE <- (((OFF AND NOT [Flag.M_VS_01]) AND NOT [Inputs.VS01 run]) AND NOT [Allarm.VS_01_FAULT]) / 조건 성립 시 Set
1944:431 RCoil Start VS01 BRAKE <- ((OFF AND Flag.M_VS_01) OR (OFF AND Allarm.VS_01_FAULT) OR (OFF AND Allarm.VS01_INV)) / 조건 성립 시 Reset
1944:444 Coil Braking VS01 <- (((OFF AND NOT [Inputs.VS01 run]) AND Start VS01 BRAKE) AND Tag_117) / 조건에 따른 Coil 기록","1843:410, 1843:412, 1843:420, 1843:422, 1843:424, 1843:432, 1843:434, 1843:436, 1843:443, 1843:449, 1843:456, 1843:458, 1843:460, 1843:462, 1843:469, 1843:478, 1843:481, 1843:492, 1843:495, 1843:500, 1843:506, 1843:513, 1843:515, 1843:517, 1843:527, 1843:530, 1843:539, 1843:545, 1843:552, 1843:554, 1843:568, 1843:573, 1843:578, 1843:581, 1843:587, 1844:747, 1844:749, 1844:757, 1844:759, 1844:761, 1844:769, 1844:771, 1844:773, 1844:780, 1844:786, 1844:793, 1844:799, 1844:805, 1844:811, 1844:817, 1844:826, 1844:829, 1844:1158, 1844:1162, 1844:850, 1844:852, 1844:854, 1844:864, 1844:867, 1844:878, 1844:881, 1844:889, 1844:896, 1844:898, 1844:912, 1844:917, 1844:922, 1844:925, 1844:931, 1847:891, 1847:893, 1847:897, 1847:905, 1847:907, 1847:909, 1847:917, 1847:919, 1847:927, 1847:929, 1847:931, 1847:939, 1847:941, 1847:948, 1847:954, 1847:961, 1847:963, 1847:965, 1847:973, 1847:975, 1847:982",,,"1794:545 SdCoil Tag_59 <- (((ON AND Start VS01) AND NOT [Inputs.VS01 run]) OR ((ON AND Start VS01) AND Inputs.VS01_All_Inv)) / 시간 동작 SdCoil; 타이머 의미 추가 확인 / 시간 인자 S5T#2S
1944:439 SdCoil Tag_117 <- ((OFF AND NOT [Inputs.VS01 run]) AND Start VS01 BRAKE) / 시간 동작 SdCoil; 타이머 의미 추가 확인 / 시간 인자 S5T#2S","1794:551, 1794:595, 1794:556, 1794:603, 1843:410, 1843:412, 1843:420, 1843:422, 1843:424, 1843:432, 1843:434, 1843:436, 1843:443, 1843:449, 1843:456, 1843:458, 1843:460, 1843:462, 1843:469, 1843:478, 1843:481, 1843:492, 1843:495, 1843:500, 1843:506, 1843:513, 1843:515, 1843:517, 1843:527, 1843:530, 1843:539, 1843:545, 1843:552, 1843:554, 1843:568, 1843:573, 1843:578, 1843:581, 1843:587, 1843:828, 1844:747, 1844:749, 1844:757, 1844:759, 1844:761, 1844:769, 1844:771, 1844:773, 1844:780, 1844:786, 1844:793, 1844:799, 1844:805, 1844:811, 1844:817, 1844:826, 1844:829, 1844:1158, 1844:1162, 1844:850, 1844:852, 1844:854, 1844:864, 1844:867, 1844:878, 1844:881, 1844:889, 1844:896, 1844:898, 1844:912, 1844:917, 1844:922, 1844:925, 1844:931, 1847:891, 1847:893, 1847:897, 1847:905, 1847:907, 1847:909, 1847:917, 1847:919, 1847:927, 1847:929, 1847:931, 1847:939, 1847:941, 1847:948, 1847:954, 1847:961, 1847:963, 1847:965, 1847:973, 1847:975, 1847:982, 1941:340, 1943:377, 1944:425, 1944:431","1794:556, 1794:603, 1843:410, 1843:412, 1843:420, 1843:422, 1843:424, 1843:432, 1843:434, 1843:436, 1843:443, 1843:449, 1843:456, 1843:458, 1843:460, 1843:462, 1843:469, 1843:478, 1843:481, 1843:492, 1843:102, 1843:495, 1843:500, 1843:506, 1843:34, 1843:513, 1843:515, 1843:517, 1843:527, 1843:530, 1843:539, 1843:545, 1843:552, 1843:554, 1843:568, 1843:573, 1843:578, 1843:581, 1843:587, 1843:828, 1843:838, 1844:747, 1844:749, 1844:757, 1844:759, 1844:761, 1844:769, 1844:771, 1844:773, 1844:780, 1844:786, 1844:793, 1844:799, 1844:805, 1844:811, 1844:817, 1844:826, 1844:829, 1844:1158, 1844:1162, 1844:850, 1844:852, 1844:854, 1844:864, 1844:867, 1844:878, 1844:881, 1844:889, 1844:896, 1844:898, 1844:912, 1844:917, 1844:922, 1844:925, 1844:931, 1847:891, 1847:893, 1847:897, 1847:905, 1847:907, 1847:909, 1847:917, 1847:919, 1847:927, 1847:929, 1847:931, 1847:939, 1847:941, 1847:948, 1847:954, 1847:961, 1847:963, 1847:965, 1847:973, 1847:975, 1847:982","27, 28","1024, 1050, 1082, 1184, 1794, 1843, 1844, 1847, 1941, 1943, 1944","BASELINE, POWER, VOLTAGE, ADDRESS, SOURCE-XML",TIA 호출 조건·주기·중복 쓰기 순서와 전원 재시작 동작 확인; 현재 PLC 프로그램·현장 설치·단자·정상 극성 및 실제 설정값 대조; 시험 기대 결과 확정과 실행 증거 수집; 상태 전환 순서 또는 단일 동작·수동 장치 여부 미확정; 정적 조건에 미해석 참조·호출·타이머 출력 등이 있음,자료 연결 완료 · 동작 확정 검토 중
SC12,드럼 배출실 스크루,원료 이송,,SPARE·삭제 제목,sc12_fbk (%I1.3),start sc12 (%Q0.7),,"SC_12\RispostaA (DB11,X14.0); SC_12\Flag (DB2,X0.7); SC_12\Allarme1 (DB11,X14.1)",1050:2887 Move hours motors.SC_12_HOUR <- Move UID 2884.eno (블록 동작 확인) / Move 입력 0,,,,,,,29,1050,"BASELINE, POWER, VOLTAGE, ADDRESS, MC05-SC12-PV04, SOURCE-XML",TIA 호출 조건·주기·중복 쓰기 순서와 전원 재시작 동작 확인; 현재 PLC 프로그램·현장 설치·단자·정상 극성 및 실제 설정값 대조; 시험 기대 결과 확정과 실행 증거 수집; 자동·수동 모드 전환 및 우선순위 미확정; 전용 타이머 또는 무지연 동작 여부 미확정; 상태 전환 순서 또는 단일 동작·수동 장치 여부 미확정; 정적 조건에 미해석 참조·호출·타이머 출력 등이 있음,자료 연결 완료 · 동작 확정 검토 중
CC01,드럼 투입실,공정 본체,,자료에서 확인,,,,,,,,,,,,,,"BASELINE, POWER, VOLTAGE, ADDRESS, SOURCE-XML",TIA 호출 조건·주기·중복 쓰기 순서와 전원 재시작 동작 확인; 현재 PLC 프로그램·현장 설치·단자·정상 극성 및 실제 설정값 대조; 시험 기대 결과 확정과 실행 증거 수집; 직접 I/O 미식별: 상위 장치·로컬 계측·공통 기능 여부 확인; 직접 HMI 설정 미식별: 표시용 가공 태그·상위 화면 여부 확인; 직접 LAD 미식별: 실물/예비 상태 또는 상위 제어 연결 확인; 자동·수동 모드 전환 및 우선순위 미확정; 전용 타이머 또는 무지연 동작 여부 미확정; 상태 전환 순서 또는 단일 동작·수동 장치 여부 미확정,자료 연결 완료 · 동작 확정 검토 중
UC01,드럼 배출실,공정 본체,,자료에서 확인,,,,,,,,,,,,,,"BASELINE, POWER, VOLTAGE, ADDRESS, SOURCE-XML",TIA 호출 조건·주기·중복 쓰기 순서와 전원 재시작 동작 확인; 현재 PLC 프로그램·현장 설치·단자·정상 극성 및 실제 설정값 대조; 시험 기대 결과 확정과 실행 증거 수집; 직접 I/O 미식별: 상위 장치·로컬 계측·공통 기능 여부 확인; 직접 HMI 설정 미식별: 표시용 가공 태그·상위 화면 여부 확인; 직접 LAD 미식별: 실물/예비 상태 또는 상위 제어 연결 확인; 자동·수동 모드 전환 및 우선순위 미확정; 전용 타이머 또는 무지연 동작 여부 미확정; 상태 전환 순서 또는 단일 동작·수동 장치 여부 미확정,자료 연결 완료 · 동작 확정 검토 중
AB01,연소 챔버,연소·열회수,,자료에서 확인,tc02 (%IW274); tc01 (%IW272),,,,,,,,,,,,,"BASELINE, POWER, VOLTAGE, ADDRESS, BR01, SOURCE-XML",TIA 호출 조건·주기·중복 쓰기 순서와 전원 재시작 동작 확인; 현재 PLC 프로그램·현장 설치·단자·정상 극성 및 실제 설정값 대조; 시험 기대 결과 확정과 실행 증거 수집; 직접 HMI 설정 미식별: 표시용 가공 태그·상위 화면 여부 확인; 직접 LAD 미식별: 실물/예비 상태 또는 상위 제어 연결 확인; 자동·수동 모드 전환 및 우선순위 미확정; 전용 타이머 또는 무지연 동작 여부 미확정; 상태 전환 순서 또는 단일 동작·수동 장치 여부 미확정,자료 연결 완료 · 동작 확정 검토 중
BR01,가스 버너,연소·열회수,,자료에서 확인,burner on (%I17.0); brurner lock out (%I17.1); burner on and ok (%I17.2); br01_flowmeter_air (%IW366); br01_flowmeter_gas (%IW364); br01_air (%IW362); br01_gas (%IW360),rst allarm burner (%Q6.7); rem. start/stop burner (%Q6.5); br01_gas_sp (%QW308); br01_air_sp (%QW310),start burner (%M48.3); programmed stop burner (%M1.1); lock burner (%M28.0); enable start burner (%M48.2); close mv03 for burner startup (%M180.5); enable start burner(1) (%M48.0),"RESET_BURNER_COUNT (DB41,X50.1); BR_01\HighFlame (DB11,X84.0); BR_01\BurnerON (DB11,X84.1); BR_01\Flag (DB2,X5.2); BR_01\Auto (DB2,X4.3); Burner_ready (DB2,X5.1); I_BR_01_RETRANSMISSION_AIR (DB13,INT78); I_BR_01_RETRANSMISSION_GAS (DB13,INT76); I_BR_01_MASSFLOWMETER_GAS (DB13,INT80); I_BR_01_MASSFLOWMETER_AIR (DB13,INT82)","1071:170 Move Inputs.BR_01_RETRANSMISSION_GAS <- Move UID 169.eno (블록 동작 확인) / Move 입력 BR01_GAS
1071:171 Move Inputs.BR_01_RETRANSMISSION_AIR <- Move UID 170.eno (블록 동작 확인) / Move 입력 BR01_AIR
1071:84 Move Inputs.BR_01_MASSFLOWMETER_GAS <- Move UID 171.eno (블록 동작 확인) / Move 입력 BR01_FlowMeter_GAS
1071:194 Move Inputs.BR_01_MASSFLOWMETER_AIR <- Move UID 84.eno (블록 동작 확인) / Move 입력 BR01_FlowMeter_AIR
1686:543 Move BR01_AIR_SP <- ON / Move 입력 Calcolo_Aria
1706:46 RCoil Close MV03 for Burner Startup <- (ON AND Inputs.MV03 Close) / 조건 성립 시 Reset
1854:149 Coil Rst allarm Burner <- (ON AND m491) / 조건에 따른 Coil 기록
1861:292 Coil Programmed stop burner <- (OFF AND [WorkData.W5 >= 1440]) / 조건에 따른 Coil 기록
1865:579 SCoil Lock Burner <- (((((ON AND OFF) AND Allarm.MAX_TC01_TEMP) OR ((ON AND OFF) AND Allarm.MAX_TC03_TEMP) OR (ON AND Programmed stop burner)) AND [Data.GAS_BR_01 <= 30]) OR (((((ON AND OFF) AND Allarm.MAX_TC01_TEMP) OR ((ON AND OFF) AND Allarm.MAX_TC03_TEMP) OR (ON AND Programmed stop burner)) AND Inputs.FC GAS Chiuso) AND Inputs.FC Aria chiusa)) / 조건 성립 시 Set
1865:588 RCoil Lock Burner <- ((((ON AND NOT [Allarm.MAX_TC01_TEMP]) AND NOT [Allarm.MAX_TC03_TEMP]) OR ON) AND NOT [Programmed stop burner]) / 조건 성립 시 Reset
1866:607 Coil Enable start burner(1) <- ((Flag.Start_Burner AND NOT [Lock Burner]) AND Inputs.FN03 Run) / 조건에 따른 Coil 기록
1866:611 Coil Rem. Start/Stop Burner <- (((Flag.Start_Burner AND NOT [Lock Burner]) AND Inputs.FN03 Run) AND Enable start burner) / 조건에 따른 Coil 기록
1868:1122 Move WorkData.BR01_State <- (ON AND NOT [Enable start burner(1)]) / Move 입력 0
1868:1669 SCoil Close MV03 for Burner Startup <- (((ON AND NOT [Enable start burner(1)]) AND NOT [Inputs.MV03 Close]) AND Inputs.MV03 Close) / 조건 성립 시 Set
1868:1130 RCoil Enable start burner <- (ON AND NOT [Enable start burner(1)]) / 조건 성립 시 Reset
1868:1146 Move WorkData.BR01_State <- (((ON AND Enable start burner(1)) AND [WorkData.BR01_State = 0]) AND [Manage_TC1_2.PID_Ref_Temp >= 500.0]) / Move 입력 7
1868:1154 Move WorkData.BR01_State <- (((ON AND Enable start burner(1)) AND [WorkData.BR01_State = 0]) AND [Manage_TC1_2.PID_Ref_Temp < 500.0]) / Move 입력 1
1868:1159 Move WorkData.BR01_CleanTime <- ((ON AND Enable start burner(1)) AND [WorkData.BR01_State = 0]) / Move 입력 0
1868:1179 Move WorkData.BR01_State <- ((ON AND Enable start burner(1)) AND [WorkData.BR01_State = 1]) / Move 입력 2
1868:1188 Move WorkData.BR01_State <- (((ON AND Enable start burner(1)) AND [WorkData.BR01_State = 2]) AND NOT [Inputs.MV03 open]) / Move 입력 3
1868:1220 Move WorkData.BR01_State <- (((ON AND Enable start burner(1)) AND [WorkData.BR01_State = 3]) AND Tag_143) / Move 입력 4
1868:1240 Move WorkData.BR01_State <- ((ON AND Enable start burner(1)) AND [WorkData.BR01_State = 4]) / Move 입력 5
1868:1251 Move WorkData.BR01_State <- ((((ON AND Enable start burner(1)) AND [WorkData.BR01_State = 5]) AND Inputs.MV03 Close) OR (((ON AND Enable start burner(1)) AND [WorkData.BR01_State = 5]) AND ON)) / Move 입력 6
1868:1267 Move WorkData.BR01_State <- (((ON AND Enable start burner(1)) AND [WorkData.BR01_State = 6]) AND Tag_144) / Move 입력 7
1868:1281 Move WorkData.BR01_State <- (((ON AND Enable start burner(1)) AND [WorkData.BR01_State = 77]) AND [Data.Oxigen_RO01 >= 60]) / Move 입력 7
1868:1289 Move WorkData.BR01_State <- (((ON AND Enable start burner(1)) AND [WorkData.BR01_State = 77]) AND [Data.Oxigen_RO01 < 60]) / Move 입력 0
1868:1300 SCoil Enable start burner <- ((ON AND Enable start burner(1)) AND [WorkData.BR01_State = 7]) / 조건 성립 시 Set
1868:1306 SCoil Close MV03 for Burner Startup <- ((ON AND Enable start burner(1)) AND [WorkData.BR01_State = 7]) / 조건 성립 시 Set
1868:1309 Move WorkData.BR01_State <- ((ON AND Enable start burner(1)) AND [WorkData.BR01_State = 7]) / Move 입력 8
1868:1318 Move WorkData.BR01_State <- (((ON AND Enable start burner(1)) AND [WorkData.BR01_State = 8]) AND Inputs.Burner On) / Move 입력 9
1868:1334 Move WorkData.BR01_State <- (((ON AND Enable start burner(1)) AND [WorkData.BR01_State = 9]) AND Tag_145) / Move 입력 10
1868:1342 Move WorkData.BR01_State <- ((ON AND Enable start burner(1)) AND [WorkData.BR01_State = 10]) / Move 입력 11
1868:1354 Coil Start Burner <- (((ON AND Enable start burner(1)) AND [WorkData.BR01_State = 11]) AND Inputs.Burner On) / 조건에 따른 Coil 기록
1868:1358 Move WorkData.BR01_State <- (((ON AND Enable start burner(1)) AND [WorkData.BR01_State = 11]) AND NOT [Inputs.Burner On]) / Move 입력 0
1868:1363 Move WorkData.BR01_CleanTime <- ((ON AND Enable start burner(1)) AND [WorkData.BR01_State = 11]) / Move 입력 0","1706:362, 1706:369, 1706:390, 1706:407","1866:611, 1868:1122, 1868:1127, 1868:1669, 1868:1130, 1868:1146, 1868:1154, 1868:1159, 1868:1171, 1868:1176, 1868:1179, 1868:1188, 1868:1199, 1868:1215, 1868:1220, 1868:1232, 1868:1237, 1868:1240, 1868:1251, 1868:1262, 1868:1267, 1868:1281, 1868:1289, 1868:1300, 1868:1303, 1868:1306, 1868:1309, 1868:1318, 1868:1329, 1868:1334, 1868:1342, 1868:1354, 1868:1358, 1868:1363","1868:1146 Move WorkData.BR01_State <- (((ON AND Enable start burner(1)) AND [WorkData.BR01_State = 0]) AND [Manage_TC1_2.PID_Ref_Temp >= 500.0]) / Move 입력 7
1868:1154 Move WorkData.BR01_State <- (((ON AND Enable start burner(1)) AND [WorkData.BR01_State = 0]) AND [Manage_TC1_2.PID_Ref_Temp < 500.0]) / Move 입력 1
1868:1159 Move WorkData.BR01_CleanTime <- ((ON AND Enable start burner(1)) AND [WorkData.BR01_State = 0]) / Move 입력 0
1868:1171 Move Data.Burner_Panel_SetPoint <- (((ON AND Enable start burner(1)) AND [WorkData.BR01_State = 1]) AND OFF) / Move 입력 Data.Max_PRC_BR1
1868:1176 SCoil Open MV03 for washing <- ((ON AND Enable start burner(1)) AND [WorkData.BR01_State = 1]) / 조건 성립 시 Set
1868:1179 Move WorkData.BR01_State <- ((ON AND Enable start burner(1)) AND [WorkData.BR01_State = 1]) / Move 입력 2
1868:1188 Move WorkData.BR01_State <- (((ON AND Enable start burner(1)) AND [WorkData.BR01_State = 2]) AND NOT [Inputs.MV03 open]) / Move 입력 3
1868:1199 SdCoil Tag_143 <- ((ON AND Enable start burner(1)) AND [WorkData.BR01_State = 3]) / 시간 동작 SdCoil; 타이머 의미 추가 확인 / 시간 인자 S5T#4M
1868:1215 SdCoil Tag_142 <- ((((ON AND Enable start burner(1)) AND [WorkData.BR01_State = 3]) AND ON) AND NOT [Tag_142]) / 시간 동작 SdCoil; 타이머 의미 추가 확인 / 시간 인자 S5T#1S
1868:1220 Move WorkData.BR01_State <- (((ON AND Enable start burner(1)) AND [WorkData.BR01_State = 3]) AND Tag_143) / Move 입력 4
1868:1232 Move Data.Burner_Panel_SetPoint <- (((ON AND Enable start burner(1)) AND [WorkData.BR01_State = 4]) AND OFF) / Move 입력 0
1868:1237 RCoil Open MV03 for washing <- ((ON AND Enable start burner(1)) AND [WorkData.BR01_State = 4]) / 조건 성립 시 Reset
1868:1240 Move WorkData.BR01_State <- ((ON AND Enable start burner(1)) AND [WorkData.BR01_State = 4]) / Move 입력 5
1868:1251 Move WorkData.BR01_State <- ((((ON AND Enable start burner(1)) AND [WorkData.BR01_State = 5]) AND Inputs.MV03 Close) OR (((ON AND Enable start burner(1)) AND [WorkData.BR01_State = 5]) AND ON)) / Move 입력 6
1868:1262 SdCoil Tag_144 <- ((ON AND Enable start burner(1)) AND [WorkData.BR01_State = 6]) / 시간 동작 SdCoil; 타이머 의미 추가 확인 / 시간 인자 S5T#1S
1868:1267 Move WorkData.BR01_State <- (((ON AND Enable start burner(1)) AND [WorkData.BR01_State = 6]) AND Tag_144) / Move 입력 7
1868:1281 Move WorkData.BR01_State <- (((ON AND Enable start burner(1)) AND [WorkData.BR01_State = 77]) AND [Data.Oxigen_RO01 >= 60]) / Move 입력 7
1868:1289 Move WorkData.BR01_State <- (((ON AND Enable start burner(1)) AND [WorkData.BR01_State = 77]) AND [Data.Oxigen_RO01 < 60]) / Move 입력 0
1868:1300 SCoil Enable start burner <- ((ON AND Enable start burner(1)) AND [WorkData.BR01_State = 7]) / 조건 성립 시 Set
1868:1303 RCoil Open MV03 for washing <- ((ON AND Enable start burner(1)) AND [WorkData.BR01_State = 7]) / 조건 성립 시 Reset
1868:1306 SCoil Close MV03 for Burner Startup <- ((ON AND Enable start burner(1)) AND [WorkData.BR01_State = 7]) / 조건 성립 시 Set
1868:1309 Move WorkData.BR01_State <- ((ON AND Enable start burner(1)) AND [WorkData.BR01_State = 7]) / Move 입력 8
1868:1318 Move WorkData.BR01_State <- (((ON AND Enable start burner(1)) AND [WorkData.BR01_State = 8]) AND Inputs.Burner On) / Move 입력 9
1868:1329 SdCoil Tag_145 <- ((ON AND Enable start burner(1)) AND [WorkData.BR01_State = 9]) / 시간 동작 SdCoil; 타이머 의미 추가 확인 / 시간 인자 S5T#30S
1868:1334 Move WorkData.BR01_State <- (((ON AND Enable start burner(1)) AND [WorkData.BR01_State = 9]) AND Tag_145) / Move 입력 10
1868:1342 Move WorkData.BR01_State <- ((ON AND Enable start burner(1)) AND [WorkData.BR01_State = 10]) / Move 입력 11
1868:1354 Coil Start Burner <- (((ON AND Enable start burner(1)) AND [WorkData.BR01_State = 11]) AND Inputs.Burner On) / 조건에 따른 Coil 기록
1868:1358 Move WorkData.BR01_State <- (((ON AND Enable start burner(1)) AND [WorkData.BR01_State = 11]) AND NOT [Inputs.Burner On]) / Move 입력 0
1868:1363 Move WorkData.BR01_CleanTime <- ((ON AND Enable start burner(1)) AND [WorkData.BR01_State = 11]) / Move 입력 0","1854:133 SdCoil Tag_135 <- (ON AND APP M10.2) / 시간 동작 SdCoil; 타이머 의미 추가 확인 / 시간 인자 S5T#6S
1854:145 SdCoil Tag_136 <- (ON AND m491) / 시간 동작 SdCoil; 타이머 의미 추가 확인 / 시간 인자 S5T#2S
1854:159 SdCoil Tag_137 <- ((ON AND m491) AND Tag_136) / 시간 동작 SdCoil; 타이머 의미 추가 확인 / 시간 인자 S5T#2S
1868:1199 SdCoil Tag_143 <- ((ON AND Enable start burner(1)) AND [WorkData.BR01_State = 3]) / 시간 동작 SdCoil; 타이머 의미 추가 확인 / 시간 인자 S5T#4M
1868:1215 SdCoil Tag_142 <- ((((ON AND Enable start burner(1)) AND [WorkData.BR01_State = 3]) AND ON) AND NOT [Tag_142]) / 시간 동작 SdCoil; 타이머 의미 추가 확인 / 시간 인자 S5T#1S
1868:1262 SdCoil Tag_144 <- ((ON AND Enable start burner(1)) AND [WorkData.BR01_State = 6]) / 시간 동작 SdCoil; 타이머 의미 추가 확인 / 시간 인자 S5T#1S
1868:1329 SdCoil Tag_145 <- ((ON AND Enable start burner(1)) AND [WorkData.BR01_State = 9]) / 시간 동작 SdCoil; 타이머 의미 추가 확인 / 시간 인자 S5T#30S","1706:390, 1706:407, 1843:410, 1843:412, 1843:420, 1843:422, 1843:424, 1843:432, 1843:434, 1843:436, 1843:443, 1843:449, 1843:456, 1843:458, 1843:460, 1843:462, 1843:469, 1843:478, 1843:481, 1843:492, 1843:495, 1843:500, 1843:506, 1843:513, 1843:515, 1843:517, 1843:527, 1843:530, 1843:539, 1843:545, 1843:552, 1843:554, 1843:568, 1843:573, 1843:578, 1843:581, 1843:587, 1843:828, 1844:747, 1844:749, 1844:757, 1844:759, 1844:761, 1844:769, 1844:771, 1844:773, 1844:780, 1844:786, 1844:793, 1844:799, 1844:805, 1844:811, 1844:817, 1844:826, 1844:829, 1844:1158, 1844:1162, 1844:850, 1844:852, 1844:854, 1844:864, 1844:867, 1844:878, 1844:881, 1844:889, 1844:896, 1844:898, 1844:912, 1844:917, 1844:922, 1844:925, 1844:931, 1854:117, 1854:123, 1854:125, 1854:149, 1854:156, 1855:245, 1855:248, 1857:182, 1858:232, 1861:298, 1862:441, 1862:448, 1862:453, 1862:465, 1862:470, 1865:579, 1865:588, 1869:1122, 1870:1172, 1870:1181","1706:46, 1706:390, 1706:407, 1843:410, 1843:412, 1843:420, 1843:422, 1843:424, 1843:432, 1843:434, 1843:436, 1843:443, 1843:449, 1843:456, 1843:458, 1843:460, 1843:462, 1843:469, 1843:478, 1843:481, 1843:492, 1843:102, 1843:495, 1843:500, 1843:506, 1843:34, 1843:513, 1843:515, 1843:517, 1843:527, 1843:530, 1843:539, 1843:545, 1843:552, 1843:554, 1843:568, 1843:573, 1843:578, 1843:581, 1843:587, 1843:828, 1843:838, 1844:747, 1844:749, 1844:757, 1844:759, 1844:761, 1844:769, 1844:771, 1844:773, 1844:780, 1844:786, 1844:793, 1844:799, 1844:805, 1844:811, 1844:817, 1844:826, 1844:829, 1844:1158, 1844:1162, 1844:850, 1844:852, 1844:854, 1844:864, 1844:867, 1844:878, 1844:881, 1844:889, 1844:896, 1844:898, 1844:912, 1844:917, 1844:922, 1844:925, 1844:931, 1854:123, 1854:125, 1854:149, 1855:248, 1860:23, 1860:90, 1860:104, 1868:1669, 1868:1306, 1869:1122","97, 98, 99, 100","1071, 1092, 1219, 1620, 1686, 1687, 1706, 1721, 1722, 1724, 1752, 1753, 1754, 1755, 1830, 1834, 1843, 1844, 1854, 1855, 1857, 1858, 1859, 1860, 1861, 1862, 1863, 1865, 1866, 1867, 1868, 1869, 1870, 1871, 1872, 1873","BASELINE, POWER, VOLTAGE, ADDRESS, BR01, SOURCE-XML",TIA 호출 조건·주기·중복 쓰기 순서와 전원 재시작 동작 확인; 현재 PLC 프로그램·현장 설치·단자·정상 극성 및 실제 설정값 대조; 시험 기대 결과 확정과 실행 증거 수집; 정적 조건에 미해석 참조·호출·타이머 출력 등이 있음,자료 연결 완료 · 동작 확정 검토 중
HE01,열교환기,연소·열회수,,자료에서 확인,,,,,,,,,,,,,,"BASELINE, POWER, VOLTAGE, ADDRESS, SOURCE-XML",TIA 호출 조건·주기·중복 쓰기 순서와 전원 재시작 동작 확인; 현재 PLC 프로그램·현장 설치·단자·정상 극성 및 실제 설정값 대조; 시험 기대 결과 확정과 실행 증거 수집; 직접 I/O 미식별: 상위 장치·로컬 계측·공통 기능 여부 확인; 직접 HMI 설정 미식별: 표시용 가공 태그·상위 화면 여부 확인; 직접 LAD 미식별: 실물/예비 상태 또는 상위 제어 연결 확인; 자동·수동 모드 전환 및 우선순위 미확정; 전용 타이머 또는 무지연 동작 여부 미확정; 상태 전환 순서 또는 단일 동작·수동 장치 여부 미확정,자료 연결 완료 · 동작 확정 검토 중
FN01,순환 블로어,연소·열회수,,자료에서 확인,fn01_fbk (%I3.5); reserved tc05 (%IW262); fn01_all_inv (%I3.6); fn01f_fbk (%I4.5); tc05 (%IW260); fn01_current (%IW334); zt01 (%IW282),star fan fn01 (%Q3.5); start fn01 (%Q2.7); fn01_sp_speed (%QW292),,"FN01_Preathing_enable (DB41,X50.0); Editor_FN01 (DB26,INT14); FN_01\Allarme1 (DB11,X34.1); FN_01\RispostaA (DB11,X34.0); FN_01\Flag (DB2,X1.2); I_FN01_ABSORPTION (DB13,INT66)","1028:1658 Move hours motors.FN_01_HOUR <- ((Tag_47 AND FN01_Fbk) AND [hours motors.FN_01_MIN >= 60]) / Move 입력 1
1028:1661 Move hours motors.FN_01_MIN <- Move UID 1658.eno (블록 동작 확인) / Move 입력 0
1050:2896 Move hours motors.FN_01_HOUR <- Move UID 2893.eno (블록 동작 확인) / Move 입력 0
1052:3008 Move hours motors.FN_01_FAN_HOUR <- Tag_48 / Move 입력 0
1071:145 Move Inputs.FN01_ABSORPTION <- Move UID 144.eno (블록 동작 확인) / Move 입력 FN01_Current
1084:41 Coil Inputs.FN01 Run <- Flag.M_FN_01 / 조건에 따른 Coil 기록
1798:687 SCoil Allarm.FN_01_FAULT <- (((ON AND Start FN01) AND Tag_63) AND NOT [Inputs.FN01 Run]) / 조건 성립 시 Set
1798:731 SCoil Allarm.FN01_INV <- (((ON AND Start FN01) AND Tag_63) AND Inputs.FN01_All_Inv) / 조건 성립 시 Set
1798:692 RCoil Allarm.FN_01_FAULT <- ((ON AND Flag.RESET_ALLARM) AND Allarm.FN_01_FAULT) / 조건 성립 시 Reset
1798:739 RCoil Allarm.FN01_INV <- ((ON AND Flag.RESET_ALLARM) AND Allarm.FN01_INV) / 조건 성립 시 Reset
1843:527 SCoil Flag.M_FN_01 <- ((((ON AND NOT [Allarm.Emergency_module_fault]) AND [Data.Tipo_preset = 1]) AND Flag.Auto_ON1) AND [Data.Tempo_presetting = 30]) / 조건 성립 시 Set
1844:864 SCoil Flag.M_FN_01 <- ((((ON AND NOT [Allarm.Emergency_module_fault]) AND Flag.Auto_ON1) AND [Data.Tipo_preset = 2]) AND [Data.Tempo_presetting = 49]) / 조건 성립 시 Set
1847:907 RCoil Flag.M_FN_01_FAN <- (((Flag.Auto_ON1 AND [Data.Tipo_preset = 5]) AND [Data.Tempo_presetting = 5]) OR ((Flag.Auto_ON1 AND [Data.Tipo_preset = 5]) AND Allarm.Emergency_module_fault)) / 조건 성립 시 Reset
1847:909 RCoil Flag.M_FN_01 <- (((Flag.Auto_ON1 AND [Data.Tipo_preset = 5]) AND [Data.Tempo_presetting = 5]) OR ((Flag.Auto_ON1 AND [Data.Tipo_preset = 5]) AND Allarm.Emergency_module_fault)) / 조건 성립 시 Reset
1950:653 Coil Allarm.Prealarms_FN01 <- ((ON AND Allarm.MAX_TC04_TEMP) OR (ON AND Allarm.MAX_TC05_TEMP) OR (ON AND Allarm.ZT01_FN01_Vibration) OR ((ON AND Inputs.FN01 Run) AND NOT [Inputs.VR-01 RUN]) OR ((ON AND Inputs.FN01 Run) AND NOT [Inputs.VR02 Run])) / 조건에 따른 Coil 기록
1950:661 Coil Stop_Fan_FN01 <- (((ON AND Allarm.MAX_TC04_TEMP) OR (ON AND Allarm.MAX_TC05_TEMP) OR (ON AND Allarm.ZT01_FN01_Vibration) OR ((ON AND Inputs.FN01 Run) AND NOT [Inputs.VR-01 RUN]) OR ((ON AND Inputs.FN01 Run) AND NOT [Inputs.VR02 Run])) AND Tag_122) / 조건에 따른 Coil 기록
1951:685 RCoil Flag.M_FN_01 <- ((ON AND Allarm.FN_01_FAULT) OR (ON AND Allarm.FN01_INV) OR (ON AND [Data.SET_PERC_VT01 = 0]) OR (ON AND Stop_Fan_FN01) OR ((ON AND Allarm.HYDROGEN_BOX_FAULT) AND NOT [UNDER TESTING])) / 조건 성립 시 Reset
1951:689 Coil Start FN01 <- (ON AND Flag.M_FN_01) / 조건에 따른 Coil 기록
1988:862 SCoil Allarm.ZT01_FN01_Vibration <- (((OFF AND [Data.ZT_01 > 400]) OR (OFF AND [Data.ZT_01 < -800])) AND Tag_110) / 조건 성립 시 Set
1988:869 RCoil Allarm.ZT01_FN01_Vibration <- ((OFF AND Allarm.ZT01_FN01_Vibration) AND [Data.ZT_01 < 380]) / 조건 성립 시 Reset","1843:410, 1843:412, 1843:420, 1843:422, 1843:424, 1843:432, 1843:434, 1843:436, 1843:443, 1843:449, 1843:456, 1843:458, 1843:460, 1843:462, 1843:469, 1843:478, 1843:481, 1843:492, 1843:495, 1843:500, 1843:506, 1843:513, 1843:515, 1843:517, 1843:527, 1843:530, 1843:539, 1843:545, 1843:552, 1843:554, 1843:568, 1843:573, 1843:578, 1843:581, 1843:587, 1844:747, 1844:749, 1844:757, 1844:759, 1844:761, 1844:769, 1844:771, 1844:773, 1844:780, 1844:786, 1844:793, 1844:799, 1844:805, 1844:811, 1844:817, 1844:826, 1844:829, 1844:1158, 1844:1162, 1844:850, 1844:852, 1844:854, 1844:864, 1844:867, 1844:878, 1844:881, 1844:889, 1844:896, 1844:898, 1844:912, 1844:917, 1844:922, 1844:925, 1844:931, 1847:891, 1847:893, 1847:897, 1847:905, 1847:907, 1847:909, 1847:917, 1847:919, 1847:927, 1847:929, 1847:931, 1847:939, 1847:941, 1847:948, 1847:954, 1847:961, 1847:963, 1847:965, 1847:973, 1847:975, 1847:982",,,"1798:681 SdCoil Tag_63 <- (((ON AND Start FN01) AND NOT [Inputs.FN01 Run]) OR ((ON AND Start FN01) AND Inputs.FN01_All_Inv)) / 시간 동작 SdCoil; 타이머 의미 추가 확인 / 시간 인자 S5T#2S
1950:656 SdCoil Tag_122 <- ((ON AND Allarm.MAX_TC04_TEMP) OR (ON AND Allarm.MAX_TC05_TEMP) OR (ON AND Allarm.ZT01_FN01_Vibration) OR ((ON AND Inputs.FN01 Run) AND NOT [Inputs.VR-01 RUN]) OR ((ON AND Inputs.FN01 Run) AND NOT [Inputs.VR02 Run])) / 시간 동작 SdCoil; 타이머 의미 추가 확인 / 시간 인자 S5T#1H_30M
1988:857 SdCoil Tag_110 <- ((OFF AND [Data.ZT_01 > 400]) OR (OFF AND [Data.ZT_01 < -800])) / 시간 동작 SdCoil; 타이머 의미 추가 확인 / 시간 인자 S5T#10S","1798:687, 1798:731, 1798:692, 1798:739, 1843:410, 1843:412, 1843:420, 1843:422, 1843:424, 1843:432, 1843:434, 1843:436, 1843:443, 1843:449, 1843:456, 1843:458, 1843:460, 1843:462, 1843:469, 1843:478, 1843:481, 1843:492, 1843:495, 1843:500, 1843:506, 1843:513, 1843:515, 1843:517, 1843:527, 1843:530, 1843:539, 1843:545, 1843:552, 1843:554, 1843:568, 1843:573, 1843:578, 1843:581, 1843:587, 1843:828, 1844:747, 1844:749, 1844:757, 1844:759, 1844:761, 1844:769, 1844:771, 1844:773, 1844:780, 1844:786, 1844:793, 1844:799, 1844:805, 1844:811, 1844:817, 1844:826, 1844:829, 1844:1158, 1844:1162, 1844:850, 1844:852, 1844:854, 1844:864, 1844:867, 1844:878, 1844:881, 1844:889, 1844:896, 1844:898, 1844:912, 1844:917, 1844:922, 1844:925, 1844:931, 1847:891, 1847:893, 1847:897, 1847:905, 1847:907, 1847:909, 1847:917, 1847:919, 1847:927, 1847:929, 1847:931, 1847:939, 1847:941, 1847:948, 1847:954, 1847:961, 1847:963, 1847:965, 1847:973, 1847:975, 1847:982, 1857:182, 1950:653, 1950:656, 1950:661, 1951:685, 1987:814, 1987:819, 1988:862, 1988:869","1798:692, 1798:739, 1843:410, 1843:412, 1843:420, 1843:422, 1843:424, 1843:432, 1843:434, 1843:436, 1843:443, 1843:449, 1843:456, 1843:458, 1843:460, 1843:462, 1843:469, 1843:478, 1843:481, 1843:492, 1843:102, 1843:495, 1843:500, 1843:506, 1843:34, 1843:513, 1843:515, 1843:517, 1843:527, 1843:530, 1843:539, 1843:545, 1843:552, 1843:554, 1843:568, 1843:573, 1843:578, 1843:581, 1843:587, 1843:828, 1843:838, 1844:747, 1844:749, 1844:757, 1844:759, 1844:761, 1844:769, 1844:771, 1844:773, 1844:780, 1844:786, 1844:793, 1844:799, 1844:805, 1844:811, 1844:817, 1844:826, 1844:829, 1844:1158, 1844:1162, 1844:850, 1844:852, 1844:854, 1844:864, 1844:867, 1844:878, 1844:881, 1844:889, 1844:896, 1844:898, 1844:912, 1844:917, 1844:922, 1844:925, 1844:931, 1847:891, 1847:893, 1847:897, 1847:905, 1847:907, 1847:909, 1847:917, 1847:919, 1847:927, 1847:929, 1847:931, 1847:939, 1847:941, 1847:948, 1847:954, 1847:961, 1847:963, 1847:965, 1847:973, 1847:975, 1847:982, 1987:819","47, 48","1028, 1050, 1052, 1071, 1084, 1194, 1685, 1772, 1798, 1843, 1844, 1845, 1847, 1857, 1950, 1951, 1987, 1988","BASELINE, POWER, VOLTAGE, ADDRESS, FN01-FAN, TC05, SOURCE-XML",TIA 호출 조건·주기·중복 쓰기 순서와 전원 재시작 동작 확인; 현재 PLC 프로그램·현장 설치·단자·정상 극성 및 실제 설정값 대조; 시험 기대 결과 확정과 실행 증거 수집; 상태 전환 순서 또는 단일 동작·수동 장치 여부 미확정; 정적 조건에 미해석 참조·호출·타이머 출력 등이 있음,자료 연결 완료 · 동작 확정 검토 중
FN02,열회수 블로어,연소·열회수,,자료에서 확인,fn02_fbk (%I3.0); fn02_all_inv (%I3.1); fn02_current (%IW328),fn02_sp (%QW306); start fn02 (%Q2.3),,"FN_02\Allarme1 (DB11,X30.1); FN_02\RispostaA (DB11,X30.0); Gain_FN02 (DB150,INT4); TI_FN02 (DB150,D0); FN_02\Flag (DB2,X1.0); I_FN02_ABSORPTION (DB13,INT60)","1026:1550 Move hours motors.FN_02_HOUR <- ((Tag_47 AND FN02_Fbk) AND [hours motors.FN_02_MIN >= 60]) / Move 입력 1
1026:1553 Move hours motors.FN_02_MIN <- Move UID 1550.eno (블록 동작 확인) / Move 입력 0
1050:2890 Move hours motors.FN_02_HOUR <- Move UID 2887.eno (블록 동작 확인) / Move 입력 0
1071:122 Move Inputs.FN02_ABSORPTION <- POWER / Move 입력 FN02_Current
1084:27 Coil Inputs.FN02 Run <- Flag.M_FN_02 / 조건에 따른 Coil 기록
1796:619 SCoil Allarm.FN_02_FAULT <- (((ON AND Start FN02) AND Tag_61) AND NOT [Inputs.FN02 Run]) / 조건 성립 시 Set
1796:663 SCoil Allarm.FN02_INV <- (((ON AND Start FN02) AND Tag_61) AND Inputs.FN02_All_Inv) / 조건 성립 시 Set
1796:624 RCoil Allarm.FN_02_FAULT <- ((ON AND Flag.RESET_ALLARM) AND Allarm.FN_02_FAULT) / 조건 성립 시 Reset
1796:671 RCoil Allarm.FN02_INV <- ((ON AND Flag.RESET_ALLARM) AND Allarm.FN02_INV) / 조건 성립 시 Reset
1843:500 SCoil Flag.M_FN_02 <- ((((ON AND NOT [Allarm.Emergency_module_fault]) AND [Data.Tipo_preset = 1]) AND Flag.Auto_ON1) AND [Data.Tempo_presetting = 24]) / 조건 성립 시 Set
1843:539 RCoil Flag.M_FN_02 <- (((((ON AND NOT [Allarm.Emergency_module_fault]) AND [Data.Tipo_preset = 1]) AND Flag.Auto_ON1) AND [Data.Tempo_presetting = 33]) AND OFF) / 조건 성립 시 Reset
1844:878 SCoil Flag.M_FN_02 <- ((((ON AND NOT [Allarm.Emergency_module_fault]) AND Flag.Auto_ON1) AND [Data.Tipo_preset = 2]) AND [Data.Tempo_presetting = 52]) / 조건 성립 시 Set
1847:893 RCoil Flag.M_FN_02 <- (((Flag.Auto_ON1 AND [Data.Tipo_preset = 5]) AND [Data.Tempo_presetting = 1]) OR ((Flag.Auto_ON1 AND [Data.Tipo_preset = 5]) AND Allarm.Emergency_module_fault)) / 조건 성립 시 Reset
1948:592 RCoil Flag.M_FN_02 <- ((ON AND Allarm.FN_02_FAULT) OR (ON AND Allarm.FN02_INV) OR (ON AND [Data.Set_Perc_VT02 = 0])) / 조건 성립 시 Reset
1948:596 Coil Start FN02 <- (ON AND Flag.M_FN_02) / 조건에 따른 Coil 기록","1843:410, 1843:412, 1843:420, 1843:422, 1843:424, 1843:432, 1843:434, 1843:436, 1843:443, 1843:449, 1843:456, 1843:458, 1843:460, 1843:462, 1843:469, 1843:478, 1843:481, 1843:492, 1843:495, 1843:500, 1843:506, 1843:513, 1843:515, 1843:517, 1843:527, 1843:530, 1843:539, 1843:545, 1843:552, 1843:554, 1843:568, 1843:573, 1843:578, 1843:581, 1843:587, 1844:747, 1844:749, 1844:757, 1844:759, 1844:761, 1844:769, 1844:771, 1844:773, 1844:780, 1844:786, 1844:793, 1844:799, 1844:805, 1844:811, 1844:817, 1844:826, 1844:829, 1844:1158, 1844:1162, 1844:850, 1844:852, 1844:854, 1844:864, 1844:867, 1844:878, 1844:881, 1844:889, 1844:896, 1844:898, 1844:912, 1844:917, 1844:922, 1844:925, 1844:931, 1847:891, 1847:893, 1847:897, 1847:905, 1847:907, 1847:909, 1847:917, 1847:919, 1847:927, 1847:929, 1847:931, 1847:939, 1847:941, 1847:948, 1847:954, 1847:961, 1847:963, 1847:965, 1847:973, 1847:975, 1847:982",,,1796:613 SdCoil Tag_61 <- (((ON AND Start FN02) AND NOT [Inputs.FN02 Run]) OR ((ON AND Start FN02) AND Inputs.FN02_All_Inv)) / 시간 동작 SdCoil; 타이머 의미 추가 확인 / 시간 인자 S5T#2S,"1796:619, 1796:663, 1796:624, 1796:671, 1843:410, 1843:412, 1843:420, 1843:422, 1843:424, 1843:432, 1843:434, 1843:436, 1843:443, 1843:449, 1843:456, 1843:458, 1843:460, 1843:462, 1843:469, 1843:478, 1843:481, 1843:492, 1843:495, 1843:500, 1843:506, 1843:513, 1843:515, 1843:517, 1843:527, 1843:530, 1843:539, 1843:545, 1843:552, 1843:554, 1843:568, 1843:573, 1843:578, 1843:581, 1843:587, 1843:828, 1844:747, 1844:749, 1844:757, 1844:759, 1844:761, 1844:769, 1844:771, 1844:773, 1844:780, 1844:786, 1844:793, 1844:799, 1844:805, 1844:811, 1844:817, 1844:826, 1844:829, 1844:1158, 1844:1162, 1844:850, 1844:852, 1844:854, 1844:864, 1844:867, 1844:878, 1844:881, 1844:889, 1844:896, 1844:898, 1844:912, 1844:917, 1844:922, 1844:925, 1844:931, 1847:891, 1847:893, 1847:897, 1847:905, 1847:907, 1847:909, 1847:917, 1847:919, 1847:927, 1847:929, 1847:931, 1847:939, 1847:941, 1847:948, 1847:954, 1847:961, 1847:963, 1847:965, 1847:973, 1847:975, 1847:982, 1857:182, 1948:592","1796:624, 1796:671, 1843:410, 1843:412, 1843:420, 1843:422, 1843:424, 1843:432, 1843:434, 1843:436, 1843:443, 1843:449, 1843:456, 1843:458, 1843:460, 1843:462, 1843:469, 1843:478, 1843:481, 1843:492, 1843:102, 1843:495, 1843:500, 1843:506, 1843:34, 1843:513, 1843:515, 1843:517, 1843:527, 1843:530, 1843:539, 1843:545, 1843:552, 1843:554, 1843:568, 1843:573, 1843:578, 1843:581, 1843:587, 1843:828, 1843:838, 1844:747, 1844:749, 1844:757, 1844:759, 1844:761, 1844:769, 1844:771, 1844:773, 1844:780, 1844:786, 1844:793, 1844:799, 1844:805, 1844:811, 1844:817, 1844:826, 1844:829, 1844:1158, 1844:1162, 1844:850, 1844:852, 1844:854, 1844:864, 1844:867, 1844:878, 1844:881, 1844:889, 1844:896, 1844:898, 1844:912, 1844:917, 1844:922, 1844:925, 1844:931, 1847:891, 1847:893, 1847:897, 1847:905, 1847:907, 1847:909, 1847:917, 1847:919, 1847:927, 1847:929, 1847:931, 1847:939, 1847:941, 1847:948, 1847:954, 1847:961, 1847:963, 1847:965, 1847:973, 1847:975, 1847:982","42, 43","1026, 1050, 1071, 1084, 1192, 1688, 1767, 1770, 1796, 1843, 1844, 1847, 1857, 1948, 12","BASELINE, POWER, VOLTAGE, ADDRESS, SOURCE-XML",TIA 호출 조건·주기·중복 쓰기 순서와 전원 재시작 동작 확인; 현재 PLC 프로그램·현장 설치·단자·정상 극성 및 실제 설정값 대조; 시험 기대 결과 확정과 실행 증거 수집; 상태 전환 순서 또는 단일 동작·수동 장치 여부 미확정; 정적 조건에 미해석 참조·호출·타이머 출력 등이 있음,자료 연결 완료 · 동작 확정 검토 중
FN03,연소 공기 블로어,연소·열회수,,자료에서 확인,fn03_fbk (%I4.1); fn03_all_softstarter (%I4.2),start fn03 (%Q3.2),,"FN_03\Allarme1 (DB11,X40.1); FN_03\RispostaA (DB11,X40.0); FN_03\Flag (DB2,X1.5)","1031:1820 Move hours motors.FN_03_HOUR <- ((Tag_47 AND FN03_Fbk) AND [hours motors.FN_03_MIN >= 60]) / Move 입력 1
1031:1823 Move hours motors.FN_03_MIN <- Move UID 1820.eno (블록 동작 확인) / Move 입력 0
1051:2952 Move hours motors.FN_03_HOUR <- Move UID 2949.eno (블록 동작 확인) / Move 입력 0
1084:48 Coil Inputs.FN03 Run <- Flag.M_FN_03 / 조건에 따른 Coil 기록
1801:856 SCoil Allarm.FN03_INV <- ((ON AND Start FN03) AND NOT [Inputs.FN03_All_SoftStarter]) / 조건 성립 시 Set
1801:859 SCoil Allarm.FN_03_FAULT <- (((ON AND Start FN03) AND Tag_66) AND NOT [Inputs.FN03 Run]) / 조건 성립 시 Set
1801:862 RCoil Allarm.FN_03_FAULT <- ((ON AND Flag.RESET_ALLARM) AND Allarm.FN_03_FAULT) / 조건 성립 시 Reset
1801:864 RCoil Allarm.FN03_INV <- ((ON AND Flag.RESET_ALLARM) AND Allarm.FN03_INV) / 조건 성립 시 Reset
1843:545 SCoil Flag.M_FN_03 <- ((((ON AND NOT [Allarm.Emergency_module_fault]) AND [Data.Tipo_preset = 1]) AND Flag.Auto_ON1) AND [Data.Tempo_presetting = 36]) / 조건 성립 시 Set
1844:889 SCoil Flag.M_FN_03 <- ((((ON AND NOT [Allarm.Emergency_module_fault]) AND Flag.Auto_ON1) AND [Data.Tipo_preset = 2]) AND [Data.Tempo_presetting = 56]) / 조건 성립 시 Set
1847:891 RCoil Flag.M_FN_03 <- (((Flag.Auto_ON1 AND [Data.Tipo_preset = 5]) AND [Data.Tempo_presetting = 1]) OR ((Flag.Auto_ON1 AND [Data.Tipo_preset = 5]) AND Allarm.Emergency_module_fault)) / 조건 성립 시 Reset
1866:600 SCoil Flag.M_FN_03 <- (((Flag.Start_Burner AND NOT [Lock Burner]) AND NOT [Flag.M_FN_03]) AND OFF) / 조건 성립 시 Set
1954:745 RCoil Flag.M_FN_03 <- ((ON AND Allarm.FN_03_FAULT) OR (ON AND Allarm.FN03_INV)) / 조건 성립 시 Reset
1954:749 Coil Start FN03 <- (ON AND Flag.M_FN_03) / 조건에 따른 Coil 기록","1843:410, 1843:412, 1843:420, 1843:422, 1843:424, 1843:432, 1843:434, 1843:436, 1843:443, 1843:449, 1843:456, 1843:458, 1843:460, 1843:462, 1843:469, 1843:478, 1843:481, 1843:492, 1843:495, 1843:500, 1843:506, 1843:513, 1843:515, 1843:517, 1843:527, 1843:530, 1843:539, 1843:545, 1843:552, 1843:554, 1843:568, 1843:573, 1843:578, 1843:581, 1843:587, 1844:747, 1844:749, 1844:757, 1844:759, 1844:761, 1844:769, 1844:771, 1844:773, 1844:780, 1844:786, 1844:793, 1844:799, 1844:805, 1844:811, 1844:817, 1844:826, 1844:829, 1844:1158, 1844:1162, 1844:850, 1844:852, 1844:854, 1844:864, 1844:867, 1844:878, 1844:881, 1844:889, 1844:896, 1844:898, 1844:912, 1844:917, 1844:922, 1844:925, 1844:931, 1847:891, 1847:893, 1847:897, 1847:905, 1847:907, 1847:909, 1847:917, 1847:919, 1847:927, 1847:929, 1847:931, 1847:939, 1847:941, 1847:948, 1847:954, 1847:961, 1847:963, 1847:965, 1847:973, 1847:975, 1847:982",1866:611,,"1801:854 SdCoil Tag_66 <- (((ON AND Start FN03) AND NOT [Inputs.FN03 Run]) AND NOT [Memo_M25_Running]) / 시간 동작 SdCoil; 타이머 의미 추가 확인 / 시간 인자 S5T#35S
1801:908 SdCoil Tag_66 <- (((ON AND Start FN03) AND NOT [Inputs.FN03 Run]) AND Memo_M25_Running) / 시간 동작 SdCoil; 타이머 의미 추가 확인 / 시간 인자 S5T#35S","1801:856, 1801:859, 1801:862, 1801:864, 1843:410, 1843:412, 1843:420, 1843:422, 1843:424, 1843:432, 1843:434, 1843:436, 1843:443, 1843:449, 1843:456, 1843:458, 1843:460, 1843:462, 1843:469, 1843:478, 1843:481, 1843:492, 1843:495, 1843:500, 1843:506, 1843:513, 1843:515, 1843:517, 1843:527, 1843:530, 1843:539, 1843:545, 1843:552, 1843:554, 1843:568, 1843:573, 1843:578, 1843:581, 1843:587, 1843:828, 1844:747, 1844:749, 1844:757, 1844:759, 1844:761, 1844:769, 1844:771, 1844:773, 1844:780, 1844:786, 1844:793, 1844:799, 1844:805, 1844:811, 1844:817, 1844:826, 1844:829, 1844:1158, 1844:1162, 1844:850, 1844:852, 1844:854, 1844:864, 1844:867, 1844:878, 1844:881, 1844:889, 1844:896, 1844:898, 1844:912, 1844:917, 1844:922, 1844:925, 1844:931, 1847:891, 1847:893, 1847:897, 1847:905, 1847:907, 1847:909, 1847:917, 1847:919, 1847:927, 1847:929, 1847:931, 1847:939, 1847:941, 1847:948, 1847:954, 1847:961, 1847:963, 1847:965, 1847:973, 1847:975, 1847:982, 1858:232, 1954:745","1801:862, 1801:864, 1843:410, 1843:412, 1843:420, 1843:422, 1843:424, 1843:432, 1843:434, 1843:436, 1843:443, 1843:449, 1843:456, 1843:458, 1843:460, 1843:462, 1843:469, 1843:478, 1843:481, 1843:492, 1843:102, 1843:495, 1843:500, 1843:506, 1843:34, 1843:513, 1843:515, 1843:517, 1843:527, 1843:530, 1843:539, 1843:545, 1843:552, 1843:554, 1843:568, 1843:573, 1843:578, 1843:581, 1843:587, 1843:828, 1843:838, 1844:747, 1844:749, 1844:757, 1844:759, 1844:761, 1844:769, 1844:771, 1844:773, 1844:780, 1844:786, 1844:793, 1844:799, 1844:805, 1844:811, 1844:817, 1844:826, 1844:829, 1844:1158, 1844:1162, 1844:850, 1844:852, 1844:854, 1844:864, 1844:867, 1844:878, 1844:881, 1844:889, 1844:896, 1844:898, 1844:912, 1844:917, 1844:922, 1844:925, 1844:931, 1847:891, 1847:893, 1847:897, 1847:905, 1847:907, 1847:909, 1847:917, 1847:919, 1847:927, 1847:929, 1847:931, 1847:939, 1847:941, 1847:948, 1847:954, 1847:961, 1847:963, 1847:965, 1847:973, 1847:975, 1847:982",51,"1031, 1051, 1084, 1197, 1801, 1843, 1844, 1847, 1858, 1866, 1954","BASELINE, POWER, VOLTAGE, ADDRESS, BR01, SOURCE-XML",TIA 호출 조건·주기·중복 쓰기 순서와 전원 재시작 동작 확인; 현재 PLC 프로그램·현장 설치·단자·정상 극성 및 실제 설정값 대조; 시험 기대 결과 확정과 실행 증거 수집; 상태 전환 순서 또는 단일 동작·수동 장치 여부 미확정; 정적 조건에 미해석 참조·호출·타이머 출력 등이 있음,자료 연결 완료 · 동작 확정 검토 중
FN04,집진 배기팬,집진·석회,,자료에서 확인,fn04_all_inv (%I28.3); fn04_fbk (%I28.2); fn04_current (%IW394),spare_0 (%Q4.2); start fn04 (%Q17.1); fn04_sp (%QW336),,"FN_04\Allarme1 (DB11,X56.1); FN_04\AutoON (DB2,X9.2); FN_04\RispostaA (DB11,X56.0); FN_04\Flag (DB2,X2.4); I_FN04_ABSORPTION (DB13,INT62)","404:313 SCoil Flag.FN_04_AUTO <- ON / 조건 성립 시 Set
1039:2252 Move hours motors.FN_04_HOUR <- ((Tag_47 AND FN04_Fbk) AND [hours motors.FN_04_MIN >= 60]) / Move 입력 1
1039:2255 Move hours motors.FN_04_MIN <- Move UID 2252.eno (블록 동작 확인) / Move 입력 0
1053:3070 Move hours motors.FN_04_HOUR <- Tag_48 / Move 입력 0
1070:118 Coil Inputs.FN04 Run <- FN04_Fbk / 조건에 따른 Coil 기록
1070:120 Coil Inputs.FN04_All_inv <- FN04_All_inv / 조건에 따른 Coil 기록
1071:123 Move Inputs.FN04_ABSORPTION <- Move UID 122.eno (블록 동작 확인) / Move 입력 FN04_Current
1085:51 Coil Inputs.FN04 Run <- Flag.M_FN_04 / 조건에 따른 Coil 기록
1689:831 Move Data.SET_PERC_FN04 <- (ON AND [Data.SET_PERC_FN04 < 5]) / Move 입력 5
1689:839 Move Data.SET_PERC_FN04 <- (ON AND [Data.SET_PERC_FN04 > 100]) / Move 입력 100
1809:1061 SCoil Allarm.FN_04_FAULT <- (((ON AND Start FN04) AND Tag_74) AND NOT [Inputs.FN04 Run]) / 조건 성립 시 Set
1809:1105 SCoil Allarm.FN04_INV <- (((ON AND Start FN04) AND Tag_74) AND Inputs.FN04_All_inv) / 조건 성립 시 Set
1809:1066 RCoil Allarm.FN_04_FAULT <- ((ON AND Flag.RESET_ALLARM) AND Allarm.FN_04_FAULT) / 조건 성립 시 Reset
1809:1113 RCoil Allarm.FN04_INV <- ((ON AND Flag.RESET_ALLARM) AND Allarm.FN04_INV) / 조건 성립 시 Reset
1843:443 SCoil Flag.M_FN_04 <- ((((ON AND NOT [Allarm.Emergency_module_fault]) AND [Data.Tipo_preset = 1]) AND Flag.Auto_ON1) AND [Data.Tempo_presetting = 8]) / 조건 성립 시 Set
1844:780 SCoil Flag.M_FN_04 <- ((((ON AND NOT [Allarm.Emergency_module_fault]) AND Flag.Auto_ON1) AND [Data.Tipo_preset = 2]) AND [Data.Tempo_presetting = 10]) / 조건 성립 시 Set
1847:929 RCoil Flag.M_FN_04 <- (((Flag.Auto_ON1 AND [Data.Tipo_preset = 5]) AND [Data.Tempo_presetting = 13]) OR ((Flag.Auto_ON1 AND [Data.Tipo_preset = 5]) AND Allarm.Emergency_module_fault)) / 조건 성립 시 Reset
1900:1849 Move Data.SET_PERC_FN04 <- PBox UID 1847.out (블록 동작 확인) / Move 입력 20
1964:982 Coil Allarm.Prealarms_FN04 <- (((ON AND Inputs.FN04 Run) AND NOT [Inputs.FEEDBACKMOTOR SC-01]) OR ((ON AND Inputs.FN04 Run) AND NOT [Inputs.VR03 Run]) OR ((ON AND Inputs.FN04 Run) AND NOT [Inputs.FEEDBACKMOTOR SC-10]) OR ((ON AND Inputs.FN04 Run) AND NOT [Inputs.VR04 Run]) OR ((ON AND Inputs.FN04 Run) AND NOT [Inputs.FEEDBACKMOTOR SC-11]) OR ((ON AND Inputs.FN04 Run) AND NOT [Inputs.VR05 Run])) / 조건에 따른 Coil 기록
1964:990 Coil Stop_Fan_FN04 <- ((((ON AND Inputs.FN04 Run) AND NOT [Inputs.FEEDBACKMOTOR SC-01]) OR ((ON AND Inputs.FN04 Run) AND NOT [Inputs.VR03 Run]) OR ((ON AND Inputs.FN04 Run) AND NOT [Inputs.FEEDBACKMOTOR SC-10]) OR ((ON AND Inputs.FN04 Run) AND NOT [Inputs.VR04 Run]) OR ((ON AND Inputs.FN04 Run) AND NOT [Inputs.FEEDBACKMOTOR SC-11]) OR ((ON AND Inputs.FN04 Run) AND NOT [Inputs.VR05 Run])) AND Tag_126) / 조건에 따른 Coil 기록
1965:1010 RCoil Flag.M_FN_04 <- ((ON AND Allarm.FN_04_FAULT) OR (ON AND Allarm.FN04_INV) OR (ON AND [Data.SET_PERC_FN04 = 0]) OR (ON AND Stop_Fan_FN04) OR (ON AND Allarm.MAX_MAX_TC09)) / 조건 성립 시 Reset
1965:1014 Coil Start FN04 <- (ON AND Flag.M_FN_04) / 조건에 따른 Coil 기록","1843:410, 1843:412, 1843:420, 1843:422, 1843:424, 1843:432, 1843:434, 1843:436, 1843:443, 1843:449, 1843:456, 1843:458, 1843:460, 1843:462, 1843:469, 1843:478, 1843:481, 1843:492, 1843:495, 1843:500, 1843:506, 1843:513, 1843:515, 1843:517, 1843:527, 1843:530, 1843:539, 1843:545, 1843:552, 1843:554, 1843:568, 1843:573, 1843:578, 1843:581, 1843:587, 1844:747, 1844:749, 1844:757, 1844:759, 1844:761, 1844:769, 1844:771, 1844:773, 1844:780, 1844:786, 1844:793, 1844:799, 1844:805, 1844:811, 1844:817, 1844:826, 1844:829, 1844:1158, 1844:1162, 1844:850, 1844:852, 1844:854, 1844:864, 1844:867, 1844:878, 1844:881, 1844:889, 1844:896, 1844:898, 1844:912, 1844:917, 1844:922, 1844:925, 1844:931, 1847:891, 1847:893, 1847:897, 1847:905, 1847:907, 1847:909, 1847:917, 1847:919, 1847:927, 1847:929, 1847:931, 1847:939, 1847:941, 1847:948, 1847:954, 1847:961, 1847:963, 1847:965, 1847:973, 1847:975, 1847:982",,,"1809:1055 SdCoil Tag_74 <- (((ON AND Start FN04) AND NOT [Inputs.FN04 Run]) OR ((ON AND Start FN04) AND Inputs.FN04_All_inv)) / 시간 동작 SdCoil; 타이머 의미 추가 확인 / 시간 인자 S5T#17S
1964:985 SdCoil Tag_126 <- (((ON AND Inputs.FN04 Run) AND NOT [Inputs.FEEDBACKMOTOR SC-01]) OR ((ON AND Inputs.FN04 Run) AND NOT [Inputs.VR03 Run]) OR ((ON AND Inputs.FN04 Run) AND NOT [Inputs.FEEDBACKMOTOR SC-10]) OR ((ON AND Inputs.FN04 Run) AND NOT [Inputs.VR04 Run]) OR ((ON AND Inputs.FN04 Run) AND NOT [Inputs.FEEDBACKMOTOR SC-11]) OR ((ON AND Inputs.FN04 Run) AND NOT [Inputs.VR05 Run])) / 시간 동작 SdCoil; 타이머 의미 추가 확인 / 시간 인자 S5T#1H_30M","1809:1061, 1809:1105, 1809:1066, 1809:1113, 1843:410, 1843:412, 1843:420, 1843:422, 1843:424, 1843:432, 1843:434, 1843:436, 1843:443, 1843:449, 1843:456, 1843:458, 1843:460, 1843:462, 1843:469, 1843:478, 1843:481, 1843:492, 1843:495, 1843:500, 1843:506, 1843:513, 1843:515, 1843:517, 1843:527, 1843:530, 1843:539, 1843:545, 1843:552, 1843:554, 1843:568, 1843:573, 1843:578, 1843:581, 1843:587, 1843:828, 1844:747, 1844:749, 1844:757, 1844:759, 1844:761, 1844:769, 1844:771, 1844:773, 1844:780, 1844:786, 1844:793, 1844:799, 1844:805, 1844:811, 1844:817, 1844:826, 1844:829, 1844:1158, 1844:1162, 1844:850, 1844:852, 1844:854, 1844:864, 1844:867, 1844:878, 1844:881, 1844:889, 1844:896, 1844:898, 1844:912, 1844:917, 1844:922, 1844:925, 1844:931, 1847:891, 1847:893, 1847:897, 1847:905, 1847:907, 1847:909, 1847:917, 1847:919, 1847:927, 1847:929, 1847:931, 1847:939, 1847:941, 1847:948, 1847:954, 1847:961, 1847:963, 1847:965, 1847:973, 1847:975, 1847:982, 1857:182, 1964:982, 1965:1010, 1970:1102, 1987:814, 1987:819","1809:1066, 1809:1113, 1843:410, 1843:412, 1843:420, 1843:422, 1843:424, 1843:432, 1843:434, 1843:436, 1843:443, 1843:449, 1843:456, 1843:458, 1843:460, 1843:462, 1843:469, 1843:478, 1843:481, 1843:492, 1843:102, 1843:495, 1843:500, 1843:506, 1843:34, 1843:513, 1843:515, 1843:517, 1843:527, 1843:530, 1843:539, 1843:545, 1843:552, 1843:554, 1843:568, 1843:573, 1843:578, 1843:581, 1843:587, 1843:828, 1843:838, 1844:747, 1844:749, 1844:757, 1844:759, 1844:761, 1844:769, 1844:771, 1844:773, 1844:780, 1844:786, 1844:793, 1844:799, 1844:805, 1844:811, 1844:817, 1844:826, 1844:829, 1844:1158, 1844:1162, 1844:850, 1844:852, 1844:854, 1844:864, 1844:867, 1844:878, 1844:881, 1844:889, 1844:896, 1844:898, 1844:912, 1844:917, 1844:922, 1844:925, 1844:931, 1847:891, 1847:893, 1847:897, 1847:905, 1847:907, 1847:909, 1847:917, 1847:919, 1847:927, 1847:929, 1847:931, 1847:939, 1847:941, 1847:948, 1847:954, 1847:961, 1847:963, 1847:965, 1847:973, 1847:975, 1847:982, 1987:819","59, 60","404, 1039, 1053, 1070, 1071, 1085, 1205, 1689, 1770, 1809, 1843, 1844, 1847, 1857, 1900, 1901, 1964, 1965, 1970, 1987","BASELINE, POWER, VOLTAGE, ADDRESS, FN04, SOURCE-XML",TIA 호출 조건·주기·중복 쓰기 순서와 전원 재시작 동작 확인; 현재 PLC 프로그램·현장 설치·단자·정상 극성 및 실제 설정값 대조; 시험 기대 결과 확정과 실행 증거 수집; 상태 전환 순서 또는 단일 동작·수동 장치 여부 미확정; 정적 조건에 미해석 참조·호출·타이머 출력 등이 있음,자료 연결 완료 · 동작 확정 검토 중
FN05,석회 계통 송풍기,집진·석회,,자료에서 확인,fn05_fbk (%I6.0),start fn05 (%Q4.7),,"FN_05\Allarme1 (DB11,X66.1); FN_05\RispostaA (DB11,X66.0); FN_05\Flag (DB2,X3.1)","1044:2522 Move hours motors.FN_05_HOUR <- ((Tag_47 AND FN05_Fbk) AND [hours motors.FN_05_MIN >= 60]) / Move 입력 1
1044:2525 Move hours motors.FN_05_MIN <- Move UID 2522.eno (블록 동작 확인) / Move 입력 0
1054:3076 Move hours motors.FN_05_HOUR <- Tag_48 / Move 입력 ORef UID 3080
1086:34 Coil Inputs.FN-05 RUN <- Flag.M_FN_05 / 조건에 따른 Coil 기록
1814:1231 SCoil Allarm.FN_05_FAULT <- ((ON AND Start FN05) AND Tag_79) / 조건 성립 시 Set
1814:1236 RCoil Allarm.FN_05_FAULT <- ((ON AND Flag.RESET_ALLARM) AND Allarm.FN_05_FAULT) / 조건 성립 시 Reset
1970:1102 RCoil Flag.M_FN_05 <- ((ON AND Allarm.FN_05_FAULT) OR ((ON AND NOT [Inputs.FN04 Run]) AND NOT [UNDER TESTING])) / 조건 성립 시 Reset
1970:1106 Coil Start FN05 <- (ON AND Flag.M_FN_05) / 조건에 따른 Coil 기록",,,,1814:1225 SdCoil Tag_79 <- ((ON AND Start FN05) AND NOT [Inputs.FN-05 RUN]) / 시간 동작 SdCoil; 타이머 의미 추가 확인 / 시간 인자 S5T#2S,"1814:1231, 1814:1236, 1970:1102, 1971:1125",1814:1236,65,"1044, 1054, 1086, 1210, 1814, 1970, 1971","BASELINE, POWER, VOLTAGE, ADDRESS, SOURCE-XML",TIA 호출 조건·주기·중복 쓰기 순서와 전원 재시작 동작 확인; 현재 PLC 프로그램·현장 설치·단자·정상 극성 및 실제 설정값 대조; 시험 기대 결과 확정과 실행 증거 수집; 자동·수동 모드 전환 및 우선순위 미확정; 상태 전환 순서 또는 단일 동작·수동 장치 여부 미확정; 정적 조건에 미해석 참조·호출·타이머 출력 등이 있음,자료 연결 완료 · 동작 확정 검토 중
FN06,보조 블로어,연소·열회수,,자료에서 확인,fn06_fbk (%I4.3),start fn06 (%Q3.3),,"FN_06\Allarme1 (DB11,X42.1); FN_06\RispostaA (DB11,X42.0); FN_06\Flag (DB2,X3.7)","1032:1874 Move hours motors.FN_06_HOUR <- ((Tag_47 AND FN06_Fbk) AND [hours motors.FN_06_MIN >= 60]) / Move 입력 1
1032:1877 Move hours motors.FN_06_MIN <- Move UID 1874.eno (블록 동작 확인) / Move 입력 0
1051:2955 Move hours motors.FN_06_HOUR <- Move UID 2952.eno (블록 동작 확인) / Move 입력 0
1084:69 Coil Inputs.FEEDBACKMOTOR FN-06 <- Flag.M_FN_06 / 조건에 따른 Coil 기록
1843:554 SCoil Flag.M_FN_06 <- ((((ON AND NOT [Allarm.Emergency_module_fault]) AND [Data.Tipo_preset = 1]) AND Flag.Auto_ON1) AND [Data.Tempo_presetting = 40]) / 조건 성립 시 Set
1844:898 SCoil Flag.M_FN_06 <- ((((ON AND NOT [Allarm.Emergency_module_fault]) AND Flag.Auto_ON1) AND [Data.Tipo_preset = 2]) AND [Data.Tempo_presetting = 60]) / 조건 성립 시 Set
1847:897 RCoil Flag.M_FN_06 <- (((Flag.Auto_ON1 AND [Data.Tipo_preset = 5]) AND [Data.Tempo_presetting = 1]) OR ((Flag.Auto_ON1 AND [Data.Tipo_preset = 5]) AND Allarm.Emergency_module_fault)) / 조건 성립 시 Reset
1955:772 RCoil Flag.M_FN_06 <- ((ON AND Allarm.MBVA01_FAULT) OR ((ON AND NOT [Inputs.RD01 run]) AND NOT [UNDER TESTING])) / 조건 성립 시 Reset
1955:776 Coil Start FN06 <- (ON AND Flag.M_FN_06) / 조건에 따른 Coil 기록","1843:410, 1843:412, 1843:420, 1843:422, 1843:424, 1843:432, 1843:434, 1843:436, 1843:443, 1843:449, 1843:456, 1843:458, 1843:460, 1843:462, 1843:469, 1843:478, 1843:481, 1843:492, 1843:495, 1843:500, 1843:506, 1843:513, 1843:515, 1843:517, 1843:527, 1843:530, 1843:539, 1843:545, 1843:552, 1843:554, 1843:568, 1843:573, 1843:578, 1843:581, 1843:587, 1844:747, 1844:749, 1844:757, 1844:759, 1844:761, 1844:769, 1844:771, 1844:773, 1844:780, 1844:786, 1844:793, 1844:799, 1844:805, 1844:811, 1844:817, 1844:826, 1844:829, 1844:1158, 1844:1162, 1844:850, 1844:852, 1844:854, 1844:864, 1844:867, 1844:878, 1844:881, 1844:889, 1844:896, 1844:898, 1844:912, 1844:917, 1844:922, 1844:925, 1844:931, 1847:891, 1847:893, 1847:897, 1847:905, 1847:907, 1847:909, 1847:917, 1847:919, 1847:927, 1847:929, 1847:931, 1847:939, 1847:941, 1847:948, 1847:954, 1847:961, 1847:963, 1847:965, 1847:973, 1847:975, 1847:982",,,1802:817 SdCoil Tag_67 <- ((ON AND Start FN06) AND NOT [Inputs.FEEDBACKMOTOR FN-06]) / 시간 동작 SdCoil; 타이머 의미 추가 확인 / 시간 인자 S5T#2S,"1802:823, 1802:828, 1843:410, 1843:412, 1843:420, 1843:422, 1843:424, 1843:432, 1843:434, 1843:436, 1843:443, 1843:449, 1843:456, 1843:458, 1843:460, 1843:462, 1843:469, 1843:478, 1843:481, 1843:492, 1843:495, 1843:500, 1843:506, 1843:513, 1843:515, 1843:517, 1843:527, 1843:530, 1843:539, 1843:545, 1843:552, 1843:554, 1843:568, 1843:573, 1843:578, 1843:581, 1843:587, 1843:828, 1844:747, 1844:749, 1844:757, 1844:759, 1844:761, 1844:769, 1844:771, 1844:773, 1844:780, 1844:786, 1844:793, 1844:799, 1844:805, 1844:811, 1844:817, 1844:826, 1844:829, 1844:1158, 1844:1162, 1844:850, 1844:852, 1844:854, 1844:864, 1844:867, 1844:878, 1844:881, 1844:889, 1844:896, 1844:898, 1844:912, 1844:917, 1844:922, 1844:925, 1844:931, 1847:891, 1847:893, 1847:897, 1847:905, 1847:907, 1847:909, 1847:917, 1847:919, 1847:927, 1847:929, 1847:931, 1847:939, 1847:941, 1847:948, 1847:954, 1847:961, 1847:963, 1847:965, 1847:973, 1847:975, 1847:982, 1857:182, 1955:772","1802:828, 1843:410, 1843:412, 1843:420, 1843:422, 1843:424, 1843:432, 1843:434, 1843:436, 1843:443, 1843:449, 1843:456, 1843:458, 1843:460, 1843:462, 1843:469, 1843:478, 1843:481, 1843:492, 1843:102, 1843:495, 1843:500, 1843:506, 1843:34, 1843:513, 1843:515, 1843:517, 1843:527, 1843:530, 1843:539, 1843:545, 1843:552, 1843:554, 1843:568, 1843:573, 1843:578, 1843:581, 1843:587, 1843:828, 1843:838, 1844:747, 1844:749, 1844:757, 1844:759, 1844:761, 1844:769, 1844:771, 1844:773, 1844:780, 1844:786, 1844:793, 1844:799, 1844:805, 1844:811, 1844:817, 1844:826, 1844:829, 1844:1158, 1844:1162, 1844:850, 1844:852, 1844:854, 1844:864, 1844:867, 1844:878, 1844:881, 1844:889, 1844:896, 1844:898, 1844:912, 1844:917, 1844:922, 1844:925, 1844:931, 1847:891, 1847:893, 1847:897, 1847:905, 1847:907, 1847:909, 1847:917, 1847:919, 1847:927, 1847:929, 1847:931, 1847:939, 1847:941, 1847:948, 1847:954, 1847:961, 1847:963, 1847:965, 1847:973, 1847:975, 1847:982",52,"1032, 1051, 1084, 1198, 1802, 1843, 1844, 1847, 1857, 1955","BASELINE, POWER, VOLTAGE, ADDRESS, SOURCE-XML",TIA 호출 조건·주기·중복 쓰기 순서와 전원 재시작 동작 확인; 현재 PLC 프로그램·현장 설치·단자·정상 극성 및 실제 설정값 대조; 시험 기대 결과 확정과 실행 증거 수집; 상태 전환 순서 또는 단일 동작·수동 장치 여부 미확정; 정적 조건에 미해석 참조·호출·타이머 출력 등이 있음,자료 연결 완료 · 동작 확정 검토 중
FN01-FAN,FN01 모터 냉각팬,연소·열회수,FN01,SPARE·삭제 제목,fn01f_fbk (%I4.5),star fan fn01 (%Q3.5),,,,,,,,"1847:891, 1847:893, 1847:897, 1847:905, 1847:907, 1847:909, 1847:917, 1847:919, 1847:927, 1847:929, 1847:931, 1847:939, 1847:941, 1847:948, 1847:954, 1847:961, 1847:963, 1847:965, 1847:973, 1847:975, 1847:982","1847:891, 1847:893, 1847:897, 1847:905, 1847:907, 1847:909, 1847:917, 1847:919, 1847:927, 1847:929, 1847:931, 1847:939, 1847:941, 1847:948, 1847:954, 1847:961, 1847:963, 1847:965, 1847:973, 1847:975, 1847:982",54,"1052, 1847","BASELINE, POWER, VOLTAGE, ADDRESS, FN01-FAN, SOURCE-XML",TIA 호출 조건·주기·중복 쓰기 순서와 전원 재시작 동작 확인; 현재 PLC 프로그램·현장 설치·단자·정상 극성 및 실제 설정값 대조; 시험 기대 결과 확정과 실행 증거 수집; 직접 HMI 설정 미식별: 표시용 가공 태그·상위 화면 여부 확인; 자동·수동 모드 전환 및 우선순위 미확정; 전용 타이머 또는 무지연 동작 여부 미확정; 상태 전환 순서 또는 단일 동작·수동 장치 여부 미확정,자료 연결 완료 · 동작 확정 검토 중
CH01,냉각기,연소·열회수,,자료에서 확인,ch01_fbk (%I4.0),enable start chiller (%Q6.0); start ch01 (%Q3.1),,"CH_01\Allarme1 (DB11,X38.1); CH_01\RispostaA (DB11,X38.0); CH_01\Flag (DB2,X1.4)","1030:1766 Move hours motors.CH_01_HOUR <- ((Tag_47 AND CH01_Fbk) AND [hours motors.CH_01_MIN >= 60]) / Move 입력 1
1030:1769 Move hours motors.CH_01_MIN <- Move UID 1766.eno (블록 동작 확인) / Move 입력 0
1051:2949 Move hours motors.CH_01_HOUR <- Move UID 2946.eno (블록 동작 확인) / Move 입력 0
1084:46 Coil Inputs.CH01 Run <- Flag.M_CH_01 / 조건에 따른 Coil 기록
1761:922 Move Memory encoder.Encoder_CH01 <- NOT [EM_OK] / Move 입력 CNT_Act_1
1763:26 Move Memory encoder.Encoder_CH01_10 <- Div UID 25.eno (블록 동작 확인) / Move 입력 CNTV1_100
1763:28 Move Memory encoder.Encoder_CH01_10 <- (EM_OK AND NOT [fill_unit1.CONTROL_SIGNALS.SW_GATE1]) / Move 입력 0
1763:29 Move Memory encoder.Encoder_CH01 <- (EM_OK AND NOT [fill_unit1.CONTROL_SIGNALS.SW_GATE1]) / Move 입력 INT#0
1800:755 SCoil Allarm.CH_01_FAULT <- ((ON AND Start CH01) AND Tag_65) / 조건 성립 시 Set
1800:760 RCoil Allarm.CH_01_FAULT <- ((ON AND Flag.RESET_ALLARM) AND Allarm.CH_01_FAULT) / 조건 성립 시 Reset
1843:517 RCoil Flag.M_CH_01 <- ((((ON AND NOT [Allarm.Emergency_module_fault]) AND [Data.Tipo_preset = 1]) AND Flag.Auto_ON1) AND [Data.Tempo_presetting = 28]) / 조건 성립 시 Reset
1844:854 SCoil Flag.M_CH_01 <- ((((ON AND NOT [Allarm.Emergency_module_fault]) AND Flag.Auto_ON1) AND [Data.Tipo_preset = 2]) AND [Data.Tempo_presetting = 46]) / 조건 성립 시 Set
1847:905 RCoil Flag.M_CH_01 <- (((Flag.Auto_ON1 AND [Data.Tipo_preset = 5]) AND [Data.Tempo_presetting = 5]) OR ((Flag.Auto_ON1 AND [Data.Tipo_preset = 5]) AND Allarm.Emergency_module_fault)) / 조건 성립 시 Reset
1953:729 RCoil Flag.M_CH_01 <- ((ON AND ServiceBit) AND Allarm.CH_01_FAULT) / 조건 성립 시 Reset
1953:736 Coil Start CH01 <- ((ON AND ServiceBit) AND Flag.M_CH_01) / 조건에 따른 Coil 기록
1953:744 Coil Enable start chiller <- (((ON AND ServiceBit) AND Flag.M_CH_01) AND Tag_123) / 조건에 따른 Coil 기록","1843:410, 1843:412, 1843:420, 1843:422, 1843:424, 1843:432, 1843:434, 1843:436, 1843:443, 1843:449, 1843:456, 1843:458, 1843:460, 1843:462, 1843:469, 1843:478, 1843:481, 1843:492, 1843:495, 1843:500, 1843:506, 1843:513, 1843:515, 1843:517, 1843:527, 1843:530, 1843:539, 1843:545, 1843:552, 1843:554, 1843:568, 1843:573, 1843:578, 1843:581, 1843:587, 1844:747, 1844:749, 1844:757, 1844:759, 1844:761, 1844:769, 1844:771, 1844:773, 1844:780, 1844:786, 1844:793, 1844:799, 1844:805, 1844:811, 1844:817, 1844:826, 1844:829, 1844:1158, 1844:1162, 1844:850, 1844:852, 1844:854, 1844:864, 1844:867, 1844:878, 1844:881, 1844:889, 1844:896, 1844:898, 1844:912, 1844:917, 1844:922, 1844:925, 1844:931, 1847:891, 1847:893, 1847:897, 1847:905, 1847:907, 1847:909, 1847:917, 1847:919, 1847:927, 1847:929, 1847:931, 1847:939, 1847:941, 1847:948, 1847:954, 1847:961, 1847:963, 1847:965, 1847:973, 1847:975, 1847:982",,,"1763:29 Move Memory encoder.Encoder_CH01 <- (EM_OK AND NOT [fill_unit1.CONTROL_SIGNALS.SW_GATE1]) / Move 입력 INT#0
1800:749 SdCoil Tag_65 <- ((ON AND Start CH01) AND NOT [Inputs.CH01 Run]) / 시간 동작 SdCoil; 타이머 의미 추가 확인 / 시간 인자 S5T#2S
1953:739 SdCoil Tag_123 <- ((ON AND ServiceBit) AND Flag.M_CH_01) / 시간 동작 SdCoil; 타이머 의미 추가 확인 / 시간 인자 S5T#10S","1800:755, 1800:760, 1843:410, 1843:412, 1843:420, 1843:422, 1843:424, 1843:432, 1843:434, 1843:436, 1843:443, 1843:449, 1843:456, 1843:458, 1843:460, 1843:462, 1843:469, 1843:478, 1843:481, 1843:492, 1843:495, 1843:500, 1843:506, 1843:513, 1843:515, 1843:517, 1843:527, 1843:530, 1843:539, 1843:545, 1843:552, 1843:554, 1843:568, 1843:573, 1843:578, 1843:581, 1843:587, 1843:828, 1844:747, 1844:749, 1844:757, 1844:759, 1844:761, 1844:769, 1844:771, 1844:773, 1844:780, 1844:786, 1844:793, 1844:799, 1844:805, 1844:811, 1844:817, 1844:826, 1844:829, 1844:1158, 1844:1162, 1844:850, 1844:852, 1844:854, 1844:864, 1844:867, 1844:878, 1844:881, 1844:889, 1844:896, 1844:898, 1844:912, 1844:917, 1844:922, 1844:925, 1844:931, 1847:891, 1847:893, 1847:897, 1847:905, 1847:907, 1847:909, 1847:917, 1847:919, 1847:927, 1847:929, 1847:931, 1847:939, 1847:941, 1847:948, 1847:954, 1847:961, 1847:963, 1847:965, 1847:973, 1847:975, 1847:982, 1953:729","1800:760, 1843:410, 1843:412, 1843:420, 1843:422, 1843:424, 1843:432, 1843:434, 1843:436, 1843:443, 1843:449, 1843:456, 1843:458, 1843:460, 1843:462, 1843:469, 1843:478, 1843:481, 1843:492, 1843:102, 1843:495, 1843:500, 1843:506, 1843:34, 1843:513, 1843:515, 1843:517, 1843:527, 1843:530, 1843:539, 1843:545, 1843:552, 1843:554, 1843:568, 1843:573, 1843:578, 1843:581, 1843:587, 1843:828, 1843:838, 1844:747, 1844:749, 1844:757, 1844:759, 1844:761, 1844:769, 1844:771, 1844:773, 1844:780, 1844:786, 1844:793, 1844:799, 1844:805, 1844:811, 1844:817, 1844:826, 1844:829, 1844:1158, 1844:1162, 1844:850, 1844:852, 1844:854, 1844:864, 1844:867, 1844:878, 1844:881, 1844:889, 1844:896, 1844:898, 1844:912, 1844:917, 1844:922, 1844:925, 1844:931, 1847:891, 1847:893, 1847:897, 1847:905, 1847:907, 1847:909, 1847:917, 1847:919, 1847:927, 1847:929, 1847:931, 1847:939, 1847:941, 1847:948, 1847:954, 1847:961, 1847:963, 1847:965, 1847:973, 1847:975, 1847:982",50,"1030, 1051, 1084, 1196, 1761, 1763, 1800, 1843, 1844, 1847, 1953","BASELINE, POWER, VOLTAGE, ADDRESS, SOURCE-XML",TIA 호출 조건·주기·중복 쓰기 순서와 전원 재시작 동작 확인; 현재 PLC 프로그램·현장 설치·단자·정상 극성 및 실제 설정값 대조; 시험 기대 결과 확정과 실행 증거 수집; 상태 전환 순서 또는 단일 동작·수동 장치 여부 미확정; 정적 조건에 미해석 참조·호출·타이머 출력 등이 있음,자료 연결 완료 · 동작 확정 검토 중
MV01,모터 구동 밸브,제어 밸브,,자료에서 확인,mv01_fbk_opening (%I3.2); mv01_fbk_closing (%I3.3); mv01_open (%I8.1); mv01_close (%I8.2),start open mv-01 (%Q2.4); start close mv-01 (%Q2.5),down mv01 pid (%M12.1); up mv01 pid (%M12.0),"RESET_ENC_MV01 (DB41,X50.5); MV_01\LimitSwitchOpen (DB11,X18.3); MV_01\LimitSwitchClose (DB11,X18.4); MV_01\Flag_OPEN (DB2,X3.3); MV_01\AutoMan (DB2,X7.2); MV_01\OutputOpen (DB11,X18.0); MV_01\Flag_CLOSE (DB2,X3.4); MV_01\Allarme1 (DB11,X18.2); MV_01\OutputClose (DB11,X18.1)","404:293 SCoil Flag.MV01_Auto <- ON / 조건 성립 시 Set
1083:43 Coil Inputs.MV01 Run_Opening <- Start Open MV-01 / 조건에 따른 Coil 기록
1083:45 Coil Inputs.MV01 Run_Closing <- Start Close MV-01 / 조건에 따른 Coil 기록
1083:151 Coil Inputs.MV01 Open <- [Data.Pot_MV01 >= 98] / 조건에 따른 Coil 기록
1083:349 Coil Inputs.MV01 Close <- [Data.Pot_MV01 <= 2] / 조건에 따른 Coil 기록
1226:254 SCoil Allarm.MV01_FAULT <- ((((ON AND Start Open MV-01) AND NOT [Inputs.MV01 Run_Opening]) OR ((ON AND Start Close MV-01) AND NOT [Inputs.MV01 Run_Closing])) AND Tag_92) / 조건 성립 시 Set
1226:342 RCoil Allarm.MV01_FAULT <- ((ON AND Flag.RESET_ALLARM) AND Allarm.MV01_FAULT) / 조건 성립 시 Reset
1702:119 RCoil Flag.M_MV01_OPEN <- ((ON AND Inputs.MV01 Open) OR (ON AND Flag.M_MV01_Close) OR (ON AND Flag.MV01_Auto)) / 조건 성립 시 Reset
1702:126 RCoil Flag.M_MV01_Close <- ((ON AND Inputs.MV01 Close) OR (ON AND Flag.M_MV01_OPEN) OR (ON AND Flag.MV01_Auto)) / 조건 성립 시 Reset
1702:143 Coil Start Open MV-01 <- (((((((((ON AND NOT [Allarm.MV01_FAULT]) AND Flag.MV01_Auto) AND UP MV01 PID) OR ((ON AND NOT [Allarm.MV01_FAULT]) AND Flag.M_MV01_OPEN)) AND MV WORK PULSE) OR (((((ON AND NOT [Allarm.MV01_FAULT]) AND Flag.MV01_Auto) AND UP MV01 PID) OR ((ON AND NOT [Allarm.MV01_FAULT]) AND Flag.M_MV01_OPEN)) AND ORef UID 172)) AND NOT [Start Close MV-01]) AND NOT [Inputs.MV01 Open]) AND NOT [HMI_DB.ResetEncoderProcedure_MV01]) / 조건에 따른 Coil 기록
1702:156 Coil Start Close MV-01 <- ((((((((ON AND NOT [Allarm.MV01_FAULT]) AND Flag.MV01_Auto) AND DOWN MV01 PID) OR ((ON AND NOT [Allarm.MV01_FAULT]) AND Flag.M_MV01_Close)) AND MV WORK PULSE) OR (((((ON AND NOT [Allarm.MV01_FAULT]) AND Flag.MV01_Auto) AND DOWN MV01 PID) OR ((ON AND NOT [Allarm.MV01_FAULT]) AND Flag.M_MV01_Close)) AND ON) OR ((ON AND NOT [Allarm.MV01_FAULT]) AND HMI_DB.ResetEncoderProcedure_MV01)) AND NOT [Start Open MV-01]) AND NOT [Inputs.MV01 Close]) / 조건에 따른 Coil 기록
1703:23 Move MV01_Encoder.NewCountValue <- (HMI_DB.ResetEncoderProcedure_MV01 AND Inputs.MV01 Close) / Move 입력 0
1703:25 Coil MV01_Encoder.SetCountValue <- (Move UID 23.eno (블록 동작 확인) AND NOT [MV01_Encoder.SetCountValue]) / 조건에 따른 Coil 기록
1703:26 RCoil HMI_DB.ResetEncoderProcedure_MV01 <- Coil UID 25.out (블록 동작 확인) / 조건 성립 시 Reset
1714:1598 SCoil Allarm.MV01_FAULT <- (ON AND [WorkData.W33 > 2000]) / 조건 성립 시 Set
1714:1612 SCoil Allarm.MV01_FAULT <- (ON AND [WorkData.W34 < -2000]) / 조건 성립 시 Set","1702:119, 1702:126, 1702:143, 1702:156",,,"1226:249 SdCoil Tag_92 <- (((ON AND Start Open MV-01) AND NOT [Inputs.MV01 Run_Opening]) OR ((ON AND Start Close MV-01) AND NOT [Inputs.MV01 Run_Closing])) / 시간 동작 SdCoil; 타이머 의미 추가 확인 / 시간 인자 S5T#150mS
1226:265 SdCoil Tag_93 <- (((ON AND Open MV02) AND NOT [Inputs.MV02 RUN_Opening]) OR ((ON AND Close MV02) AND NOT [Inputs.MV02 RUN_Closing])) / 시간 동작 SdCoil; 타이머 의미 추가 확인 / 시간 인자 S5T#150MS
1226:281 SdCoil Tag_94 <- (((ON AND Start open MV03) AND NOT [Inputs.MV03 Run_Opening]) OR ((ON AND Start Close MV03) AND NOT [Inputs.MV03 Run_Closing])) / 시간 동작 SdCoil; 타이머 의미 추가 확인 / 시간 인자 S5T#150S
1226:313 SdCoil Tag_96 <- (((ON AND Open MV05) AND NOT [Inputs.MV05 RUN_Opening]) OR ((ON AND Close MV05) AND NOT [Inputs.MV05 RUN_Closing])) / 시간 동작 SdCoil; 타이머 의미 추가 확인 / 시간 인자 S5T#150MS
1226:329 SdCoil Tag_97 <- (((ON AND Open MV06) AND NOT [Inputs.MV06 Run_Opening]) OR ((ON AND Close MV06) AND NOT [Inputs.MV06 Run_Closing])) / 시간 동작 SdCoil; 타이머 의미 추가 확인 / 시간 인자 S5T#150MS
1762:1052 Move Memory encoder.Encoder_CH00 <- (EM_OK AND NOT [fill_unit1.CONTROL_SIGNALS.SW_GATE0]) / Move 입력 INT#0","1226:254, 1226:270, 1226:286, 1226:318, 1226:334, 1226:342, 1226:346, 1226:350, 1226:354, 1226:358, 1226:362, 1702:143, 1702:156, 1714:1598, 1714:1612, 1714:1630, 1714:1644, 1714:1662, 1714:1676, 1714:1694, 1714:1708, 1714:1726, 1714:1740, 1714:1758, 1714:1772","1226:342, 1226:346, 1226:350, 1226:354, 1226:358, 1226:362, 1702:143, 1702:156, 1703:23, 1703:26","44, 45","404, 1083, 1190, 1226, 1702, 1703, 1713, 1714, 1756, 1762, 11","BASELINE, POWER, VOLTAGE, ADDRESS, SOURCE-XML, PID-TM",TIA 호출 조건·주기·중복 쓰기 순서와 전원 재시작 동작 확인; 현재 PLC 프로그램·현장 설치·단자·정상 극성 및 실제 설정값 대조; 시험 기대 결과 확정과 실행 증거 수집; 상태 전환 순서 또는 단일 동작·수동 장치 여부 미확정; 정적 조건에 미해석 참조·호출·타이머 출력 등이 있음,자료 연결 완료 · 동작 확정 검토 중
MV02,모터 구동 밸브,제어 밸브,,자료에서 확인,mv02_05_06_power_ok (%I1.4); mv02_fbk_opening (%I2.2); mv02_open (%I7.3); mv02_fbk_closing (%I2.3); mv02_05_06_inv_all (%I1.5); mv02_close (%I7.4); psh01 (%IW284),open mv02 (%Q1.5); close mv02 (%Q1.6); start aux inv (%Q1.0),close mv02 pid (%M11.7); open mv02 pid (%M11.6); pid mv02 down (%M14.1); pid mv02 up (%M14.0),"MV_02\OutputOpen (DB11,X20.0); MV_02\AutoMan (DB2,X6.7); MV_02\Allarme1 (DB11,X20.2); MV_02\OutputClose (DB11,X20.1); MV_02\LimitSwitchOpen (DB11,X20.3); MV_02\LimitSwitchClose (DB11,X20.4); MV_02\Flag_CLOSE (DB2,X9.5); MV_02\Flag_OPEN (DB2,X9.6)","396:70 Move Data.Pot_MV02 <- (OFF AND [Data.Pot_MV02 > 100]) / Move 입력 0
404:297 SCoil Flag.MV02_Auto <- ON / 조건 성립 시 Set
1083:355 Coil Inputs.MV02 RUN_Opening <- Open MV02 / 조건에 따른 Coil 기록
1083:360 Coil Inputs.MV02 RUN_Closing <- Close MV02 / 조건에 따른 Coil 기록
1083:365 Coil Inputs.MV02 Open <- [Data.Pot_MV02 < 98] / 조건에 따른 Coil 기록
1083:367 Coil Inputs.MV02 Close <- [Data.Pot_MV02 > 2] / 조건에 따른 Coil 기록
1226:270 SCoil Allarm.MV02_FAULT <- ((((ON AND Open MV02) AND NOT [Inputs.MV02 RUN_Opening]) OR ((ON AND Close MV02) AND NOT [Inputs.MV02 RUN_Closing])) AND Tag_93) / 조건 성립 시 Set
1226:346 RCoil Allarm.MV02_FAULT <- ((ON AND Flag.RESET_ALLARM) AND Allarm.MV02_FAULT) / 조건 성립 시 Reset
1704:203 RCoil Flag.M_MV02_OPEN <- ((NOT [ON] AND NOT [Inputs.MV02 Open]) OR (NOT [ON] AND Flag.M_MV02_CLOSE) OR (NOT [ON] AND Flag.MV02_Auto)) / 조건 성립 시 Reset
1704:210 RCoil Flag.M_MV02_CLOSE <- ((NOT [ON] AND NOT [Inputs.MV02 Close]) OR (NOT [ON] AND Flag.M_MV02_OPEN) OR (NOT [ON] AND Flag.MV02_Auto)) / 조건 성립 시 Reset
1704:227 Coil Open MV02 <- ((((((((NOT [ON] AND NOT [Allarm.MV02_FAULT]) AND Flag.MV02_Auto) AND PID MV02 UP) OR ((NOT [ON] AND NOT [Allarm.MV02_FAULT]) AND Flag.M_MV02_OPEN)) AND MV WORK PULSE) OR (((((NOT [ON] AND NOT [Allarm.MV02_FAULT]) AND Flag.MV02_Auto) AND PID MV02 UP) OR ((NOT [ON] AND NOT [Allarm.MV02_FAULT]) AND Flag.M_MV02_OPEN)) AND ON)) AND NOT [Close MV02]) AND Inputs.MV02 Open) / 조건에 따른 Coil 기록
1704:240 Coil Close MV02 <- ((((((((NOT [ON] AND NOT [Allarm.MV02_FAULT]) AND Flag.MV02_Auto) AND PID MV02 Down) OR ((NOT [ON] AND NOT [Allarm.MV02_FAULT]) AND Flag.M_MV02_CLOSE)) AND MV WORK PULSE) OR (((((NOT [ON] AND NOT [Allarm.MV02_FAULT]) AND Flag.MV02_Auto) AND PID MV02 Down) OR ((NOT [ON] AND NOT [Allarm.MV02_FAULT]) AND Flag.M_MV02_CLOSE)) AND ON)) AND NOT [Open MV02]) AND Inputs.MV02 Close) / 조건에 따른 Coil 기록
1714:1630 SCoil Allarm.MV02_FAULT <- (ON AND [WorkData.W35 > 1000]) / 조건 성립 시 Set
1714:1644 SCoil Allarm.MV02_FAULT <- (ON AND [WorkData.W36 < -1000]) / 조건 성립 시 Set","1704:203, 1704:210, 1704:227, 1704:240",,,"1226:249 SdCoil Tag_92 <- (((ON AND Start Open MV-01) AND NOT [Inputs.MV01 Run_Opening]) OR ((ON AND Start Close MV-01) AND NOT [Inputs.MV01 Run_Closing])) / 시간 동작 SdCoil; 타이머 의미 추가 확인 / 시간 인자 S5T#150mS
1226:265 SdCoil Tag_93 <- (((ON AND Open MV02) AND NOT [Inputs.MV02 RUN_Opening]) OR ((ON AND Close MV02) AND NOT [Inputs.MV02 RUN_Closing])) / 시간 동작 SdCoil; 타이머 의미 추가 확인 / 시간 인자 S5T#150MS
1226:281 SdCoil Tag_94 <- (((ON AND Start open MV03) AND NOT [Inputs.MV03 Run_Opening]) OR ((ON AND Start Close MV03) AND NOT [Inputs.MV03 Run_Closing])) / 시간 동작 SdCoil; 타이머 의미 추가 확인 / 시간 인자 S5T#150S
1226:313 SdCoil Tag_96 <- (((ON AND Open MV05) AND NOT [Inputs.MV05 RUN_Opening]) OR ((ON AND Close MV05) AND NOT [Inputs.MV05 RUN_Closing])) / 시간 동작 SdCoil; 타이머 의미 추가 확인 / 시간 인자 S5T#150MS
1226:329 SdCoil Tag_97 <- (((ON AND Open MV06) AND NOT [Inputs.MV06 Run_Opening]) OR ((ON AND Close MV06) AND NOT [Inputs.MV06 Run_Closing])) / 시간 동작 SdCoil; 타이머 의미 추가 확인 / 시간 인자 S5T#150MS
1763:29 Move Memory encoder.Encoder_CH01 <- (EM_OK AND NOT [fill_unit1.CONTROL_SIGNALS.SW_GATE1]) / Move 입력 INT#0","1226:254, 1226:270, 1226:286, 1226:318, 1226:334, 1226:342, 1226:346, 1226:350, 1226:354, 1226:358, 1226:362, 1704:227, 1704:240, 1714:1598, 1714:1612, 1714:1630, 1714:1644, 1714:1662, 1714:1676, 1714:1694, 1714:1708, 1714:1726, 1714:1740, 1714:1758, 1714:1772","1226:342, 1226:346, 1226:350, 1226:354, 1226:358, 1226:362","30, 31, 36, 37","396, 404, 1083, 1189, 1226, 1704, 1713, 1714, 1757, 1763, 7","BASELINE, POWER, VOLTAGE, ADDRESS, SOURCE-XML, PID-TM",TIA 호출 조건·주기·중복 쓰기 순서와 전원 재시작 동작 확인; 현재 PLC 프로그램·현장 설치·단자·정상 극성 및 실제 설정값 대조; 시험 기대 결과 확정과 실행 증거 수집; 상태 전환 순서 또는 단일 동작·수동 장치 여부 미확정; 정적 조건에 미해석 참조·호출·타이머 출력 등이 있음,자료 연결 완료 · 동작 확정 검토 중
MV03,모터 구동 밸브,제어 밸브,,자료에서 확인,mv03_fbk_opening (%I2.4); mv03_fbk_closing (%I2.5); mv03_open (%I7.5); mv03_close (%I7.6); psh02 (%IW286),start open mv03 (%Q1.7); start close mv03 (%Q2.0),close mv03 for burner startup (%M180.5); pid down mv03 (%M14.5); pid up mv03 (%M14.4); open mv03 for washing (%M48.1),"RESET_ENC_MV03 (DB41,X50.6); MV_03\LimitSwitchClose (DB11,X22.4); MV_03\Flag_OPEN (DB2,X9.7); MV_03\Flag_CLOSE (DB2,X10.0); MV_03\Allarme1 (DB11,X22.2); MV_03\AutoMan (DB2,X7.0); MV_03\OutputOpen (DB11,X22.0); MV_03\OutputClose (DB11,X22.1); MV_03\LimitSwitchOpen (DB11,X22.3)","404:300 SCoil Flag.MV03_Auto <- ON / 조건 성립 시 Set
1070:147 Coil Inputs.MV03 open <- NOT [MV03_Open] / 조건에 따른 Coil 기록
1070:151 Coil Inputs.MV03 Close <- NOT [MV03_Close] / 조건에 따른 Coil 기록
1083:489 Coil Inputs.MV03 Run_Opening <- Start open MV03 / 조건에 따른 Coil 기록
1083:494 Coil Inputs.MV03 Run_Closing <- Start Close MV03 / 조건에 따른 Coil 기록
1083:499 Coil Inputs.MV03 open <- [Data.Pot_MV03 < 98] / 조건에 따른 Coil 기록
1083:501 Coil Inputs.MV03 Close <- [Data.Pot_MV03 > 2] / 조건에 따른 Coil 기록
1226:286 SCoil Allarm.MV03_FAULT <- ((((ON AND Start open MV03) AND NOT [Inputs.MV03 Run_Opening]) OR ((ON AND Start Close MV03) AND NOT [Inputs.MV03 Run_Closing])) AND Tag_94) / 조건 성립 시 Set
1226:350 RCoil Allarm.MV03_FAULT <- ((ON AND Flag.RESET_ALLARM) AND Allarm.MV03_FAULT) / 조건 성립 시 Reset
1705:279 Coil PID down MV03 <- ((ON AND NOT [Tag_148]) AND [ErrPSH03 >= 5]) / 조건에 따른 Coil 기록
1705:285 Coil PID UP MV03 <- ((ON AND NOT [Tag_148]) AND [ErrPSH03 < -5]) / 조건에 따른 Coil 기록
1706:362 RCoil Flag.M_MV03_OPEN <- ((ON AND Inputs.MV03 open) OR (ON AND Flag.M_MV03_CLOSE) OR (ON AND Flag.MV03_Auto)) / 조건 성립 시 Reset
1706:369 RCoil Flag.M_MV03_CLOSE <- ((ON AND Inputs.MV03 Close) OR (ON AND Flag.M_MV03_OPEN) OR (ON AND Flag.MV03_Auto)) / 조건 성립 시 Reset
1706:46 RCoil Close MV03 for Burner Startup <- (ON AND Inputs.MV03 Close) / 조건 성립 시 Reset
1706:390 Coil Start open MV03 <- (((((((ON AND NOT [Allarm.MV03_FAULT]) AND Flag.MV03_Auto) AND PID UP MV03) AND MV WORK PULSE) OR ((((ON AND NOT [Allarm.MV03_FAULT]) AND Flag.MV03_Auto) AND PID UP MV03) AND ON) OR (((ON AND NOT [Allarm.MV03_FAULT]) AND Flag.M_MV03_OPEN) AND MV WORK PULSE) OR (((ON AND NOT [Allarm.MV03_FAULT]) AND Flag.M_MV03_OPEN) AND ON) OR ((ON AND NOT [Allarm.MV03_FAULT]) AND Open MV03 for washing)) AND NOT [HMI_DB.ResetEncoderProcedure_MV03]) AND NOT [Inputs.MV03 open]) / 조건에 따른 Coil 기록
1706:407 Coil Start Close MV03 <- ((((((((ON AND NOT [Allarm.MV03_FAULT]) AND Flag.MV03_Auto) AND PID down MV03) AND MV WORK PULSE) OR ((((ON AND NOT [Allarm.MV03_FAULT]) AND Flag.MV03_Auto) AND PID down MV03) AND ON) OR (((ON AND NOT [Allarm.MV03_FAULT]) AND Flag.M_MV03_CLOSE) AND MV WORK PULSE) OR (((ON AND NOT [Allarm.MV03_FAULT]) AND Flag.M_MV03_CLOSE) AND ON) OR ((ON AND NOT [Allarm.MV03_FAULT]) AND Close MV03 for Burner Startup)) AND NOT [Open MV03 for washing]) OR ((ON AND NOT [Allarm.MV03_FAULT]) AND HMI_DB.ResetEncoderProcedure_MV03)) AND NOT [Inputs.MV03 Close]) / 조건에 따른 Coil 기록
1707:32 Move MV03_Encoder.NewCountValue <- (HMI_DB.ResetEncoderProcedure_MV03 AND Inputs.MV03 Close) / Move 입력 0
1707:44 Coil MV03_Encoder.SetCountValue <- (Move UID 32.eno (블록 동작 확인) AND NOT [MV03_Encoder.SetCountValue]) / 조건에 따른 Coil 기록
1707:48 RCoil HMI_DB.ResetEncoderProcedure_MV03 <- Coil UID 44.out (블록 동작 확인) / 조건 성립 시 Reset
1714:1662 SCoil Allarm.MV03_FAULT <- (ON AND [WorkData.W29 > 3400]) / 조건 성립 시 Set
1714:1676 SCoil Allarm.MV03_FAULT <- (ON AND [WorkData.W30 < -3400]) / 조건 성립 시 Set
1868:1127 RCoil Open MV03 for washing <- (ON AND NOT [Enable start burner(1)]) / 조건 성립 시 Reset
1868:1669 SCoil Close MV03 for Burner Startup <- (((ON AND NOT [Enable start burner(1)]) AND NOT [Inputs.MV03 Close]) AND Inputs.MV03 Close) / 조건 성립 시 Set
1868:1176 SCoil Open MV03 for washing <- ((ON AND Enable start burner(1)) AND [WorkData.BR01_State = 1]) / 조건 성립 시 Set
1868:1237 RCoil Open MV03 for washing <- ((ON AND Enable start burner(1)) AND [WorkData.BR01_State = 4]) / 조건 성립 시 Reset
1868:1303 RCoil Open MV03 for washing <- ((ON AND Enable start burner(1)) AND [WorkData.BR01_State = 7]) / 조건 성립 시 Reset
1868:1306 SCoil Close MV03 for Burner Startup <- ((ON AND Enable start burner(1)) AND [WorkData.BR01_State = 7]) / 조건 성립 시 Set","1706:362, 1706:369, 1706:390, 1706:407","1868:1122, 1868:1127, 1868:1669, 1868:1130, 1868:1146, 1868:1154, 1868:1159, 1868:1171, 1868:1176, 1868:1179, 1868:1188, 1868:1199, 1868:1215, 1868:1220, 1868:1232, 1868:1237, 1868:1240, 1868:1251, 1868:1262, 1868:1267, 1868:1281, 1868:1289, 1868:1300, 1868:1303, 1868:1306, 1868:1309, 1868:1318, 1868:1329, 1868:1334, 1868:1342, 1868:1354, 1868:1358, 1868:1363","1868:1146 Move WorkData.BR01_State <- (((ON AND Enable start burner(1)) AND [WorkData.BR01_State = 0]) AND [Manage_TC1_2.PID_Ref_Temp >= 500.0]) / Move 입력 7
1868:1154 Move WorkData.BR01_State <- (((ON AND Enable start burner(1)) AND [WorkData.BR01_State = 0]) AND [Manage_TC1_2.PID_Ref_Temp < 500.0]) / Move 입력 1
1868:1159 Move WorkData.BR01_CleanTime <- ((ON AND Enable start burner(1)) AND [WorkData.BR01_State = 0]) / Move 입력 0
1868:1171 Move Data.Burner_Panel_SetPoint <- (((ON AND Enable start burner(1)) AND [WorkData.BR01_State = 1]) AND OFF) / Move 입력 Data.Max_PRC_BR1
1868:1176 SCoil Open MV03 for washing <- ((ON AND Enable start burner(1)) AND [WorkData.BR01_State = 1]) / 조건 성립 시 Set
1868:1179 Move WorkData.BR01_State <- ((ON AND Enable start burner(1)) AND [WorkData.BR01_State = 1]) / Move 입력 2
1868:1188 Move WorkData.BR01_State <- (((ON AND Enable start burner(1)) AND [WorkData.BR01_State = 2]) AND NOT [Inputs.MV03 open]) / Move 입력 3
1868:1199 SdCoil Tag_143 <- ((ON AND Enable start burner(1)) AND [WorkData.BR01_State = 3]) / 시간 동작 SdCoil; 타이머 의미 추가 확인 / 시간 인자 S5T#4M
1868:1215 SdCoil Tag_142 <- ((((ON AND Enable start burner(1)) AND [WorkData.BR01_State = 3]) AND ON) AND NOT [Tag_142]) / 시간 동작 SdCoil; 타이머 의미 추가 확인 / 시간 인자 S5T#1S
1868:1220 Move WorkData.BR01_State <- (((ON AND Enable start burner(1)) AND [WorkData.BR01_State = 3]) AND Tag_143) / Move 입력 4
1868:1232 Move Data.Burner_Panel_SetPoint <- (((ON AND Enable start burner(1)) AND [WorkData.BR01_State = 4]) AND OFF) / Move 입력 0
1868:1237 RCoil Open MV03 for washing <- ((ON AND Enable start burner(1)) AND [WorkData.BR01_State = 4]) / 조건 성립 시 Reset
1868:1240 Move WorkData.BR01_State <- ((ON AND Enable start burner(1)) AND [WorkData.BR01_State = 4]) / Move 입력 5
1868:1251 Move WorkData.BR01_State <- ((((ON AND Enable start burner(1)) AND [WorkData.BR01_State = 5]) AND Inputs.MV03 Close) OR (((ON AND Enable start burner(1)) AND [WorkData.BR01_State = 5]) AND ON)) / Move 입력 6
1868:1262 SdCoil Tag_144 <- ((ON AND Enable start burner(1)) AND [WorkData.BR01_State = 6]) / 시간 동작 SdCoil; 타이머 의미 추가 확인 / 시간 인자 S5T#1S
1868:1267 Move WorkData.BR01_State <- (((ON AND Enable start burner(1)) AND [WorkData.BR01_State = 6]) AND Tag_144) / Move 입력 7
1868:1281 Move WorkData.BR01_State <- (((ON AND Enable start burner(1)) AND [WorkData.BR01_State = 77]) AND [Data.Oxigen_RO01 >= 60]) / Move 입력 7
1868:1289 Move WorkData.BR01_State <- (((ON AND Enable start burner(1)) AND [WorkData.BR01_State = 77]) AND [Data.Oxigen_RO01 < 60]) / Move 입력 0
1868:1300 SCoil Enable start burner <- ((ON AND Enable start burner(1)) AND [WorkData.BR01_State = 7]) / 조건 성립 시 Set
1868:1303 RCoil Open MV03 for washing <- ((ON AND Enable start burner(1)) AND [WorkData.BR01_State = 7]) / 조건 성립 시 Reset
1868:1306 SCoil Close MV03 for Burner Startup <- ((ON AND Enable start burner(1)) AND [WorkData.BR01_State = 7]) / 조건 성립 시 Set
1868:1309 Move WorkData.BR01_State <- ((ON AND Enable start burner(1)) AND [WorkData.BR01_State = 7]) / Move 입력 8
1868:1318 Move WorkData.BR01_State <- (((ON AND Enable start burner(1)) AND [WorkData.BR01_State = 8]) AND Inputs.Burner On) / Move 입력 9
1868:1329 SdCoil Tag_145 <- ((ON AND Enable start burner(1)) AND [WorkData.BR01_State = 9]) / 시간 동작 SdCoil; 타이머 의미 추가 확인 / 시간 인자 S5T#30S
1868:1334 Move WorkData.BR01_State <- (((ON AND Enable start burner(1)) AND [WorkData.BR01_State = 9]) AND Tag_145) / Move 입력 10
1868:1342 Move WorkData.BR01_State <- ((ON AND Enable start burner(1)) AND [WorkData.BR01_State = 10]) / Move 입력 11
1868:1354 Coil Start Burner <- (((ON AND Enable start burner(1)) AND [WorkData.BR01_State = 11]) AND Inputs.Burner On) / 조건에 따른 Coil 기록
1868:1358 Move WorkData.BR01_State <- (((ON AND Enable start burner(1)) AND [WorkData.BR01_State = 11]) AND NOT [Inputs.Burner On]) / Move 입력 0
1868:1363 Move WorkData.BR01_CleanTime <- ((ON AND Enable start burner(1)) AND [WorkData.BR01_State = 11]) / Move 입력 0","1226:249 SdCoil Tag_92 <- (((ON AND Start Open MV-01) AND NOT [Inputs.MV01 Run_Opening]) OR ((ON AND Start Close MV-01) AND NOT [Inputs.MV01 Run_Closing])) / 시간 동작 SdCoil; 타이머 의미 추가 확인 / 시간 인자 S5T#150mS
1226:265 SdCoil Tag_93 <- (((ON AND Open MV02) AND NOT [Inputs.MV02 RUN_Opening]) OR ((ON AND Close MV02) AND NOT [Inputs.MV02 RUN_Closing])) / 시간 동작 SdCoil; 타이머 의미 추가 확인 / 시간 인자 S5T#150MS
1226:281 SdCoil Tag_94 <- (((ON AND Start open MV03) AND NOT [Inputs.MV03 Run_Opening]) OR ((ON AND Start Close MV03) AND NOT [Inputs.MV03 Run_Closing])) / 시간 동작 SdCoil; 타이머 의미 추가 확인 / 시간 인자 S5T#150S
1226:313 SdCoil Tag_96 <- (((ON AND Open MV05) AND NOT [Inputs.MV05 RUN_Opening]) OR ((ON AND Close MV05) AND NOT [Inputs.MV05 RUN_Closing])) / 시간 동작 SdCoil; 타이머 의미 추가 확인 / 시간 인자 S5T#150MS
1226:329 SdCoil Tag_97 <- (((ON AND Open MV06) AND NOT [Inputs.MV06 Run_Opening]) OR ((ON AND Close MV06) AND NOT [Inputs.MV06 Run_Closing])) / 시간 동작 SdCoil; 타이머 의미 추가 확인 / 시간 인자 S5T#150MS
1705:263 SdCoil Tag_148 <- (ON AND NOT [Tag_147]) / 시간 동작 SdCoil; 타이머 의미 추가 확인 / 시간 인자 S5T#4S
1705:268 SdCoil Tag_147 <- (ON AND Tag_148) / 시간 동작 SdCoil; 타이머 의미 추가 확인 / 시간 인자 S5T#10S
1764:1156 Move Memory encoder.Encoder_CH02 <- (EM_OK AND NOT [fill_unit1.CONTROL_SIGNALS.SW_GATE2]) / Move 입력 INT#0
1868:1199 SdCoil Tag_143 <- ((ON AND Enable start burner(1)) AND [WorkData.BR01_State = 3]) / 시간 동작 SdCoil; 타이머 의미 추가 확인 / 시간 인자 S5T#4M
1868:1215 SdCoil Tag_142 <- ((((ON AND Enable start burner(1)) AND [WorkData.BR01_State = 3]) AND ON) AND NOT [Tag_142]) / 시간 동작 SdCoil; 타이머 의미 추가 확인 / 시간 인자 S5T#1S
1868:1262 SdCoil Tag_144 <- ((ON AND Enable start burner(1)) AND [WorkData.BR01_State = 6]) / 시간 동작 SdCoil; 타이머 의미 추가 확인 / 시간 인자 S5T#1S
1868:1329 SdCoil Tag_145 <- ((ON AND Enable start burner(1)) AND [WorkData.BR01_State = 9]) / 시간 동작 SdCoil; 타이머 의미 추가 확인 / 시간 인자 S5T#30S","1226:254, 1226:270, 1226:286, 1226:318, 1226:334, 1226:342, 1226:346, 1226:350, 1226:354, 1226:358, 1226:362, 1706:390, 1706:407, 1714:1598, 1714:1612, 1714:1630, 1714:1644, 1714:1662, 1714:1676, 1714:1694, 1714:1708, 1714:1726, 1714:1740, 1714:1758, 1714:1772","1226:342, 1226:346, 1226:350, 1226:354, 1226:358, 1226:362, 1706:46, 1706:390, 1706:407, 1707:32, 1707:48, 1868:1669, 1868:1306","38, 39","404, 1070, 1083, 1191, 1226, 1705, 1706, 1707, 1713, 1714, 1758, 1764, 1868, 15","BASELINE, POWER, VOLTAGE, ADDRESS, SOURCE-XML, PID-TM",TIA 호출 조건·주기·중복 쓰기 순서와 전원 재시작 동작 확인; 현재 PLC 프로그램·현장 설치·단자·정상 극성 및 실제 설정값 대조; 시험 기대 결과 확정과 실행 증거 수집; 정적 조건에 미해석 참조·호출·타이머 출력 등이 있음,자료 연결 완료 · 동작 확정 검토 중
MV04,모터 구동 밸브,제어 밸브,,자료에서 확인,mv04_fbk_opening (%I2.6); mv04_fbk_closing (%I2.7); mv04_open (%I7.7); mv04_close (%I8.0); mv04_m18b (%IW326); mv04_m18a (%IW324),close mv04 (%Q2.2); open mv04 (%Q2.1),up mv04 pid (%M11.2); down mv04 pid (%M11.3); down tc03 pid mv04 (%M11.1); pid down mv04 (%M14.3); pid up mv04 (%M14.2),"I_MV_04_MV18B (DB13,INT58); I_MV_04_M18A (DB13,INT56)","404:304 SCoil Flag.MV04_Auto <- ON / 조건 성립 시 Set
1226:354 RCoil Allarm.MV04_FAULT <- ((ON AND Flag.RESET_ALLARM) AND Allarm.MV04_FAULT) / 조건 성립 시 Reset
1714:1694 SCoil Allarm.MV04_FAULT <- (ON AND [WorkData.W37 > 700]) / 조건 성립 시 Set
1714:1708 SCoil Allarm.MV04_FAULT <- (ON AND [WorkData.W38 < -700]) / 조건 성립 시 Set",,,,"1226:249 SdCoil Tag_92 <- (((ON AND Start Open MV-01) AND NOT [Inputs.MV01 Run_Opening]) OR ((ON AND Start Close MV-01) AND NOT [Inputs.MV01 Run_Closing])) / 시간 동작 SdCoil; 타이머 의미 추가 확인 / 시간 인자 S5T#150mS
1226:265 SdCoil Tag_93 <- (((ON AND Open MV02) AND NOT [Inputs.MV02 RUN_Opening]) OR ((ON AND Close MV02) AND NOT [Inputs.MV02 RUN_Closing])) / 시간 동작 SdCoil; 타이머 의미 추가 확인 / 시간 인자 S5T#150MS
1226:281 SdCoil Tag_94 <- (((ON AND Start open MV03) AND NOT [Inputs.MV03 Run_Opening]) OR ((ON AND Start Close MV03) AND NOT [Inputs.MV03 Run_Closing])) / 시간 동작 SdCoil; 타이머 의미 추가 확인 / 시간 인자 S5T#150S
1226:313 SdCoil Tag_96 <- (((ON AND Open MV05) AND NOT [Inputs.MV05 RUN_Opening]) OR ((ON AND Close MV05) AND NOT [Inputs.MV05 RUN_Closing])) / 시간 동작 SdCoil; 타이머 의미 추가 확인 / 시간 인자 S5T#150MS
1226:329 SdCoil Tag_97 <- (((ON AND Open MV06) AND NOT [Inputs.MV06 Run_Opening]) OR ((ON AND Close MV06) AND NOT [Inputs.MV06 Run_Closing])) / 시간 동작 SdCoil; 타이머 의미 추가 확인 / 시간 인자 S5T#150MS","1226:254, 1226:270, 1226:286, 1226:318, 1226:334, 1226:342, 1226:346, 1226:350, 1226:354, 1226:358, 1226:362, 1714:1598, 1714:1612, 1714:1630, 1714:1644, 1714:1662, 1714:1676, 1714:1694, 1714:1708, 1714:1726, 1714:1740, 1714:1758, 1714:1772","1226:342, 1226:346, 1226:350, 1226:354, 1226:358, 1226:362","40, 41","404, 1226, 1714, 1769, 12","BASELINE, POWER, VOLTAGE, ADDRESS, MV04-MC04, SOURCE-XML",TIA 호출 조건·주기·중복 쓰기 순서와 전원 재시작 동작 확인; 현재 PLC 프로그램·현장 설치·단자·정상 극성 및 실제 설정값 대조; 시험 기대 결과 확정과 실행 증거 수집; 자동·수동 모드 전환 및 우선순위 미확정; 상태 전환 순서 또는 단일 동작·수동 장치 여부 미확정,자료 연결 완료 · 동작 확정 검토 중
MV05,모터 구동 밸브,제어 밸브,,자료에서 확인,mv02_05_06_power_ok (%I1.4); mv05_fbk_opening (%I2.0); mv05_fbk_closing (%I2.1); mv05_open (%I7.1); mv02_05_06_inv_all (%I1.5); mv05_close (%I7.2),open mv05 (%Q1.3); close mv05 (%Q1.4),open mv05 pid (%M11.4); close mv05 pid (%M11.5); pid down mv05 (%M13.1); pid up mv05 (%M13.0),"MV_05\LimitSwitchOpen (DB11,X26.3); MV_05\Flag_CLOSE (DB2,X9.3); MV_05\Allarme1 (DB11,X26.2); MV_05\AutoMan (DB2,X6.6); MV_05\OutputOpen (DB11,X26.0); MV_05\OutputClose (DB11,X26.1); MV_05\Flag_OPEN (DB2,X9.4); MV_05\LimitSwitchClose (DB11,X26.4)","404:307 SCoil Flag.MV05_Auto <- ON / 조건 성립 시 Set
1083:556 Coil Inputs.MV05 RUN_Opening <- Open MV05 / 조건에 따른 Coil 기록
1083:561 Coil Inputs.MV05 RUN_Closing <- Close MV05 / 조건에 따른 Coil 기록
1083:566 Coil Inputs.MV05 open <- [Data.Pot_MV05 < 98] / 조건에 따른 Coil 기록
1083:568 Coil Inputs.MV05 Close <- [Data.Pot_MV05 > 2] / 조건에 따른 Coil 기록
1226:318 SCoil Allarm.MV_05_FAULT <- ((((ON AND Open MV05) AND NOT [Inputs.MV05 RUN_Opening]) OR ((ON AND Close MV05) AND NOT [Inputs.MV05 RUN_Closing])) AND Tag_96) / 조건 성립 시 Set
1226:358 RCoil Allarm.MV_05_FAULT <- ((ON AND Flag.RESET_ALLARM) AND Allarm.MV_05_FAULT) / 조건 성립 시 Reset
1708:535 RCoil Flag.M_MV05_OPEN <- (((NOT [ORef UID 24] AND NOT [ON]) AND NOT [Inputs.MV05 open]) OR ((NOT [ORef UID 24] AND NOT [ON]) AND Flag.M_MV05_CLOSE) OR ((NOT [ORef UID 24] AND NOT [ON]) AND Flag.MV05_Auto)) / 조건 성립 시 Reset
1708:542 RCoil Flag.M_MV05_CLOSE <- (((NOT [ORef UID 24] AND NOT [ON]) AND NOT [Inputs.MV05 Close]) OR ((NOT [ORef UID 24] AND NOT [ON]) AND Flag.M_MV05_OPEN) OR ((NOT [ORef UID 24] AND NOT [ON]) AND Flag.MV05_Auto)) / 조건 성립 시 Reset
1708:561 Coil Open MV05 <- ((((((((NOT [ORef UID 24] AND NOT [Allarm.MV_05_FAULT]) AND Flag.MV05_Auto) AND PID UP MV05) OR (((NOT [ORef UID 24] AND NOT [Allarm.MV_05_FAULT]) AND Flag.M_MV05_OPEN) AND MV WORK PULSE)) AND NOT [Allarm.Oxigen_Fault]) OR (((((NOT [ORef UID 24] AND NOT [Allarm.MV_05_FAULT]) AND Flag.MV05_Auto) AND PID UP MV05) OR (((NOT [ORef UID 24] AND NOT [Allarm.MV_05_FAULT]) AND Flag.M_MV05_OPEN) AND MV WORK PULSE)) AND UNDER TESTING)) AND NOT [Close MV05]) AND Inputs.MV05 open) / 조건에 따른 Coil 기록
1708:576 Coil Close MV05 <- ((((((NOT [ORef UID 24] AND NOT [Allarm.MV_05_FAULT]) AND Flag.MV05_Auto) AND PID DOWN MV05) OR (((NOT [ORef UID 24] AND NOT [Allarm.MV_05_FAULT]) AND Flag.M_MV05_CLOSE) AND MV WORK PULSE) OR (((NOT [ORef UID 24] AND NOT [Allarm.MV_05_FAULT]) AND Allarm.Oxigen_Fault) AND NOT [UNDER TESTING])) AND NOT [Open MV05]) AND Inputs.MV05 Close) / 조건에 따른 Coil 기록
1714:1726 SCoil Allarm.MV_05_FAULT <- (ON AND [WorkData.W31 > 700]) / 조건 성립 시 Set
1714:1740 SCoil Allarm.MV_05_FAULT <- (ON AND [WorkData.W32 < -700]) / 조건 성립 시 Set","1708:535, 1708:542, 1708:561, 1708:576",,,"1226:249 SdCoil Tag_92 <- (((ON AND Start Open MV-01) AND NOT [Inputs.MV01 Run_Opening]) OR ((ON AND Start Close MV-01) AND NOT [Inputs.MV01 Run_Closing])) / 시간 동작 SdCoil; 타이머 의미 추가 확인 / 시간 인자 S5T#150mS
1226:265 SdCoil Tag_93 <- (((ON AND Open MV02) AND NOT [Inputs.MV02 RUN_Opening]) OR ((ON AND Close MV02) AND NOT [Inputs.MV02 RUN_Closing])) / 시간 동작 SdCoil; 타이머 의미 추가 확인 / 시간 인자 S5T#150MS
1226:281 SdCoil Tag_94 <- (((ON AND Start open MV03) AND NOT [Inputs.MV03 Run_Opening]) OR ((ON AND Start Close MV03) AND NOT [Inputs.MV03 Run_Closing])) / 시간 동작 SdCoil; 타이머 의미 추가 확인 / 시간 인자 S5T#150S
1226:313 SdCoil Tag_96 <- (((ON AND Open MV05) AND NOT [Inputs.MV05 RUN_Opening]) OR ((ON AND Close MV05) AND NOT [Inputs.MV05 RUN_Closing])) / 시간 동작 SdCoil; 타이머 의미 추가 확인 / 시간 인자 S5T#150MS
1226:329 SdCoil Tag_97 <- (((ON AND Open MV06) AND NOT [Inputs.MV06 Run_Opening]) OR ((ON AND Close MV06) AND NOT [Inputs.MV06 Run_Closing])) / 시간 동작 SdCoil; 타이머 의미 추가 확인 / 시간 인자 S5T#150MS
1765:1260 Move Memory encoder.Encoder_CH03 <- (EM_OK AND NOT [fill_unit1.CONTROL_SIGNALS.SW_GATE3]) / Move 입력 INT#0","1226:254, 1226:270, 1226:286, 1226:318, 1226:334, 1226:342, 1226:346, 1226:350, 1226:354, 1226:358, 1226:362, 1708:561, 1708:576, 1714:1598, 1714:1612, 1714:1630, 1714:1644, 1714:1662, 1714:1676, 1714:1694, 1714:1708, 1714:1726, 1714:1740, 1714:1758, 1714:1772","1226:342, 1226:346, 1226:350, 1226:354, 1226:358, 1226:362","30, 31, 34, 35","404, 1083, 1188, 1226, 1708, 1713, 1714, 1759, 1765, 5","BASELINE, POWER, VOLTAGE, ADDRESS, SOURCE-XML, PID-TM",TIA 호출 조건·주기·중복 쓰기 순서와 전원 재시작 동작 확인; 현재 PLC 프로그램·현장 설치·단자·정상 극성 및 실제 설정값 대조; 시험 기대 결과 확정과 실행 증거 수집; 상태 전환 순서 또는 단일 동작·수동 장치 여부 미확정; 정적 조건에 미해석 참조·호출·타이머 출력 등이 있음,자료 연결 완료 · 동작 확정 검토 중
MV06,모터 구동 밸브,제어 밸브,,자료에서 확인,mv02_05_06_power_ok (%I1.4); mv06_fbk_opening (%I1.6); mv06_fbk_closing (%I1.7); mv06_open (%I6.7); mv02_05_06_inv_all (%I1.5); mv06_close (%I7.0),open mv06 (%Q1.1); close mv06 (%Q1.2),mv06 pid down (%M13.3); mv06 pid up (%M13.2),"MV_06\Allarme1 (DB11,X28.2); MV_06\Flag_CLOSE (DB2,X10.6); MV_06\Flag_OPEN (DB2,X10.5); MV_06\LimitSwitchClose (DB11,X28.4); MV_06\LimitSwitchOpen (DB11,X28.3); MV_06\OutputClose (DB11,X28.1); MV_06\AutoMan (DB2,X6.5); MV_06\OutputOpen (DB11,X28.0)","404:310 SCoil Flag.MV06_Auto <- ON / 조건 성립 시 Set
1083:623 Coil Inputs.MV06 Run_Opening <- Open MV06 / 조건에 따른 Coil 기록
1083:628 Coil Inputs.MV06 Run_Closing <- Close MV06 / 조건에 따른 Coil 기록
1083:633 Coil Inputs.MV06_Open <- [Data.Pot_MV06 >= 98] / 조건에 따른 Coil 기록
1083:635 Coil Inputs.MV06 Close <- [Data.Pot_MV06 <= 2] / 조건에 따른 Coil 기록
1226:334 SCoil Allarm.MV_06_FAULT <- ((((ON AND Open MV06) AND NOT [Inputs.MV06 Run_Opening]) OR ((ON AND Close MV06) AND NOT [Inputs.MV06 Run_Closing])) AND Tag_97) / 조건 성립 시 Set
1226:362 RCoil Allarm.MV_06_FAULT <- ((ON AND Flag.RESET_ALLARM) AND Allarm.MV_06_FAULT) / 조건 성립 시 Reset
1709:621 Coil MV06 PID DOWN <- (((ON AND [Data.PSH02_SETPOINT != 0]) AND NOT [Tag_150]) AND [ErrPSH02 >= 5]) / 조건에 따른 Coil 기록
1709:627 Coil MV06 PID UP <- (((ON AND [Data.PSH02_SETPOINT != 0]) AND NOT [Tag_150]) AND [ErrPSH02 <= -5]) / 조건에 따른 Coil 기록
1711:794 RCoil Flag.MV06_Open <- ((NOT [ON] AND Inputs.MV06_Open) OR (NOT [ON] AND Flag.MV06_Close) OR (NOT [ON] AND Flag.MV06_Auto)) / 조건 성립 시 Reset
1711:801 RCoil Flag.MV06_Close <- ((NOT [ON] AND Inputs.MV06 Close) OR (NOT [ON] AND Flag.MV06_Open) OR (NOT [ON] AND Flag.MV06_Auto)) / 조건 성립 시 Reset
1711:821 Coil Open MV06 <- ((((((NOT [ON] AND NOT [Allarm.MV_06_FAULT]) AND Flag.MV06_Auto) AND MV06 PID UP) OR (((NOT [ON] AND NOT [Allarm.MV_06_FAULT]) AND Flag.MV06_Auto) AND Shot to open) OR (((NOT [ON] AND NOT [Allarm.MV_06_FAULT]) AND Flag.MV06_Open) AND MV WORK PULSE) OR (((NOT [ON] AND NOT [Allarm.MV_06_FAULT]) AND Flag.MV06_Open) AND ON)) AND NOT [Close MV06]) AND NOT [Inputs.MV06_Open]) / 조건에 따른 Coil 기록
1711:837 Coil Close MV06 <- ((((((NOT [ON] AND NOT [Allarm.MV_06_FAULT]) AND Flag.MV06_Auto) AND MV06 PID DOWN) OR (((NOT [ON] AND NOT [Allarm.MV_06_FAULT]) AND Flag.MV06_Auto) AND Shot to close) OR (((NOT [ON] AND NOT [Allarm.MV_06_FAULT]) AND Flag.MV06_Close) AND MV WORK PULSE) OR (((NOT [ON] AND NOT [Allarm.MV_06_FAULT]) AND Flag.MV06_Close) AND ON)) AND NOT [Open MV06]) AND NOT [Inputs.MV06 Close]) / 조건에 따른 Coil 기록
1714:1758 SCoil Allarm.MV_06_FAULT <- (ON AND [WorkData.W19 > 2200]) / 조건 성립 시 Set
1714:1772 SCoil Allarm.MV_06_FAULT <- (ON AND [WorkData.W20 < -2200]) / 조건 성립 시 Set","1711:794, 1711:801, 1711:821, 1711:837",,,"1226:249 SdCoil Tag_92 <- (((ON AND Start Open MV-01) AND NOT [Inputs.MV01 Run_Opening]) OR ((ON AND Start Close MV-01) AND NOT [Inputs.MV01 Run_Closing])) / 시간 동작 SdCoil; 타이머 의미 추가 확인 / 시간 인자 S5T#150mS
1226:265 SdCoil Tag_93 <- (((ON AND Open MV02) AND NOT [Inputs.MV02 RUN_Opening]) OR ((ON AND Close MV02) AND NOT [Inputs.MV02 RUN_Closing])) / 시간 동작 SdCoil; 타이머 의미 추가 확인 / 시간 인자 S5T#150MS
1226:281 SdCoil Tag_94 <- (((ON AND Start open MV03) AND NOT [Inputs.MV03 Run_Opening]) OR ((ON AND Start Close MV03) AND NOT [Inputs.MV03 Run_Closing])) / 시간 동작 SdCoil; 타이머 의미 추가 확인 / 시간 인자 S5T#150S
1226:313 SdCoil Tag_96 <- (((ON AND Open MV05) AND NOT [Inputs.MV05 RUN_Opening]) OR ((ON AND Close MV05) AND NOT [Inputs.MV05 RUN_Closing])) / 시간 동작 SdCoil; 타이머 의미 추가 확인 / 시간 인자 S5T#150MS
1226:329 SdCoil Tag_97 <- (((ON AND Open MV06) AND NOT [Inputs.MV06 Run_Opening]) OR ((ON AND Close MV06) AND NOT [Inputs.MV06 Run_Closing])) / 시간 동작 SdCoil; 타이머 의미 추가 확인 / 시간 인자 S5T#150MS
1709:605 SdCoil Tag_150 <- ((ON AND [Data.PSH02_SETPOINT != 0]) AND NOT [Tag_149]) / 시간 동작 SdCoil; 타이머 의미 추가 확인 / 시간 인자 S5T#300MS
1709:610 SdCoil Tag_149 <- ((ON AND [Data.PSH02_SETPOINT != 0]) AND Tag_150) / 시간 동작 SdCoil; 타이머 의미 추가 확인 / 시간 인자 S5T#4S
1766:1468 Move Memory encoder.Encoder_CH04 <- (EM_OK AND NOT [fill_unit1.CONTROL_SIGNALS.SW_GATE4]) / Move 입력 INT#0","1226:254, 1226:270, 1226:286, 1226:318, 1226:334, 1226:342, 1226:346, 1226:350, 1226:354, 1226:358, 1226:362, 1711:821, 1711:837, 1714:1598, 1714:1612, 1714:1630, 1714:1644, 1714:1662, 1714:1676, 1714:1694, 1714:1708, 1714:1726, 1714:1740, 1714:1758, 1714:1772","1226:342, 1226:346, 1226:350, 1226:354, 1226:358, 1226:362","30, 31, 32, 33","404, 1083, 1187, 1226, 1709, 1710, 1711, 1713, 1714, 1760, 1766","BASELINE, POWER, VOLTAGE, ADDRESS, MV06-LS, SOURCE-XML, PID-TM",TIA 호출 조건·주기·중복 쓰기 순서와 전원 재시작 동작 확인; 현재 PLC 프로그램·현장 설치·단자·정상 극성 및 실제 설정값 대조; 시험 기대 결과 확정과 실행 증거 수집; 상태 전환 순서 또는 단일 동작·수동 장치 여부 미확정; 정적 조건에 미해석 참조·호출·타이머 출력 등이 있음,자료 연결 완료 · 동작 확정 검토 중
PV01,공압 게이트/분기 밸브,공압 밸브,,자료에서 확인,ev01_open (%I8.6); ev01_close (%I8.7); ev02_open (%I9.0); ev02_close (%I9.1); ev01_sel_open (%I9.2); ev02_sel_open (%I9.3),pv-01 gate b ev (%Q5.3); pv-01 gate a (%Q5.2),open ev a 00 pv-01 (%M20.0); open ev a 01 pv-01 (%M21.3); close ev a 00 pv-01 (%M20.2); close ev a 01 pv-01 (%M21.0); close ev a 02 pv-01 (%M22.3); close ev b 00 pv-01 (%M20.3); close ev b 01 pv-01 (%M21.2); close ev b 02 pv-01 (%M22.1); open ev b 01 pv-01 (%M21.1); open ev b 02 pv-01 (%M22.2); mem gate a open pv-01 (%M10.7); mem gate b open pv-01 (%M10.6); open ev a 02 pv-01 (%M22.0); open ev b 00 pv-01 (%M20.1); maintenance pv01 (%M80.5); memocmd_pv1_startup (%M180.6),"PV_01\GateA_Open (DB11,X76.1); PV_01\Flag (DB2,X5.0); PV_01\GateA_Close (DB11,X76.2); PV_01\GateB_Open (DB11,X76.3); PV_01\GateB_Close (DB11,X76.4); PV_01\Selector_GateA (DB11,X76.5); PV_01\Selector_GateB (DB11,X76.6); PV_01\Allarme1 (DB11,X76.0); AbilitaMaintenance (DB2,X7.5); ResetAlarms (DB2,X13.4)","405:307 SCoil Flag.PV_01_GATE_A_MEM_CLOSE <- ON / 조건 성립 시 Set
405:309 SCoil Flag.PV_01_GATE_B_MEM_CLOSE <- ON / 조건 성립 시 Set
1090:36 Coil Inputs.LIMIT SWITCH LS-02GATE A CLOSEDVALVE PV-01 <- NOT [PV-01 Gate a] / 조건에 따른 Coil 기록
1090:39 Coil Inputs.PV-01 GATE B OPEN <- PV-01 GATE B EV / 조건에 따른 Coil 기록
1090:41 Coil Inputs.LIMIT SWITCH LS-06GATE B CLOSEDVALVE PV-01 <- NOT [PV-01 GATE B EV] / 조건에 따른 Coil 기록
1815:1459 SCoil Allarm.PV_01_GATE_A_NOT_OPEN <- ((ON AND PV-01 Gate a) AND Tag_80) / 조건 성립 시 Set
1815:1464 RCoil Allarm.PV_01_GATE_A_NOT_OPEN <- ((ON AND Flag.RESET_ALLARM) AND Allarm.PV_01_GATE_A_NOT_OPEN) / 조건 성립 시 Reset
1815:1477 SCoil Allarm.PV_01_GATE_A_NOT_CLOSE <- ((ON AND NOT [PV-01 Gate a]) AND Tag_81) / 조건 성립 시 Set
1815:1482 RCoil Allarm.PV_01_GATE_A_NOT_CLOSE <- ((ON AND Flag.RESET_ALLARM) AND Allarm.PV_01_GATE_A_NOT_CLOSE) / 조건 성립 시 Reset
1816:1523 SCoil Allarm.PV_01_GATE_B_NOT_OPEN <- ((ON AND PV-01 GATE B EV) AND Tag_82) / 조건 성립 시 Set
1816:1528 RCoil Allarm.PV_01_GATE_B_NOT_OPEN <- ((ON AND Flag.RESET_ALLARM) AND Allarm.PV_01_GATE_B_NOT_OPEN) / 조건 성립 시 Reset
1816:1541 SCoil Allarm.PV_01_GATE_B_NOT_CLOSE <- ((ON AND NOT [PV-01 GATE B EV]) AND Tag_83) / 조건 성립 시 Set
1816:1546 RCoil Allarm.PV_01_GATE_B_NOT_CLOSE <- ((ON AND Flag.RESET_ALLARM) AND Allarm.PV_01_GATE_B_NOT_CLOSE) / 조건 성립 시 Reset
1843:34 SCoil MemoCMD_PV1_Startup <- SCoil UID 506.out (블록 동작 확인) / 조건 성립 시 Set
1843:838 RCoil MemoCMD_PV1_Startup <- RCoil UID 837.out (블록 동작 확인) / 조건 성립 시 Reset
1911:130 RCoil Open EV A 01  PV-01 <- (ON AND NOT [R1 Gate ON]) / 조건 성립 시 Reset
1911:133 RCoil Open EV B 01  PV-01 <- (ON AND NOT [R1 Gate ON]) / 조건 성립 시 Reset
1911:136 RCoil Close EV A 01  PV-01 <- (ON AND NOT [R1 Gate ON]) / 조건 성립 시 Reset
1911:139 RCoil Close EV B 01  PV-01 <- (ON AND NOT [R1 Gate ON]) / 조건 성립 시 Reset
1913:334 SCoil Close EV A 01  PV-01 <- (((ON AND Flag.Enable_R1_GATE) AND R1 Gate ON) AND [WorkData.R1State = 0]) / 조건 성립 시 Set
1913:337 RCoil Open EV A 01  PV-01 <- (((ON AND Flag.Enable_R1_GATE) AND R1 Gate ON) AND [WorkData.R1State = 0]) / 조건 성립 시 Reset
1913:356 SCoil Open EV B 01  PV-01 <- (((ON AND Flag.Enable_R1_GATE) AND R1 Gate ON) AND [WorkData.R1State = 1]) / 조건 성립 시 Set
1913:359 RCoil Close EV B 01  PV-01 <- (((ON AND Flag.Enable_R1_GATE) AND R1 Gate ON) AND [WorkData.R1State = 1]) / 조건 성립 시 Reset
1913:390 SCoil Close EV B 01  PV-01 <- (((ON AND Flag.Enable_R1_GATE) AND R1 Gate ON) AND [WorkData.R1State = 3]) / 조건 성립 시 Set
1913:393 RCoil Open EV B 01  PV-01 <- (((ON AND Flag.Enable_R1_GATE) AND R1 Gate ON) AND [WorkData.R1State = 3]) / 조건 성립 시 Reset
1913:412 SCoil Open EV A 01  PV-01 <- (((ON AND Flag.Enable_R1_GATE) AND R1 Gate ON) AND [WorkData.R1State = 4]) / 조건 성립 시 Set
1913:415 RCoil Close EV A 01  PV-01 <- (((ON AND Flag.Enable_R1_GATE) AND R1 Gate ON) AND [WorkData.R1State = 4]) / 조건 성립 시 Reset
1914:343 Coil Open EV A 00 PV-01 <- (ON AND EV01_Sel_Open) / 조건에 따른 Coil 기록
1914:347 Coil Open EV B 00  PV-01 <- (ON AND EV02_Sel_Open) / 조건에 따른 Coil 기록
1915:377 Coil PV-01 GATE B EV <- ((ON AND Open EV B 00  PV-01) OR (ON AND Open EV B 01  PV-01) OR (ON AND maintenance PV01) OR (ON AND OFF)) / 조건에 따른 Coil 기록
1915:384 Coil PV-01 Gate a <- ((ON AND Open EV A 00 PV-01) OR (ON AND Open EV A 01  PV-01) OR (ON AND maintenance PV01)) / 조건에 따른 Coil 기록
1921:26 SCoil Flag.PV_01_GATE_A_MEM_OPEN <- (((ON AND PV-01 Gate a) AND EV01_Open) OR ((ON AND PV-01 Gate a) AND Inputs.FC GATE A OPEN)) / 조건 성립 시 Set
1921:28 RCoil Flag.PV_01_GATE_A_MEM_OPEN <- (ON AND NOT [PV-01 Gate a]) / 조건 성립 시 Reset
1921:33 SCoil Flag.PV_01_GATE_A_MEM_CLOSE <- (((ON AND NOT [PV-01 Gate a]) AND EV01_Close) OR ((ON AND NOT [PV-01 Gate a]) AND Inputs.LIMIT SWITCH LS-02GATE A CLOSEDVALVE PV-01)) / 조건 성립 시 Set
1921:35 RCoil Flag.PV_01_GATE_A_MEM_CLOSE <- (ON AND PV-01 Gate a) / 조건 성립 시 Reset
1922:28 SCoil Flag.PV_01_GATE_B_MEM_OPEN <- (((ON AND PV-01 GATE B EV) AND EV02_Open) OR (((ON AND PV-01 GATE B EV) AND false) AND EV02_Close) OR ((ON AND PV-01 GATE B EV) AND Inputs.PV-01 GATE B OPEN)) / 조건 성립 시 Set
1922:30 RCoil Flag.PV_01_GATE_B_MEM_OPEN <- (ON AND NOT [PV-01 GATE B EV]) / 조건 성립 시 Reset
1922:35 SCoil Flag.PV_01_GATE_B_MEM_CLOSE <- (((ON AND NOT [PV-01 GATE B EV]) AND EV02_Close) OR ((ON AND NOT [PV-01 GATE B EV]) AND Inputs.LIMIT SWITCH LS-06GATE B CLOSEDVALVE PV-01)) / 조건 성립 시 Set
1922:37 RCoil Flag.PV_01_GATE_B_MEM_CLOSE <- (ON AND PV-01 GATE B EV) / 조건 성립 시 Reset","1843:410, 1843:412, 1843:420, 1843:422, 1843:424, 1843:432, 1843:434, 1843:436, 1843:443, 1843:449, 1843:456, 1843:458, 1843:460, 1843:462, 1843:469, 1843:478, 1843:481, 1843:492, 1843:495, 1843:500, 1843:506, 1843:513, 1843:515, 1843:517, 1843:527, 1843:530, 1843:539, 1843:545, 1843:552, 1843:554, 1843:568, 1843:573, 1843:578, 1843:581, 1843:587, 1915:377, 1915:384","1911:115, 1911:117, 1913:334, 1913:337, 1913:340, 1913:345, 1913:356, 1913:359, 1913:363, 1913:374, 1913:379, 1913:390, 1913:393, 1913:396, 1913:401, 1913:412, 1913:415, 1913:419, 1913:430, 1913:435","1913:334 SCoil Close EV A 01  PV-01 <- (((ON AND Flag.Enable_R1_GATE) AND R1 Gate ON) AND [WorkData.R1State = 0]) / 조건 성립 시 Set
1913:337 RCoil Open EV A 01  PV-01 <- (((ON AND Flag.Enable_R1_GATE) AND R1 Gate ON) AND [WorkData.R1State = 0]) / 조건 성립 시 Reset
1913:340 SdCoil Tag_163 <- (((ON AND Flag.Enable_R1_GATE) AND R1 Gate ON) AND [WorkData.R1State = 0]) / 시간 동작 SdCoil; 타이머 의미 추가 확인 / 시간 인자 S5T#1S
1913:345 Move WorkData.R1State <- ((((ON AND Flag.Enable_R1_GATE) AND R1 Gate ON) AND [WorkData.R1State = 0]) AND Tag_163) / Move 입력 1
1913:356 SCoil Open EV B 01  PV-01 <- (((ON AND Flag.Enable_R1_GATE) AND R1 Gate ON) AND [WorkData.R1State = 1]) / 조건 성립 시 Set
1913:359 RCoil Close EV B 01  PV-01 <- (((ON AND Flag.Enable_R1_GATE) AND R1 Gate ON) AND [WorkData.R1State = 1]) / 조건 성립 시 Reset
1913:363 Move WorkData.R1State <- ((((ON AND Flag.Enable_R1_GATE) AND R1 Gate ON) AND [WorkData.R1State = 1]) AND Flag.PV_01_GATE_B_MEM_OPEN) / Move 입력 2
1913:374 SdCoil Tag_164 <- (((ON AND Flag.Enable_R1_GATE) AND R1 Gate ON) AND [WorkData.R1State = 2]) / 시간 동작 SdCoil; 타이머 의미 추가 확인 / 시간 인자 Data.SET_EVR1B_Open_time
1913:379 Move WorkData.R1State <- ((((ON AND Flag.Enable_R1_GATE) AND R1 Gate ON) AND [WorkData.R1State = 2]) AND Tag_164) / Move 입력 3
1913:390 SCoil Close EV B 01  PV-01 <- (((ON AND Flag.Enable_R1_GATE) AND R1 Gate ON) AND [WorkData.R1State = 3]) / 조건 성립 시 Set
1913:393 RCoil Open EV B 01  PV-01 <- (((ON AND Flag.Enable_R1_GATE) AND R1 Gate ON) AND [WorkData.R1State = 3]) / 조건 성립 시 Reset
1913:396 SdCoil Tag_165 <- (((ON AND Flag.Enable_R1_GATE) AND R1 Gate ON) AND [WorkData.R1State = 3]) / 시간 동작 SdCoil; 타이머 의미 추가 확인 / 시간 인자 S5T#1S
1913:401 Move WorkData.R1State <- ((((ON AND Flag.Enable_R1_GATE) AND R1 Gate ON) AND [WorkData.R1State = 3]) AND Tag_165) / Move 입력 4
1913:412 SCoil Open EV A 01  PV-01 <- (((ON AND Flag.Enable_R1_GATE) AND R1 Gate ON) AND [WorkData.R1State = 4]) / 조건 성립 시 Set
1913:415 RCoil Close EV A 01  PV-01 <- (((ON AND Flag.Enable_R1_GATE) AND R1 Gate ON) AND [WorkData.R1State = 4]) / 조건 성립 시 Reset
1913:419 Move WorkData.R1State <- ((((ON AND Flag.Enable_R1_GATE) AND R1 Gate ON) AND [WorkData.R1State = 4]) AND Flag.PV_01_GATE_A_MEM_OPEN) / Move 입력 5
1913:430 SdCoil Tag_166 <- (((ON AND Flag.Enable_R1_GATE) AND R1 Gate ON) AND [WorkData.R1State = 5]) / 시간 동작 SdCoil; 타이머 의미 추가 확인 / 시간 인자 Data.SET_EVR1A_Open_time
1913:435 Move WorkData.R1State <- ((((ON AND Flag.Enable_R1_GATE) AND R1 Gate ON) AND [WorkData.R1State = 5]) AND Tag_166) / Move 입력 0","1815:1453 SdCoil Tag_80 <- ((ON AND PV-01 Gate a) AND NOT [Flag.PV_01_GATE_A_MEM_OPEN]) / 시간 동작 SdCoil; 타이머 의미 추가 확인 / 시간 인자 S5T#4S
1815:1471 SdCoil Tag_81 <- ((ON AND NOT [PV-01 Gate a]) AND NOT [Flag.PV_01_GATE_A_MEM_CLOSE]) / 시간 동작 SdCoil; 타이머 의미 추가 확인 / 시간 인자 S5T#4S
1816:1517 SdCoil Tag_82 <- ((ON AND PV-01 GATE B EV) AND NOT [Flag.PV_01_GATE_B_MEM_OPEN]) / 시간 동작 SdCoil; 타이머 의미 추가 확인 / 시간 인자 S5T#7S
1816:1535 SdCoil Tag_83 <- ((ON AND NOT [PV-01 GATE B EV]) AND NOT [Flag.PV_01_GATE_B_MEM_CLOSE]) / 시간 동작 SdCoil; 타이머 의미 추가 확인 / 시간 인자 S5T#7S
1913:340 SdCoil Tag_163 <- (((ON AND Flag.Enable_R1_GATE) AND R1 Gate ON) AND [WorkData.R1State = 0]) / 시간 동작 SdCoil; 타이머 의미 추가 확인 / 시간 인자 S5T#1S
1913:374 SdCoil Tag_164 <- (((ON AND Flag.Enable_R1_GATE) AND R1 Gate ON) AND [WorkData.R1State = 2]) / 시간 동작 SdCoil; 타이머 의미 추가 확인 / 시간 인자 Data.SET_EVR1B_Open_time
1913:396 SdCoil Tag_165 <- (((ON AND Flag.Enable_R1_GATE) AND R1 Gate ON) AND [WorkData.R1State = 3]) / 시간 동작 SdCoil; 타이머 의미 추가 확인 / 시간 인자 S5T#1S
1913:430 SdCoil Tag_166 <- (((ON AND Flag.Enable_R1_GATE) AND R1 Gate ON) AND [WorkData.R1State = 5]) / 시간 동작 SdCoil; 타이머 의미 추가 확인 / 시간 인자 Data.SET_EVR1A_Open_time","1815:1459, 1815:1464, 1815:1477, 1815:1482, 1816:1523, 1816:1528, 1816:1541, 1816:1546, 1843:410, 1843:412, 1843:420, 1843:422, 1843:424, 1843:432, 1843:434, 1843:436, 1843:443, 1843:449, 1843:456, 1843:458, 1843:460, 1843:462, 1843:469, 1843:478, 1843:481, 1843:492, 1843:495, 1843:500, 1843:506, 1843:513, 1843:515, 1843:517, 1843:527, 1843:530, 1843:539, 1843:545, 1843:552, 1843:554, 1843:568, 1843:573, 1843:578, 1843:581, 1843:587, 1843:828, 1911:115, 1911:117","1815:1464, 1815:1482, 1816:1528, 1816:1546, 1843:410, 1843:412, 1843:420, 1843:422, 1843:424, 1843:432, 1843:434, 1843:436, 1843:443, 1843:449, 1843:456, 1843:458, 1843:460, 1843:462, 1843:469, 1843:478, 1843:481, 1843:492, 1843:102, 1843:495, 1843:500, 1843:506, 1843:34, 1843:513, 1843:515, 1843:517, 1843:527, 1843:530, 1843:539, 1843:545, 1843:552, 1843:554, 1843:568, 1843:573, 1843:578, 1843:581, 1843:587, 1843:828, 1843:838","69, 70","405, 1090, 1215, 1815, 1816, 1843, 1911, 1913, 1914, 1915, 1921, 1922","BASELINE, POWER, VOLTAGE, PV01-LS02, ADDRESS, SOURCE-XML",TIA 호출 조건·주기·중복 쓰기 순서와 전원 재시작 동작 확인; 현재 PLC 프로그램·현장 설치·단자·정상 극성 및 실제 설정값 대조; 시험 기대 결과 확정과 실행 증거 수집; 정적 조건에 미해석 참조·호출·타이머 출력 등이 있음,자료 연결 완료 · 동작 확정 검토 중
PV02,공압 게이트/분기 밸브,공압 밸브,,자료에서 확인,ev04_close (%I9.5); ev05_close (%I9.7); selector op gate a pv-02 (%I10.0); selector op gate b pv-02 (%I10.1); ev04_open (%I9.4); ev05_open (%I9.6),pv-02 gate b ev (%Q5.5); pv-02 gate a ev (%Q5.4),open ev a 00 pv-02 (%M30.4); pv-02 gate on (%M12.2); close ev a 01 pv-02 (%M30.0); close ev b 01 pv-02 (%M30.2); open ev b 01 pv-02 (%M30.1); mem gate a open pv-02 (%M12.4); mem gate b open pv-02 (%M12.3); open ev a 01 pv-02 (%M30.3); maintenance pv02 (%M80.6); open ev b 00 pv-02 (%M30.5),"PV_02\Flag (DB2,X10.3); PV_02\GateA_Open (DB11,X78.1); PV_02\GateA_Close (DB11,X78.2); PV_02\GateB_Open (DB11,X78.3); PV_02\GateB_Close (DB11,X78.4); PV_02\Selector_GateA (DB11,X78.5); PV_02\Selector_GateB (DB11,X78.6); PV_02\Allarme1 (DB11,X78.0)","405:303 SCoil Flag.PV_02_GATE_A_MEM_CLOSE <- ON / 조건 성립 시 Set
405:305 SCoil Flag.PV_02_GATE_B_MEM_CLOSE <- ON / 조건 성립 시 Set
1091:23 Coil Inputs.PV-02 EV A OPEN <- PV-02 GATE A EV / 조건에 따른 Coil 기록
1091:25 Coil Inputs.PV-02 EV A CLOSE <- NOT [PV-02 GATE A EV] / 조건에 따른 Coil 기록
1091:27 Coil Inputs.PV-02 GATE B OPEN <- PV-02 GATE B EV / 조건에 따른 Coil 기록
1091:29 Coil Inputs.PV-02 GATE B CLOSE <- NOT [PV-02 GATE B EV] / 조건에 따른 Coil 기록
1817:1587 SCoil Allarm.PV_02_GATE_A_NOT_OPEN <- ((ON AND PV-02 GATE A EV) AND Tag_84) / 조건 성립 시 Set
1817:1592 RCoil Allarm.PV_02_GATE_A_NOT_OPEN <- ((ON AND Flag.RESET_ALLARM) AND Allarm.PV_02_GATE_A_NOT_OPEN) / 조건 성립 시 Reset
1817:1605 SCoil Allarm.PV_02_GATE_A_NOT_CLOSE <- ((ON AND NOT [PV-02 GATE A EV]) AND Tag_85) / 조건 성립 시 Set
1817:1610 RCoil Allarm.PV_02_GATE_A_NOT_CLOSE <- ((ON AND Flag.RESET_ALLARM) AND Allarm.PV_02_GATE_A_NOT_CLOSE) / 조건 성립 시 Reset
1818:1651 SCoil Allarm.PV_02_GATE_B_NOT_OPEN <- ((ON AND PV-02 GATE B EV) AND Tag_86) / 조건 성립 시 Set
1818:1656 RCoil Allarm.PV_02_GATE_B_NOT_OPEN <- ((ON AND Flag.RESET_ALLARM) AND Allarm.PV_02_GATE_B_NOT_OPEN) / 조건 성립 시 Reset
1818:1669 SCoil Allarm.PV_02_GATE_B_NOT_CLOSE <- ((ON AND NOT [PV-02 GATE B EV]) AND Tag_87) / 조건 성립 시 Set
1818:1674 RCoil Allarm.PV_02_GATE_B_NOT_CLOSE <- ((ON AND Flag.RESET_ALLARM) AND Allarm.PV_02_GATE_B_NOT_CLOSE) / 조건 성립 시 Reset
1916:456 Coil PV-02 Gate ON <- ((((((ON AND MC04_Fbk) OR (ON AND Inputs.MC04 run) OR (ON AND Allarm.Maintenance_ON)) AND Flag.Enable_R2_GATE) AND NOT [Allarm.PV_02_GATE_A_NOT_OPEN]) AND NOT [Allarm.PV_02_GATE_B_NOT_OPEN]) OR (((((ON AND MC04_Fbk) OR (ON AND Inputs.MC04 run) OR (ON AND Allarm.Maintenance_ON)) AND NOT [Flag.Enable_R2_GATE]) AND Flag.PV_02_GATE_A_MEM_OPEN) AND Flag.PV_02_GATE_B_MEM_OPEN)) / 조건에 따른 Coil 기록
1916:471 RCoil Open EV A 01  PV-02 <- (ON AND NOT [PV-02 Gate ON]) / 조건 성립 시 Reset
1916:474 RCoil Open EV B 01  PV-02 <- (ON AND NOT [PV-02 Gate ON]) / 조건 성립 시 Reset
1916:477 RCoil Close EV A 01  PV-02 <- (ON AND NOT [PV-02 Gate ON]) / 조건 성립 시 Reset
1916:480 RCoil Close EV B 01  PV-02 <- (ON AND NOT [PV-02 Gate ON]) / 조건 성립 시 Reset
1918:677 SCoil Close EV A 01  PV-02 <- (((ON AND Flag.Enable_R2_GATE) AND PV-02 Gate ON) AND [WorkData.W7 = 0]) / 조건 성립 시 Set
1918:680 RCoil Open EV A 01  PV-02 <- (((ON AND Flag.Enable_R2_GATE) AND PV-02 Gate ON) AND [WorkData.W7 = 0]) / 조건 성립 시 Reset
1918:699 SCoil Open EV B 01  PV-02 <- (((ON AND Flag.Enable_R2_GATE) AND PV-02 Gate ON) AND [WorkData.W7 = 1]) / 조건 성립 시 Set
1918:702 RCoil Close EV B 01  PV-02 <- (((ON AND Flag.Enable_R2_GATE) AND PV-02 Gate ON) AND [WorkData.W7 = 1]) / 조건 성립 시 Reset
1918:733 SCoil Close EV B 01  PV-02 <- (((ON AND Flag.Enable_R2_GATE) AND PV-02 Gate ON) AND [WorkData.W7 = 3]) / 조건 성립 시 Set
1918:736 RCoil Open EV B 01  PV-02 <- (((ON AND Flag.Enable_R2_GATE) AND PV-02 Gate ON) AND [WorkData.W7 = 3]) / 조건 성립 시 Reset
1918:755 SCoil Open EV A 01  PV-02 <- (((ON AND Flag.Enable_R2_GATE) AND PV-02 Gate ON) AND [WorkData.W7 = 4]) / 조건 성립 시 Set
1918:758 RCoil Close EV A 01  PV-02 <- (((ON AND Flag.Enable_R2_GATE) AND PV-02 Gate ON) AND [WorkData.W7 = 4]) / 조건 성립 시 Reset
1919:686 Coil Open EV A 00 PV-02 <- (ON AND Selector Op Gate A PV-02) / 조건에 따른 Coil 기록
1919:690 Coil Open EV B 00  PV-02 <- (ON AND Selector Op Gate B PV-02) / 조건에 따른 Coil 기록
1920:717 Coil PV-02 GATE B EV <- ((ON AND Open EV B 00  PV-02) OR (ON AND Open EV B 01  PV-02) OR (ON AND maintenance PV02)) / 조건에 따른 Coil 기록
1920:724 Coil PV-02 GATE A EV <- ((ON AND Open EV A 00 PV-02) OR (ON AND Open EV A 01  PV-02) OR (ON AND maintenance PV02)) / 조건에 따른 Coil 기록
1923:26 SCoil Flag.PV_02_GATE_A_MEM_OPEN <- (((ON AND PV-02 GATE A EV) AND EV04_Open) OR ((ON AND PV-02 GATE A EV) AND Inputs.PV-02 EV A OPEN)) / 조건 성립 시 Set
1923:28 RCoil Flag.PV_02_GATE_A_MEM_OPEN <- (ON AND NOT [PV-02 GATE A EV]) / 조건 성립 시 Reset
1923:33 SCoil Flag.PV_02_GATE_A_MEM_CLOSE <- (((ON AND NOT [PV-02 GATE A EV]) AND EV04_Close) OR ((ON AND NOT [PV-02 GATE A EV]) AND Inputs.PV-02 EV A CLOSE)) / 조건 성립 시 Set
1923:35 RCoil Flag.PV_02_GATE_A_MEM_CLOSE <- (ON AND PV-02 GATE A EV) / 조건 성립 시 Reset
1924:26 SCoil Flag.PV_02_GATE_B_MEM_OPEN <- (((ON AND PV-02 GATE B EV) AND EV05_Open) OR ((ON AND PV-02 GATE B EV) AND Inputs.PV-02 GATE B OPEN)) / 조건 성립 시 Set
1924:28 RCoil Flag.PV_02_GATE_B_MEM_OPEN <- (ON AND NOT [PV-02 GATE B EV]) / 조건 성립 시 Reset
1924:33 SCoil Flag.PV_02_GATE_B_MEM_CLOSE <- (((ON AND NOT [PV-02 GATE B EV]) AND EV05_Close) OR ((ON AND NOT [PV-02 GATE B EV]) AND Inputs.PV-02 GATE B CLOSE)) / 조건 성립 시 Set
1924:35 RCoil Flag.PV_02_GATE_B_MEM_CLOSE <- (ON AND PV-02 GATE B EV) / 조건 성립 시 Reset","1916:456, 1916:458, 1920:717, 1920:724","1916:456, 1916:458, 1918:677, 1918:680, 1918:683, 1918:688, 1918:699, 1918:702, 1918:706, 1918:717, 1918:722, 1918:733, 1918:736, 1918:739, 1918:744, 1918:755, 1918:758, 1918:762, 1918:773, 1918:778",,"1817:1581 SdCoil Tag_84 <- ((ON AND PV-02 GATE A EV) AND NOT [Flag.PV_02_GATE_A_MEM_OPEN]) / 시간 동작 SdCoil; 타이머 의미 추가 확인 / 시간 인자 S5T#7S
1817:1599 SdCoil Tag_85 <- ((ON AND NOT [PV-02 GATE A EV]) AND NOT [Flag.PV_02_GATE_A_MEM_CLOSE]) / 시간 동작 SdCoil; 타이머 의미 추가 확인 / 시간 인자 S5T#7S
1818:1645 SdCoil Tag_86 <- ((ON AND PV-02 GATE B EV) AND NOT [Flag.PV_02_GATE_B_MEM_OPEN]) / 시간 동작 SdCoil; 타이머 의미 추가 확인 / 시간 인자 S5T#7S
1818:1663 SdCoil Tag_87 <- ((ON AND NOT [PV-02 GATE B EV]) AND NOT [Flag.PV_02_GATE_B_MEM_CLOSE]) / 시간 동작 SdCoil; 타이머 의미 추가 확인 / 시간 인자 S5T#7S
1918:683 SdCoil Tag_167 <- (((ON AND Flag.Enable_R2_GATE) AND PV-02 Gate ON) AND [WorkData.W7 = 0]) / 시간 동작 SdCoil; 타이머 의미 추가 확인 / 시간 인자 S5T#300MS
1918:717 SdCoil Tag_168 <- (((ON AND Flag.Enable_R2_GATE) AND PV-02 Gate ON) AND [WorkData.W7 = 2]) / 시간 동작 SdCoil; 타이머 의미 추가 확인 / 시간 인자 Data.SET_PV02B_Open_time
1918:739 SdCoil Tag_169 <- (((ON AND Flag.Enable_R2_GATE) AND PV-02 Gate ON) AND [WorkData.W7 = 3]) / 시간 동작 SdCoil; 타이머 의미 추가 확인 / 시간 인자 S5T#800MS
1918:773 SdCoil Tag_170 <- (((ON AND Flag.Enable_R2_GATE) AND PV-02 Gate ON) AND [WorkData.W7 = 5]) / 시간 동작 SdCoil; 타이머 의미 추가 확인 / 시간 인자 Data.SET_PV02A_Open_time","1817:1587, 1817:1592, 1817:1605, 1817:1610, 1818:1651, 1818:1656, 1818:1669, 1818:1674, 1916:456, 1916:458","1817:1592, 1817:1610, 1818:1656, 1818:1674","71, 72","405, 1091, 1216, 1817, 1818, 1916, 1918, 1919, 1920, 1923, 1924","BASELINE, POWER, VOLTAGE, ADDRESS, SOURCE-XML",TIA 호출 조건·주기·중복 쓰기 순서와 전원 재시작 동작 확인; 현재 PLC 프로그램·현장 설치·단자·정상 극성 및 실제 설정값 대조; 시험 기대 결과 확정과 실행 증거 수집; 상태 전환 순서 또는 단일 동작·수동 장치 여부 미확정,자료 연결 완료 · 동작 확정 검토 중
PV03,공압 게이트/분기 밸브,공압 밸브,,자료에서 확인,deviator open pv-03 (%I10.2); deviator close pv-03 (%I10.3); pv03 local selector (%I10.4),pv-03 gate ev (%Q5.6),,"PV_03\Flag (DB2,X11.2); PV_03\LS_Open (DB11,X80.0); PV_03\LS_Close (DB11,X80.1); PV_03\Allarme1 (DB11,X80.3); PV_03\Selector (DB11,X80.2)","405:311 SCoil Flag.PV_03_GATE_MEM_CLOSE <- ON / 조건 성립 시 Set
1087:31 Coil Inputs.Deviator Open PV-03 <- Flag.M_PV03 / 조건에 따른 Coil 기록
1087:38 Coil Inputs.Deviator Close PV-03 <- NOT [Flag.M_PV03] / 조건에 따른 Coil 기록
1819:1715 SCoil Allarm.PV_03_GATE_NOT_OPEN1 <- ((ON AND PV-03 GATE EV) AND Tag_88) / 조건 성립 시 Set
1819:1720 RCoil Allarm.PV_03_GATE_NOT_OPEN1 <- ((ON AND Flag.RESET_ALLARM) AND Allarm.PV_03_GATE_NOT_OPEN1) / 조건 성립 시 Reset
1819:1733 SCoil Allarm.PV_03_GATE_NOT_CLOSE1 <- ((ON AND NOT [PV-03 GATE EV]) AND Tag_89) / 조건 성립 시 Set
1819:1738 RCoil Allarm.PV_03_GATE_NOT_CLOSE1 <- ((ON AND Flag.RESET_ALLARM) AND Allarm.PV_03_GATE_NOT_CLOSE1) / 조건 성립 시 Reset
1925:24 SCoil Flag.PV_03_GATE_MEM_OPEN <- (((ON AND PV-03 GATE EV) AND Deviator Open PV-03) OR ((ON AND PV-03 GATE EV) AND Inputs.Deviator Open PV-03) OR ((ON AND PV-03 GATE EV) AND Flag.M_PV03)) / 조건 성립 시 Set
1925:26 RCoil Flag.PV_03_GATE_MEM_OPEN <- (ON AND NOT [PV-03 GATE EV]) / 조건 성립 시 Reset
1925:29 SCoil Flag.PV_03_GATE_MEM_CLOSE <- (((ON AND NOT [PV-03 GATE EV]) AND Deviator Close PV-03) OR ((ON AND NOT [PV-03 GATE EV]) AND Inputs.Deviator Close PV-03) OR ((ON AND NOT [PV-03 GATE EV]) AND NOT [Flag.M_PV03])) / 조건 성립 시 Set
1925:31 RCoil Flag.PV_03_GATE_MEM_CLOSE <- (ON AND PV-03 GATE EV) / 조건 성립 시 Reset
1972:1141 RCoil Flag.M_PV03 <- (ON AND OFF) / 조건 성립 시 Reset
1972:1147 Coil PV-03 GATE EV <- ((ON AND Flag.M_PV03) OR (ON AND Inputs.PV03 Local Selector)) / 조건에 따른 Coil 기록",,,,"1819:1709 SdCoil Tag_88 <- ((ON AND PV-03 GATE EV) AND NOT [Flag.PV_03_GATE_MEM_OPEN]) / 시간 동작 SdCoil; 타이머 의미 추가 확인 / 시간 인자 S5T#5S
1819:1727 SdCoil Tag_89 <- ((ON AND NOT [PV-03 GATE EV]) AND NOT [Flag.PV_03_GATE_MEM_CLOSE]) / 시간 동작 SdCoil; 타이머 의미 추가 확인 / 시간 인자 S5T#5S","1819:1715, 1819:1720, 1819:1733, 1819:1738","1819:1720, 1819:1738",73,"405, 1087, 1217, 1819, 1925, 1972, 1973","BASELINE, POWER, VOLTAGE, ADDRESS, SOURCE-XML",TIA 호출 조건·주기·중복 쓰기 순서와 전원 재시작 동작 확인; 현재 PLC 프로그램·현장 설치·단자·정상 극성 및 실제 설정값 대조; 시험 기대 결과 확정과 실행 증거 수집; 자동·수동 모드 전환 및 우선순위 미확정; 상태 전환 순서 또는 단일 동작·수동 장치 여부 미확정,자료 연결 완료 · 동작 확정 검토 중
PV04,공압 게이트/분기 밸브,공압 밸브,,예비 표기·삭제 제목,pv04 open (%I10.5); pv04 close (%I10.6); button open pv-0000 (%I10.7),pv-04 (%Q5.7),,"PV_04\Flag (DB2,X4.1); PV_04\LS_Open (DB11,X82.0); PV_04\LS_Close (DB11,X82.1); PV_04\Push_Button (DB11,X82.2); PV_04\Allarme1 (DB11,X82.3)","1088:30 Coil Inputs.PV04 Open <- Flag.M_PV04 / 조건에 따른 Coil 기록
1088:35 Coil Inputs.PV04 Close <- NOT [Flag.M_PV04] / 조건에 따른 Coil 기록",,,,,,,74,"1088, 1218, 1947","BASELINE, POWER, VOLTAGE, ADDRESS, MC05-SC12-PV04, SOURCE-XML",TIA 호출 조건·주기·중복 쓰기 순서와 전원 재시작 동작 확인; 현재 PLC 프로그램·현장 설치·단자·정상 극성 및 실제 설정값 대조; 시험 기대 결과 확정과 실행 증거 수집; 자동·수동 모드 전환 및 우선순위 미확정; 전용 타이머 또는 무지연 동작 여부 미확정; 상태 전환 순서 또는 단일 동작·수동 장치 여부 미확정,자료 연결 완료 · 동작 확정 검토 중
PV05,질소 주입 밸브,공압 밸브,,자료에서 확인,nitrogen tank ready (%I16.7),start nitrogen (%Q6.4),,,,,,,,"1990:929, 1990:935",1990:935,96,"1080, 1990","BASELINE, POWER, VOLTAGE, ADDRESS, SOURCE-XML",TIA 호출 조건·주기·중복 쓰기 순서와 전원 재시작 동작 확인; 현재 PLC 프로그램·현장 설치·단자·정상 극성 및 실제 설정값 대조; 시험 기대 결과 확정과 실행 증거 수집; 직접 HMI 설정 미식별: 표시용 가공 태그·상위 화면 여부 확인; 자동·수동 모드 전환 및 우선순위 미확정; 전용 타이머 또는 무지연 동작 여부 미확정; 상태 전환 순서 또는 단일 동작·수동 장치 여부 미확정,자료 연결 완료 · 동작 확정 검토 중
PV06,질소 주입 밸브,공압 밸브,,자료에서 확인,nitrogen tank ready (%I16.7),start nitrogen (%Q6.4),,,,,,,,"1990:929, 1990:935",1990:935,96,"1080, 1990","BASELINE, POWER, VOLTAGE, ADDRESS, SOURCE-XML",TIA 호출 조건·주기·중복 쓰기 순서와 전원 재시작 동작 확인; 현재 PLC 프로그램·현장 설치·단자·정상 극성 및 실제 설정값 대조; 시험 기대 결과 확정과 실행 증거 수집; 직접 HMI 설정 미식별: 표시용 가공 태그·상위 화면 여부 확인; 자동·수동 모드 전환 및 우선순위 미확정; 전용 타이머 또는 무지연 동작 여부 미확정; 상태 전환 순서 또는 단일 동작·수동 장치 여부 미확정,자료 연결 완료 · 동작 확정 검토 중
PV14,필터 냉풍 유입 밸브,공압 밸브,,자료에서 확인,pv-14 open (%I28.0); pv-14 close (%I28.1),pv-14 (%Q17.0),open false air (%M2.1),"PV_14\Flag (DB2,X13.1); PV_14\LS_Open (DB11,X74.0); PV_14\LS_Close (DB11,X74.1)","1070:105 Coil Inputs.PV-14 CLOSE <- PV-14 CLOSE / 조건에 따른 Coil 기록
1070:112 Coil Inputs.PV-14 OPEN <- PV-14 OPEN / 조건에 따른 Coil 기록
1089:27 Coil Inputs.PV-14 OPEN <- PV-14 / 조건에 따른 Coil 기록
1089:34 Coil Inputs.PV-14 CLOSE <- NOT [PV-14] / 조건에 따른 Coil 기록
1902:1991 SCoil Allarm.Fault_PV14 <- ((((ON AND PV-14) AND NOT [Inputs.PV-14 OPEN]) OR ((ON AND NOT [PV-14]) AND NOT [Inputs.PV-14 CLOSE])) AND Tag_134) / 조건 성립 시 Set
1902:1996 RCoil Allarm.Fault_PV14 <- ((ON AND Flag.RESET_ALLARM) AND Allarm.Fault_PV14) / 조건 성립 시 Reset
1903:2004 RCoil Flag.M_PV14 <- (ON AND Allarm.Fault_PV14) / 조건 성립 시 Reset
1903:2012 Coil PV-14 <- ((ON AND Flag.M_PV14) OR (ON AND Open false air) OR (ON AND Allarm.MAX_TC09) OR (ON AND Allarm.MAX_MAX_TC09) OR (ON AND Allarm.Emergency_module_fault)) / 조건에 따른 Coil 기록
1991:1049 SCoil Open false air <- (ON AND [Data.TC_09 > Data.TC09_MAX]) / 조건 성립 시 Set
1991:1082 RCoil Open false air <- (Sub UID 1064.eno (블록 동작 확인) AND [Data.TC_09 < app03]) / 조건 성립 시 Reset",,,,1902:1986 SdCoil Tag_134 <- (((ON AND PV-14) AND NOT [Inputs.PV-14 OPEN]) OR ((ON AND NOT [PV-14]) AND NOT [Inputs.PV-14 CLOSE])) / 시간 동작 SdCoil; 타이머 의미 추가 확인 / 시간 인자 S5T#20S,"1902:1991, 1902:1996, 1903:2004, 1903:2012, 1991:1060, 1991:1076, 1991:1078, 1991:1095, 1991:1100","1902:1996, 1991:1100",168,"1070, 1089, 1212, 1902, 1903, 1991","BASELINE, POWER, VOLTAGE, ADDRESS, SOURCE-XML",TIA 호출 조건·주기·중복 쓰기 순서와 전원 재시작 동작 확인; 현재 PLC 프로그램·현장 설치·단자·정상 극성 및 실제 설정값 대조; 시험 기대 결과 확정과 실행 증거 수집; 자동·수동 모드 전환 및 우선순위 미확정; 상태 전환 순서 또는 단일 동작·수동 장치 여부 미확정; 정적 조건에 미해석 참조·호출·타이머 출력 등이 있음,자료 연결 완료 · 동작 확정 검토 중
CY01,사이클론,집진·석회,,자료에서 확인,,,,,,,,,,,,,,"BASELINE, POWER, VOLTAGE, ADDRESS, SOURCE-XML",TIA 호출 조건·주기·중복 쓰기 순서와 전원 재시작 동작 확인; 현재 PLC 프로그램·현장 설치·단자·정상 극성 및 실제 설정값 대조; 시험 기대 결과 확정과 실행 증거 수집; 직접 I/O 미식별: 상위 장치·로컬 계측·공통 기능 여부 확인; 직접 HMI 설정 미식별: 표시용 가공 태그·상위 화면 여부 확인; 직접 LAD 미식별: 실물/예비 상태 또는 상위 제어 연결 확인; 자동·수동 모드 전환 및 우선순위 미확정; 전용 타이머 또는 무지연 동작 여부 미확정; 상태 전환 순서 또는 단일 동작·수동 장치 여부 미확정,자료 연결 완료 · 동작 확정 검토 중
CY02,사이클론,집진·석회,,자료에서 확인,,,,,,,,,,,,,,"BASELINE, POWER, VOLTAGE, ADDRESS, SOURCE-XML",TIA 호출 조건·주기·중복 쓰기 순서와 전원 재시작 동작 확인; 현재 PLC 프로그램·현장 설치·단자·정상 극성 및 실제 설정값 대조; 시험 기대 결과 확정과 실행 증거 수집; 직접 I/O 미식별: 상위 장치·로컬 계측·공통 기능 여부 확인; 직접 HMI 설정 미식별: 표시용 가공 태그·상위 화면 여부 확인; 직접 LAD 미식별: 실물/예비 상태 또는 상위 제어 연결 확인; 자동·수동 모드 전환 및 우선순위 미확정; 전용 타이머 또는 무지연 동작 여부 미확정; 상태 전환 순서 또는 단일 동작·수동 장치 여부 미확정,자료 연결 완료 · 동작 확정 검토 중
CY03,사이클론,집진·석회,,자료에서 확인,,,,,,,,,,,,,,"BASELINE, POWER, VOLTAGE, ADDRESS, SOURCE-XML",TIA 호출 조건·주기·중복 쓰기 순서와 전원 재시작 동작 확인; 현재 PLC 프로그램·현장 설치·단자·정상 극성 및 실제 설정값 대조; 시험 기대 결과 확정과 실행 증거 수집; 직접 I/O 미식별: 상위 장치·로컬 계측·공통 기능 여부 확인; 직접 HMI 설정 미식별: 표시용 가공 태그·상위 화면 여부 확인; 직접 LAD 미식별: 실물/예비 상태 또는 상위 제어 연결 확인; 자동·수동 모드 전환 및 우선순위 미확정; 전용 타이머 또는 무지연 동작 여부 미확정; 상태 전환 순서 또는 단일 동작·수동 장치 여부 미확정,자료 연결 완료 · 동작 확정 검토 중
CY04,사이클론,집진·석회,,자료에서 확인,,,,,,,,,,,,,,"BASELINE, POWER, VOLTAGE, ADDRESS, SOURCE-XML",TIA 호출 조건·주기·중복 쓰기 순서와 전원 재시작 동작 확인; 현재 PLC 프로그램·현장 설치·단자·정상 극성 및 실제 설정값 대조; 시험 기대 결과 확정과 실행 증거 수집; 직접 I/O 미식별: 상위 장치·로컬 계측·공통 기능 여부 확인; 직접 HMI 설정 미식별: 표시용 가공 태그·상위 화면 여부 확인; 직접 LAD 미식별: 실물/예비 상태 또는 상위 제어 연결 확인; 자동·수동 모드 전환 및 우선순위 미확정; 전용 타이머 또는 무지연 동작 여부 미확정; 상태 전환 순서 또는 단일 동작·수동 장치 여부 미확정,자료 연결 완료 · 동작 확정 검토 중
CY05,사이클론,집진·석회,,자료에서 확인,,,,,,,,,,,,,,"BASELINE, POWER, VOLTAGE, ADDRESS, SOURCE-XML",TIA 호출 조건·주기·중복 쓰기 순서와 전원 재시작 동작 확인; 현재 PLC 프로그램·현장 설치·단자·정상 극성 및 실제 설정값 대조; 시험 기대 결과 확정과 실행 증거 수집; 직접 I/O 미식별: 상위 장치·로컬 계측·공통 기능 여부 확인; 직접 HMI 설정 미식별: 표시용 가공 태그·상위 화면 여부 확인; 직접 LAD 미식별: 실물/예비 상태 또는 상위 제어 연결 확인; 자동·수동 모드 전환 및 우선순위 미확정; 전용 타이머 또는 무지연 동작 여부 미확정; 상태 전환 순서 또는 단일 동작·수동 장치 여부 미확정,자료 연결 완료 · 동작 확정 검토 중
VR01,로터리 밸브,집진·석회,,자료에서 확인,vr01_fbk (%I3.4),start vr01 (%Q2.6),,"VR_01\Allarme1 (DB11,X32.1); VR_01\RispostaA (DB11,X32.0); VR_01\Flag (DB2,X1.1)","1027:1604 Move hours motors.VR_01_HOUR <- ((Tag_47 AND VR01_Fbk) AND [hours motors.VR_01_MIN >= 60]) / Move 입력 1
1027:1607 Move hours motors.VR_01_MIN <- Move UID 1604.eno (블록 동작 확인) / Move 입력 0
1050:2893 Move hours motors.VR_01_HOUR <- Move UID 2890.eno (블록 동작 확인) / Move 입력 0
1084:34 Coil Inputs.VR-01 RUN <- Flag.M_VR_01 / 조건에 따른 Coil 기록
1797:653 SCoil Allarm.VR_01_FAULT <- ((ON AND Start VR01) AND Tag_62) / 조건 성립 시 Set
1797:658 RCoil Allarm.VR_01_FAULT <- ((ON AND Flag.RESET_ALLARM) AND Allarm.VR_01_FAULT) / 조건 성립 시 Reset
1843:513 SCoil Flag.M_VR_01 <- ((((ON AND NOT [Allarm.Emergency_module_fault]) AND [Data.Tipo_preset = 1]) AND Flag.Auto_ON1) AND [Data.Tempo_presetting = 28]) / 조건 성립 시 Set
1844:850 SCoil Flag.M_VR_01 <- ((((ON AND NOT [Allarm.Emergency_module_fault]) AND Flag.Auto_ON1) AND [Data.Tipo_preset = 2]) AND [Data.Tempo_presetting = 46]) / 조건 성립 시 Set
1847:917 RCoil Flag.M_VR_01 <- (((Flag.Auto_ON1 AND [Data.Tipo_preset = 5]) AND [Data.Tempo_presetting = 11]) OR ((Flag.Auto_ON1 AND [Data.Tipo_preset = 5]) AND Allarm.Emergency_module_fault)) / 조건 성립 시 Reset
1949:604 RCoil Flag.M_VR_01 <- (ON AND Allarm.VR_01_FAULT) / 조건 성립 시 Reset
1949:608 Coil Start VR01 <- (ON AND Flag.M_VR_01) / 조건에 따른 Coil 기록","1843:410, 1843:412, 1843:420, 1843:422, 1843:424, 1843:432, 1843:434, 1843:436, 1843:443, 1843:449, 1843:456, 1843:458, 1843:460, 1843:462, 1843:469, 1843:478, 1843:481, 1843:492, 1843:495, 1843:500, 1843:506, 1843:513, 1843:515, 1843:517, 1843:527, 1843:530, 1843:539, 1843:545, 1843:552, 1843:554, 1843:568, 1843:573, 1843:578, 1843:581, 1843:587, 1844:747, 1844:749, 1844:757, 1844:759, 1844:761, 1844:769, 1844:771, 1844:773, 1844:780, 1844:786, 1844:793, 1844:799, 1844:805, 1844:811, 1844:817, 1844:826, 1844:829, 1844:1158, 1844:1162, 1844:850, 1844:852, 1844:854, 1844:864, 1844:867, 1844:878, 1844:881, 1844:889, 1844:896, 1844:898, 1844:912, 1844:917, 1844:922, 1844:925, 1844:931, 1847:891, 1847:893, 1847:897, 1847:905, 1847:907, 1847:909, 1847:917, 1847:919, 1847:927, 1847:929, 1847:931, 1847:939, 1847:941, 1847:948, 1847:954, 1847:961, 1847:963, 1847:965, 1847:973, 1847:975, 1847:982",,,1797:647 SdCoil Tag_62 <- ((ON AND Start VR01) AND NOT [Inputs.VR-01 RUN]) / 시간 동작 SdCoil; 타이머 의미 추가 확인 / 시간 인자 S5T#2S,"1797:653, 1797:658, 1843:410, 1843:412, 1843:420, 1843:422, 1843:424, 1843:432, 1843:434, 1843:436, 1843:443, 1843:449, 1843:456, 1843:458, 1843:460, 1843:462, 1843:469, 1843:478, 1843:481, 1843:492, 1843:495, 1843:500, 1843:506, 1843:513, 1843:515, 1843:517, 1843:527, 1843:530, 1843:539, 1843:545, 1843:552, 1843:554, 1843:568, 1843:573, 1843:578, 1843:581, 1843:587, 1843:828, 1844:747, 1844:749, 1844:757, 1844:759, 1844:761, 1844:769, 1844:771, 1844:773, 1844:780, 1844:786, 1844:793, 1844:799, 1844:805, 1844:811, 1844:817, 1844:826, 1844:829, 1844:1158, 1844:1162, 1844:850, 1844:852, 1844:854, 1844:864, 1844:867, 1844:878, 1844:881, 1844:889, 1844:896, 1844:898, 1844:912, 1844:917, 1844:922, 1844:925, 1844:931, 1847:891, 1847:893, 1847:897, 1847:905, 1847:907, 1847:909, 1847:917, 1847:919, 1847:927, 1847:929, 1847:931, 1847:939, 1847:941, 1847:948, 1847:954, 1847:961, 1847:963, 1847:965, 1847:973, 1847:975, 1847:982, 1949:604, 1950:653, 1950:656, 1950:661","1797:658, 1843:410, 1843:412, 1843:420, 1843:422, 1843:424, 1843:432, 1843:434, 1843:436, 1843:443, 1843:449, 1843:456, 1843:458, 1843:460, 1843:462, 1843:469, 1843:478, 1843:481, 1843:492, 1843:102, 1843:495, 1843:500, 1843:506, 1843:34, 1843:513, 1843:515, 1843:517, 1843:527, 1843:530, 1843:539, 1843:545, 1843:552, 1843:554, 1843:568, 1843:573, 1843:578, 1843:581, 1843:587, 1843:828, 1843:838, 1844:747, 1844:749, 1844:757, 1844:759, 1844:761, 1844:769, 1844:771, 1844:773, 1844:780, 1844:786, 1844:793, 1844:799, 1844:805, 1844:811, 1844:817, 1844:826, 1844:829, 1844:1158, 1844:1162, 1844:850, 1844:852, 1844:854, 1844:864, 1844:867, 1844:878, 1844:881, 1844:889, 1844:896, 1844:898, 1844:912, 1844:917, 1844:922, 1844:925, 1844:931, 1847:891, 1847:893, 1847:897, 1847:905, 1847:907, 1847:909, 1847:917, 1847:919, 1847:927, 1847:929, 1847:931, 1847:939, 1847:941, 1847:948, 1847:954, 1847:961, 1847:963, 1847:965, 1847:973, 1847:975, 1847:982",46,"1027, 1050, 1084, 1193, 1797, 1843, 1844, 1847, 1949, 1950","BASELINE, POWER, VOLTAGE, ADDRESS, SOURCE-XML",TIA 호출 조건·주기·중복 쓰기 순서와 전원 재시작 동작 확인; 현재 PLC 프로그램·현장 설치·단자·정상 극성 및 실제 설정값 대조; 시험 기대 결과 확정과 실행 증거 수집; 상태 전환 순서 또는 단일 동작·수동 장치 여부 미확정; 정적 조건에 미해석 참조·호출·타이머 출력 등이 있음,자료 연결 완료 · 동작 확정 검토 중
VR02,로터리 밸브,집진·석회,,자료에서 확인,vr02_fbk (%I3.7),start vr02 (%Q3.0),,"VR_02\RispostaA (DB11,X36.0); VR_02\Flag (DB2,X1.3); VR_02\Allarme1 (DB11,X36.1)","1029:1712 Move hours motors.VR_02_HOUR <- ((Tag_47 AND VR02_Fbk) AND [hours motors.VR_02_MIN >= 60]) / Move 입력 1
1029:1715 Move hours motors.VR_02_MIN <- Move UID 1712.eno (블록 동작 확인) / Move 입력 0
1051:2946 Move hours motors.VR_02_HOUR <- Tag_48 / Move 입력 0
1084:44 Coil Inputs.VR02 Run <- Flag.M_VR_02 / 조건에 따른 Coil 기록
1799:721 SCoil Allarm.VR_02_FAULT <- ((ON AND Start VR02) AND Tag_64) / 조건 성립 시 Set
1799:726 RCoil Allarm.VR_02_FAULT <- ((ON AND Flag.RESET_ALLARM) AND Allarm.VR_02_FAULT) / 조건 성립 시 Reset
1843:515 SCoil Flag.M_VR_02 <- ((((ON AND NOT [Allarm.Emergency_module_fault]) AND [Data.Tipo_preset = 1]) AND Flag.Auto_ON1) AND [Data.Tempo_presetting = 28]) / 조건 성립 시 Set
1844:852 SCoil Flag.M_VR_02 <- ((((ON AND NOT [Allarm.Emergency_module_fault]) AND Flag.Auto_ON1) AND [Data.Tipo_preset = 2]) AND [Data.Tempo_presetting = 46]) / 조건 성립 시 Set
1847:919 RCoil Flag.M_VR_02 <- (((Flag.Auto_ON1 AND [Data.Tipo_preset = 5]) AND [Data.Tempo_presetting = 11]) OR ((Flag.Auto_ON1 AND [Data.Tipo_preset = 5]) AND Allarm.Emergency_module_fault)) / 조건 성립 시 Reset
1952:693 RCoil Flag.M_VR_02 <- (ON AND Allarm.VR_02_FAULT) / 조건 성립 시 Reset
1952:697 Coil Start VR02 <- (ON AND Flag.M_VR_02) / 조건에 따른 Coil 기록","1843:410, 1843:412, 1843:420, 1843:422, 1843:424, 1843:432, 1843:434, 1843:436, 1843:443, 1843:449, 1843:456, 1843:458, 1843:460, 1843:462, 1843:469, 1843:478, 1843:481, 1843:492, 1843:495, 1843:500, 1843:506, 1843:513, 1843:515, 1843:517, 1843:527, 1843:530, 1843:539, 1843:545, 1843:552, 1843:554, 1843:568, 1843:573, 1843:578, 1843:581, 1843:587, 1844:747, 1844:749, 1844:757, 1844:759, 1844:761, 1844:769, 1844:771, 1844:773, 1844:780, 1844:786, 1844:793, 1844:799, 1844:805, 1844:811, 1844:817, 1844:826, 1844:829, 1844:1158, 1844:1162, 1844:850, 1844:852, 1844:854, 1844:864, 1844:867, 1844:878, 1844:881, 1844:889, 1844:896, 1844:898, 1844:912, 1844:917, 1844:922, 1844:925, 1844:931, 1847:891, 1847:893, 1847:897, 1847:905, 1847:907, 1847:909, 1847:917, 1847:919, 1847:927, 1847:929, 1847:931, 1847:939, 1847:941, 1847:948, 1847:954, 1847:961, 1847:963, 1847:965, 1847:973, 1847:975, 1847:982",,,1799:715 SdCoil Tag_64 <- ((ON AND Start VR02) AND NOT [Inputs.VR02 Run]) / 시간 동작 SdCoil; 타이머 의미 추가 확인 / 시간 인자 S5T#2S,"1799:721, 1799:726, 1843:410, 1843:412, 1843:420, 1843:422, 1843:424, 1843:432, 1843:434, 1843:436, 1843:443, 1843:449, 1843:456, 1843:458, 1843:460, 1843:462, 1843:469, 1843:478, 1843:481, 1843:492, 1843:495, 1843:500, 1843:506, 1843:513, 1843:515, 1843:517, 1843:527, 1843:530, 1843:539, 1843:545, 1843:552, 1843:554, 1843:568, 1843:573, 1843:578, 1843:581, 1843:587, 1843:828, 1844:747, 1844:749, 1844:757, 1844:759, 1844:761, 1844:769, 1844:771, 1844:773, 1844:780, 1844:786, 1844:793, 1844:799, 1844:805, 1844:811, 1844:817, 1844:826, 1844:829, 1844:1158, 1844:1162, 1844:850, 1844:852, 1844:854, 1844:864, 1844:867, 1844:878, 1844:881, 1844:889, 1844:896, 1844:898, 1844:912, 1844:917, 1844:922, 1844:925, 1844:931, 1847:891, 1847:893, 1847:897, 1847:905, 1847:907, 1847:909, 1847:917, 1847:919, 1847:927, 1847:929, 1847:931, 1847:939, 1847:941, 1847:948, 1847:954, 1847:961, 1847:963, 1847:965, 1847:973, 1847:975, 1847:982, 1950:653, 1950:656, 1950:661, 1952:693","1799:726, 1843:410, 1843:412, 1843:420, 1843:422, 1843:424, 1843:432, 1843:434, 1843:436, 1843:443, 1843:449, 1843:456, 1843:458, 1843:460, 1843:462, 1843:469, 1843:478, 1843:481, 1843:492, 1843:102, 1843:495, 1843:500, 1843:506, 1843:34, 1843:513, 1843:515, 1843:517, 1843:527, 1843:530, 1843:539, 1843:545, 1843:552, 1843:554, 1843:568, 1843:573, 1843:578, 1843:581, 1843:587, 1843:828, 1843:838, 1844:747, 1844:749, 1844:757, 1844:759, 1844:761, 1844:769, 1844:771, 1844:773, 1844:780, 1844:786, 1844:793, 1844:799, 1844:805, 1844:811, 1844:817, 1844:826, 1844:829, 1844:1158, 1844:1162, 1844:850, 1844:852, 1844:854, 1844:864, 1844:867, 1844:878, 1844:881, 1844:889, 1844:896, 1844:898, 1844:912, 1844:917, 1844:922, 1844:925, 1844:931, 1847:891, 1847:893, 1847:897, 1847:905, 1847:907, 1847:909, 1847:917, 1847:919, 1847:927, 1847:929, 1847:931, 1847:939, 1847:941, 1847:948, 1847:954, 1847:961, 1847:963, 1847:965, 1847:973, 1847:975, 1847:982",49,"1029, 1051, 1084, 1195, 1799, 1843, 1844, 1847, 1950, 1952","BASELINE, POWER, VOLTAGE, ADDRESS, SOURCE-XML",TIA 호출 조건·주기·중복 쓰기 순서와 전원 재시작 동작 확인; 현재 PLC 프로그램·현장 설치·단자·정상 극성 및 실제 설정값 대조; 시험 기대 결과 확정과 실행 증거 수집; 상태 전환 순서 또는 단일 동작·수동 장치 여부 미확정; 정적 조건에 미해석 참조·호출·타이머 출력 등이 있음,자료 연결 완료 · 동작 확정 검토 중
VR03,로터리 밸브,집진·석회,,자료에서 확인,vr03_fbk (%I5.4),start vr03 (%Q4.3),,"VR_03\Allarme1 (DB11,X58.1); VR_03\RispostaA (DB11,X58.0); VR_03\Flag (DB2,X2.5)","1040:2306 Move hours motors.VR_03_HOUR <- ((Tag_47 AND VR03_Fbk) AND [hours motors.VR_03_MIN >= 60]) / Move 입력 1
1040:2309 Move hours motors.VR_03_MIN <- Move UID 2306.eno (블록 동작 확인) / Move 입력 0
1053:3073 Move hours motors.VR_03_HOUR <- Move UID 3070.eno (블록 동작 확인) / Move 입력 0
1085:53 Coil Inputs.VR03 Run <- Flag.M_VR_03 / 조건에 따른 Coil 기록
1810:1095 SCoil Allarm.VR_03_FAULT <- ((ON AND Start VR03) AND Tag_75) / 조건 성립 시 Set
1810:1100 RCoil Allarm.VR_03_FAULT <- ((ON AND Flag.RESET_ALLARM) AND Allarm.VR_03_FAULT) / 조건 성립 시 Reset
1843:420 SCoil Flag.M_VR_03 <- ((((ON AND NOT [Allarm.Emergency_module_fault]) AND [Data.Tipo_preset = 1]) AND Flag.Auto_ON1) AND [Data.Tempo_presetting = 3]) / 조건 성립 시 Set
1844:757 SCoil Flag.M_VR_03 <- ((((ON AND NOT [Allarm.Emergency_module_fault]) AND Flag.Auto_ON1) AND [Data.Tipo_preset = 2]) AND [Data.Tempo_presetting = 3]) / 조건 성립 시 Set
1847:961 RCoil Flag.M_VR_03 <- (((Flag.Auto_ON1 AND [Data.Tipo_preset = 5]) AND [Data.Tempo_presetting = 20]) OR ((Flag.Auto_ON1 AND [Data.Tipo_preset = 5]) AND Allarm.Emergency_module_fault)) / 조건 성립 시 Reset
1966:1020 RCoil Flag.M_VR_03 <- (ON AND Allarm.VR_03_FAULT) / 조건 성립 시 Reset
1966:1024 Coil Start VR03 <- (ON AND Flag.M_VR_03) / 조건에 따른 Coil 기록","1843:410, 1843:412, 1843:420, 1843:422, 1843:424, 1843:432, 1843:434, 1843:436, 1843:443, 1843:449, 1843:456, 1843:458, 1843:460, 1843:462, 1843:469, 1843:478, 1843:481, 1843:492, 1843:495, 1843:500, 1843:506, 1843:513, 1843:515, 1843:517, 1843:527, 1843:530, 1843:539, 1843:545, 1843:552, 1843:554, 1843:568, 1843:573, 1843:578, 1843:581, 1843:587, 1844:747, 1844:749, 1844:757, 1844:759, 1844:761, 1844:769, 1844:771, 1844:773, 1844:780, 1844:786, 1844:793, 1844:799, 1844:805, 1844:811, 1844:817, 1844:826, 1844:829, 1844:1158, 1844:1162, 1844:850, 1844:852, 1844:854, 1844:864, 1844:867, 1844:878, 1844:881, 1844:889, 1844:896, 1844:898, 1844:912, 1844:917, 1844:922, 1844:925, 1844:931, 1847:891, 1847:893, 1847:897, 1847:905, 1847:907, 1847:909, 1847:917, 1847:919, 1847:927, 1847:929, 1847:931, 1847:939, 1847:941, 1847:948, 1847:954, 1847:961, 1847:963, 1847:965, 1847:973, 1847:975, 1847:982",,,1810:1089 SdCoil Tag_75 <- ((ON AND Start VR03) AND NOT [Inputs.VR03 Run]) / 시간 동작 SdCoil; 타이머 의미 추가 확인 / 시간 인자 S5T#2S,"1810:1095, 1810:1100, 1843:410, 1843:412, 1843:420, 1843:422, 1843:424, 1843:432, 1843:434, 1843:436, 1843:443, 1843:449, 1843:456, 1843:458, 1843:460, 1843:462, 1843:469, 1843:478, 1843:481, 1843:492, 1843:495, 1843:500, 1843:506, 1843:513, 1843:515, 1843:517, 1843:527, 1843:530, 1843:539, 1843:545, 1843:552, 1843:554, 1843:568, 1843:573, 1843:578, 1843:581, 1843:587, 1843:828, 1844:747, 1844:749, 1844:757, 1844:759, 1844:761, 1844:769, 1844:771, 1844:773, 1844:780, 1844:786, 1844:793, 1844:799, 1844:805, 1844:811, 1844:817, 1844:826, 1844:829, 1844:1158, 1844:1162, 1844:850, 1844:852, 1844:854, 1844:864, 1844:867, 1844:878, 1844:881, 1844:889, 1844:896, 1844:898, 1844:912, 1844:917, 1844:922, 1844:925, 1844:931, 1847:891, 1847:893, 1847:897, 1847:905, 1847:907, 1847:909, 1847:917, 1847:919, 1847:927, 1847:929, 1847:931, 1847:939, 1847:941, 1847:948, 1847:954, 1847:961, 1847:963, 1847:965, 1847:973, 1847:975, 1847:982, 1956:795, 1964:982, 1966:1020","1810:1100, 1843:410, 1843:412, 1843:420, 1843:422, 1843:424, 1843:432, 1843:434, 1843:436, 1843:443, 1843:449, 1843:456, 1843:458, 1843:460, 1843:462, 1843:469, 1843:478, 1843:481, 1843:492, 1843:102, 1843:495, 1843:500, 1843:506, 1843:34, 1843:513, 1843:515, 1843:517, 1843:527, 1843:530, 1843:539, 1843:545, 1843:552, 1843:554, 1843:568, 1843:573, 1843:578, 1843:581, 1843:587, 1843:828, 1843:838, 1844:747, 1844:749, 1844:757, 1844:759, 1844:761, 1844:769, 1844:771, 1844:773, 1844:780, 1844:786, 1844:793, 1844:799, 1844:805, 1844:811, 1844:817, 1844:826, 1844:829, 1844:1158, 1844:1162, 1844:850, 1844:852, 1844:854, 1844:864, 1844:867, 1844:878, 1844:881, 1844:889, 1844:896, 1844:898, 1844:912, 1844:917, 1844:922, 1844:925, 1844:931, 1847:891, 1847:893, 1847:897, 1847:905, 1847:907, 1847:909, 1847:917, 1847:919, 1847:927, 1847:929, 1847:931, 1847:939, 1847:941, 1847:948, 1847:954, 1847:961, 1847:963, 1847:965, 1847:973, 1847:975, 1847:982",61,"1040, 1053, 1085, 1206, 1810, 1843, 1844, 1847, 1956, 1964, 1966","BASELINE, POWER, VOLTAGE, ADDRESS, SOURCE-XML",TIA 호출 조건·주기·중복 쓰기 순서와 전원 재시작 동작 확인; 현재 PLC 프로그램·현장 설치·단자·정상 극성 및 실제 설정값 대조; 시험 기대 결과 확정과 실행 증거 수집; 상태 전환 순서 또는 단일 동작·수동 장치 여부 미확정; 정적 조건에 미해석 참조·호출·타이머 출력 등이 있음,자료 연결 완료 · 동작 확정 검토 중
VR04,로터리 밸브,집진·석회,,자료에서 확인,vr04_fbk (%I5.5),start vr04 (%Q4.4),,"VR_04\Allarme1 (DB11,X60.1); VR_04\RispostaA (DB11,X60.0); VR_04\Flag (DB2,X2.6)","1041:2360 Move hours motors.VR_04_HOUR <- ((Tag_47 AND VR04_Fbk) AND [hours motors.VR_04_MIN >= 60]) / Move 입력 1
1041:2363 Move hours motors.VR_04_MIN <- Move UID 2360.eno (블록 동작 확인) / Move 입력 0
1053:3076 Move hours motors.VR_04_HOUR <- Move UID 3073.eno (블록 동작 확인) / Move 입력 0
1085:55 Coil Inputs.VR04 Run <- Flag.M_VR_04 / 조건에 따른 Coil 기록
1811:1129 SCoil Allarm.VR_04_FAULT <- ((ON AND Start VR04) AND Tag_76) / 조건 성립 시 Set
1811:1134 RCoil Allarm.VR_04_FAULT <- ((ON AND Flag.RESET_ALLARM) AND Allarm.VR_04_FAULT) / 조건 성립 시 Reset
1843:422 SCoil Flag.M_VR_04 <- ((((ON AND NOT [Allarm.Emergency_module_fault]) AND [Data.Tipo_preset = 1]) AND Flag.Auto_ON1) AND [Data.Tempo_presetting = 3]) / 조건 성립 시 Set
1844:759 SCoil Flag.M_VR_04 <- ((((ON AND NOT [Allarm.Emergency_module_fault]) AND Flag.Auto_ON1) AND [Data.Tipo_preset = 2]) AND [Data.Tempo_presetting = 3]) / 조건 성립 시 Set
1847:963 RCoil Flag.M_VR_04 <- (((Flag.Auto_ON1 AND [Data.Tipo_preset = 5]) AND [Data.Tempo_presetting = 20]) OR ((Flag.Auto_ON1 AND [Data.Tipo_preset = 5]) AND Allarm.Emergency_module_fault)) / 조건 성립 시 Reset
1967:1036 RCoil Flag.M_VR_04 <- (ON AND Allarm.VR_04_FAULT) / 조건 성립 시 Reset
1967:1040 Coil Start VR04 <- (ON AND Flag.M_VR_04) / 조건에 따른 Coil 기록","1843:410, 1843:412, 1843:420, 1843:422, 1843:424, 1843:432, 1843:434, 1843:436, 1843:443, 1843:449, 1843:456, 1843:458, 1843:460, 1843:462, 1843:469, 1843:478, 1843:481, 1843:492, 1843:495, 1843:500, 1843:506, 1843:513, 1843:515, 1843:517, 1843:527, 1843:530, 1843:539, 1843:545, 1843:552, 1843:554, 1843:568, 1843:573, 1843:578, 1843:581, 1843:587, 1844:747, 1844:749, 1844:757, 1844:759, 1844:761, 1844:769, 1844:771, 1844:773, 1844:780, 1844:786, 1844:793, 1844:799, 1844:805, 1844:811, 1844:817, 1844:826, 1844:829, 1844:1158, 1844:1162, 1844:850, 1844:852, 1844:854, 1844:864, 1844:867, 1844:878, 1844:881, 1844:889, 1844:896, 1844:898, 1844:912, 1844:917, 1844:922, 1844:925, 1844:931, 1847:891, 1847:893, 1847:897, 1847:905, 1847:907, 1847:909, 1847:917, 1847:919, 1847:927, 1847:929, 1847:931, 1847:939, 1847:941, 1847:948, 1847:954, 1847:961, 1847:963, 1847:965, 1847:973, 1847:975, 1847:982",,,1811:1123 SdCoil Tag_76 <- ((ON AND Start VR04) AND NOT [Inputs.VR04 Run]) / 시간 동작 SdCoil; 타이머 의미 추가 확인 / 시간 인자 S5T#2S,"1811:1129, 1811:1134, 1843:410, 1843:412, 1843:420, 1843:422, 1843:424, 1843:432, 1843:434, 1843:436, 1843:443, 1843:449, 1843:456, 1843:458, 1843:460, 1843:462, 1843:469, 1843:478, 1843:481, 1843:492, 1843:495, 1843:500, 1843:506, 1843:513, 1843:515, 1843:517, 1843:527, 1843:530, 1843:539, 1843:545, 1843:552, 1843:554, 1843:568, 1843:573, 1843:578, 1843:581, 1843:587, 1843:828, 1844:747, 1844:749, 1844:757, 1844:759, 1844:761, 1844:769, 1844:771, 1844:773, 1844:780, 1844:786, 1844:793, 1844:799, 1844:805, 1844:811, 1844:817, 1844:826, 1844:829, 1844:1158, 1844:1162, 1844:850, 1844:852, 1844:854, 1844:864, 1844:867, 1844:878, 1844:881, 1844:889, 1844:896, 1844:898, 1844:912, 1844:917, 1844:922, 1844:925, 1844:931, 1847:891, 1847:893, 1847:897, 1847:905, 1847:907, 1847:909, 1847:917, 1847:919, 1847:927, 1847:929, 1847:931, 1847:939, 1847:941, 1847:948, 1847:954, 1847:961, 1847:963, 1847:965, 1847:973, 1847:975, 1847:982, 1962:916, 1964:982, 1967:1036","1811:1134, 1843:410, 1843:412, 1843:420, 1843:422, 1843:424, 1843:432, 1843:434, 1843:436, 1843:443, 1843:449, 1843:456, 1843:458, 1843:460, 1843:462, 1843:469, 1843:478, 1843:481, 1843:492, 1843:102, 1843:495, 1843:500, 1843:506, 1843:34, 1843:513, 1843:515, 1843:517, 1843:527, 1843:530, 1843:539, 1843:545, 1843:552, 1843:554, 1843:568, 1843:573, 1843:578, 1843:581, 1843:587, 1843:828, 1843:838, 1844:747, 1844:749, 1844:757, 1844:759, 1844:761, 1844:769, 1844:771, 1844:773, 1844:780, 1844:786, 1844:793, 1844:799, 1844:805, 1844:811, 1844:817, 1844:826, 1844:829, 1844:1158, 1844:1162, 1844:850, 1844:852, 1844:854, 1844:864, 1844:867, 1844:878, 1844:881, 1844:889, 1844:896, 1844:898, 1844:912, 1844:917, 1844:922, 1844:925, 1844:931, 1847:891, 1847:893, 1847:897, 1847:905, 1847:907, 1847:909, 1847:917, 1847:919, 1847:927, 1847:929, 1847:931, 1847:939, 1847:941, 1847:948, 1847:954, 1847:961, 1847:963, 1847:965, 1847:973, 1847:975, 1847:982",62,"1041, 1053, 1085, 1207, 1811, 1843, 1844, 1847, 1886, 1962, 1964, 1967","BASELINE, POWER, VOLTAGE, ADDRESS, SOURCE-XML",TIA 호출 조건·주기·중복 쓰기 순서와 전원 재시작 동작 확인; 현재 PLC 프로그램·현장 설치·단자·정상 극성 및 실제 설정값 대조; 시험 기대 결과 확정과 실행 증거 수집; 상태 전환 순서 또는 단일 동작·수동 장치 여부 미확정; 정적 조건에 미해석 참조·호출·타이머 출력 등이 있음,자료 연결 완료 · 동작 확정 검토 중
VR05,로터리 밸브,집진·석회,,자료에서 확인,vr05_fbk (%I5.6),start vr05 (%Q4.5),,"VR_05\Allarme1 (DB11,X62.1); VR_05\RispostaA (DB11,X62.0); VR_05\Flag (DB2,X2.7)","1042:2414 Move hours motors.VR_05_HOUR <- ((Tag_47 AND VR05_Fbk) AND [hours motors.VR_05_MIN >= 60]) / Move 입력 1
1042:2417 Move hours motors.VR_05_MIN <- Move UID 2414.eno (블록 동작 확인) / Move 입력 0
1053:3079 Move hours motors.VR_05_HOUR <- Move UID 3076.eno (블록 동작 확인) / Move 입력 0
1085:57 Coil Inputs.VR05 Run <- Flag.M_VR_05 / 조건에 따른 Coil 기록
1812:1163 SCoil Allarm.VR_05_FAULT <- ((ON AND Start VR05) AND Tag_77) / 조건 성립 시 Set
1812:1168 RCoil Allarm.VR_05_FAULT <- ((ON AND Flag.RESET_ALLARM) AND Allarm.VR_05_FAULT) / 조건 성립 시 Reset
1843:424 SCoil Flag.M_VR_05 <- ((((ON AND NOT [Allarm.Emergency_module_fault]) AND [Data.Tipo_preset = 1]) AND Flag.Auto_ON1) AND [Data.Tempo_presetting = 3]) / 조건 성립 시 Set
1844:761 SCoil Flag.M_VR_05 <- ((((ON AND NOT [Allarm.Emergency_module_fault]) AND Flag.Auto_ON1) AND [Data.Tipo_preset = 2]) AND [Data.Tempo_presetting = 3]) / 조건 성립 시 Set
1847:965 RCoil Flag.M_VR_05 <- (((Flag.Auto_ON1 AND [Data.Tipo_preset = 5]) AND [Data.Tempo_presetting = 20]) OR ((Flag.Auto_ON1 AND [Data.Tipo_preset = 5]) AND Allarm.Emergency_module_fault)) / 조건 성립 시 Reset
1968:1052 RCoil Flag.M_VR_05 <- (ON AND Allarm.VR_05_FAULT) / 조건 성립 시 Reset
1968:1056 Coil Start VR05 <- (ON AND Flag.M_VR_05) / 조건에 따른 Coil 기록","1843:410, 1843:412, 1843:420, 1843:422, 1843:424, 1843:432, 1843:434, 1843:436, 1843:443, 1843:449, 1843:456, 1843:458, 1843:460, 1843:462, 1843:469, 1843:478, 1843:481, 1843:492, 1843:495, 1843:500, 1843:506, 1843:513, 1843:515, 1843:517, 1843:527, 1843:530, 1843:539, 1843:545, 1843:552, 1843:554, 1843:568, 1843:573, 1843:578, 1843:581, 1843:587, 1844:747, 1844:749, 1844:757, 1844:759, 1844:761, 1844:769, 1844:771, 1844:773, 1844:780, 1844:786, 1844:793, 1844:799, 1844:805, 1844:811, 1844:817, 1844:826, 1844:829, 1844:1158, 1844:1162, 1844:850, 1844:852, 1844:854, 1844:864, 1844:867, 1844:878, 1844:881, 1844:889, 1844:896, 1844:898, 1844:912, 1844:917, 1844:922, 1844:925, 1844:931, 1847:891, 1847:893, 1847:897, 1847:905, 1847:907, 1847:909, 1847:917, 1847:919, 1847:927, 1847:929, 1847:931, 1847:939, 1847:941, 1847:948, 1847:954, 1847:961, 1847:963, 1847:965, 1847:973, 1847:975, 1847:982",,,1812:1157 SdCoil Tag_77 <- ((ON AND Start VR05) AND NOT [Inputs.VR05 Run]) / 시간 동작 SdCoil; 타이머 의미 추가 확인 / 시간 인자 S5T#2S,"1812:1163, 1812:1168, 1843:410, 1843:412, 1843:420, 1843:422, 1843:424, 1843:432, 1843:434, 1843:436, 1843:443, 1843:449, 1843:456, 1843:458, 1843:460, 1843:462, 1843:469, 1843:478, 1843:481, 1843:492, 1843:495, 1843:500, 1843:506, 1843:513, 1843:515, 1843:517, 1843:527, 1843:530, 1843:539, 1843:545, 1843:552, 1843:554, 1843:568, 1843:573, 1843:578, 1843:581, 1843:587, 1843:828, 1844:747, 1844:749, 1844:757, 1844:759, 1844:761, 1844:769, 1844:771, 1844:773, 1844:780, 1844:786, 1844:793, 1844:799, 1844:805, 1844:811, 1844:817, 1844:826, 1844:829, 1844:1158, 1844:1162, 1844:850, 1844:852, 1844:854, 1844:864, 1844:867, 1844:878, 1844:881, 1844:889, 1844:896, 1844:898, 1844:912, 1844:917, 1844:922, 1844:925, 1844:931, 1847:891, 1847:893, 1847:897, 1847:905, 1847:907, 1847:909, 1847:917, 1847:919, 1847:927, 1847:929, 1847:931, 1847:939, 1847:941, 1847:948, 1847:954, 1847:961, 1847:963, 1847:965, 1847:973, 1847:975, 1847:982, 1963:939, 1964:982, 1968:1052","1812:1168, 1843:410, 1843:412, 1843:420, 1843:422, 1843:424, 1843:432, 1843:434, 1843:436, 1843:443, 1843:449, 1843:456, 1843:458, 1843:460, 1843:462, 1843:469, 1843:478, 1843:481, 1843:492, 1843:102, 1843:495, 1843:500, 1843:506, 1843:34, 1843:513, 1843:515, 1843:517, 1843:527, 1843:530, 1843:539, 1843:545, 1843:552, 1843:554, 1843:568, 1843:573, 1843:578, 1843:581, 1843:587, 1843:828, 1843:838, 1844:747, 1844:749, 1844:757, 1844:759, 1844:761, 1844:769, 1844:771, 1844:773, 1844:780, 1844:786, 1844:793, 1844:799, 1844:805, 1844:811, 1844:817, 1844:826, 1844:829, 1844:1158, 1844:1162, 1844:850, 1844:852, 1844:854, 1844:864, 1844:867, 1844:878, 1844:881, 1844:889, 1844:896, 1844:898, 1844:912, 1844:917, 1844:922, 1844:925, 1844:931, 1847:891, 1847:893, 1847:897, 1847:905, 1847:907, 1847:909, 1847:917, 1847:919, 1847:927, 1847:929, 1847:931, 1847:939, 1847:941, 1847:948, 1847:954, 1847:961, 1847:963, 1847:965, 1847:973, 1847:975, 1847:982",63,"1042, 1053, 1085, 1208, 1812, 1843, 1844, 1847, 1886, 1963, 1964, 1968","BASELINE, POWER, VOLTAGE, ADDRESS, SOURCE-XML",TIA 호출 조건·주기·중복 쓰기 순서와 전원 재시작 동작 확인; 현재 PLC 프로그램·현장 설치·단자·정상 극성 및 실제 설정값 대조; 시험 기대 결과 확정과 실행 증거 수집; 상태 전환 순서 또는 단일 동작·수동 장치 여부 미확정; 정적 조건에 미해석 참조·호출·타이머 출력 등이 있음,자료 연결 완료 · 동작 확정 검토 중
VR06,로터리 밸브,집진·석회,,자료에서 확인,vr06_fbk (%I5.7),start vr06 (%Q4.6),,"VR_06\Allarme1 (DB11,X64.1); VR_06\RispostaA (DB11,X64.0); VR_06\Flag (DB2,X3.0)","1043:2468 Move hours motors.VR_06_HOUR <- ((Tag_47 AND VR06_Fbk) AND [hours motors.VR_06_MIN >= 60]) / Move 입력 1
1043:2471 Move hours motors.VR_06_MIN <- Move UID 2468.eno (블록 동작 확인) / Move 입력 0
1053:3082 Move hours motors.VR_06_HOUR <- Move UID 3079.eno (블록 동작 확인) / Move 입력 0
1085:83 Coil Inputs.VR-06 RUN <- Flag.M_VR_06 / 조건에 따른 Coil 기록
1813:1197 SCoil Allarm.VR_06_FAULT <- ((ON AND Start VR06) AND Tag_78) / 조건 성립 시 Set
1813:1202 RCoil Allarm.VR_06_FAULT <- ((ON AND Flag.RESET_ALLARM) AND Allarm.VR_06_FAULT) / 조건 성립 시 Reset
1969:1079 RCoil Flag.M_VR_06 <- ((ON AND Allarm.VR_06_FAULT) OR ((ON AND NOT [Start ER-01]) AND NOT [UNDER TESTING])) / 조건 성립 시 Reset
1969:1083 Coil Start VR06 <- (ON AND Flag.M_VR_06) / 조건에 따른 Coil 기록",,,,1813:1191 SdCoil Tag_78 <- ((ON AND Start VR06) AND NOT [Inputs.VR-06 RUN]) / 시간 동작 SdCoil; 타이머 의미 추가 확인 / 시간 인자 S5T#2S,"1813:1197, 1813:1202, 1958:836, 1961:891, 1961:900, 1969:1079",1813:1202,64,"1043, 1053, 1085, 1209, 1813, 1958, 1961, 1969","BASELINE, POWER, VOLTAGE, ADDRESS, SOURCE-XML",TIA 호출 조건·주기·중복 쓰기 순서와 전원 재시작 동작 확인; 현재 PLC 프로그램·현장 설치·단자·정상 극성 및 실제 설정값 대조; 시험 기대 결과 확정과 실행 증거 수집; 자동·수동 모드 전환 및 우선순위 미확정; 상태 전환 순서 또는 단일 동작·수동 장치 여부 미확정; 정적 조건에 미해석 참조·호출·타이머 출력 등이 있음,자료 연결 완료 · 동작 확정 검토 중
SC01,사이클론 분진 스크루,집진·석회,,자료에서 확인,sc01_fbk (%I4.4),start sc01 (%Q3.4),,"SC_01\Allarme1 (DB11,X44.1); SC_01\RispostaA (DB11,X44.0); SC_01\Flag (DB2,X1.6)","1033:1928 Move hours motors.SC_01_HOUR <- ((Tag_47 AND SC01_Fbk) AND [hours motors.SC_01_MIN >= 60]) / Move 입력 1
1033:1931 Move hours motors.SC_01_MIN <- Move UID 1928.eno (블록 동작 확인) / Move 입력 0
1051:2958 Move hours motors.SC_01_HOUR <- Move UID 2955.eno (블록 동작 확인) / Move 입력 0
1084:76 Coil Inputs.FEEDBACKMOTOR SC-01 <- Flag.M_SC_01 / 조건에 따른 Coil 기록
1803:857 SCoil Allarm.SC_01_FAULT <- ((ON AND Start SC01) AND Tag_68) / 조건 성립 시 Set
1803:862 RCoil Allarm.SC_01_FAULT <- ((ON AND Flag.RESET_ALLARM) AND Allarm.SC_01_FAULT) / 조건 성립 시 Reset
1843:432 SCoil Flag.M_SC_01 <- ((((ON AND NOT [Allarm.Emergency_module_fault]) AND [Data.Tipo_preset = 1]) AND Flag.Auto_ON1) AND [Data.Tempo_presetting = 5]) / 조건 성립 시 Set
1844:769 SCoil Flag.M_SC_01 <- ((((ON AND NOT [Allarm.Emergency_module_fault]) AND Flag.Auto_ON1) AND [Data.Tipo_preset = 2]) AND [Data.Tempo_presetting = 6]) / 조건 성립 시 Set
1956:795 RCoil Flag.M_SC_01 <- ((ON AND Allarm.SC_01_FAULT) OR ((ON AND NOT [Inputs.VR03 Run]) AND NOT [UNDER TESTING])) / 조건 성립 시 Reset
1956:799 Coil Start SC01 <- (ON AND Flag.M_SC_01) / 조건에 따른 Coil 기록","1843:410, 1843:412, 1843:420, 1843:422, 1843:424, 1843:432, 1843:434, 1843:436, 1843:443, 1843:449, 1843:456, 1843:458, 1843:460, 1843:462, 1843:469, 1843:478, 1843:481, 1843:492, 1843:495, 1843:500, 1843:506, 1843:513, 1843:515, 1843:517, 1843:527, 1843:530, 1843:539, 1843:545, 1843:552, 1843:554, 1843:568, 1843:573, 1843:578, 1843:581, 1843:587, 1844:747, 1844:749, 1844:757, 1844:759, 1844:761, 1844:769, 1844:771, 1844:773, 1844:780, 1844:786, 1844:793, 1844:799, 1844:805, 1844:811, 1844:817, 1844:826, 1844:829, 1844:1158, 1844:1162, 1844:850, 1844:852, 1844:854, 1844:864, 1844:867, 1844:878, 1844:881, 1844:889, 1844:896, 1844:898, 1844:912, 1844:917, 1844:922, 1844:925, 1844:931",,,1803:851 SdCoil Tag_68 <- ((ON AND Start SC01) AND NOT [Inputs.FEEDBACKMOTOR SC-01]) / 시간 동작 SdCoil; 타이머 의미 추가 확인 / 시간 인자 S5T#2S,"1803:857, 1803:862, 1843:410, 1843:412, 1843:420, 1843:422, 1843:424, 1843:432, 1843:434, 1843:436, 1843:443, 1843:449, 1843:456, 1843:458, 1843:460, 1843:462, 1843:469, 1843:478, 1843:481, 1843:492, 1843:495, 1843:500, 1843:506, 1843:513, 1843:515, 1843:517, 1843:527, 1843:530, 1843:539, 1843:545, 1843:552, 1843:554, 1843:568, 1843:573, 1843:578, 1843:581, 1843:587, 1843:828, 1844:747, 1844:749, 1844:757, 1844:759, 1844:761, 1844:769, 1844:771, 1844:773, 1844:780, 1844:786, 1844:793, 1844:799, 1844:805, 1844:811, 1844:817, 1844:826, 1844:829, 1844:1158, 1844:1162, 1844:850, 1844:852, 1844:854, 1844:864, 1844:867, 1844:878, 1844:881, 1844:889, 1844:896, 1844:898, 1844:912, 1844:917, 1844:922, 1844:925, 1844:931, 1956:795, 1964:982","1803:862, 1843:410, 1843:412, 1843:420, 1843:422, 1843:424, 1843:432, 1843:434, 1843:436, 1843:443, 1843:449, 1843:456, 1843:458, 1843:460, 1843:462, 1843:469, 1843:478, 1843:481, 1843:492, 1843:102, 1843:495, 1843:500, 1843:506, 1843:34, 1843:513, 1843:515, 1843:517, 1843:527, 1843:530, 1843:539, 1843:545, 1843:552, 1843:554, 1843:568, 1843:573, 1843:578, 1843:581, 1843:587, 1843:828, 1843:838, 1844:747, 1844:749, 1844:757, 1844:759, 1844:761, 1844:769, 1844:771, 1844:773, 1844:780, 1844:786, 1844:793, 1844:799, 1844:805, 1844:811, 1844:817, 1844:826, 1844:829, 1844:1158, 1844:1162, 1844:850, 1844:852, 1844:854, 1844:864, 1844:867, 1844:878, 1844:881, 1844:889, 1844:896, 1844:898, 1844:912, 1844:917, 1844:922, 1844:925, 1844:931",53,"1033, 1051, 1084, 1199, 1803, 1843, 1844, 1956, 1964","BASELINE, POWER, VOLTAGE, ADDRESS, SOURCE-XML",TIA 호출 조건·주기·중복 쓰기 순서와 전원 재시작 동작 확인; 현재 PLC 프로그램·현장 설치·단자·정상 극성 및 실제 설정값 대조; 시험 기대 결과 확정과 실행 증거 수집; 상태 전환 순서 또는 단일 동작·수동 장치 여부 미확정; 정적 조건에 미해석 참조·호출·타이머 출력 등이 있음,자료 연결 완료 · 동작 확정 검토 중
SC10,BF01 분진 스크루,집진·석회,,자료에서 확인,sc-10_fbk (%I5.0),start sc10 (%Q4.0),,"SC_10\Allarme1 (DB11,X52.1); SC_10\RispostaA (DB11,X52.0); SC_10\Flag (DB2,X2.2)","1037:2144 Move hours motors.SC_10_HOUR <- ((Tag_47 AND SC-10_Fbk) AND [hours motors.SC_10_MIN >= 60]) / Move 입력 1
1037:2147 Move hours motors.SC_10_MIN <- Move UID 2144.eno (블록 동작 확인) / Move 입력 0
1052:3017 Move hours motors.SC_10_HOUR <- Move UID 3014.eno (블록 동작 확인) / Move 입력 0
1085:41 Coil Inputs.FEEDBACKMOTOR SC-10 <- Flag.M_SC_10 / 조건에 따른 Coil 기록
1807:993 SCoil Allarm.SC_10_FAULT <- ((ON AND Start SC10) AND Tag_72) / 조건 성립 시 Set
1807:998 RCoil Allarm.SC_10_FAULT <- ((ON AND Flag.RESET_ALLARM) AND Allarm.SC_10_FAULT) / 조건 성립 시 Reset
1843:434 SCoil Flag.M_SC_10 <- ((((ON AND NOT [Allarm.Emergency_module_fault]) AND [Data.Tipo_preset = 1]) AND Flag.Auto_ON1) AND [Data.Tempo_presetting = 5]) / 조건 성립 시 Set
1844:771 SCoil Flag.M_SC_10 <- ((((ON AND NOT [Allarm.Emergency_module_fault]) AND Flag.Auto_ON1) AND [Data.Tipo_preset = 2]) AND [Data.Tempo_presetting = 6]) / 조건 성립 시 Set
1962:916 RCoil Flag.M_SC_10 <- ((ON AND Allarm.SC_10_FAULT) OR ((ON AND NOT [Inputs.VR04 Run]) AND NOT [UNDER TESTING])) / 조건 성립 시 Reset
1962:920 Coil Start SC10 <- (ON AND Flag.M_SC_10) / 조건에 따른 Coil 기록","1843:410, 1843:412, 1843:420, 1843:422, 1843:424, 1843:432, 1843:434, 1843:436, 1843:443, 1843:449, 1843:456, 1843:458, 1843:460, 1843:462, 1843:469, 1843:478, 1843:481, 1843:492, 1843:495, 1843:500, 1843:506, 1843:513, 1843:515, 1843:517, 1843:527, 1843:530, 1843:539, 1843:545, 1843:552, 1843:554, 1843:568, 1843:573, 1843:578, 1843:581, 1843:587, 1844:747, 1844:749, 1844:757, 1844:759, 1844:761, 1844:769, 1844:771, 1844:773, 1844:780, 1844:786, 1844:793, 1844:799, 1844:805, 1844:811, 1844:817, 1844:826, 1844:829, 1844:1158, 1844:1162, 1844:850, 1844:852, 1844:854, 1844:864, 1844:867, 1844:878, 1844:881, 1844:889, 1844:896, 1844:898, 1844:912, 1844:917, 1844:922, 1844:925, 1844:931",,,1807:987 SdCoil Tag_72 <- ((ON AND Start SC10) AND NOT [Inputs.FEEDBACKMOTOR SC-10]) / 시간 동작 SdCoil; 타이머 의미 추가 확인 / 시간 인자 S5T#2S,"1807:993, 1807:998, 1843:410, 1843:412, 1843:420, 1843:422, 1843:424, 1843:432, 1843:434, 1843:436, 1843:443, 1843:449, 1843:456, 1843:458, 1843:460, 1843:462, 1843:469, 1843:478, 1843:481, 1843:492, 1843:495, 1843:500, 1843:506, 1843:513, 1843:515, 1843:517, 1843:527, 1843:530, 1843:539, 1843:545, 1843:552, 1843:554, 1843:568, 1843:573, 1843:578, 1843:581, 1843:587, 1843:828, 1844:747, 1844:749, 1844:757, 1844:759, 1844:761, 1844:769, 1844:771, 1844:773, 1844:780, 1844:786, 1844:793, 1844:799, 1844:805, 1844:811, 1844:817, 1844:826, 1844:829, 1844:1158, 1844:1162, 1844:850, 1844:852, 1844:854, 1844:864, 1844:867, 1844:878, 1844:881, 1844:889, 1844:896, 1844:898, 1844:912, 1844:917, 1844:922, 1844:925, 1844:931, 1962:916, 1964:982","1807:998, 1843:410, 1843:412, 1843:420, 1843:422, 1843:424, 1843:432, 1843:434, 1843:436, 1843:443, 1843:449, 1843:456, 1843:458, 1843:460, 1843:462, 1843:469, 1843:478, 1843:481, 1843:492, 1843:102, 1843:495, 1843:500, 1843:506, 1843:34, 1843:513, 1843:515, 1843:517, 1843:527, 1843:530, 1843:539, 1843:545, 1843:552, 1843:554, 1843:568, 1843:573, 1843:578, 1843:581, 1843:587, 1843:828, 1843:838, 1844:747, 1844:749, 1844:757, 1844:759, 1844:761, 1844:769, 1844:771, 1844:773, 1844:780, 1844:786, 1844:793, 1844:799, 1844:805, 1844:811, 1844:817, 1844:826, 1844:829, 1844:1158, 1844:1162, 1844:850, 1844:852, 1844:854, 1844:864, 1844:867, 1844:878, 1844:881, 1844:889, 1844:896, 1844:898, 1844:912, 1844:917, 1844:922, 1844:925, 1844:931",57,"1037, 1052, 1085, 1203, 1807, 1843, 1844, 1886, 1888, 1962, 1964","BASELINE, POWER, VOLTAGE, ADDRESS, SOURCE-XML",TIA 호출 조건·주기·중복 쓰기 순서와 전원 재시작 동작 확인; 현재 PLC 프로그램·현장 설치·단자·정상 극성 및 실제 설정값 대조; 시험 기대 결과 확정과 실행 증거 수집; 상태 전환 순서 또는 단일 동작·수동 장치 여부 미확정; 정적 조건에 미해석 참조·호출·타이머 출력 등이 있음,자료 연결 완료 · 동작 확정 검토 중
SC11,BF02 분진 스크루,집진·석회,,자료에서 확인,sc-11_fbk (%I5.1),start sc11 (%Q4.1),,"SC_11\Allarme1 (DB11,X54.1); SC_11\RispostaA (DB11,X54.0); SC_11\Flag (DB2,X2.3)","1038:2198 Move hours motors.SC_11_HOUR <- ((Tag_47 AND SC-11_Fbk) AND [hours motors.SC_11_MIN >= 60]) / Move 입력 1
1038:2201 Move hours motors.SC_11_MIN <- Move UID 2198.eno (블록 동작 확인) / Move 입력 0
1052:3020 Move hours motors.SC_11_HOUR <- Move UID 3017.eno (블록 동작 확인) / Move 입력 0
1085:48 Coil Inputs.FEEDBACKMOTOR SC-11 <- Flag.M_SC_11 / 조건에 따른 Coil 기록
1808:1027 SCoil Allarm.SC_11_FAULT <- ((ON AND Start SC11) AND Tag_73) / 조건 성립 시 Set
1808:1032 RCoil Allarm.SC_11_FAULT <- ((ON AND Flag.RESET_ALLARM) AND Allarm.SC_11_FAULT) / 조건 성립 시 Reset
1843:436 SCoil Flag.M_SC_11 <- ((((ON AND NOT [Allarm.Emergency_module_fault]) AND [Data.Tipo_preset = 1]) AND Flag.Auto_ON1) AND [Data.Tempo_presetting = 5]) / 조건 성립 시 Set
1844:773 SCoil Flag.M_SC_11 <- ((((ON AND NOT [Allarm.Emergency_module_fault]) AND Flag.Auto_ON1) AND [Data.Tipo_preset = 2]) AND [Data.Tempo_presetting = 6]) / 조건 성립 시 Set
1963:939 RCoil Flag.M_SC_11 <- ((ON AND Allarm.SC_11_FAULT) OR ((ON AND NOT [Inputs.VR05 Run]) AND NOT [UNDER TESTING])) / 조건 성립 시 Reset
1963:943 Coil Start SC11 <- (ON AND Flag.M_SC_11) / 조건에 따른 Coil 기록","1843:410, 1843:412, 1843:420, 1843:422, 1843:424, 1843:432, 1843:434, 1843:436, 1843:443, 1843:449, 1843:456, 1843:458, 1843:460, 1843:462, 1843:469, 1843:478, 1843:481, 1843:492, 1843:495, 1843:500, 1843:506, 1843:513, 1843:515, 1843:517, 1843:527, 1843:530, 1843:539, 1843:545, 1843:552, 1843:554, 1843:568, 1843:573, 1843:578, 1843:581, 1843:587, 1844:747, 1844:749, 1844:757, 1844:759, 1844:761, 1844:769, 1844:771, 1844:773, 1844:780, 1844:786, 1844:793, 1844:799, 1844:805, 1844:811, 1844:817, 1844:826, 1844:829, 1844:1158, 1844:1162, 1844:850, 1844:852, 1844:854, 1844:864, 1844:867, 1844:878, 1844:881, 1844:889, 1844:896, 1844:898, 1844:912, 1844:917, 1844:922, 1844:925, 1844:931",,,1808:1021 SdCoil Tag_73 <- ((ON AND Start SC11) AND NOT [Inputs.FEEDBACKMOTOR SC-11]) / 시간 동작 SdCoil; 타이머 의미 추가 확인 / 시간 인자 S5T#2S,"1808:1027, 1808:1032, 1843:410, 1843:412, 1843:420, 1843:422, 1843:424, 1843:432, 1843:434, 1843:436, 1843:443, 1843:449, 1843:456, 1843:458, 1843:460, 1843:462, 1843:469, 1843:478, 1843:481, 1843:492, 1843:495, 1843:500, 1843:506, 1843:513, 1843:515, 1843:517, 1843:527, 1843:530, 1843:539, 1843:545, 1843:552, 1843:554, 1843:568, 1843:573, 1843:578, 1843:581, 1843:587, 1843:828, 1844:747, 1844:749, 1844:757, 1844:759, 1844:761, 1844:769, 1844:771, 1844:773, 1844:780, 1844:786, 1844:793, 1844:799, 1844:805, 1844:811, 1844:817, 1844:826, 1844:829, 1844:1158, 1844:1162, 1844:850, 1844:852, 1844:854, 1844:864, 1844:867, 1844:878, 1844:881, 1844:889, 1844:896, 1844:898, 1844:912, 1844:917, 1844:922, 1844:925, 1844:931, 1963:939, 1964:982","1808:1032, 1843:410, 1843:412, 1843:420, 1843:422, 1843:424, 1843:432, 1843:434, 1843:436, 1843:443, 1843:449, 1843:456, 1843:458, 1843:460, 1843:462, 1843:469, 1843:478, 1843:481, 1843:492, 1843:102, 1843:495, 1843:500, 1843:506, 1843:34, 1843:513, 1843:515, 1843:517, 1843:527, 1843:530, 1843:539, 1843:545, 1843:552, 1843:554, 1843:568, 1843:573, 1843:578, 1843:581, 1843:587, 1843:828, 1843:838, 1844:747, 1844:749, 1844:757, 1844:759, 1844:761, 1844:769, 1844:771, 1844:773, 1844:780, 1844:786, 1844:793, 1844:799, 1844:805, 1844:811, 1844:817, 1844:826, 1844:829, 1844:1158, 1844:1162, 1844:850, 1844:852, 1844:854, 1844:864, 1844:867, 1844:878, 1844:881, 1844:889, 1844:896, 1844:898, 1844:912, 1844:917, 1844:922, 1844:925, 1844:931",58,"1038, 1052, 1085, 1204, 1808, 1843, 1844, 1886, 1888, 1963, 1964","BASELINE, POWER, VOLTAGE, ADDRESS, SOURCE-XML",TIA 호출 조건·주기·중복 쓰기 순서와 전원 재시작 동작 확인; 현재 PLC 프로그램·현장 설치·단자·정상 극성 및 실제 설정값 대조; 시험 기대 결과 확정과 실행 증거 수집; 상태 전환 순서 또는 단일 동작·수동 장치 여부 미확정; 정적 조건에 미해석 참조·호출·타이머 출력 등이 있음,자료 연결 완료 · 동작 확정 검토 중
BF01,백 필터,집진·석회,,자료에서 확인,pr_bf01 (%IW398); tc09 (%IW386),ev-11 (%Q12.0); ev-19 (%Q13.0); ev-27 (%Q14.0); ev-35 (%Q15.0); ev-43 (%Q16.0); ev-59 (%Q19.0); ev-67 (%Q20.0); ev-75 (%Q21.0); ev-83 (%Q22.0); ev-51 (%Q18.0),bf01_run (%M180.3),BF01_RUN (MX180.3),"1886:27 Coil Abilita_lavaggio_BF01 <- ((((ON AND Inputs.FEEDBACKMOTOR SC-10) AND Inputs.VR04 Run) AND [Data.DP_01 <= Coeff.DP_01_SOGLIA_1]) OR (((ON AND Inputs.FEEDBACKMOTOR SC-10) AND Inputs.VR04 Run) AND Forza_Lavaggio)) / 조건에 따른 Coil 기록
1886:74 Coil BF01_RUN <- Coil UID 27.out (블록 동작 확인) / 조건에 따른 Coil 기록
1891:891 Coil EV-11 <- (((ON AND Tag_132) AND [Data.Ev_filter_on = 11]) AND Abilita_lavaggio_BF01) / 조건에 따른 Coil 기록
1891:898 Coil EV-51 <- (((ON AND Tag_132) AND [Data.Ev_filter_on = 12]) AND Abilita_lavaggio_BF02) / 조건에 따른 Coil 기록
1892:1069 Coil EV-19 <- (((ON AND Tag_132) AND [Data.Ev_filter_on = 27]) AND Abilita_lavaggio_BF01) / 조건에 따른 Coil 기록
1892:1076 Coil EV-59 <- (((ON AND Tag_132) AND [Data.Ev_filter_on = 28]) AND Abilita_lavaggio_BF02) / 조건에 따른 Coil 기록
1894:1313 Coil EV-27 <- (((ON AND Tag_132) AND [Data.Ev_filter_on = 43]) AND Abilita_lavaggio_BF01) / 조건에 따른 Coil 기록
1894:1320 Coil EV-67 <- (((ON AND Tag_132) AND [Data.Ev_filter_on = 44]) AND Abilita_lavaggio_BF02) / 조건에 따른 Coil 기록
1895:1491 Coil EV-35 <- (((ON AND Tag_132) AND [Data.Ev_filter_on = 59]) AND Abilita_lavaggio_BF01) / 조건에 따른 Coil 기록
1895:1498 Coil EV-75 <- (((ON AND Tag_132) AND [Data.Ev_filter_on = 60]) AND Abilita_lavaggio_BF02) / 조건에 따른 Coil 기록
1897:1735 Coil EV-43 <- (((ON AND Tag_132) AND [Data.Ev_filter_on = 75]) AND Abilita_lavaggio_BF01) / 조건에 따른 Coil 기록
1897:1742 Coil EV-83 <- (((ON AND Tag_132) AND [Data.Ev_filter_on = 76]) AND Abilita_lavaggio_BF02) / 조건에 따른 Coil 기록",,"1891:891, 1891:898, 1891:905, 1891:912, 1891:919, 1891:926, 1891:933, 1891:940, 1891:947, 1891:954, 1892:1027, 1892:1034, 1892:1041, 1892:1048, 1892:1055, 1892:1062, 1892:1069, 1892:1076, 1892:1083, 1892:1090, 1894:1299, 1894:1306, 1894:1313, 1894:1320, 1894:1327, 1894:1334, 1894:1341, 1894:1348, 1894:1355, 1894:1362, 1895:1435, 1895:1442, 1895:1449, 1895:1456, 1895:1463, 1895:1470, 1895:1477, 1895:1484, 1895:1491, 1895:1498, 1897:1707, 1897:1714, 1897:1721, 1897:1728, 1897:1735, 1897:1742, 1897:1749, 1897:1756, 1897:1763, 1897:1770","1891:891 Coil EV-11 <- (((ON AND Tag_132) AND [Data.Ev_filter_on = 11]) AND Abilita_lavaggio_BF01) / 조건에 따른 Coil 기록
1891:898 Coil EV-51 <- (((ON AND Tag_132) AND [Data.Ev_filter_on = 12]) AND Abilita_lavaggio_BF02) / 조건에 따른 Coil 기록
1891:905 Coil EV-12 <- (((ON AND Tag_132) AND [Data.Ev_filter_on = 13]) AND Abilita_lavaggio_BF01) / 조건에 따른 Coil 기록
1891:912 Coil EV-52 <- (((ON AND Tag_132) AND [Data.Ev_filter_on = 14]) AND Abilita_lavaggio_BF02) / 조건에 따른 Coil 기록
1891:919 Coil EV-13 <- (((ON AND Tag_132) AND [Data.Ev_filter_on = 15]) AND Abilita_lavaggio_BF01) / 조건에 따른 Coil 기록
1891:926 Coil EV-53 <- (((ON AND Tag_132) AND [Data.Ev_filter_on = 16]) AND Abilita_lavaggio_BF02) / 조건에 따른 Coil 기록
1891:933 Coil EV-14 <- (((ON AND Tag_132) AND [Data.Ev_filter_on = 17]) AND Abilita_lavaggio_BF01) / 조건에 따른 Coil 기록
1891:940 Coil EV-54 <- (((ON AND Tag_132) AND [Data.Ev_filter_on = 18]) AND Abilita_lavaggio_BF02) / 조건에 따른 Coil 기록
1891:947 Coil EV-15 <- (((ON AND Tag_132) AND [Data.Ev_filter_on = 19]) AND Abilita_lavaggio_BF01) / 조건에 따른 Coil 기록
1891:954 Coil EV-55 <- (((ON AND Tag_132) AND [Data.Ev_filter_on = 20]) AND Abilita_lavaggio_BF02) / 조건에 따른 Coil 기록
1892:1027 Coil EV-16 <- (((ON AND Tag_132) AND [Data.Ev_filter_on = 21]) AND Abilita_lavaggio_BF01) / 조건에 따른 Coil 기록
1892:1034 Coil EV-56 <- (((ON AND Tag_132) AND [Data.Ev_filter_on = 22]) AND Abilita_lavaggio_BF02) / 조건에 따른 Coil 기록
1892:1041 Coil EV-17 <- (((ON AND Tag_132) AND [Data.Ev_filter_on = 23]) AND Abilita_lavaggio_BF01) / 조건에 따른 Coil 기록
1892:1048 Coil EV-57 <- (((ON AND Tag_132) AND [Data.Ev_filter_on = 24]) AND Abilita_lavaggio_BF02) / 조건에 따른 Coil 기록
1892:1055 Coil EV-18 <- (((ON AND Tag_132) AND [Data.Ev_filter_on = 25]) AND Abilita_lavaggio_BF01) / 조건에 따른 Coil 기록
1892:1062 Coil EV-58 <- (((ON AND Tag_132) AND [Data.Ev_filter_on = 26]) AND Abilita_lavaggio_BF02) / 조건에 따른 Coil 기록
1892:1069 Coil EV-19 <- (((ON AND Tag_132) AND [Data.Ev_filter_on = 27]) AND Abilita_lavaggio_BF01) / 조건에 따른 Coil 기록
1892:1076 Coil EV-59 <- (((ON AND Tag_132) AND [Data.Ev_filter_on = 28]) AND Abilita_lavaggio_BF02) / 조건에 따른 Coil 기록
1892:1083 Coil EV-20 <- (((ON AND Tag_132) AND [Data.Ev_filter_on = 29]) AND Abilita_lavaggio_BF01) / 조건에 따른 Coil 기록
1892:1090 Coil EV-60 <- (((ON AND Tag_132) AND [Data.Ev_filter_on = 30]) AND Abilita_lavaggio_BF02) / 조건에 따른 Coil 기록
1894:1299 Coil EV-26 <- (((ON AND Tag_132) AND [Data.Ev_filter_on = 41]) AND Abilita_lavaggio_BF01) / 조건에 따른 Coil 기록
1894:1306 Coil EV-66 <- (((ON AND Tag_132) AND [Data.Ev_filter_on = 42]) AND Abilita_lavaggio_BF02) / 조건에 따른 Coil 기록
1894:1313 Coil EV-27 <- (((ON AND Tag_132) AND [Data.Ev_filter_on = 43]) AND Abilita_lavaggio_BF01) / 조건에 따른 Coil 기록
1894:1320 Coil EV-67 <- (((ON AND Tag_132) AND [Data.Ev_filter_on = 44]) AND Abilita_lavaggio_BF02) / 조건에 따른 Coil 기록
1894:1327 Coil EV-28 <- (((ON AND Tag_132) AND [Data.Ev_filter_on = 45]) AND Abilita_lavaggio_BF01) / 조건에 따른 Coil 기록
1894:1334 Coil EV-68 <- (((ON AND Tag_132) AND [Data.Ev_filter_on = 46]) AND Abilita_lavaggio_BF02) / 조건에 따른 Coil 기록
1894:1341 Coil EV-29 <- (((ON AND Tag_132) AND [Data.Ev_filter_on = 47]) AND Abilita_lavaggio_BF01) / 조건에 따른 Coil 기록
1894:1348 Coil EV-69 <- (((ON AND Tag_132) AND [Data.Ev_filter_on = 48]) AND Abilita_lavaggio_BF02) / 조건에 따른 Coil 기록
1894:1355 Coil EV-30 <- (((ON AND Tag_132) AND [Data.Ev_filter_on = 49]) AND Abilita_lavaggio_BF01) / 조건에 따른 Coil 기록
1894:1362 Coil EV-70 <- (((ON AND Tag_132) AND [Data.Ev_filter_on = 50]) AND Abilita_lavaggio_BF02) / 조건에 따른 Coil 기록
1895:1435 Coil EV-31 <- (((ON AND Tag_132) AND [Data.Ev_filter_on = 51]) AND Abilita_lavaggio_BF01) / 조건에 따른 Coil 기록
1895:1442 Coil EV-71 <- (((ON AND Tag_132) AND [Data.Ev_filter_on = 52]) AND Abilita_lavaggio_BF02) / 조건에 따른 Coil 기록
1895:1449 Coil EV-32 <- (((ON AND Tag_132) AND [Data.Ev_filter_on = 53]) AND Abilita_lavaggio_BF01) / 조건에 따른 Coil 기록
1895:1456 Coil EV-72 <- (((ON AND Tag_132) AND [Data.Ev_filter_on = 54]) AND Abilita_lavaggio_BF02) / 조건에 따른 Coil 기록
1895:1463 Coil EV-33 <- (((ON AND Tag_132) AND [Data.Ev_filter_on = 55]) AND Abilita_lavaggio_BF01) / 조건에 따른 Coil 기록
1895:1470 Coil EV-73 <- (((ON AND Tag_132) AND [Data.Ev_filter_on = 56]) AND Abilita_lavaggio_BF02) / 조건에 따른 Coil 기록
1895:1477 Coil EV-34 <- (((ON AND Tag_132) AND [Data.Ev_filter_on = 57]) AND Abilita_lavaggio_BF01) / 조건에 따른 Coil 기록
1895:1484 Coil EV-74 <- (((ON AND Tag_132) AND [Data.Ev_filter_on = 58]) AND Abilita_lavaggio_BF02) / 조건에 따른 Coil 기록
1895:1491 Coil EV-35 <- (((ON AND Tag_132) AND [Data.Ev_filter_on = 59]) AND Abilita_lavaggio_BF01) / 조건에 따른 Coil 기록
1895:1498 Coil EV-75 <- (((ON AND Tag_132) AND [Data.Ev_filter_on = 60]) AND Abilita_lavaggio_BF02) / 조건에 따른 Coil 기록
1897:1707 Coil EV-41 <- (((ON AND Tag_132) AND [Data.Ev_filter_on = 71]) AND Abilita_lavaggio_BF01) / 조건에 따른 Coil 기록
1897:1714 Coil EV-81 <- (((ON AND Tag_132) AND [Data.Ev_filter_on = 72]) AND Abilita_lavaggio_BF02) / 조건에 따른 Coil 기록
1897:1721 Coil EV-42 <- (((ON AND Tag_132) AND [Data.Ev_filter_on = 73]) AND Abilita_lavaggio_BF01) / 조건에 따른 Coil 기록
1897:1728 Coil EV-82 <- (((ON AND Tag_132) AND [Data.Ev_filter_on = 74]) AND Abilita_lavaggio_BF02) / 조건에 따른 Coil 기록
1897:1735 Coil EV-43 <- (((ON AND Tag_132) AND [Data.Ev_filter_on = 75]) AND Abilita_lavaggio_BF01) / 조건에 따른 Coil 기록
1897:1742 Coil EV-83 <- (((ON AND Tag_132) AND [Data.Ev_filter_on = 76]) AND Abilita_lavaggio_BF02) / 조건에 따른 Coil 기록
1897:1749 Coil EV-44 <- (((ON AND Tag_132) AND [Data.Ev_filter_on = 77]) AND Abilita_lavaggio_BF01) / 조건에 따른 Coil 기록
1897:1756 Coil EV-84 <- (((ON AND Tag_132) AND [Data.Ev_filter_on = 78]) AND Abilita_lavaggio_BF02) / 조건에 따른 Coil 기록
1897:1763 Coil EV-45 <- (((ON AND Tag_132) AND [Data.Ev_filter_on = 79]) AND Abilita_lavaggio_BF01) / 조건에 따른 Coil 기록
1897:1770 Coil EV-85 <- (((ON AND Tag_132) AND [Data.Ev_filter_on = 80]) AND Abilita_lavaggio_BF02) / 조건에 따른 Coil 기록",,,,"152, 153, 154, 155, 156, 157, 158, 159, 160, 161, 162, 163, 164, 165, 166, 167, 168, 169, 170, 171, 172, 173, 174, 175, 176, 177, 178, 179, 180, 180A, 180B","1773, 1886, 1887, 1891, 1892, 1893, 1894, 1895, 1896, 1897, 1898","BASELINE, POWER, VOLTAGE, ADDRESS, SOURCE-XML",TIA 호출 조건·주기·중복 쓰기 순서와 전원 재시작 동작 확인; 현재 PLC 프로그램·현장 설치·단자·정상 극성 및 실제 설정값 대조; 시험 기대 결과 확정과 실행 증거 수집; 자동·수동 모드 전환 및 우선순위 미확정; 전용 타이머 또는 무지연 동작 여부 미확정; 정적 조건에 미해석 참조·호출·타이머 출력 등이 있음,자료 연결 완료 · 동작 확정 검토 중
BF02,백 필터,집진·석회,,자료에서 확인,pr_br02 (%IW400),ev-12 (%Q12.1); ev-20 (%Q13.1); ev-28 (%Q14.1); ev-36 (%Q15.1); ev-44 (%Q16.1); ev-60 (%Q19.1); ev-68 (%Q20.1); ev-76 (%Q21.1); ev-84 (%Q22.1); ev-52 (%Q18.1),bf02_run (%M180.4),BF02_RUN (MX180.4),"1886:33 Coil Abilita_lavaggio_BF02 <- ((((ON AND Inputs.FEEDBACKMOTOR SC-11) AND Inputs.VR05 Run) AND [Data.DP_02 <= Coeff.DP_01_SOGLIA_1]) OR (((ON AND Inputs.FEEDBACKMOTOR SC-11) AND Inputs.VR05 Run) AND Forza_Lavaggio)) / 조건에 따른 Coil 기록
1886:78 Coil BF02_RUN <- Coil UID 33.out (블록 동작 확인) / 조건에 따른 Coil 기록
1891:905 Coil EV-12 <- (((ON AND Tag_132) AND [Data.Ev_filter_on = 13]) AND Abilita_lavaggio_BF01) / 조건에 따른 Coil 기록
1891:912 Coil EV-52 <- (((ON AND Tag_132) AND [Data.Ev_filter_on = 14]) AND Abilita_lavaggio_BF02) / 조건에 따른 Coil 기록
1892:1083 Coil EV-20 <- (((ON AND Tag_132) AND [Data.Ev_filter_on = 29]) AND Abilita_lavaggio_BF01) / 조건에 따른 Coil 기록
1892:1090 Coil EV-60 <- (((ON AND Tag_132) AND [Data.Ev_filter_on = 30]) AND Abilita_lavaggio_BF02) / 조건에 따른 Coil 기록
1894:1327 Coil EV-28 <- (((ON AND Tag_132) AND [Data.Ev_filter_on = 45]) AND Abilita_lavaggio_BF01) / 조건에 따른 Coil 기록
1894:1334 Coil EV-68 <- (((ON AND Tag_132) AND [Data.Ev_filter_on = 46]) AND Abilita_lavaggio_BF02) / 조건에 따른 Coil 기록
1896:1571 Coil EV-36 <- (((ON AND Tag_132) AND [Data.Ev_filter_on = 61]) AND Abilita_lavaggio_BF01) / 조건에 따른 Coil 기록
1896:1578 Coil EV-76 <- (((ON AND Tag_132) AND [Data.Ev_filter_on = 62]) AND Abilita_lavaggio_BF02) / 조건에 따른 Coil 기록
1897:1749 Coil EV-44 <- (((ON AND Tag_132) AND [Data.Ev_filter_on = 77]) AND Abilita_lavaggio_BF01) / 조건에 따른 Coil 기록
1897:1756 Coil EV-84 <- (((ON AND Tag_132) AND [Data.Ev_filter_on = 78]) AND Abilita_lavaggio_BF02) / 조건에 따른 Coil 기록",,"1891:891, 1891:898, 1891:905, 1891:912, 1891:919, 1891:926, 1891:933, 1891:940, 1891:947, 1891:954, 1892:1027, 1892:1034, 1892:1041, 1892:1048, 1892:1055, 1892:1062, 1892:1069, 1892:1076, 1892:1083, 1892:1090, 1894:1299, 1894:1306, 1894:1313, 1894:1320, 1894:1327, 1894:1334, 1894:1341, 1894:1348, 1894:1355, 1894:1362, 1896:1571, 1896:1578, 1896:1585, 1896:1592, 1896:1599, 1896:1606, 1896:1613, 1896:1620, 1896:1627, 1896:1634, 1897:1707, 1897:1714, 1897:1721, 1897:1728, 1897:1735, 1897:1742, 1897:1749, 1897:1756, 1897:1763, 1897:1770","1891:891 Coil EV-11 <- (((ON AND Tag_132) AND [Data.Ev_filter_on = 11]) AND Abilita_lavaggio_BF01) / 조건에 따른 Coil 기록
1891:898 Coil EV-51 <- (((ON AND Tag_132) AND [Data.Ev_filter_on = 12]) AND Abilita_lavaggio_BF02) / 조건에 따른 Coil 기록
1891:905 Coil EV-12 <- (((ON AND Tag_132) AND [Data.Ev_filter_on = 13]) AND Abilita_lavaggio_BF01) / 조건에 따른 Coil 기록
1891:912 Coil EV-52 <- (((ON AND Tag_132) AND [Data.Ev_filter_on = 14]) AND Abilita_lavaggio_BF02) / 조건에 따른 Coil 기록
1891:919 Coil EV-13 <- (((ON AND Tag_132) AND [Data.Ev_filter_on = 15]) AND Abilita_lavaggio_BF01) / 조건에 따른 Coil 기록
1891:926 Coil EV-53 <- (((ON AND Tag_132) AND [Data.Ev_filter_on = 16]) AND Abilita_lavaggio_BF02) / 조건에 따른 Coil 기록
1891:933 Coil EV-14 <- (((ON AND Tag_132) AND [Data.Ev_filter_on = 17]) AND Abilita_lavaggio_BF01) / 조건에 따른 Coil 기록
1891:940 Coil EV-54 <- (((ON AND Tag_132) AND [Data.Ev_filter_on = 18]) AND Abilita_lavaggio_BF02) / 조건에 따른 Coil 기록
1891:947 Coil EV-15 <- (((ON AND Tag_132) AND [Data.Ev_filter_on = 19]) AND Abilita_lavaggio_BF01) / 조건에 따른 Coil 기록
1891:954 Coil EV-55 <- (((ON AND Tag_132) AND [Data.Ev_filter_on = 20]) AND Abilita_lavaggio_BF02) / 조건에 따른 Coil 기록
1892:1027 Coil EV-16 <- (((ON AND Tag_132) AND [Data.Ev_filter_on = 21]) AND Abilita_lavaggio_BF01) / 조건에 따른 Coil 기록
1892:1034 Coil EV-56 <- (((ON AND Tag_132) AND [Data.Ev_filter_on = 22]) AND Abilita_lavaggio_BF02) / 조건에 따른 Coil 기록
1892:1041 Coil EV-17 <- (((ON AND Tag_132) AND [Data.Ev_filter_on = 23]) AND Abilita_lavaggio_BF01) / 조건에 따른 Coil 기록
1892:1048 Coil EV-57 <- (((ON AND Tag_132) AND [Data.Ev_filter_on = 24]) AND Abilita_lavaggio_BF02) / 조건에 따른 Coil 기록
1892:1055 Coil EV-18 <- (((ON AND Tag_132) AND [Data.Ev_filter_on = 25]) AND Abilita_lavaggio_BF01) / 조건에 따른 Coil 기록
1892:1062 Coil EV-58 <- (((ON AND Tag_132) AND [Data.Ev_filter_on = 26]) AND Abilita_lavaggio_BF02) / 조건에 따른 Coil 기록
1892:1069 Coil EV-19 <- (((ON AND Tag_132) AND [Data.Ev_filter_on = 27]) AND Abilita_lavaggio_BF01) / 조건에 따른 Coil 기록
1892:1076 Coil EV-59 <- (((ON AND Tag_132) AND [Data.Ev_filter_on = 28]) AND Abilita_lavaggio_BF02) / 조건에 따른 Coil 기록
1892:1083 Coil EV-20 <- (((ON AND Tag_132) AND [Data.Ev_filter_on = 29]) AND Abilita_lavaggio_BF01) / 조건에 따른 Coil 기록
1892:1090 Coil EV-60 <- (((ON AND Tag_132) AND [Data.Ev_filter_on = 30]) AND Abilita_lavaggio_BF02) / 조건에 따른 Coil 기록
1894:1299 Coil EV-26 <- (((ON AND Tag_132) AND [Data.Ev_filter_on = 41]) AND Abilita_lavaggio_BF01) / 조건에 따른 Coil 기록
1894:1306 Coil EV-66 <- (((ON AND Tag_132) AND [Data.Ev_filter_on = 42]) AND Abilita_lavaggio_BF02) / 조건에 따른 Coil 기록
1894:1313 Coil EV-27 <- (((ON AND Tag_132) AND [Data.Ev_filter_on = 43]) AND Abilita_lavaggio_BF01) / 조건에 따른 Coil 기록
1894:1320 Coil EV-67 <- (((ON AND Tag_132) AND [Data.Ev_filter_on = 44]) AND Abilita_lavaggio_BF02) / 조건에 따른 Coil 기록
1894:1327 Coil EV-28 <- (((ON AND Tag_132) AND [Data.Ev_filter_on = 45]) AND Abilita_lavaggio_BF01) / 조건에 따른 Coil 기록
1894:1334 Coil EV-68 <- (((ON AND Tag_132) AND [Data.Ev_filter_on = 46]) AND Abilita_lavaggio_BF02) / 조건에 따른 Coil 기록
1894:1341 Coil EV-29 <- (((ON AND Tag_132) AND [Data.Ev_filter_on = 47]) AND Abilita_lavaggio_BF01) / 조건에 따른 Coil 기록
1894:1348 Coil EV-69 <- (((ON AND Tag_132) AND [Data.Ev_filter_on = 48]) AND Abilita_lavaggio_BF02) / 조건에 따른 Coil 기록
1894:1355 Coil EV-30 <- (((ON AND Tag_132) AND [Data.Ev_filter_on = 49]) AND Abilita_lavaggio_BF01) / 조건에 따른 Coil 기록
1894:1362 Coil EV-70 <- (((ON AND Tag_132) AND [Data.Ev_filter_on = 50]) AND Abilita_lavaggio_BF02) / 조건에 따른 Coil 기록
1896:1571 Coil EV-36 <- (((ON AND Tag_132) AND [Data.Ev_filter_on = 61]) AND Abilita_lavaggio_BF01) / 조건에 따른 Coil 기록
1896:1578 Coil EV-76 <- (((ON AND Tag_132) AND [Data.Ev_filter_on = 62]) AND Abilita_lavaggio_BF02) / 조건에 따른 Coil 기록
1896:1585 Coil EV-37 <- (((ON AND Tag_132) AND [Data.Ev_filter_on = 63]) AND Abilita_lavaggio_BF01) / 조건에 따른 Coil 기록
1896:1592 Coil EV-77 <- (((ON AND Tag_132) AND [Data.Ev_filter_on = 64]) AND Abilita_lavaggio_BF02) / 조건에 따른 Coil 기록
1896:1599 Coil EV-38 <- (((ON AND Tag_132) AND [Data.Ev_filter_on = 65]) AND Abilita_lavaggio_BF01) / 조건에 따른 Coil 기록
1896:1606 Coil EV-78 <- (((ON AND Tag_132) AND [Data.Ev_filter_on = 66]) AND Abilita_lavaggio_BF02) / 조건에 따른 Coil 기록
1896:1613 Coil EV-39 <- (((ON AND Tag_132) AND [Data.Ev_filter_on = 67]) AND Abilita_lavaggio_BF01) / 조건에 따른 Coil 기록
1896:1620 Coil EV-79 <- (((ON AND Tag_132) AND [Data.Ev_filter_on = 68]) AND Abilita_lavaggio_BF02) / 조건에 따른 Coil 기록
1896:1627 Coil EV-40 <- (((ON AND Tag_132) AND [Data.Ev_filter_on = 69]) AND Abilita_lavaggio_BF01) / 조건에 따른 Coil 기록
1896:1634 Coil EV-80 <- (((ON AND Tag_132) AND [Data.Ev_filter_on = 70]) AND Abilita_lavaggio_BF02) / 조건에 따른 Coil 기록
1897:1707 Coil EV-41 <- (((ON AND Tag_132) AND [Data.Ev_filter_on = 71]) AND Abilita_lavaggio_BF01) / 조건에 따른 Coil 기록
1897:1714 Coil EV-81 <- (((ON AND Tag_132) AND [Data.Ev_filter_on = 72]) AND Abilita_lavaggio_BF02) / 조건에 따른 Coil 기록
1897:1721 Coil EV-42 <- (((ON AND Tag_132) AND [Data.Ev_filter_on = 73]) AND Abilita_lavaggio_BF01) / 조건에 따른 Coil 기록
1897:1728 Coil EV-82 <- (((ON AND Tag_132) AND [Data.Ev_filter_on = 74]) AND Abilita_lavaggio_BF02) / 조건에 따른 Coil 기록
1897:1735 Coil EV-43 <- (((ON AND Tag_132) AND [Data.Ev_filter_on = 75]) AND Abilita_lavaggio_BF01) / 조건에 따른 Coil 기록
1897:1742 Coil EV-83 <- (((ON AND Tag_132) AND [Data.Ev_filter_on = 76]) AND Abilita_lavaggio_BF02) / 조건에 따른 Coil 기록
1897:1749 Coil EV-44 <- (((ON AND Tag_132) AND [Data.Ev_filter_on = 77]) AND Abilita_lavaggio_BF01) / 조건에 따른 Coil 기록
1897:1756 Coil EV-84 <- (((ON AND Tag_132) AND [Data.Ev_filter_on = 78]) AND Abilita_lavaggio_BF02) / 조건에 따른 Coil 기록
1897:1763 Coil EV-45 <- (((ON AND Tag_132) AND [Data.Ev_filter_on = 79]) AND Abilita_lavaggio_BF01) / 조건에 따른 Coil 기록
1897:1770 Coil EV-85 <- (((ON AND Tag_132) AND [Data.Ev_filter_on = 80]) AND Abilita_lavaggio_BF02) / 조건에 따른 Coil 기록",,,,"181, 182, 183, 184, 185, 186, 187, 188, 189, 190, 191, 192, 193, 194, 195, 196, 197, 198, 199, 200, 201, 202, 203, 204","1774, 1886, 1887, 1891, 1892, 1893, 1894, 1895, 1896, 1897, 1898","BASELINE, POWER, VOLTAGE, ADDRESS, BF02-DP, SOURCE-XML",TIA 호출 조건·주기·중복 쓰기 순서와 전원 재시작 동작 확인; 현재 PLC 프로그램·현장 설치·단자·정상 극성 및 실제 설정값 대조; 시험 기대 결과 확정과 실행 증거 수집; 자동·수동 모드 전환 및 우선순위 미확정; 전용 타이머 또는 무지연 동작 여부 미확정; 정적 조건에 미해석 참조·호출·타이머 출력 등이 있음,자료 연결 완료 · 동작 확정 검토 중
LD01,석회 마이크로피더,집진·석회,,자료에서 확인,ld-01_fbk (%I4.6); ll_ld01 (%I28.5),start vibrator ld-01 (%Q3.7); start ld01 (%Q3.6),,"LD_01_MF\Allarme1 (DB11,X48.1); LD_01_VB\Allarme1 (DB11,X50.1); LD_01_MF\RispostaA (DB11,X48.0); LD_01_VB\RispostaA (DB11,X50.0); LD_01_MF\Flag (DB2,X2.0); LD_01_VB\Flag (DB2,X2.1)","1035:2036 Move hours motors.LD_01_HOUR <- ((Tag_47 AND LD-01_Fbk) AND [hours motors.LD_01_MIN >= 60]) / Move 입력 1
1035:2039 Move hours motors.LD_01_MIN <- Move UID 2036.eno (블록 동작 확인) / Move 입력 0
1036:2090 Move hours motors.LD_01_VIB_HOUR <- ((Tag_47 AND LD-01A_Fbk) AND [hours motors.LD_01_VIB_MIN >= 60]) / Move 입력 1
1036:2093 Move hours motors.LD_01_VIB_MIN <- Move UID 2090.eno (블록 동작 확인) / Move 입력 0
1052:3011 Move hours motors.LD_01_HOUR <- Move UID 3008.eno (블록 동작 확인) / Move 입력 0
1052:3014 Move hours motors.LD_01_VIB_HOUR <- Move UID 3011.eno (블록 동작 확인) / Move 입력 0
1070:130 Coil Inputs.LD-01 Minimo <- LL_LD01 / 조건에 따른 Coil 기록
1070:135 Coil Inputs.LD-01 Inspection LS <- 170FC1 / 조건에 따른 Coil 기록
1070:140 Coil Inputs.LD-01 Local Button <- 170SA1 / 조건에 따른 Coil 기록
1080:36 Coil Inputs.LD-01 Minimo <- ON / 조건에 따른 Coil 기록
1085:27 Coil Inputs.FEEDBACKMOTOR LD-01 <- Flag.M_LD_01 / 조건에 따른 Coil 기록
1085:86 Coil Inputs.LD-01 Local Button <- Flag.M_LD_01_VIB / 조건에 따른 Coil 기록
1228:282 SCoil Allarm.LD_01_MIN <- LRef UID 21.Q (블록 동작 확인) / 조건 성립 시 Set
1228:288 RCoil Allarm.LD_01_MIN <- (((ON AND Flag.RESET_ALLARM) AND Allarm.LD_01_MIN) AND NOT [Inputs.LD-01 Minimo]) / 조건 성립 시 Reset
1805:925 SCoil Allarm.LD_01_FAULT <- ((ON AND Start LD01) AND Tag_70) / 조건 성립 시 Set
1805:930 RCoil Allarm.LD_01_FAULT <- ((ON AND Flag.RESET_ALLARM) AND Allarm.LD_01_FAULT) / 조건 성립 시 Reset
1806:959 SCoil Allarm.LD_01_VIB_FAULT <- ((ON AND Start Vibrator LD-01) AND Tag_71) / 조건 성립 시 Set
1806:964 RCoil Allarm.LD_01_VIB_FAULT <- ((ON AND Flag.RESET_ALLARM) AND Allarm.LD_01_VIB_FAULT) / 조건 성립 시 Reset
1958:836 RCoil Flag.M_LD_01 <- ((ON AND Allarm.LD_01_FAULT) OR ((ON AND NOT [Inputs.VR-06 RUN]) AND NOT [UNDER TESTING])) / 조건 성립 시 Reset
1958:841 Coil Start LD01 <- ((ON AND Flag.M_LD_01) AND Inputs.LD-01 Inspection LS) / 조건에 따른 Coil 기록
1961:891 RCoil Flag.M_LD_01_VIB <- ((ON AND Allarm.LD_01_VIB_FAULT) OR ((ON AND NOT [Inputs.VR-06 RUN]) AND NOT [UNDER TESTING])) / 조건 성립 시 Reset
1961:900 Coil Start Vibrator LD-01 <- (((ON AND Flag.M_LD_01_VIB) OR ((ON AND NOT [Allarm.LD_01_VIB_FAULT]) AND Start_LD01Vib)) AND Inputs.LD-01 Local Button) / 조건에 따른 Coil 기록",,,,"1805:919 SdCoil Tag_70 <- ((ON AND Start LD01) AND NOT [Inputs.FEEDBACKMOTOR LD-01]) / 시간 동작 SdCoil; 타이머 의미 추가 확인 / 시간 인자 S5T#2S
1806:953 SdCoil Tag_71 <- ((ON AND Start Vibrator LD-01) AND NOT [Inputs.FEEDBACKMOTOR-LD-01A]) / 시간 동작 SdCoil; 타이머 의미 추가 확인 / 시간 인자 S5T#2S
1960:861 SdCoil Tag_125 <- ((ON AND Inputs.FEEDBACKMOTOR LD-01) AND NOT [Tag_124]) / 시간 동작 SdCoil; 타이머 의미 추가 확인 / 시간 인자 Data.LD_01V_WorkTime
1960:866 SdCoil Tag_124 <- ((ON AND Inputs.FEEDBACKMOTOR LD-01) AND Tag_125) / 시간 동작 SdCoil; 타이머 의미 추가 확인 / 시간 인자 Data.LD_01V_PauseTime","1228:282, 1228:288, 1805:925, 1805:930, 1806:959, 1806:964, 1958:836, 1961:891, 1961:900","1228:288, 1805:930, 1806:964","55, 170","1035, 1036, 1052, 1070, 1080, 1085, 1201, 1202, 1228, 1805, 1806, 1958, 1959, 1960, 1961","BASELINE, POWER, VOLTAGE, ADDRESS, SOURCE-XML",TIA 호출 조건·주기·중복 쓰기 순서와 전원 재시작 동작 확인; 현재 PLC 프로그램·현장 설치·단자·정상 극성 및 실제 설정값 대조; 시험 기대 결과 확정과 실행 증거 수집; 자동·수동 모드 전환 및 우선순위 미확정; 상태 전환 순서 또는 단일 동작·수동 장치 여부 미확정; 정적 조건에 미해석 참조·호출·타이머 출력 등이 있음,자료 연결 완료 · 동작 확정 검토 중
LD01A,석회 사일로 진동기,집진·석회,LD01,자료에서 확인,ld-01a_fbk (%I4.7),start vibrator ld-01 (%Q3.7),,,"1085:34 Coil Inputs.FEEDBACKMOTOR-LD-01A <- Flag.M_LD_01_VIB / 조건에 따른 Coil 기록
1961:900 Coil Start Vibrator LD-01 <- (((ON AND Flag.M_LD_01_VIB) OR ((ON AND NOT [Allarm.LD_01_VIB_FAULT]) AND Start_LD01Vib)) AND Inputs.LD-01 Local Button) / 조건에 따른 Coil 기록",,,,,"1806:959, 1806:964, 1961:891, 1961:900",1806:964,56,"1036, 1052, 1085, 1202, 1806, 1961","BASELINE, POWER, VOLTAGE, ADDRESS, SOURCE-XML",TIA 호출 조건·주기·중복 쓰기 순서와 전원 재시작 동작 확인; 현재 PLC 프로그램·현장 설치·단자·정상 극성 및 실제 설정값 대조; 시험 기대 결과 확정과 실행 증거 수집; 직접 HMI 설정 미식별: 표시용 가공 태그·상위 화면 여부 확인; 자동·수동 모드 전환 및 우선순위 미확정; 전용 타이머 또는 무지연 동작 여부 미확정; 상태 전환 순서 또는 단일 동작·수동 장치 여부 미확정,자료 연결 완료 · 동작 확정 검토 중
ER01,전기 히터,집진·석회,,자료에서 확인,er01_fbk (%I6.1),start er-01 (%Q5.0),,"ER_01\Allarme1 (DB11,X68.1); ER_01\RispostaA (DB11,X68.0); ER_01\Flag (DB2,X5.4)","1086:41 Coil Inputs.Feedback_ER01 <- Flag.M_ER01 / 조건에 따른 Coil 기록
1822:24 SCoil Allarm.ER01_run <- LRef UID 28.Q (블록 동작 확인) / 조건 성립 시 Set
1822:32 RCoil Allarm.ER01_run <- ((ON AND Flag.RESET_ALLARM) AND Allarm.ER01_run) / 조건 성립 시 Reset
1847:931 RCoil Flag.M_ER01 <- (((Flag.Auto_ON1 AND [Data.Tipo_preset = 5]) AND [Data.Tempo_presetting = 13]) OR ((Flag.Auto_ON1 AND [Data.Tipo_preset = 5]) AND Allarm.Emergency_module_fault)) / 조건 성립 시 Reset
1971:1125 RCoil Flag.M_ER01 <- ((ON AND OFF) OR (ON AND Allarm.ER01_run) OR ((ON AND NOT [Inputs.FN-05 RUN]) AND NOT [UNDER TESTING])) / 조건 성립 시 Reset
1971:1129 Coil Start ER-01 <- ((ON AND Flag.M_ER01) AND Inputs.177T1_OK) / 조건에 따른 Coil 기록","1847:891, 1847:893, 1847:897, 1847:905, 1847:907, 1847:909, 1847:917, 1847:919, 1847:927, 1847:929, 1847:931, 1847:939, 1847:941, 1847:948, 1847:954, 1847:961, 1847:963, 1847:965, 1847:973, 1847:975, 1847:982",,,,"1822:24, 1822:32, 1847:891, 1847:893, 1847:897, 1847:905, 1847:907, 1847:909, 1847:917, 1847:919, 1847:927, 1847:929, 1847:931, 1847:939, 1847:941, 1847:948, 1847:954, 1847:961, 1847:963, 1847:965, 1847:973, 1847:975, 1847:982, 1969:1079, 1971:1125","1822:32, 1847:891, 1847:893, 1847:897, 1847:905, 1847:907, 1847:909, 1847:917, 1847:919, 1847:927, 1847:929, 1847:931, 1847:939, 1847:941, 1847:948, 1847:954, 1847:961, 1847:963, 1847:965, 1847:973, 1847:975, 1847:982",66,"1086, 1211, 1822, 1847, 1969, 1971","BASELINE, POWER, VOLTAGE, ADDRESS, SOURCE-XML",TIA 호출 조건·주기·중복 쓰기 순서와 전원 재시작 동작 확인; 현재 PLC 프로그램·현장 설치·단자·정상 극성 및 실제 설정값 대조; 시험 기대 결과 확정과 실행 증거 수집; 전용 타이머 또는 무지연 동작 여부 미확정; 상태 전환 순서 또는 단일 동작·수동 장치 여부 미확정; 정적 조건에 미해석 참조·호출·타이머 출력 등이 있음,자료 연결 완료 · 동작 확정 검토 중
CM01,집진 배기 스택,공정 본체,,자료에서 확인,,,,,,,,,,,,,,"BASELINE, POWER, VOLTAGE, ADDRESS, SOURCE-XML",TIA 호출 조건·주기·중복 쓰기 순서와 전원 재시작 동작 확인; 현재 PLC 프로그램·현장 설치·단자·정상 극성 및 실제 설정값 대조; 시험 기대 결과 확정과 실행 증거 수집; 직접 I/O 미식별: 상위 장치·로컬 계측·공통 기능 여부 확인; 직접 HMI 설정 미식별: 표시용 가공 태그·상위 화면 여부 확인; 직접 LAD 미식별: 실물/예비 상태 또는 상위 제어 연결 확인; 자동·수동 모드 전환 및 우선순위 미확정; 전용 타이머 또는 무지연 동작 여부 미확정; 상태 전환 순서 또는 단일 동작·수동 장치 여부 미확정,자료 연결 완료 · 동작 확정 검토 중
CM02,상부 배기 스택,공정 본체,,자료에서 확인,,,,,,,,,,,,,,"BASELINE, POWER, VOLTAGE, ADDRESS, SOURCE-XML",TIA 호출 조건·주기·중복 쓰기 순서와 전원 재시작 동작 확인; 현재 PLC 프로그램·현장 설치·단자·정상 극성 및 실제 설정값 대조; 시험 기대 결과 확정과 실행 증거 수집; 직접 I/O 미식별: 상위 장치·로컬 계측·공통 기능 여부 확인; 직접 HMI 설정 미식별: 표시용 가공 태그·상위 화면 여부 확인; 직접 LAD 미식별: 실물/예비 상태 또는 상위 제어 연결 확인; 자동·수동 모드 전환 및 우선순위 미확정; 전용 타이머 또는 무지연 동작 여부 미확정; 상태 전환 순서 또는 단일 동작·수동 장치 여부 미확정,자료 연결 완료 · 동작 확정 검토 중
CR01,운전 제어반,공정 본체,,자료에서 확인,,,,,,,,,,,,,,"BASELINE, POWER, VOLTAGE, ADDRESS, SOURCE-XML",TIA 호출 조건·주기·중복 쓰기 순서와 전원 재시작 동작 확인; 현재 PLC 프로그램·현장 설치·단자·정상 극성 및 실제 설정값 대조; 시험 기대 결과 확정과 실행 증거 수집; 직접 I/O 미식별: 상위 장치·로컬 계측·공통 기능 여부 확인; 직접 HMI 설정 미식별: 표시용 가공 태그·상위 화면 여부 확인; 직접 LAD 미식별: 실물/예비 상태 또는 상위 제어 연결 확인; 자동·수동 모드 전환 및 우선순위 미확정; 전용 타이머 또는 무지연 동작 여부 미확정; 상태 전환 순서 또는 단일 동작·수동 장치 여부 미확정,자료 연결 완료 · 동작 확정 검토 중
BWF01,고객 설비 계량 피더,외부 연동,,자료에서 확인,bwf1_inverter_high_speed (%I14.4); bwf01 ok (%I11.1); bwf01 fault (%I11.3); min lev bwf01 (%I11.4); max lev bwf01 (%I11.5); bwf01 pulse (%I20.1); bwf01_level (%IW268); bwf 01 run (%I11.2); bwf01_flowrate (%IW264),bwf01_sp_flowrate (%QW298); consent start bwf01 (%Q6.2),,"Editor_BWF01 (DB26,INT8); BWF01\Risposta (DB11,X70.1); BWF01\StatusOK (DB11,X70.0); BWF01\Allarme1 (DB11,X70.2); BWF01\Flag (DB2,X12.0); I_Level_BWF01 (DB13,INT32); I_Flow_rate_BWF01 (DB13,INT28)","935:311 Move Data.BWF01_count_rep <- PBox UID 306.out (블록 동작 확인) / Move 입력 0
1071:34 Move Inputs.Flow_rate_BWF01 <- Move UID 27.eno (블록 동작 확인) / Move 입력 BWF01_FlowRate
1071:48 Move Inputs.Level_BWF01 <- POWER / Move 입력 BWF01_Level
1086:44 Coil Inputs.BWF 01 RUN <- Flag.M_BWF01 / 조건에 따른 Coil 기록
1086:24 Coil Inputs.BWF01 OK <- POWER / 조건에 따른 Coil 기록
1679:107 Move Data.SET_PERC_BWF01 <- (ON AND [Prod_h < 0.0]) / Move 입력 0
1680:121 Move Data.SET_PERC_BWF01 <- (ON AND [Data.SET_PERC_BWF01 < 0]) / Move 입력 0
1680:129 Move Data.SET_PERC_BWF01 <- (ON AND [Data.SET_PERC_BWF01 > 100]) / Move 입력 100
1681:240 Move BWF01_SP_FlowRate <- Div UID 236.eno (블록 동작 확인) / Move 입력 App03
1681:323 Move BWF01_SP_FlowRate <- Div UID 356.eno (블록 동작 확인) / Move 입력 App03
1781:80 SCoil Allarm.BWF01_FAULT <- ((((ON AND Consent Start BWF01) AND Tag_49) AND NOT [Inputs.BWF 01 RUN]) OR ((ON AND Consent Start BWF01) AND Inputs.BWF01 FAULT)) / 조건 성립 시 Set
1781:86 RCoil Allarm.BWF01_FAULT <- (((ON AND Flag.RESET_ALLARM) AND Allarm.BWF01_FAULT) AND NOT [Inputs.BWF01 FAULT]) / 조건 성립 시 Reset
1782:105 SCoil Allarm.BWF01_min_LEVEL <- ((ON AND Consent Start BWF01) AND Inputs.min LEV BWF01) / 조건 성립 시 Set
1782:109 SCoil Allarm.BWF01_MAX_LEVEL <- (ON AND Inputs.MAX LEV BWF01) / 조건 성립 시 Set
1782:117 RCoil Allarm.BWF01_min_LEVEL <- ((ON AND Flag.RESET_ALLARM) AND NOT [Inputs.min LEV BWF01]) / 조건 성립 시 Reset
1782:121 RCoil Allarm.BWF01_MAX_LEVEL <- ((ON AND Flag.RESET_ALLARM) AND NOT [Inputs.MAX LEV BWF01]) / 조건 성립 시 Reset
1820:1780 SCoil Allarm.BWF01_Fault_Control <- ((OFF AND NOT [Inputs.BWF1_INVERTER_HIGH_SPEED]) AND Tag_90) / 조건 성립 시 Set
1820:1801 RCoil Allarm.BWF01_Fault_Control <- (((OFF AND Flag.RESET_ALLARM) AND Allarm.BWF01_Fault_Control) AND Inputs.BWF1_INVERTER_HIGH_SPEED) / 조건 성립 시 Reset
1932:109 RCoil Flag.M_BWF01 <- ((ON AND Allarm.BWF01_FAULT) OR (ON AND Allarm.BWF01_Fault_Control) OR (ON AND [Data.SET_PERC_BWF01 = 0]) OR (ON AND NOT [Inputs.BWF01 OK]) OR (ON AND NOT [Inputs.BC01 run]) OR (ON AND Disable_Load_RD01)) / 조건 성립 시 Reset
1932:113 Coil Consent Start BWF01 <- (ON AND Flag.M_BWF01) / 조건에 따른 Coil 기록
1934:170 RCoil Flag.M_BWF01 <- (((OFF AND Flag.M_BWF01) OR (OFF AND Flag.M_BWF02)) AND Tag_114) / 조건 성립 시 Reset
1934:210 RCoil Flag.M_BWF01 <- RCoil UID 228.out (블록 동작 확인) / 조건 성립 시 Reset",,,,"1781:71 SdCoil Tag_49 <- ((ON AND Consent Start BWF01) AND NOT [Inputs.BWF 01 RUN]) / 시간 동작 SdCoil; 타이머 의미 추가 확인 / 시간 인자 S5T#10S
1820:1775 SdCoil Tag_90 <- (OFF AND NOT [Inputs.BWF1_INVERTER_HIGH_SPEED]) / 시간 동작 SdCoil; 타이머 의미 추가 확인 / 시간 인자 S5T#30S
1820:1787 SdCoil Tag_91 <- (OFF AND NOT [Inputs.BWF2_INVERTER_HIGH_SPEED]) / 시간 동작 SdCoil; 타이머 의미 추가 확인 / 시간 인자 S5T#30S
1934:164 SdCoil Tag_114 <- ((OFF AND Flag.M_BWF01) OR (OFF AND Flag.M_BWF02)) / 시간 동작 SdCoil; 타이머 의미 추가 확인 / 시간 인자 S5T#6M","1781:80, 1781:86, 1782:105, 1782:109, 1782:117, 1782:121, 1820:1780, 1820:1792, 1820:1801, 1820:1806, 1932:109, 1980:347, 1980:360, 1980:377, 1980:390, 1980:420, 1980:425, 1993:1189, 1993:1194","1781:86, 1782:117, 1782:121, 1820:1801, 1820:1806, 1849:69, 1849:80, 1980:425, 1993:1194","85, 86, 87, 88, 89, 90, 91, 92, 93, 94, 95","935, 1071, 1086, 1213, 1679, 1680, 1681, 1735, 1737, 1776, 1781, 1782, 1820, 1849, 1932, 1934, 1973, 1980, 1993","BASELINE, POWER, VOLTAGE, ADDRESS, SOURCE-XML",TIA 호출 조건·주기·중복 쓰기 순서와 전원 재시작 동작 확인; 현재 PLC 프로그램·현장 설치·단자·정상 극성 및 실제 설정값 대조; 시험 기대 결과 확정과 실행 증거 수집; 자동·수동 모드 전환 및 우선순위 미확정; 상태 전환 순서 또는 단일 동작·수동 장치 여부 미확정; 정적 조건에 미해석 참조·호출·타이머 출력 등이 있음,자료 연결 완료 · 동작 확정 검토 중
BWF02,고객 설비 계량 피더,외부 연동,,자료에서 확인,bwf2_inverter_high_speed (%I14.5); bwf02 ok (%I11.6); bwf02 fault (%I12.0); min lev bwf02 (%I12.1); max lev bwf02 (%I12.2); bwf02 pulse (%I20.2); bwf02_level (%IW270); bwf 02 run (%I11.7); bwf02_flowrate (%IW266),bwf02_sp_flowrate (%QW300); consent start bwf02 (%Q6.3),,"Editor_BWF02 (DB26,INT10); BWF02\Risposta (DB11,X72.1); BWF02\StatusOK (DB11,X72.0); BWF02\Allarme1 (DB11,X72.2); BWF02\Flag (DB2,X12.5); I_Level_BWF02 (DB13,INT34); I_Flow_rate_BWF02 (DB13,INT30)","935:316 Move Data.BWF02_count_rep <- PBox UID 306.out (블록 동작 확인) / Move 입력 0
1071:41 Move Inputs.Flow_rate_BWF02 <- Move UID 34.eno (블록 동작 확인) / Move 입력 BWF02_FlowRate
1071:49 Move Inputs.Level_BWF02 <- Move UID 48.eno (블록 동작 확인) / Move 입력 BWF02_Level
1086:46 Coil Inputs.BWF 02 RUN <- Flag.M_BWF02 / 조건에 따른 Coil 기록
1086:28 Coil Inputs.BWF02 OK <- POWER / 조건에 따른 Coil 기록
1679:169 Move Data.SET_PERC_BWF02 <- (ON AND [Prod_h < 0.0]) / Move 입력 0
1682:266 Move Data.SET_PERC_BWF02 <- (ON AND [Data.SET_PERC_BWF02 < 0]) / Move 입력 0
1682:274 Move Data.SET_PERC_BWF02 <- (ON AND [Data.SET_PERC_BWF02 > 100]) / Move 입력 100
1683:385 Move BWF02_SP_FlowRate <- Div UID 381.eno (블록 동작 확인) / Move 입력 App03
1783:156 SCoil Allarm.BWF02_FAULT <- ((((ON AND Consent Start BWF02) AND Tag_50) AND NOT [Inputs.BWF 02 RUN]) OR ((ON AND Consent Start BWF02) AND Inputs.BWF02 FAULT)) / 조건 성립 시 Set
1783:162 RCoil Allarm.BWF02_FAULT <- (((ON AND Flag.RESET_ALLARM) AND Allarm.BWF02_FAULT) AND NOT [Inputs.BWF02 FAULT]) / 조건 성립 시 Reset
1784:181 SCoil Allarm.BWF02_min_LEVEL <- ((ON AND Consent Start BWF02) AND Inputs.min LEV BWF02) / 조건 성립 시 Set
1784:185 SCoil Allarm.BWF02_MAX_LEVEL <- (ON AND Inputs.MAX LEV BWF02) / 조건 성립 시 Set
1784:193 RCoil Allarm.BWF02_min_LEVEL <- ((ON AND Flag.RESET_ALLARM) AND NOT [Inputs.min LEV BWF02]) / 조건 성립 시 Reset
1784:197 RCoil Allarm.BWF02_MAX_LEVEL <- ((ON AND Flag.RESET_ALLARM) AND NOT [Inputs.MAX LEV BWF02]) / 조건 성립 시 Reset
1820:1792 SCoil Allarm.BWF02_Fault_Control <- ((OFF AND NOT [Inputs.BWF2_INVERTER_HIGH_SPEED]) AND Tag_91) / 조건 성립 시 Set
1820:1806 RCoil Allarm.BWF02_Fault_Control <- (((OFF AND Flag.RESET_ALLARM) AND Allarm.BWF02_Fault_Control) AND Inputs.BWF2_INVERTER_HIGH_SPEED) / 조건 성립 시 Reset
1933:147 RCoil Flag.M_BWF02 <- ((ON AND Allarm.BWF02_FAULT) OR (ON AND Allarm.BWF02_Fault_Control) OR (ON AND [Data.SET_PERC_BWF02 = 0]) OR (ON AND NOT [Inputs.BWF02 OK]) OR (ON AND NOT [Inputs.BC01 run]) OR (ON AND Disable_Load_RD01)) / 조건 성립 시 Reset
1933:151 Coil Consent Start BWF02 <- (ON AND Flag.M_BWF02) / 조건에 따른 Coil 기록
1934:172 RCoil Flag.M_BWF02 <- (((OFF AND Flag.M_BWF01) OR (OFF AND Flag.M_BWF02)) AND Tag_114) / 조건 성립 시 Reset
1934:228 RCoil Flag.M_BWF02 <- ((((ON AND Flag.M_BWF01) OR (ON AND Flag.M_BWF02)) AND NOT [Inputs.RD01 run]) OR (((ON AND Flag.M_BWF01) OR (ON AND Flag.M_BWF02)) AND NOT [Inputs.BC01 run])) / 조건 성립 시 Reset",,,,"1783:147 SdCoil Tag_50 <- ((ON AND Consent Start BWF02) AND NOT [Inputs.BWF 02 RUN]) / 시간 동작 SdCoil; 타이머 의미 추가 확인 / 시간 인자 S5T#10S
1820:1775 SdCoil Tag_90 <- (OFF AND NOT [Inputs.BWF1_INVERTER_HIGH_SPEED]) / 시간 동작 SdCoil; 타이머 의미 추가 확인 / 시간 인자 S5T#30S
1820:1787 SdCoil Tag_91 <- (OFF AND NOT [Inputs.BWF2_INVERTER_HIGH_SPEED]) / 시간 동작 SdCoil; 타이머 의미 추가 확인 / 시간 인자 S5T#30S
1934:164 SdCoil Tag_114 <- ((OFF AND Flag.M_BWF01) OR (OFF AND Flag.M_BWF02)) / 시간 동작 SdCoil; 타이머 의미 추가 확인 / 시간 인자 S5T#6M","425:352, 425:357, 1783:156, 1783:162, 1784:181, 1784:185, 1784:193, 1784:197, 1820:1780, 1820:1792, 1820:1801, 1820:1806, 1933:147, 1980:347, 1980:360, 1980:377, 1980:390, 1980:420, 1980:425, 1993:1189, 1993:1194","425:357, 1783:162, 1784:193, 1784:197, 1820:1801, 1820:1806, 1849:69, 1849:80, 1980:425, 1993:1194","85, 86, 87, 88, 89, 90, 91, 92, 93, 94, 95","425, 935, 1071, 1086, 1214, 1679, 1682, 1683, 1736, 1738, 1776, 1783, 1784, 1820, 1849, 1933, 1934, 1973, 1980, 1993","BASELINE, POWER, VOLTAGE, ADDRESS, SOURCE-XML",TIA 호출 조건·주기·중복 쓰기 순서와 전원 재시작 동작 확인; 현재 PLC 프로그램·현장 설치·단자·정상 극성 및 실제 설정값 대조; 시험 기대 결과 확정과 실행 증거 수집; 자동·수동 모드 전환 및 우선순위 미확정; 상태 전환 순서 또는 단일 동작·수동 장치 여부 미확정; 정적 조건에 미해석 참조·호출·타이머 출력 등이 있음,자료 연결 완료 · 동작 확정 검토 중
LIW,외부 LIW 피더,외부 연동,,자료에서 확인,liw systemautoreader (%I14.1),start liw feeder (%Q6.1); liw_sp_speed (%QW302),,,"1691:909 Move LIW_SP_SPEED <- Mul UID 905.eno (블록 동작 확인) / Move 입력 app05
1973:1201 SCoil START LIW FEEDER <- (((ON AND Inputs.BWF 01 RUN) OR (ON AND Inputs.BWF 02 RUN)) AND PV-03 GATE EV) / 조건 성립 시 Set
1973:1215 RCoil START LIW FEEDER <- ((ON AND START LIW FEEDER) AND Tag_128) / 조건 성립 시 Reset",,,,"1973:1196 SdCoil Tag_127 <- ((ON AND Inputs.BWF 01 RUN) OR (ON AND Inputs.BWF 02 RUN)) / 시간 동작 SdCoil; 타이머 의미 추가 확인 / 시간 인자 S5T#15M
1973:1210 SdCoil Tag_128 <- (((ON AND START LIW FEEDER) AND NOT [Inputs.BWF 01 RUN]) AND NOT [Inputs.BWF 02 RUN]) / 시간 동작 SdCoil; 타이머 의미 추가 확인 / 시간 인자 S5T#15M",,,"85, 86, 87, 88, 89, 90, 91, 92, 93, 94, 95","1016, 1691, 1973","BASELINE, POWER, VOLTAGE, ADDRESS, SOURCE-XML",TIA 호출 조건·주기·중복 쓰기 순서와 전원 재시작 동작 확인; 현재 PLC 프로그램·현장 설치·단자·정상 극성 및 실제 설정값 대조; 시험 기대 결과 확정과 실행 증거 수집; 직접 HMI 설정 미식별: 표시용 가공 태그·상위 화면 여부 확인; 자동·수동 모드 전환 및 우선순위 미확정; 상태 전환 순서 또는 단일 동작·수동 장치 여부 미확정; 정적 조건에 미해석 참조·호출·타이머 출력 등이 있음,자료 연결 완료 · 동작 확정 검토 중
CLIENT-CL01,Apron conveyor A,외부 연동,,자료에서 확인,apron conveyor a fault (%I14.6); apron conveyor a run (%I12.3),,,,,,,,,"410:46, 410:51",410:51,"86, 87, 88, 89, 90, 91, 92, 93, 94, 95","410, 1002","BASELINE, POWER, VOLTAGE, ADDRESS, CL-NAMESPACE, SOURCE-XML",TIA 호출 조건·주기·중복 쓰기 순서와 전원 재시작 동작 확인; 현재 PLC 프로그램·현장 설치·단자·정상 극성 및 실제 설정값 대조; 시험 기대 결과 확정과 실행 증거 수집; 직접 HMI 설정 미식별: 표시용 가공 태그·상위 화면 여부 확인; 자동·수동 모드 전환 및 우선순위 미확정; 전용 타이머 또는 무지연 동작 여부 미확정; 상태 전환 순서 또는 단일 동작·수동 장치 여부 미확정,자료 연결 완료 · 동작 확정 검토 중
CLIENT-CL02,Impactor,외부 연동,,자료에서 확인,impactor fault (%I14.7); impactor run (%I12.4),,,"IMPACTOR_RUN (DB13,X12.4)",,,,,,"411:64, 411:69",411:69,"86, 87, 88, 89, 90, 91, 92, 93, 94, 95","411, 1003","BASELINE, POWER, VOLTAGE, ADDRESS, CL-NAMESPACE, SOURCE-XML",TIA 호출 조건·주기·중복 쓰기 순서와 전원 재시작 동작 확인; 현재 PLC 프로그램·현장 설치·단자·정상 극성 및 실제 설정값 대조; 시험 기대 결과 확정과 실행 증거 수집; 자동·수동 모드 전환 및 우선순위 미확정; 전용 타이머 또는 무지연 동작 여부 미확정; 상태 전환 순서 또는 단일 동작·수동 장치 여부 미확정,자료 연결 완료 · 동작 확정 검토 중
CLIENT-CL03,Impact vibration feeder,외부 연동,,자료에서 확인,impact vibrationfeeder fault (%I15.0); impact vibrationfeeder run (%I12.5),,,,,,,,,"412:82, 412:87",412:87,"86, 87, 88, 89, 90, 91, 92, 93, 94, 95","412, 1004","BASELINE, POWER, VOLTAGE, ADDRESS, CL-NAMESPACE, SOURCE-XML",TIA 호출 조건·주기·중복 쓰기 순서와 전원 재시작 동작 확인; 현재 PLC 프로그램·현장 설치·단자·정상 극성 및 실제 설정값 대조; 시험 기대 결과 확정과 실행 증거 수집; 직접 HMI 설정 미식별: 표시용 가공 태그·상위 화면 여부 확인; 자동·수동 모드 전환 및 우선순위 미확정; 전용 타이머 또는 무지연 동작 여부 미확정; 상태 전환 순서 또는 단일 동작·수동 장치 여부 미확정,자료 연결 완료 · 동작 확정 검토 중
CLIENT-CL04,Belt conveyor A,외부 연동,,자료에서 확인,belt conveyor a fault (%I15.1); belt conveyor a run (%I12.6),start client motor 4 (%Q61.2),,,,,,,,"413:100, 413:105",413:105,"86, 87, 88, 89, 90, 91, 92, 93, 94, 95","413, 1005","BASELINE, POWER, VOLTAGE, ADDRESS, CL-NAMESPACE, SOURCE-XML",TIA 호출 조건·주기·중복 쓰기 순서와 전원 재시작 동작 확인; 현재 PLC 프로그램·현장 설치·단자·정상 극성 및 실제 설정값 대조; 시험 기대 결과 확정과 실행 증거 수집; 직접 HMI 설정 미식별: 표시용 가공 태그·상위 화면 여부 확인; 자동·수동 모드 전환 및 우선순위 미확정; 전용 타이머 또는 무지연 동작 여부 미확정; 상태 전환 순서 또는 단일 동작·수동 장치 여부 미확정,자료 연결 완료 · 동작 확정 검토 중
CLIENT-CL05,Air knife,외부 연동,,자료에서 확인,air knife fault (%I15.2); air knife run (%I12.7),,,,,,,,,"414:118, 414:123",414:123,"86, 87, 88, 89, 90, 91, 92, 93, 94, 95","414, 1006","BASELINE, POWER, VOLTAGE, ADDRESS, CL-NAMESPACE, SOURCE-XML",TIA 호출 조건·주기·중복 쓰기 순서와 전원 재시작 동작 확인; 현재 PLC 프로그램·현장 설치·단자·정상 극성 및 실제 설정값 대조; 시험 기대 결과 확정과 실행 증거 수집; 직접 HMI 설정 미식별: 표시용 가공 태그·상위 화면 여부 확인; 자동·수동 모드 전환 및 우선순위 미확정; 전용 타이머 또는 무지연 동작 여부 미확정; 상태 전환 순서 또는 단일 동작·수동 장치 여부 미확정,자료 연결 완료 · 동작 확정 검토 중
CLIENT-CL06,Belt conveyor B,외부 연동,,자료에서 확인,belt conveyor b run (%I13.0); belt conveyor b fault (%I15.3),start client motor 6 (%Q61.3),,,,,,,,"415:136, 415:141",415:141,"86, 87, 88, 89, 90, 91, 92, 93, 94, 95","415, 1007","BASELINE, POWER, VOLTAGE, ADDRESS, CL-NAMESPACE, SOURCE-XML",TIA 호출 조건·주기·중복 쓰기 순서와 전원 재시작 동작 확인; 현재 PLC 프로그램·현장 설치·단자·정상 극성 및 실제 설정값 대조; 시험 기대 결과 확정과 실행 증거 수집; 직접 HMI 설정 미식별: 표시용 가공 태그·상위 화면 여부 확인; 자동·수동 모드 전환 및 우선순위 미확정; 전용 타이머 또는 무지연 동작 여부 미확정; 상태 전환 순서 또는 단일 동작·수동 장치 여부 미확정,자료 연결 완료 · 동작 확정 검토 중
CLIENT-CL07,Shredder 1,외부 연동,,자료에서 확인,shredder 1 run (%I13.1); shredder 1 fault (%I15.4),,,,,,,,,"416:154, 416:159",416:159,"86, 87, 88, 89, 90, 91, 92, 93, 94, 95","416, 1008","BASELINE, POWER, VOLTAGE, ADDRESS, CL-NAMESPACE, SOURCE-XML",TIA 호출 조건·주기·중복 쓰기 순서와 전원 재시작 동작 확인; 현재 PLC 프로그램·현장 설치·단자·정상 극성 및 실제 설정값 대조; 시험 기대 결과 확정과 실행 증거 수집; 직접 HMI 설정 미식별: 표시용 가공 태그·상위 화면 여부 확인; 자동·수동 모드 전환 및 우선순위 미확정; 전용 타이머 또는 무지연 동작 여부 미확정; 상태 전환 순서 또는 단일 동작·수동 장치 여부 미확정,자료 연결 완료 · 동작 확정 검토 중
CLIENT-CL08,Shredder vibration feeder,외부 연동,,자료에서 확인,shredder vibrationfeeder run (%I13.2); shredder vibrationfeeder fault (%I15.5),start client motor 8 (%Q61.4),,,,,,,,"417:172, 417:177",417:177,"86, 87, 88, 89, 90, 91, 92, 93, 94, 95","417, 1009","BASELINE, POWER, VOLTAGE, ADDRESS, CL-NAMESPACE, SOURCE-XML",TIA 호출 조건·주기·중복 쓰기 순서와 전원 재시작 동작 확인; 현재 PLC 프로그램·현장 설치·단자·정상 극성 및 실제 설정값 대조; 시험 기대 결과 확정과 실행 증거 수집; 직접 HMI 설정 미식별: 표시용 가공 태그·상위 화면 여부 확인; 자동·수동 모드 전환 및 우선순위 미확정; 전용 타이머 또는 무지연 동작 여부 미확정; 상태 전환 순서 또는 단일 동작·수동 장치 여부 미확정,자료 연결 완료 · 동작 확정 검토 중
CLIENT-CL09,Belt conveyor C,외부 연동,,자료에서 확인,belt conveyor c run (%I13.3); belt conveyor c fault (%I15.6); belt conveyor c fault_doppio! (%I16.6),start client motor 9 (%Q61.5),,,,,,,,"418:190, 418:195",418:195,"86, 87, 88, 89, 90, 91, 92, 93, 94, 95","418, 1010","BASELINE, POWER, VOLTAGE, ADDRESS, CL-NAMESPACE, SOURCE-XML",TIA 호출 조건·주기·중복 쓰기 순서와 전원 재시작 동작 확인; 현재 PLC 프로그램·현장 설치·단자·정상 극성 및 실제 설정값 대조; 시험 기대 결과 확정과 실행 증거 수집; 직접 HMI 설정 미식별: 표시용 가공 태그·상위 화면 여부 확인; 자동·수동 모드 전환 및 우선순위 미확정; 전용 타이머 또는 무지연 동작 여부 미확정; 상태 전환 순서 또는 단일 동작·수동 장치 여부 미확정,자료 연결 완료 · 동작 확정 검토 중
CLIENT-CL10,Rotex screen,외부 연동,,자료에서 확인,rotex screen run (%I13.4),,,,,,,,,"419:208, 419:213",419:213,"86, 87, 88, 89, 90, 91, 92, 93, 94, 95","419, 1011","BASELINE, POWER, VOLTAGE, ADDRESS, CL-NAMESPACE, SOURCE-XML",TIA 호출 조건·주기·중복 쓰기 순서와 전원 재시작 동작 확인; 현재 PLC 프로그램·현장 설치·단자·정상 극성 및 실제 설정값 대조; 시험 기대 결과 확정과 실행 증거 수집; 직접 HMI 설정 미식별: 표시용 가공 태그·상위 화면 여부 확인; 자동·수동 모드 전환 및 우선순위 미확정; 전용 타이머 또는 무지연 동작 여부 미확정; 상태 전환 순서 또는 단일 동작·수동 장치 여부 미확정,자료 연결 완료 · 동작 확정 검토 중
CLIENT-CL13,Apron conveyor B,외부 연동,,자료에서 확인,apron conveyor b run (%I13.5); apron conveyor b fault (%I16.0),,,,,,,,,"420:262, 420:267",420:267,"86, 87, 88, 89, 90, 91, 92, 93, 94, 95","420, 1012","BASELINE, POWER, VOLTAGE, ADDRESS, CL-NAMESPACE, SOURCE-XML",TIA 호출 조건·주기·중복 쓰기 순서와 전원 재시작 동작 확인; 현재 PLC 프로그램·현장 설치·단자·정상 극성 및 실제 설정값 대조; 시험 기대 결과 확정과 실행 증거 수집; 직접 HMI 설정 미식별: 표시용 가공 태그·상위 화면 여부 확인; 자동·수동 모드 전환 및 우선순위 미확정; 전용 타이머 또는 무지연 동작 여부 미확정; 상태 전환 순서 또는 단일 동작·수동 장치 여부 미확정,자료 연결 완료 · 동작 확정 검토 중
CLIENT-CL14,Shredder 2,외부 연동,,자료에서 확인,shredder 2 run (%I13.6),,,,,,,,,"421:280, 421:285",421:285,"86, 87, 88, 89, 90, 91, 92, 93, 94, 95","421, 1013","BASELINE, POWER, VOLTAGE, ADDRESS, CL-NAMESPACE, SOURCE-XML",TIA 호출 조건·주기·중복 쓰기 순서와 전원 재시작 동작 확인; 현재 PLC 프로그램·현장 설치·단자·정상 극성 및 실제 설정값 대조; 시험 기대 결과 확정과 실행 증거 수집; 직접 HMI 설정 미식별: 표시용 가공 태그·상위 화면 여부 확인; 자동·수동 모드 전환 및 우선순위 미확정; 전용 타이머 또는 무지연 동작 여부 미확정; 상태 전환 순서 또는 단일 동작·수동 장치 여부 미확정,자료 연결 완료 · 동작 확정 검토 중
CLIENT-CL15,Belt conveyor D,외부 연동,,자료에서 확인,belt coveyor d fault (%I16.2),,,,,,,,,"422:298, 422:303",422:303,"86, 87, 88, 89, 90, 91, 92, 93, 94, 95","422, 1014","BASELINE, POWER, VOLTAGE, ADDRESS, CL-NAMESPACE, SOURCE-XML",TIA 호출 조건·주기·중복 쓰기 순서와 전원 재시작 동작 확인; 현재 PLC 프로그램·현장 설치·단자·정상 극성 및 실제 설정값 대조; 시험 기대 결과 확정과 실행 증거 수집; 직접 HMI 설정 미식별: 표시용 가공 태그·상위 화면 여부 확인; 자동·수동 모드 전환 및 우선순위 미확정; 전용 타이머 또는 무지연 동작 여부 미확정; 상태 전환 순서 또는 단일 동작·수동 장치 여부 미확정,자료 연결 완료 · 동작 확정 검토 중
CLIENT-CL16,Belt conveyor E,외부 연동,,자료에서 확인,belt conveyor e run (%I14.0); belt conveyor e fault (%I16.3),,,,,,,,,"423:316, 423:321",423:321,"86, 87, 88, 89, 90, 91, 92, 93, 94, 95","423, 1015","BASELINE, POWER, VOLTAGE, ADDRESS, CL-NAMESPACE, SOURCE-XML",TIA 호출 조건·주기·중복 쓰기 순서와 전원 재시작 동작 확인; 현재 PLC 프로그램·현장 설치·단자·정상 극성 및 실제 설정값 대조; 시험 기대 결과 확정과 실행 증거 수집; 직접 HMI 설정 미식별: 표시용 가공 태그·상위 화면 여부 확인; 자동·수동 모드 전환 및 우선순위 미확정; 전용 타이머 또는 무지연 동작 여부 미확정; 상태 전환 순서 또는 단일 동작·수동 장치 여부 미확정,자료 연결 완료 · 동작 확정 검토 중
CLIENT-CL17,Weighing hopper 2,외부 연동,,자료에서 확인,weighting hopper 2fault (%I16.4),,,,,,,,,"424:334, 424:339",424:339,"86, 87, 88, 89, 90, 91, 92, 93, 94, 95","424, 1016","BASELINE, POWER, VOLTAGE, ADDRESS, CL-NAMESPACE, SOURCE-XML",TIA 호출 조건·주기·중복 쓰기 순서와 전원 재시작 동작 확인; 현재 PLC 프로그램·현장 설치·단자·정상 극성 및 실제 설정값 대조; 시험 기대 결과 확정과 실행 증거 수집; 직접 HMI 설정 미식별: 표시용 가공 태그·상위 화면 여부 확인; 자동·수동 모드 전환 및 우선순위 미확정; 전용 타이머 또는 무지연 동작 여부 미확정; 상태 전환 순서 또는 단일 동작·수동 장치 여부 미확정,자료 연결 완료 · 동작 확정 검토 중
CLIENT-CL18,Hopper conveyor 2,외부 연동,,자료에서 확인,hopper conveyor 2fault (%I16.5),,,,,,,,,"425:352, 425:357",425:357,"86, 87, 88, 89, 90, 91, 92, 93, 94, 95",425,"BASELINE, POWER, VOLTAGE, ADDRESS, CL-NAMESPACE, SOURCE-XML",TIA 호출 조건·주기·중복 쓰기 순서와 전원 재시작 동작 확인; 현재 PLC 프로그램·현장 설치·단자·정상 극성 및 실제 설정값 대조; 시험 기대 결과 확정과 실행 증거 수집; 직접 HMI 설정 미식별: 표시용 가공 태그·상위 화면 여부 확인; 자동·수동 모드 전환 및 우선순위 미확정; 전용 타이머 또는 무지연 동작 여부 미확정; 상태 전환 순서 또는 단일 동작·수동 장치 여부 미확정,자료 연결 완료 · 동작 확정 검토 중
CLIENT-CL19,Primary shredder,외부 연동,,자료에서 확인,primaryshredder run (%I14.2),,,"PRIMARYSHREDDER_RUN (DB13,X14.2)",,,,,,"426:370, 426:375",426:375,"86, 87, 88, 89, 90, 91, 92, 93, 94, 95","426, 1017","BASELINE, POWER, VOLTAGE, ADDRESS, CL-NAMESPACE, CLIENT19, SOURCE-XML",TIA 호출 조건·주기·중복 쓰기 순서와 전원 재시작 동작 확인; 현재 PLC 프로그램·현장 설치·단자·정상 극성 및 실제 설정값 대조; 시험 기대 결과 확정과 실행 증거 수집; 자동·수동 모드 전환 및 우선순위 미확정; 전용 타이머 또는 무지연 동작 여부 미확정; 상태 전환 순서 또는 단일 동작·수동 장치 여부 미확정,자료 연결 완료 · 동작 확정 검토 중
TC01,온도 계측,계측,,자료에서 확인,tc01 (%IW272),,tc01-tc02control disable (%M80.2),"Editor_TC01 (DB26,INT22); I_TC_01 (DB13,INT36)","1071:50 Move Inputs.TC_01 <- Move UID 49.eno (블록 동작 확인) / Move 입력 TC01
1843:568 Move Data.TC01_SETPOINT <- (((((ON AND NOT [Allarm.Emergency_module_fault]) AND [Data.Tipo_preset = 1]) AND Flag.Auto_ON1) AND [Data.Tempo_presetting = 45]) AND OFF) / Move 입력 850
1844:912 Move Data.TC01_SETPOINT <- (((((ON AND NOT [Allarm.Emergency_module_fault]) AND Flag.Auto_ON1) AND [Data.Tipo_preset = 2]) AND [Data.Tempo_presetting = 62]) AND OFF) / Move 입력 850
1875:1505 Move Data.TC01_SETPOINT <- (OFF AND [WorkData.W5 = 1]) / Move 입력 20
1875:1513 Move Data.TC01_SETPOINT <- (OFF AND [WorkData.W5 = 60]) / Move 입력 30
1875:1521 Move Data.TC01_SETPOINT <- (OFF AND [WorkData.W5 = 120]) / Move 입력 40
1875:1529 Move Data.TC01_SETPOINT <- (OFF AND [WorkData.W5 = 180]) / Move 입력 80
1875:1537 Move Data.TC01_SETPOINT <- (OFF AND [WorkData.W5 = 240]) / Move 입력 100
1875:1545 Move Data.TC01_SETPOINT <- (OFF AND [WorkData.W5 = 300]) / Move 입력 120
1875:1553 Move Data.TC01_SETPOINT <- (OFF AND [WorkData.W5 = 360]) / Move 입력 140
1875:1561 Move Data.TC01_SETPOINT <- (OFF AND [WorkData.W5 = 420]) / Move 입력 160
1875:1569 Move Data.TC01_SETPOINT <- (OFF AND [WorkData.W5 = 480]) / Move 입력 180
1875:1577 Move Data.TC01_SETPOINT <- (OFF AND [WorkData.W5 = 540]) / Move 입력 200
1875:1585 Move Data.TC01_SETPOINT <- (OFF AND [WorkData.W5 = 600]) / Move 입력 200
1876:1577 Move Data.TC01_SETPOINT <- (OFF AND [WorkData.W5 = 1320]) / Move 입력 240
1876:1585 Move Data.TC01_SETPOINT <- (OFF AND [WorkData.W5 = 1380]) / Move 입력 280
1876:1593 Move Data.TC01_SETPOINT <- (OFF AND [WorkData.W5 = 1440]) / Move 입력 320
1876:1601 Move Data.TC01_SETPOINT <- (OFF AND [WorkData.W5 = 1500]) / Move 입력 360
1877:1683 Move Data.TC01_SETPOINT <- (OFF AND [WorkData.W5 = 1740]) / Move 입력 400
1877:1691 Move Data.TC01_SETPOINT <- (OFF AND [WorkData.W5 = 1800]) / Move 입력 440
1877:1699 Move Data.TC01_SETPOINT <- (OFF AND [WorkData.W5 = 1860]) / Move 입력 480
1877:1707 Move Data.TC01_SETPOINT <- (OFF AND [WorkData.W5 = 1920]) / Move 입력 520
1877:1715 Move Data.TC01_SETPOINT <- (OFF AND [WorkData.W5 = 1980]) / Move 입력 560
1877:1723 Move Data.TC01_SETPOINT <- (OFF AND [WorkData.W5 = 2040]) / Move 입력 600
1979:160 SCoil Allarm.MAX_TC01_TEMP <- ((ON AND [Manage_TC1_2.PID_Ref_Temp > Data.TC01_MAX_ALL]) AND Tag_99) / 조건 성립 시 Set
1979:173 RCoil Allarm.MAX_TC01_TEMP <- (Sub UID 165.eno (블록 동작 확인) AND [Manage_TC1_2.PID_Ref_Temp < app00]) / 조건 성립 시 Reset
1979:203 SCoil Allarm.MAX_MAX_TC01_TEMP <- (((ON AND [Manage_TC1_2.PID_Ref_Temp > max_max_tc1]) OR (ON AND [Manage_TC1_2.PID_Ref_Temp > 1250.0]) OR (ON AND [Manage_TC1_2.PID_Ref_Temp < -60.0])) AND Tag_100) / 조건 성립 시 Set
1979:208 RCoil Allarm.MAX_MAX_TC01_TEMP <- ((ON AND Flag.RESET_ALLARM) AND Allarm.MAX_MAX_TC01_TEMP) / 조건 성립 시 Reset
1986:775 SCoil Allarm.TC01_TC02_COMP_FAULT <- ((((((ON AND NOT [TC01-TC02control disable]) AND [Data.Temp_TC01 > 400]) OR ((ON AND NOT [TC01-TC02control disable]) AND [Data.Temp_TC02 > 400])) AND [app02 < -100]) OR ((((ON AND NOT [TC01-TC02control disable]) AND [Data.Temp_TC01 > 400]) OR ((ON AND NOT [TC01-TC02control disable]) AND [Data.Temp_TC02 > 400])) AND [app02 > 100])) AND Tag_108) / 조건 성립 시 Set
1986:780 RCoil Allarm.TC01_TC02_COMP_FAULT <- ((ON AND Flag.RESET_ALLARM) AND Allarm.TC01_TC02_COMP_FAULT) / 조건 성립 시 Reset","1843:410, 1843:412, 1843:420, 1843:422, 1843:424, 1843:432, 1843:434, 1843:436, 1843:443, 1843:449, 1843:456, 1843:458, 1843:460, 1843:462, 1843:469, 1843:478, 1843:481, 1843:492, 1843:495, 1843:500, 1843:506, 1843:513, 1843:515, 1843:517, 1843:527, 1843:530, 1843:539, 1843:545, 1843:552, 1843:554, 1843:568, 1843:573, 1843:578, 1843:581, 1843:587, 1844:747, 1844:749, 1844:757, 1844:759, 1844:761, 1844:769, 1844:771, 1844:773, 1844:780, 1844:786, 1844:793, 1844:799, 1844:805, 1844:811, 1844:817, 1844:826, 1844:829, 1844:1158, 1844:1162, 1844:850, 1844:852, 1844:854, 1844:864, 1844:867, 1844:878, 1844:881, 1844:889, 1844:896, 1844:898, 1844:912, 1844:917, 1844:922, 1844:925, 1844:931",,,"1979:155 SdCoil Tag_99 <- (ON AND [Manage_TC1_2.PID_Ref_Temp > Data.TC01_MAX_ALL]) / 시간 동작 SdCoil; 타이머 의미 추가 확인 / 시간 인자 S5T#6S
1979:198 SdCoil Tag_100 <- ((ON AND [Manage_TC1_2.PID_Ref_Temp > max_max_tc1]) OR (ON AND [Manage_TC1_2.PID_Ref_Temp > 1250.0]) OR (ON AND [Manage_TC1_2.PID_Ref_Temp < -60.0])) / 시간 동작 SdCoil; 타이머 의미 추가 확인 / 시간 인자 S5T#6S
1986:770 SdCoil Tag_108 <- (((((ON AND NOT [TC01-TC02control disable]) AND [Data.Temp_TC01 > 400]) OR ((ON AND NOT [TC01-TC02control disable]) AND [Data.Temp_TC02 > 400])) AND [app02 < -100]) OR ((((ON AND NOT [TC01-TC02control disable]) AND [Data.Temp_TC01 > 400]) OR ((ON AND NOT [TC01-TC02control disable]) AND [Data.Temp_TC02 > 400])) AND [app02 > 100])) / 시간 동작 SdCoil; 타이머 의미 추가 확인 / 시간 인자 S5T#1M","1843:410, 1843:412, 1843:420, 1843:422, 1843:424, 1843:432, 1843:434, 1843:436, 1843:443, 1843:449, 1843:456, 1843:458, 1843:460, 1843:462, 1843:469, 1843:478, 1843:481, 1843:492, 1843:495, 1843:500, 1843:506, 1843:513, 1843:515, 1843:517, 1843:527, 1843:530, 1843:539, 1843:545, 1843:552, 1843:554, 1843:568, 1843:573, 1843:578, 1843:581, 1843:587, 1843:828, 1844:747, 1844:749, 1844:757, 1844:759, 1844:761, 1844:769, 1844:771, 1844:773, 1844:780, 1844:786, 1844:793, 1844:799, 1844:805, 1844:811, 1844:817, 1844:826, 1844:829, 1844:1158, 1844:1162, 1844:850, 1844:852, 1844:854, 1844:864, 1844:867, 1844:878, 1844:881, 1844:889, 1844:896, 1844:898, 1844:912, 1844:917, 1844:922, 1844:925, 1844:931, 1856:150, 1858:232, 1862:441, 1862:448, 1862:453, 1862:465, 1862:470, 1865:579, 1865:588, 1870:1172, 1870:1181, 1979:160, 1979:173, 1979:203, 1979:208, 1984:604, 1984:616, 1985:690, 1985:695, 1986:775, 1986:780","1843:410, 1843:412, 1843:420, 1843:422, 1843:424, 1843:432, 1843:434, 1843:436, 1843:443, 1843:449, 1843:456, 1843:458, 1843:460, 1843:462, 1843:469, 1843:478, 1843:481, 1843:492, 1843:102, 1843:495, 1843:500, 1843:506, 1843:34, 1843:513, 1843:515, 1843:517, 1843:527, 1843:530, 1843:539, 1843:545, 1843:552, 1843:554, 1843:568, 1843:573, 1843:578, 1843:581, 1843:587, 1843:828, 1843:838, 1844:747, 1844:749, 1844:757, 1844:759, 1844:761, 1844:769, 1844:771, 1844:773, 1844:780, 1844:786, 1844:793, 1844:799, 1844:805, 1844:811, 1844:817, 1844:826, 1844:829, 1844:1158, 1844:1162, 1844:850, 1844:852, 1844:854, 1844:864, 1844:867, 1844:878, 1844:881, 1844:889, 1844:896, 1844:898, 1844:912, 1844:917, 1844:922, 1844:925, 1844:931, 1868:1669, 1868:1306, 1979:208, 1984:616, 1985:695, 1986:780",77,"1071, 1092, 1739, 1843, 1844, 1845, 1856, 1858, 1862, 1864, 1865, 1868, 1870, 1875, 1876, 1877, 1979, 1984, 1985, 1986","BASELINE, POWER, VOLTAGE, ADDRESS, SOURCE-XML",TIA 호출 조건·주기·중복 쓰기 순서와 전원 재시작 동작 확인; 현재 PLC 프로그램·현장 설치·단자·정상 극성 및 실제 설정값 대조; 시험 기대 결과 확정과 실행 증거 수집; 상태 전환 순서 또는 단일 동작·수동 장치 여부 미확정; 정적 조건에 미해석 참조·호출·타이머 출력 등이 있음,자료 연결 완료 · 동작 확정 검토 중
TC02,온도 계측,계측,,자료에서 확인,tc02 (%IW274),,,"I_TC_02 (DB13,INT38)","1071:51 Move Inputs.TC_02 <- Move UID 50.eno (블록 동작 확인) / Move 입력 TC02
1986:775 SCoil Allarm.TC01_TC02_COMP_FAULT <- ((((((ON AND NOT [TC01-TC02control disable]) AND [Data.Temp_TC01 > 400]) OR ((ON AND NOT [TC01-TC02control disable]) AND [Data.Temp_TC02 > 400])) AND [app02 < -100]) OR ((((ON AND NOT [TC01-TC02control disable]) AND [Data.Temp_TC01 > 400]) OR ((ON AND NOT [TC01-TC02control disable]) AND [Data.Temp_TC02 > 400])) AND [app02 > 100])) AND Tag_108) / 조건 성립 시 Set
1986:780 RCoil Allarm.TC01_TC02_COMP_FAULT <- ((ON AND Flag.RESET_ALLARM) AND Allarm.TC01_TC02_COMP_FAULT) / 조건 성립 시 Reset",,,,1986:770 SdCoil Tag_108 <- (((((ON AND NOT [TC01-TC02control disable]) AND [Data.Temp_TC01 > 400]) OR ((ON AND NOT [TC01-TC02control disable]) AND [Data.Temp_TC02 > 400])) AND [app02 < -100]) OR ((((ON AND NOT [TC01-TC02control disable]) AND [Data.Temp_TC01 > 400]) OR ((ON AND NOT [TC01-TC02control disable]) AND [Data.Temp_TC02 > 400])) AND [app02 > 100])) / 시간 동작 SdCoil; 타이머 의미 추가 확인 / 시간 인자 S5T#1M,"1858:232, 1986:775, 1986:780",1986:780,77,"1071, 1092, 1740, 1858, 1986","BASELINE, POWER, VOLTAGE, ADDRESS, SOURCE-XML",TIA 호출 조건·주기·중복 쓰기 순서와 전원 재시작 동작 확인; 현재 PLC 프로그램·현장 설치·단자·정상 극성 및 실제 설정값 대조; 시험 기대 결과 확정과 실행 증거 수집; 자동·수동 모드 전환 및 우선순위 미확정; 상태 전환 순서 또는 단일 동작·수동 장치 여부 미확정; 정적 조건에 미해석 참조·호출·타이머 출력 등이 있음,자료 연결 완료 · 동작 확정 검토 중
TC03,온도 계측,계측,,자료에서 확인,tc03 (%IW276),,tc03 close (%M40.7); tc03 close2 (%M41.1); tc03 open (%M40.6); tc03 open2 (%M41.0); down tc03 pid mv04 (%M11.1),"Editor_TC03 (DB26,INT20); I_TC_03 (DB13,INT40)","1071:72 Move Inputs.TC_03 <- POWER / Move 입력 TC03
1843:573 Move Data.TC03_SETPOINT <- (((((ON AND NOT [Allarm.Emergency_module_fault]) AND [Data.Tipo_preset = 1]) AND Flag.Auto_ON1) AND [Data.Tempo_presetting = 45]) AND OFF) / Move 입력 500
1844:917 Move Data.TC03_SETPOINT <- (((((ON AND NOT [Allarm.Emergency_module_fault]) AND Flag.Auto_ON1) AND [Data.Tipo_preset = 2]) AND [Data.Tempo_presetting = 62]) AND OFF) / Move 입력 500
1980:347 SCoil Allarm.LOW_TC03_TEMP <- ((((ON AND Inputs.BWF 01 RUN) OR (ON AND Inputs.BWF 02 RUN)) AND [Data.Temp_TC03 < Data.TC03_MIN_ALL]) AND Tag_101) / 조건 성립 시 Set
1980:27 Move Data.TC03_MIN_ALL <- (ON AND [Data.TC03_MIN_ALL < 200]) / Move 입력 200
1980:360 RCoil Allarm.LOW_TC03_TEMP <- (Add UID 352.eno (블록 동작 확인) AND [Data.Temp_TC03 > app00]) / 조건 성립 시 Reset
1980:377 SCoil Allarm.MAX_TC03_TEMP <- ((ON AND [Data.Temp_TC03 > Data.TC03_MAX_ALL]) AND Tag_102) / 조건 성립 시 Set
1980:390 RCoil Allarm.MAX_TC03_TEMP <- (Sub UID 382.eno (블록 동작 확인) AND [Data.Temp_TC03 < app00]) / 조건 성립 시 Reset
1980:420 SCoil Allarm.MAX_MAX_TC03_TEMP <- (((ON AND [Data.Temp_TC03 > max_max_tc3]) OR (ON AND [Data.Temp_TC03 > 750]) OR (ON AND [Data.Temp_TC03 < -60])) AND Tag_103) / 조건 성립 시 Set
1980:425 RCoil Allarm.MAX_MAX_TC03_TEMP <- ((ON AND Flag.RESET_ALLARM) AND Allarm.MAX_MAX_TC03_TEMP) / 조건 성립 시 Reset
8:32 Move Data.TC03_SETPOINT <- [Data.TC03_SETPOINT < 200] / Move 입력 200","1702:119, 1702:126, 1702:143, 1702:156, 1843:410, 1843:412, 1843:420, 1843:422, 1843:424, 1843:432, 1843:434, 1843:436, 1843:443, 1843:449, 1843:456, 1843:458, 1843:460, 1843:462, 1843:469, 1843:478, 1843:481, 1843:492, 1843:495, 1843:500, 1843:506, 1843:513, 1843:515, 1843:517, 1843:527, 1843:530, 1843:539, 1843:545, 1843:552, 1843:554, 1843:568, 1843:573, 1843:578, 1843:581, 1843:587, 1844:747, 1844:749, 1844:757, 1844:759, 1844:761, 1844:769, 1844:771, 1844:773, 1844:780, 1844:786, 1844:793, 1844:799, 1844:805, 1844:811, 1844:817, 1844:826, 1844:829, 1844:1158, 1844:1162, 1844:850, 1844:852, 1844:854, 1844:864, 1844:867, 1844:878, 1844:881, 1844:889, 1844:896, 1844:898, 1844:912, 1844:917, 1844:922, 1844:925, 1844:931",,,"1980:342 SdCoil Tag_101 <- (((ON AND Inputs.BWF 01 RUN) OR (ON AND Inputs.BWF 02 RUN)) AND [Data.Temp_TC03 < Data.TC03_MIN_ALL]) / 시간 동작 SdCoil; 타이머 의미 추가 확인 / 시간 인자 S5T#3S
1980:372 SdCoil Tag_102 <- (ON AND [Data.Temp_TC03 > Data.TC03_MAX_ALL]) / 시간 동작 SdCoil; 타이머 의미 추가 확인 / 시간 인자 S5T#3S
1980:415 SdCoil Tag_103 <- ((ON AND [Data.Temp_TC03 > max_max_tc3]) OR (ON AND [Data.Temp_TC03 > 750]) OR (ON AND [Data.Temp_TC03 < -60])) / 시간 동작 SdCoil; 타이머 의미 추가 확인 / 시간 인자 S5T#3S","1702:143, 1702:156, 1843:410, 1843:412, 1843:420, 1843:422, 1843:424, 1843:432, 1843:434, 1843:436, 1843:443, 1843:449, 1843:456, 1843:458, 1843:460, 1843:462, 1843:469, 1843:478, 1843:481, 1843:492, 1843:495, 1843:500, 1843:506, 1843:513, 1843:515, 1843:517, 1843:527, 1843:530, 1843:539, 1843:545, 1843:552, 1843:554, 1843:568, 1843:573, 1843:578, 1843:581, 1843:587, 1843:828, 1844:747, 1844:749, 1844:757, 1844:759, 1844:761, 1844:769, 1844:771, 1844:773, 1844:780, 1844:786, 1844:793, 1844:799, 1844:805, 1844:811, 1844:817, 1844:826, 1844:829, 1844:1158, 1844:1162, 1844:850, 1844:852, 1844:854, 1844:864, 1844:867, 1844:878, 1844:881, 1844:889, 1844:896, 1844:898, 1844:912, 1844:917, 1844:922, 1844:925, 1844:931, 1858:232, 1862:441, 1862:448, 1862:453, 1862:465, 1862:470, 1865:579, 1865:588, 1870:1172, 1870:1181, 1931:66, 1980:347, 1980:360, 1980:377, 1980:390, 1980:420, 1980:425","1702:143, 1702:156, 1843:410, 1843:412, 1843:420, 1843:422, 1843:424, 1843:432, 1843:434, 1843:436, 1843:443, 1843:449, 1843:456, 1843:458, 1843:460, 1843:462, 1843:469, 1843:478, 1843:481, 1843:492, 1843:102, 1843:495, 1843:500, 1843:506, 1843:34, 1843:513, 1843:515, 1843:517, 1843:527, 1843:530, 1843:539, 1843:545, 1843:552, 1843:554, 1843:568, 1843:573, 1843:578, 1843:581, 1843:587, 1843:828, 1843:838, 1844:747, 1844:749, 1844:757, 1844:759, 1844:761, 1844:769, 1844:771, 1844:773, 1844:780, 1844:786, 1844:793, 1844:799, 1844:805, 1844:811, 1844:817, 1844:826, 1844:829, 1844:1158, 1844:1162, 1844:850, 1844:852, 1844:854, 1844:864, 1844:867, 1844:878, 1844:881, 1844:889, 1844:896, 1844:898, 1844:912, 1844:917, 1844:922, 1844:925, 1844:931, 1980:425",77,"1071, 1702, 1741, 1843, 1844, 1858, 1862, 1865, 1870, 1931, 1980, 8, 11","BASELINE, POWER, VOLTAGE, ADDRESS, SOURCE-XML",TIA 호출 조건·주기·중복 쓰기 순서와 전원 재시작 동작 확인; 현재 PLC 프로그램·현장 설치·단자·정상 극성 및 실제 설정값 대조; 시험 기대 결과 확정과 실행 증거 수집; 상태 전환 순서 또는 단일 동작·수동 장치 여부 미확정; 정적 조건에 미해석 참조·호출·타이머 출력 등이 있음,자료 연결 완료 · 동작 확정 검토 중
TC04,온도 계측,계측,,자료에서 확인,reserved tc04 (%IW258); tc05 (%IW260); tc04 (%IW256),,,"I_TC_04 (DB13,INT24)","1071:22 Move Inputs.TC_04 <- POWER / Move 입력 TC04
1981:455 SCoil Allarm.MAX_TC04_TEMP <- (((ON AND [Data.Temp_TC04 > Data.TC04_TC05_MAX_ALL]) OR (ON AND [Data.Temp_TC04 > 120]) OR (ON AND [Data.Temp_TC04 < -60])) AND Tag_104) / 조건 성립 시 Set
1981:484 RCoil Allarm.MAX_TC04_TEMP <- ((ON AND Flag.RESET_ALLARM) AND Allarm.MAX_TC04_TEMP) / 조건 성립 시 Reset",,,,"1981:450 SdCoil Tag_104 <- ((ON AND [Data.Temp_TC04 > Data.TC04_TC05_MAX_ALL]) OR (ON AND [Data.Temp_TC04 > 120]) OR (ON AND [Data.Temp_TC04 < -60])) / 시간 동작 SdCoil; 타이머 의미 추가 확인 / 시간 인자 S5T#1M
1981:471 SdCoil Tag_105 <- ((ON AND [Data.Temp_TC05 > Data.TC04_TC05_MAX_ALL]) OR (ON AND [Data.Temp_TC05 > 120]) OR (ON AND [Data.Temp_TC05 < -60])) / 시간 동작 SdCoil; 타이머 의미 추가 확인 / 시간 인자 S5T#1M","1858:232, 1950:653, 1950:656, 1950:661, 1981:455, 1981:476, 1981:484, 1981:488","1981:484, 1981:488",79,"1071, 1731, 1858, 1950, 1981","BASELINE, POWER, VOLTAGE, ADDRESS, TC05, SOURCE-XML",TIA 호출 조건·주기·중복 쓰기 순서와 전원 재시작 동작 확인; 현재 PLC 프로그램·현장 설치·단자·정상 극성 및 실제 설정값 대조; 시험 기대 결과 확정과 실행 증거 수집; 자동·수동 모드 전환 및 우선순위 미확정; 상태 전환 순서 또는 단일 동작·수동 장치 여부 미확정; 정적 조건에 미해석 참조·호출·타이머 출력 등이 있음,자료 연결 완료 · 동작 확정 검토 중
TC05,온도 계측,계측,,자료에서 확인,reserved tc05 (%IW262); tc05 (%IW260),,,"I_TC_05 (DB13,INT26)","1071:27 Move Inputs.TC_05 <- Move UID 22.eno (블록 동작 확인) / Move 입력 TC05
1981:476 SCoil Allarm.MAX_TC05_TEMP <- ((((ON AND [Data.Temp_TC05 > Data.TC04_TC05_MAX_ALL]) OR (ON AND [Data.Temp_TC05 > 120]) OR (ON AND [Data.Temp_TC05 < -60])) AND Tag_105) AND ServiceBit) / 조건 성립 시 Set
1981:488 RCoil Allarm.MAX_TC05_TEMP <- ((ON AND Flag.RESET_ALLARM) AND Allarm.MAX_TC05_TEMP) / 조건 성립 시 Reset",,,,"1981:450 SdCoil Tag_104 <- ((ON AND [Data.Temp_TC04 > Data.TC04_TC05_MAX_ALL]) OR (ON AND [Data.Temp_TC04 > 120]) OR (ON AND [Data.Temp_TC04 < -60])) / 시간 동작 SdCoil; 타이머 의미 추가 확인 / 시간 인자 S5T#1M
1981:471 SdCoil Tag_105 <- ((ON AND [Data.Temp_TC05 > Data.TC04_TC05_MAX_ALL]) OR (ON AND [Data.Temp_TC05 > 120]) OR (ON AND [Data.Temp_TC05 < -60])) / 시간 동작 SdCoil; 타이머 의미 추가 확인 / 시간 인자 S5T#1M","1858:232, 1950:653, 1950:656, 1950:661, 1981:455, 1981:476, 1981:484, 1981:488","1981:484, 1981:488",79,"1071, 1732, 1858, 1950, 1981","BASELINE, POWER, VOLTAGE, ADDRESS, TC05, SOURCE-XML",TIA 호출 조건·주기·중복 쓰기 순서와 전원 재시작 동작 확인; 현재 PLC 프로그램·현장 설치·단자·정상 극성 및 실제 설정값 대조; 시험 기대 결과 확정과 실행 증거 수집; 자동·수동 모드 전환 및 우선순위 미확정; 상태 전환 순서 또는 단일 동작·수동 장치 여부 미확정; 정적 조건에 미해석 참조·호출·타이머 출력 등이 있음,자료 연결 완료 · 동작 확정 검토 중
TC06,온도 계측,계측,,자료에서 확인,tc06 (%IW278),,,"I_TC_06 (DB13,INT42)",1071:73 Move Inputs.TC_06 <- Move UID 72.eno (블록 동작 확인) / Move 입력 TC06,,,,,,,78,"1071, 1742","BASELINE, POWER, VOLTAGE, ADDRESS, SOURCE-XML",TIA 호출 조건·주기·중복 쓰기 순서와 전원 재시작 동작 확인; 현재 PLC 프로그램·현장 설치·단자·정상 극성 및 실제 설정값 대조; 시험 기대 결과 확정과 실행 증거 수집; 자동·수동 모드 전환 및 우선순위 미확정; 전용 타이머 또는 무지연 동작 여부 미확정; 상태 전환 순서 또는 단일 동작·수동 장치 여부 미확정; 정적 조건에 미해석 참조·호출·타이머 출력 등이 있음,자료 연결 완료 · 동작 확정 검토 중
TC07,온도 계측,계측,,예비·운영 상태 확인,tc07 (%IW280),,,"I_TC_07 (DB13,INT44)",1071:74 Move Inputs.TC_07 <- Move UID 73.eno (블록 동작 확인) / Move 입력 TC07,,,,,,,78,"1071, 1743","BASELINE, POWER, VOLTAGE, ADDRESS, SOURCE-XML",TIA 호출 조건·주기·중복 쓰기 순서와 전원 재시작 동작 확인; 현재 PLC 프로그램·현장 설치·단자·정상 극성 및 실제 설정값 대조; 시험 기대 결과 확정과 실행 증거 수집; 자동·수동 모드 전환 및 우선순위 미확정; 전용 타이머 또는 무지연 동작 여부 미확정; 상태 전환 순서 또는 단일 동작·수동 장치 여부 미확정; 정적 조건에 미해석 참조·호출·타이머 출력 등이 있음,자료 연결 완료 · 동작 확정 검토 중
TC09,온도 계측,계측,,자료에서 확인,tc09 (%IW386),,,,"1991:1060 SCoil Allarm.MAX_TC09 <- (Add UID 1053.eno (블록 동작 확인) AND [Data.TC_09 > app07]) / 조건 성립 시 Set
1991:1076 RCoil Allarm.MAX_TC09 <- ((Sub UID 1064.eno (블록 동작 확인) AND [Data.TC_09 < app03]) AND Allarm.MAX_TC09) / 조건 성립 시 Reset
1991:1095 SCoil Allarm.MAX_MAX_TC09 <- ((ON AND [Data.TC_09 > Data.TC09_MAX_MAX]) OR (ON AND [Data.TC_09 > 200]) OR (ON AND [Data.TC_09 < -60])) / 조건 성립 시 Set
1991:1100 RCoil Allarm.MAX_MAX_TC09 <- ((ON AND Flag.RESET_ALLARM) AND Allarm.MAX_MAX_TC09) / 조건 성립 시 Reset",,,,,"1856:150, 1857:182, 1858:232, 1903:2004, 1903:2012, 1931:66, 1965:1010, 1991:1060, 1991:1076, 1991:1078, 1991:1095, 1991:1100",1991:1100,171,"1733, 1856, 1857, 1858, 1903, 1931, 1965, 1991","BASELINE, POWER, VOLTAGE, ADDRESS, SOURCE-XML",TIA 호출 조건·주기·중복 쓰기 순서와 전원 재시작 동작 확인; 현재 PLC 프로그램·현장 설치·단자·정상 극성 및 실제 설정값 대조; 시험 기대 결과 확정과 실행 증거 수집; 직접 HMI 설정 미식별: 표시용 가공 태그·상위 화면 여부 확인; 자동·수동 모드 전환 및 우선순위 미확정; 전용 타이머 또는 무지연 동작 여부 미확정; 상태 전환 순서 또는 단일 동작·수동 장치 여부 미확정; 정적 조건에 미해석 참조·호출·타이머 출력 등이 있음,자료 연결 완료 · 동작 확정 검토 중
TC10,온도 계측,계측,,예비·운영 상태 확인,tc-10 (%IW390),,,,,,,,,,,171,1734,"BASELINE, POWER, VOLTAGE, ADDRESS, SOURCE-XML",TIA 호출 조건·주기·중복 쓰기 순서와 전원 재시작 동작 확인; 현재 PLC 프로그램·현장 설치·단자·정상 극성 및 실제 설정값 대조; 시험 기대 결과 확정과 실행 증거 수집; 직접 HMI 설정 미식별: 표시용 가공 태그·상위 화면 여부 확인; 자동·수동 모드 전환 및 우선순위 미확정; 전용 타이머 또는 무지연 동작 여부 미확정; 상태 전환 순서 또는 단일 동작·수동 장치 여부 미확정,자료 연결 완료 · 동작 확정 검토 중
TC11,온도 계측,계측,,P&ID 로컬 계측,,,,,,,,,,,,,,"BASELINE, POWER, VOLTAGE, ADDRESS, SOURCE-XML",TIA 호출 조건·주기·중복 쓰기 순서와 전원 재시작 동작 확인; 현재 PLC 프로그램·현장 설치·단자·정상 극성 및 실제 설정값 대조; 시험 기대 결과 확정과 실행 증거 수집; 직접 I/O 미식별: 상위 장치·로컬 계측·공통 기능 여부 확인; 직접 HMI 설정 미식별: 표시용 가공 태그·상위 화면 여부 확인; 직접 LAD 미식별: 실물/예비 상태 또는 상위 제어 연결 확인; 자동·수동 모드 전환 및 우선순위 미확정; 전용 타이머 또는 무지연 동작 여부 미확정; 상태 전환 순서 또는 단일 동작·수동 장치 여부 미확정,자료 연결 완료 · 동작 확정 검토 중
RO01,산소 분석 채널,계측,,자료에서 확인,r001 (%IW352),,ro01 close (%M40.1); ro01 open (%M40.0); ro01_close (%M41.3); ro01_open (%M41.2); ro01-ro02control disable (%M80.1),"I_RO_01 (DB13,INT68)","1071:146 Move Inputs.RO_01 <- Move UID 145.eno (블록 동작 확인) / Move 입력 R001
1983:32 Move Data.RO01_MAX_SETPOINT <- [Data.RO01_MAX_SETPOINT > 100] / Move 입력 100
1985:690 SCoil Allarm.RO01_Signal_Fault <- (((((ON AND NOT [RO01-RO02control disable]) AND [Manage_TC1_2.PID_Ref_Temp > 650.0]) AND [app01 < -20]) OR (((ON AND NOT [RO01-RO02control disable]) AND [Manage_TC1_2.PID_Ref_Temp > 650.0]) AND [app01 > 20])) AND Tag_107) / 조건 성립 시 Set
1985:695 RCoil Allarm.RO01_Signal_Fault <- ((ON AND Flag.RESET_ALLARM) AND Allarm.RO01_Signal_Fault) / 조건 성립 시 Reset","1708:535, 1708:542, 1708:561, 1708:576",,,"1984:599 SdCoil Tag_106 <- ((OFF AND [Manage_TC1_2.PID_Ref_Temp > 650.0]) AND [Data.Oxigen_RO01 <= 5]) / 시간 동작 SdCoil; 타이머 의미 추가 확인 / 시간 인자 S5T#1M
1985:685 SdCoil Tag_107 <- ((((ON AND NOT [RO01-RO02control disable]) AND [Manage_TC1_2.PID_Ref_Temp > 650.0]) AND [app01 < -20]) OR (((ON AND NOT [RO01-RO02control disable]) AND [Manage_TC1_2.PID_Ref_Temp > 650.0]) AND [app01 > 20])) / 시간 동작 SdCoil; 타이머 의미 추가 확인 / 시간 인자 S5T#1M","1708:561, 1708:576, 1858:232, 1982:490, 1982:501, 1982:503, 1983:628, 1983:632, 1983:633, 1984:604, 1984:616, 1985:690, 1985:695","1868:1669, 1868:1306, 1984:616, 1985:695",80,"1071, 1708, 1748, 1858, 1868, 1982, 1983, 1984, 1985, 5","BASELINE, POWER, VOLTAGE, ADDRESS, SOURCE-XML",TIA 호출 조건·주기·중복 쓰기 순서와 전원 재시작 동작 확인; 현재 PLC 프로그램·현장 설치·단자·정상 극성 및 실제 설정값 대조; 시험 기대 결과 확정과 실행 증거 수집; 상태 전환 순서 또는 단일 동작·수동 장치 여부 미확정; 정적 조건에 미해석 참조·호출·타이머 출력 등이 있음,자료 연결 완료 · 동작 확정 검토 중
RO02,산소 분석 채널,계측,,자료에서 확인,r002 (%IW354),,,"I_RO_02 (DB13,INT70)",1071:147 Move Inputs.RO_02 <- Move UID 146.eno (블록 동작 확인) / Move 입력 R002,,,,1985:685 SdCoil Tag_107 <- ((((ON AND NOT [RO01-RO02control disable]) AND [Manage_TC1_2.PID_Ref_Temp > 650.0]) AND [app01 < -20]) OR (((ON AND NOT [RO01-RO02control disable]) AND [Manage_TC1_2.PID_Ref_Temp > 650.0]) AND [app01 > 20])) / 시간 동작 SdCoil; 타이머 의미 추가 확인 / 시간 인자 S5T#1M,"1985:690, 1985:695",1985:695,80,"1071, 1749, 1750, 1985","BASELINE, POWER, VOLTAGE, ADDRESS, RO03, SOURCE-XML",TIA 호출 조건·주기·중복 쓰기 순서와 전원 재시작 동작 확인; 현재 PLC 프로그램·현장 설치·단자·정상 극성 및 실제 설정값 대조; 시험 기대 결과 확정과 실행 증거 수집; 자동·수동 모드 전환 및 우선순위 미확정; 상태 전환 순서 또는 단일 동작·수동 장치 여부 미확정; 정적 조건에 미해석 참조·호출·타이머 출력 등이 있음,자료 연결 완료 · 동작 확정 검토 중
RO03,산소 분석 채널,계측,,자료에서 확인,r003 (%IW356),,,"I_RO_03 (DB13,INT72)","1071:168 Move Inputs.RO_03 <- POWER / Move 입력 R003
1995:41 SCoil Allarm.RO03_Min <- LRef UID 31.Q (블록 동작 확인) / 조건 성립 시 Set
1995:70 SCoil Allarm.RO03_Max <- LRef UID 68.Q (블록 동작 확인) / 조건 성립 시 Set
1995:114 RCoil Allarm.RO03_Min <- (Flag.RESET_ALLARM AND Allarm.RO03_Min) / 조건 성립 시 Reset
1995:116 RCoil Allarm.RO03_Max <- (Flag.RESET_ALLARM AND Allarm.RO03_Max) / 조건 성립 시 Reset",,,,,"1995:41, 1995:70, 1995:114, 1995:116","1995:114, 1995:116",81,"1071, 1750, 1995","BASELINE, POWER, VOLTAGE, ADDRESS, RO03, SOURCE-XML",TIA 호출 조건·주기·중복 쓰기 순서와 전원 재시작 동작 확인; 현재 PLC 프로그램·현장 설치·단자·정상 극성 및 실제 설정값 대조; 시험 기대 결과 확정과 실행 증거 수집; 자동·수동 모드 전환 및 우선순위 미확정; 전용 타이머 또는 무지연 동작 여부 미확정; 상태 전환 순서 또는 단일 동작·수동 장치 여부 미확정; 정적 조건에 미해석 참조·호출·타이머 출력 등이 있음,자료 연결 완료 · 동작 확정 검토 중
RO04,산소 분석 채널,계측,,자료에서 확인,r004 (%IW358),,,"I_RO_04 (DB13,INT74)",1071:169 Move Inputs.RO_04 <- Move UID 168.eno (블록 동작 확인) / Move 입력 R004,,,,,,,81,"1071, 1751","BASELINE, POWER, VOLTAGE, ADDRESS, SOURCE-XML",TIA 호출 조건·주기·중복 쓰기 순서와 전원 재시작 동작 확인; 현재 PLC 프로그램·현장 설치·단자·정상 극성 및 실제 설정값 대조; 시험 기대 결과 확정과 실행 증거 수집; 자동·수동 모드 전환 및 우선순위 미확정; 전용 타이머 또는 무지연 동작 여부 미확정; 상태 전환 순서 또는 단일 동작·수동 장치 여부 미확정; 정적 조건에 미해석 참조·호출·타이머 출력 등이 있음,자료 연결 완료 · 동작 확정 검토 중
PSH01,압력 측정 채널,계측,,자료에서 확인,psh01 (%IW284),,,"Editor_PSH01 (DB26,INT16); I_PSH_01 (DB13,INT48)",1071:96 Move Inputs.PSH_01 <- POWER / Move 입력 PSH01,"1704:203, 1704:210, 1704:227, 1704:240",,,,"1704:227, 1704:240",,75,"1071, 1704, 1745","BASELINE, POWER, VOLTAGE, ADDRESS, SOURCE-XML",TIA 호출 조건·주기·중복 쓰기 순서와 전원 재시작 동작 확인; 현재 PLC 프로그램·현장 설치·단자·정상 극성 및 실제 설정값 대조; 시험 기대 결과 확정과 실행 증거 수집; 전용 타이머 또는 무지연 동작 여부 미확정; 상태 전환 순서 또는 단일 동작·수동 장치 여부 미확정; 정적 조건에 미해석 참조·호출·타이머 출력 등이 있음,자료 연결 완료 · 동작 확정 검토 중
PSH02,압력 측정 채널,계측,,자료에서 확인,psh02 (%IW286),,,"Editor_PSH02 (DB26,INT18); I_PSH_02 (DB13,INT50)","1071:97 Move Inputs.PSH_02 <- Move UID 96.eno (블록 동작 확인) / Move 입력 PSH02
1989:919 SCoil Allarm.MAX_PSH_02 <- ((ON AND [Data.PSH_02 >= Data.PSH02_MAX_SETPOINT]) AND Tag_111) / 조건 성립 시 Set
1989:936 RCoil Allarm.MAX_PSH_02 <- ((ON AND Allarm.MAX_PSH_02) AND [Data.PSH_02 < app06]) / 조건 성립 시 Reset","1711:794, 1711:801, 1711:821, 1711:837",,,"1709:605 SdCoil Tag_150 <- ((ON AND [Data.PSH02_SETPOINT != 0]) AND NOT [Tag_149]) / 시간 동작 SdCoil; 타이머 의미 추가 확인 / 시간 인자 S5T#300MS
1709:610 SdCoil Tag_149 <- ((ON AND [Data.PSH02_SETPOINT != 0]) AND Tag_150) / 시간 동작 SdCoil; 타이머 의미 추가 확인 / 시간 인자 S5T#4S
1989:914 SdCoil Tag_111 <- (ON AND [Data.PSH_02 >= Data.PSH02_MAX_SETPOINT]) / 시간 동작 SdCoil; 타이머 의미 추가 확인 / 시간 인자 S5T#3M","1711:821, 1711:837, 1989:919, 1989:936, 1989:938",,75,"1071, 1709, 1710, 1711, 1746, 1989","BASELINE, POWER, VOLTAGE, ADDRESS, SOURCE-XML",TIA 호출 조건·주기·중복 쓰기 순서와 전원 재시작 동작 확인; 현재 PLC 프로그램·현장 설치·단자·정상 극성 및 실제 설정값 대조; 시험 기대 결과 확정과 실행 증거 수집; 상태 전환 순서 또는 단일 동작·수동 장치 여부 미확정; 정적 조건에 미해석 참조·호출·타이머 출력 등이 있음,자료 연결 완료 · 동작 확정 검토 중
PSH03,압력 측정 채널,계측,,자료에서 확인,psh03 (%IW320),,,"I_PSH_03 (DB13,INT52)",1071:98 Move Inputs.PSH_03 <- Move UID 97.eno (블록 동작 확인) / Move 입력 PSH03,"1706:362, 1706:369, 1706:390, 1706:407",,,"1705:263 SdCoil Tag_148 <- (ON AND NOT [Tag_147]) / 시간 동작 SdCoil; 타이머 의미 추가 확인 / 시간 인자 S5T#4S
1705:268 SdCoil Tag_147 <- (ON AND Tag_148) / 시간 동작 SdCoil; 타이머 의미 추가 확인 / 시간 인자 S5T#10S","1706:390, 1706:407","1706:46, 1706:390, 1706:407",75,"1071, 1705, 1706, 1747","BASELINE, POWER, VOLTAGE, ADDRESS, SOURCE-XML",TIA 호출 조건·주기·중복 쓰기 순서와 전원 재시작 동작 확인; 현재 PLC 프로그램·현장 설치·단자·정상 극성 및 실제 설정값 대조; 시험 기대 결과 확정과 실행 증거 수집; 상태 전환 순서 또는 단일 동작·수동 장치 여부 미확정; 정적 조건에 미해석 참조·호출·타이머 출력 등이 있음,자료 연결 완료 · 동작 확정 검토 중
PC01,집진 흡인 압력,계측,,자료에서 확인,pc01 (%IW322),,pc01 close (%M40.2); pc01 open (%M40.3),"I_PC_01 (DB13,INT54)",1071:99 Move Inputs.PC_01 <- Move UID 98.eno (블록 동작 확인) / Move 입력 PC01,,,,1987:809 SdCoil Tag_109 <- ((((ON AND Inputs.FN01 Run) AND Inputs.FN04 Run) AND [Data.PC_01 > -10]) OR (((ON AND Inputs.FN01 Run) AND Inputs.FN04 Run) AND [Data.PC_01 > Data.Min_Pressure_PC_01]) OR (((ON AND Inputs.FN01 Run) AND Inputs.FN04 Run) AND [Data.PC_01 < -800])) / 시간 동작 SdCoil; 타이머 의미 추가 확인 / 시간 인자 S5T#30S,"1987:814, 1987:819",1987:819,76,"1071, 1745, 1775, 1901, 1987, 7","BASELINE, POWER, VOLTAGE, ADDRESS, FN04, SOURCE-XML",TIA 호출 조건·주기·중복 쓰기 순서와 전원 재시작 동작 확인; 현재 PLC 프로그램·현장 설치·단자·정상 극성 및 실제 설정값 대조; 시험 기대 결과 확정과 실행 증거 수집; 자동·수동 모드 전환 및 우선순위 미확정; 상태 전환 순서 또는 단일 동작·수동 장치 여부 미확정; 정적 조건에 미해석 참조·호출·타이머 출력 등이 있음,자료 연결 완료 · 동작 확정 검토 중
PC02,소프트웨어 압력 루프 명칭,계측,,소프트웨어 명칭·물리 태그 확인,,,pc02 close (%M40.4); pc02 open (%M40.5),,,,,,,,,,15,"BASELINE, POWER, VOLTAGE, ADDRESS, SOURCE-XML",TIA 호출 조건·주기·중복 쓰기 순서와 전원 재시작 동작 확인; 현재 PLC 프로그램·현장 설치·단자·정상 극성 및 실제 설정값 대조; 시험 기대 결과 확정과 실행 증거 수집; 직접 HMI 설정 미식별: 표시용 가공 태그·상위 화면 여부 확인; 자동·수동 모드 전환 및 우선순위 미확정; 전용 타이머 또는 무지연 동작 여부 미확정; 상태 전환 순서 또는 단일 동작·수동 장치 여부 미확정,자료 연결 완료 · 동작 확정 검토 중
DP01,백 필터 차압,계측,,자료에서 확인,pr_bf01 (%IW398),,,,,1901:1970,,"1883:216 Move Data.LAVA_PAUSA <- ((OFF AND [Data.Ev_filter_on < 51]) AND [Data.DP_01 < Coeff.DP_01_SOGLIA_1]) / Move 입력 Coeff.DP_01_PAUSA_SOGLIA_1
1883:231 Move Data.LAVA_PAUSA <- (((OFF AND [Data.Ev_filter_on < 51]) AND [Data.DP_01 >= Coeff.DP_01_SOGLIA_1]) AND [Data.DP_01 < Coeff.DP_01_SOGLIA_2]) / Move 입력 Coeff.DP_01_PAUSA_SOGLIA_2
1883:246 Move Data.LAVA_PAUSA <- (((OFF AND [Data.Ev_filter_on < 51]) AND [Data.DP_01 >= Coeff.DP_01_SOGLIA_2]) AND [Data.DP_01 < Coeff.DP_01_SOGLIA_3]) / Move 입력 Coeff.DP_01_PAUSA_SOGLIA_3
1883:261 Move Data.LAVA_PAUSA <- (((OFF AND [Data.Ev_filter_on < 51]) AND [Data.DP_01 >= Coeff.DP_01_SOGLIA_3]) AND [Data.DP_01 < Coeff.DP_01_SOGLIA_4]) / Move 입력 Coeff.DP_01_PAUSA_SOGLIA_4
1883:273 Move Data.LAVA_PAUSA <- ((OFF AND [Data.Ev_filter_on < 51]) AND [Data.DP_01 >= Coeff.DP_01_SOGLIA_4]) / Move 입력 Coeff.DP_01_PAUSA_SOGLIA_5",1901:1970 SdCoil Tag_133 <- (Flag.FN_04_AUTO AND NOT [Tag_133]) / 시간 동작 SdCoil; 타이머 의미 추가 확인 / 시간 인자 S5T#4S,"1992:1141, 1992:1152",1992:1152,169,"1773, 1882, 1883, 1886, 1887, 1901, 1992","BASELINE, POWER, VOLTAGE, ADDRESS, BF02-DP, SOURCE-XML",TIA 호출 조건·주기·중복 쓰기 순서와 전원 재시작 동작 확인; 현재 PLC 프로그램·현장 설치·단자·정상 극성 및 실제 설정값 대조; 시험 기대 결과 확정과 실행 증거 수집; 직접 HMI 설정 미식별: 표시용 가공 태그·상위 화면 여부 확인; 정적 조건에 미해석 참조·호출·타이머 출력 등이 있음,자료 연결 완료 · 동작 확정 검토 중
DP02,백 필터 차압,계측,,자료에서 확인,pr_br02 (%IW400),,,,,,,,,"1992:1141, 1992:1152",1992:1152,169,"1774, 1884, 1886, 1992","BASELINE, POWER, VOLTAGE, ADDRESS, BF02-DP, SOURCE-XML",TIA 호출 조건·주기·중복 쓰기 순서와 전원 재시작 동작 확인; 현재 PLC 프로그램·현장 설치·단자·정상 극성 및 실제 설정값 대조; 시험 기대 결과 확정과 실행 증거 수집; 직접 HMI 설정 미식별: 표시용 가공 태그·상위 화면 여부 확인; 자동·수동 모드 전환 및 우선순위 미확정; 전용 타이머 또는 무지연 동작 여부 미확정; 상태 전환 순서 또는 단일 동작·수동 장치 여부 미확정; 정적 조건에 미해석 참조·호출·타이머 출력 등이 있음,자료 연결 완료 · 동작 확정 검토 중
ZT01,FN01 진동 계측,계측,,SPARE·활성 조건 확인,zt01 (%IW282),,,"I_ZT_01 (DB13,INT46)","1071:75 Move Inputs.ZT_01 <- Move UID 74.eno (블록 동작 확인) / Move 입력 ZT01
1988:862 SCoil Allarm.ZT01_FN01_Vibration <- (((OFF AND [Data.ZT_01 > 400]) OR (OFF AND [Data.ZT_01 < -800])) AND Tag_110) / 조건 성립 시 Set
1988:869 RCoil Allarm.ZT01_FN01_Vibration <- ((OFF AND Allarm.ZT01_FN01_Vibration) AND [Data.ZT_01 < 380]) / 조건 성립 시 Reset",,,,1988:857 SdCoil Tag_110 <- ((OFF AND [Data.ZT_01 > 400]) OR (OFF AND [Data.ZT_01 < -800])) / 시간 동작 SdCoil; 타이머 의미 추가 확인 / 시간 인자 S5T#10S,"1950:653, 1950:656, 1950:661, 1988:862, 1988:869",,82,"1071, 1744, 1950, 1988","BASELINE, POWER, VOLTAGE, ADDRESS, SOURCE-XML",TIA 호출 조건·주기·중복 쓰기 순서와 전원 재시작 동작 확인; 현재 PLC 프로그램·현장 설치·단자·정상 극성 및 실제 설정값 대조; 시험 기대 결과 확정과 실행 증거 수집; 자동·수동 모드 전환 및 우선순위 미확정; 상태 전환 순서 또는 단일 동작·수동 장치 여부 미확정; 정적 조건에 미해석 참조·호출·타이머 출력 등이 있음,자료 연결 완료 · 동작 확정 검토 중
ZT02,P&ID 밸브 위치 계측,계측,MV01,P&ID·현재 엔코더 동일성 확인,,,,,,,,,,,,,,"BASELINE, POWER, VOLTAGE, ADDRESS, SOURCE-XML, PID-TM",TIA 호출 조건·주기·중복 쓰기 순서와 전원 재시작 동작 확인; 현재 PLC 프로그램·현장 설치·단자·정상 극성 및 실제 설정값 대조; 시험 기대 결과 확정과 실행 증거 수집; 직접 I/O 미식별: 상위 장치·로컬 계측·공통 기능 여부 확인; 직접 HMI 설정 미식별: 표시용 가공 태그·상위 화면 여부 확인; 직접 LAD 미식별: 실물/예비 상태 또는 상위 제어 연결 확인; 자동·수동 모드 전환 및 우선순위 미확정; 전용 타이머 또는 무지연 동작 여부 미확정; 상태 전환 순서 또는 단일 동작·수동 장치 여부 미확정,자료 연결 완료 · 동작 확정 검토 중
ZT03,P&ID 밸브 위치 계측,계측,MV02,P&ID·현재 엔코더 동일성 확인,,,,,,,,,,,,,,"BASELINE, POWER, VOLTAGE, ADDRESS, SOURCE-XML, PID-TM",TIA 호출 조건·주기·중복 쓰기 순서와 전원 재시작 동작 확인; 현재 PLC 프로그램·현장 설치·단자·정상 극성 및 실제 설정값 대조; 시험 기대 결과 확정과 실행 증거 수집; 직접 I/O 미식별: 상위 장치·로컬 계측·공통 기능 여부 확인; 직접 HMI 설정 미식별: 표시용 가공 태그·상위 화면 여부 확인; 직접 LAD 미식별: 실물/예비 상태 또는 상위 제어 연결 확인; 자동·수동 모드 전환 및 우선순위 미확정; 전용 타이머 또는 무지연 동작 여부 미확정; 상태 전환 순서 또는 단일 동작·수동 장치 여부 미확정,자료 연결 완료 · 동작 확정 검토 중
ZT04,P&ID 밸브 위치 계측,계측,MV03,P&ID·현재 엔코더 동일성 확인,,,,,,,,,,,,,,"BASELINE, POWER, VOLTAGE, ADDRESS, SOURCE-XML, PID-TM",TIA 호출 조건·주기·중복 쓰기 순서와 전원 재시작 동작 확인; 현재 PLC 프로그램·현장 설치·단자·정상 극성 및 실제 설정값 대조; 시험 기대 결과 확정과 실행 증거 수집; 직접 I/O 미식별: 상위 장치·로컬 계측·공통 기능 여부 확인; 직접 HMI 설정 미식별: 표시용 가공 태그·상위 화면 여부 확인; 직접 LAD 미식별: 실물/예비 상태 또는 상위 제어 연결 확인; 자동·수동 모드 전환 및 우선순위 미확정; 전용 타이머 또는 무지연 동작 여부 미확정; 상태 전환 순서 또는 단일 동작·수동 장치 여부 미확정,자료 연결 완료 · 동작 확정 검토 중
ZT05,P&ID 밸브 위치 계측,계측,MV05,P&ID·현재 엔코더 동일성 확인,,,,,,,,,,,,,,"BASELINE, POWER, VOLTAGE, ADDRESS, SOURCE-XML, PID-TM",TIA 호출 조건·주기·중복 쓰기 순서와 전원 재시작 동작 확인; 현재 PLC 프로그램·현장 설치·단자·정상 극성 및 실제 설정값 대조; 시험 기대 결과 확정과 실행 증거 수집; 직접 I/O 미식별: 상위 장치·로컬 계측·공통 기능 여부 확인; 직접 HMI 설정 미식별: 표시용 가공 태그·상위 화면 여부 확인; 직접 LAD 미식별: 실물/예비 상태 또는 상위 제어 연결 확인; 자동·수동 모드 전환 및 우선순위 미확정; 전용 타이머 또는 무지연 동작 여부 미확정; 상태 전환 순서 또는 단일 동작·수동 장치 여부 미확정,자료 연결 완료 · 동작 확정 검토 중
ZT06,P&ID 밸브 위치 계측,계측,MV06,P&ID·현재 엔코더 동일성 확인,,,,,,,,,,,,,,"BASELINE, POWER, VOLTAGE, ADDRESS, SOURCE-XML, PID-TM",TIA 호출 조건·주기·중복 쓰기 순서와 전원 재시작 동작 확인; 현재 PLC 프로그램·현장 설치·단자·정상 극성 및 실제 설정값 대조; 시험 기대 결과 확정과 실행 증거 수집; 직접 I/O 미식별: 상위 장치·로컬 계측·공통 기능 여부 확인; 직접 HMI 설정 미식별: 표시용 가공 태그·상위 화면 여부 확인; 직접 LAD 미식별: 실물/예비 상태 또는 상위 제어 연결 확인; 자동·수동 모드 전환 및 우선순위 미확정; 전용 타이머 또는 무지연 동작 여부 미확정; 상태 전환 순서 또는 단일 동작·수동 장치 여부 미확정,자료 연결 완료 · 동작 확정 검토 중
LT01,석회 사일로 레벨,계측,LD01,자료에서 확인,ll_ld01 (%I28.5),,,,,,,,,"1228:282, 1228:288",1228:288,170,"1070, 1228","BASELINE, POWER, VOLTAGE, ADDRESS, SOURCE-XML",TIA 호출 조건·주기·중복 쓰기 순서와 전원 재시작 동작 확인; 현재 PLC 프로그램·현장 설치·단자·정상 극성 및 실제 설정값 대조; 시험 기대 결과 확정과 실행 증거 수집; 직접 HMI 설정 미식별: 표시용 가공 태그·상위 화면 여부 확인; 자동·수동 모드 전환 및 우선순위 미확정; 전용 타이머 또는 무지연 동작 여부 미확정; 상태 전환 순서 또는 단일 동작·수동 장치 여부 미확정,자료 연결 완료 · 동작 확정 검토 중
SS01,이송 장치 감시 스위치,계측,BC01,자료에서 확인,bc01_tripwire (%I6.2); bc01_prox (%I6.3),,,,,,,,,,,"18, 19",,"BASELINE, POWER, VOLTAGE, ADDRESS, SOURCE-XML",TIA 호출 조건·주기·중복 쓰기 순서와 전원 재시작 동작 확인; 현재 PLC 프로그램·현장 설치·단자·정상 극성 및 실제 설정값 대조; 시험 기대 결과 확정과 실행 증거 수집; 직접 HMI 설정 미식별: 표시용 가공 태그·상위 화면 여부 확인; 직접 LAD 미식별: 실물/예비 상태 또는 상위 제어 연결 확인; 자동·수동 모드 전환 및 우선순위 미확정; 전용 타이머 또는 무지연 동작 여부 미확정; 상태 전환 순서 또는 단일 동작·수동 장치 여부 미확정,자료 연결 완료 · 동작 확정 검토 중
SS09,이송 장치 감시 스위치,계측,MC03,자료에서 확인,mc03_torque (%I6.4),,,,,,,,,,,23,,"BASELINE, POWER, VOLTAGE, ADDRESS, SOURCE-XML",TIA 호출 조건·주기·중복 쓰기 순서와 전원 재시작 동작 확인; 현재 PLC 프로그램·현장 설치·단자·정상 극성 및 실제 설정값 대조; 시험 기대 결과 확정과 실행 증거 수집; 직접 HMI 설정 미식별: 표시용 가공 태그·상위 화면 여부 확인; 직접 LAD 미식별: 실물/예비 상태 또는 상위 제어 연결 확인; 자동·수동 모드 전환 및 우선순위 미확정; 전용 타이머 또는 무지연 동작 여부 미확정; 상태 전환 순서 또는 단일 동작·수동 장치 여부 미확정,자료 연결 완료 · 동작 확정 검토 중
SS10,이송 장치 감시 스위치,계측,MC04,자료에서 확인,mc04_torque (%I6.5),,,,,,,,,,,"24, 25",,"BASELINE, POWER, VOLTAGE, ADDRESS, SOURCE-XML",TIA 호출 조건·주기·중복 쓰기 순서와 전원 재시작 동작 확인; 현재 PLC 프로그램·현장 설치·단자·정상 극성 및 실제 설정값 대조; 시험 기대 결과 확정과 실행 증거 수집; 직접 HMI 설정 미식별: 표시용 가공 태그·상위 화면 여부 확인; 직접 LAD 미식별: 실물/예비 상태 또는 상위 제어 연결 확인; 자동·수동 모드 전환 및 우선순위 미확정; 전용 타이머 또는 무지연 동작 여부 미확정; 상태 전환 순서 또는 단일 동작·수동 장치 여부 미확정,자료 연결 완료 · 동작 확정 검토 중
SS11,이송 장치 감시 스위치,계측,MC05,자료에서 확인,mc05_torque (%I6.6),,,,,,,,,,,26,,"BASELINE, POWER, VOLTAGE, ADDRESS, SOURCE-XML",TIA 호출 조건·주기·중복 쓰기 순서와 전원 재시작 동작 확인; 현재 PLC 프로그램·현장 설치·단자·정상 극성 및 실제 설정값 대조; 시험 기대 결과 확정과 실행 증거 수집; 직접 HMI 설정 미식별: 표시용 가공 태그·상위 화면 여부 확인; 직접 LAD 미식별: 실물/예비 상태 또는 상위 제어 연결 확인; 자동·수동 모드 전환 및 우선순위 미확정; 전용 타이머 또는 무지연 동작 여부 미확정; 상태 전환 순서 또는 단일 동작·수동 장치 여부 미확정,자료 연결 완료 · 동작 확정 검토 중
PSL05,압축공기 저압 스위치,계측,,자료에서 확인,low pressure air (%I11.0),,,,,,,,,"1227:262, 1227:268",1227:268,76,"1080, 1227","BASELINE, POWER, VOLTAGE, ADDRESS, SOURCE-XML",TIA 호출 조건·주기·중복 쓰기 순서와 전원 재시작 동작 확인; 현재 PLC 프로그램·현장 설치·단자·정상 극성 및 실제 설정값 대조; 시험 기대 결과 확정과 실행 증거 수집; 직접 HMI 설정 미식별: 표시용 가공 태그·상위 화면 여부 확인; 자동·수동 모드 전환 및 우선순위 미확정; 전용 타이머 또는 무지연 동작 여부 미확정; 상태 전환 순서 또는 단일 동작·수동 장치 여부 미확정,자료 연결 완료 · 동작 확정 검토 중
EV01,공압 솔레노이드,하위 구성품,PV01,자료에서 확인,ev01_open (%I8.6); ev01_close (%I8.7); ev01_sel_open (%I9.2),pv-01 gate a (%Q5.2),,,,,,,,,,69,"1914, 1921","BASELINE, POWER, VOLTAGE, ADDRESS, SOURCE-XML",TIA 호출 조건·주기·중복 쓰기 순서와 전원 재시작 동작 확인; 현재 PLC 프로그램·현장 설치·단자·정상 극성 및 실제 설정값 대조; 시험 기대 결과 확정과 실행 증거 수집; 직접 HMI 설정 미식별: 표시용 가공 태그·상위 화면 여부 확인; 자동·수동 모드 전환 및 우선순위 미확정; 전용 타이머 또는 무지연 동작 여부 미확정; 상태 전환 순서 또는 단일 동작·수동 장치 여부 미확정,자료 연결 완료 · 동작 확정 검토 중
EV02,공압 솔레노이드,하위 구성품,PV01,자료에서 확인,ev02_open (%I9.0); ev02_close (%I9.1); ev02_sel_open (%I9.3),pv-01 gate b ev (%Q5.3),,,1915:377 Coil PV-01 GATE B EV <- ((ON AND Open EV B 00  PV-01) OR (ON AND Open EV B 01  PV-01) OR (ON AND maintenance PV01) OR (ON AND OFF)) / 조건에 따른 Coil 기록,"1915:377, 1915:384",,,,,,69,"1914, 1915, 1922","BASELINE, POWER, VOLTAGE, ADDRESS, SOURCE-XML",TIA 호출 조건·주기·중복 쓰기 순서와 전원 재시작 동작 확인; 현재 PLC 프로그램·현장 설치·단자·정상 극성 및 실제 설정값 대조; 시험 기대 결과 확정과 실행 증거 수집; 직접 HMI 설정 미식별: 표시용 가공 태그·상위 화면 여부 확인; 전용 타이머 또는 무지연 동작 여부 미확정; 상태 전환 순서 또는 단일 동작·수동 장치 여부 미확정,자료 연결 완료 · 동작 확정 검토 중
EV03,드럼 윤활 솔레노이드,하위 구성품,RD01,자료에서 확인,,ev03 (%Q5.1),,"EV_03\LS_Close (DB11,X86.1); EV_03\LS_Open (DB11,X86.0)",1938:268 Coil EV03 <- (((ON AND Start RD01) AND NOT [Tag_116]) AND ON) / 조건에 따른 Coil 기록,,,,"1938:257 SdCoil Tag_116 <- ((ON AND Start RD01) AND NOT [Tag_115]) / 시간 동작 SdCoil; 타이머 의미 추가 확인 / 시간 인자 Data.EVFR01_Work_time
1938:262 SdCoil Tag_115 <- ((ON AND Start RD01) AND Tag_116) / 시간 동작 SdCoil; 타이머 의미 추가 확인 / 시간 인자 Data.EVFR01_Wait_time",,,20,"1220, 1937, 1938","BASELINE, POWER, VOLTAGE, ADDRESS, SOURCE-XML",TIA 호출 조건·주기·중복 쓰기 순서와 전원 재시작 동작 확인; 현재 PLC 프로그램·현장 설치·단자·정상 극성 및 실제 설정값 대조; 시험 기대 결과 확정과 실행 증거 수집; 자동·수동 모드 전환 및 우선순위 미확정; 상태 전환 순서 또는 단일 동작·수동 장치 여부 미확정,자료 연결 완료 · 동작 확정 검토 중
EV04,공압 솔레노이드,하위 구성품,PV02,자료에서 확인,ev04_close (%I9.5); ev04_open (%I9.4),pv-02 gate a ev (%Q5.4),,,,,,,,,,71,1923,"BASELINE, POWER, VOLTAGE, ADDRESS, SOURCE-XML",TIA 호출 조건·주기·중복 쓰기 순서와 전원 재시작 동작 확인; 현재 PLC 프로그램·현장 설치·단자·정상 극성 및 실제 설정값 대조; 시험 기대 결과 확정과 실행 증거 수집; 직접 HMI 설정 미식별: 표시용 가공 태그·상위 화면 여부 확인; 자동·수동 모드 전환 및 우선순위 미확정; 전용 타이머 또는 무지연 동작 여부 미확정; 상태 전환 순서 또는 단일 동작·수동 장치 여부 미확정,자료 연결 완료 · 동작 확정 검토 중
EV05,공압 솔레노이드,하위 구성품,PV02,자료에서 확인,ev05_close (%I9.7); ev05_open (%I9.6),pv-02 gate b ev (%Q5.5),,,1920:717 Coil PV-02 GATE B EV <- ((ON AND Open EV B 00  PV-02) OR (ON AND Open EV B 01  PV-02) OR (ON AND maintenance PV02)) / 조건에 따른 Coil 기록,"1920:717, 1920:724",,,,,,71,"1920, 1924","BASELINE, POWER, VOLTAGE, ADDRESS, SOURCE-XML",TIA 호출 조건·주기·중복 쓰기 순서와 전원 재시작 동작 확인; 현재 PLC 프로그램·현장 설치·단자·정상 극성 및 실제 설정값 대조; 시험 기대 결과 확정과 실행 증거 수집; 직접 HMI 설정 미식별: 표시용 가공 태그·상위 화면 여부 확인; 전용 타이머 또는 무지연 동작 여부 미확정; 상태 전환 순서 또는 단일 동작·수동 장치 여부 미확정,자료 연결 완료 · 동작 확정 검토 중
EV06,공압 솔레노이드,하위 구성품,PV03,자료에서 확인,,pv-03 gate ev (%Q5.6),,,,,,,,,,73,,"BASELINE, POWER, VOLTAGE, ADDRESS, SOURCE-XML",TIA 호출 조건·주기·중복 쓰기 순서와 전원 재시작 동작 확인; 현재 PLC 프로그램·현장 설치·단자·정상 극성 및 실제 설정값 대조; 시험 기대 결과 확정과 실행 증거 수집; 직접 HMI 설정 미식별: 표시용 가공 태그·상위 화면 여부 확인; 직접 LAD 미식별: 실물/예비 상태 또는 상위 제어 연결 확인; 자동·수동 모드 전환 및 우선순위 미확정; 전용 타이머 또는 무지연 동작 여부 미확정; 상태 전환 순서 또는 단일 동작·수동 장치 여부 미확정,자료 연결 완료 · 동작 확정 검토 중
EV07,공압 솔레노이드,하위 구성품,PV04,자료에서 확인,,pv-04 (%Q5.7),,,,,,,,,,74,,"BASELINE, POWER, VOLTAGE, ADDRESS, MC05-SC12-PV04, SOURCE-XML",TIA 호출 조건·주기·중복 쓰기 순서와 전원 재시작 동작 확인; 현재 PLC 프로그램·현장 설치·단자·정상 극성 및 실제 설정값 대조; 시험 기대 결과 확정과 실행 증거 수집; 직접 HMI 설정 미식별: 표시용 가공 태그·상위 화면 여부 확인; 직접 LAD 미식별: 실물/예비 상태 또는 상위 제어 연결 확인; 자동·수동 모드 전환 및 우선순위 미확정; 전용 타이머 또는 무지연 동작 여부 미확정; 상태 전환 순서 또는 단일 동작·수동 장치 여부 미확정,자료 연결 완료 · 동작 확정 검토 중
EV11,필터 펄스 세정 밸브,필터 세정 밸브,BF01,자료에서 확인,,ev-11 (%Q12.0),,,1891:891 Coil EV-11 <- (((ON AND Tag_132) AND [Data.Ev_filter_on = 11]) AND Abilita_lavaggio_BF01) / 조건에 따른 Coil 기록,,1891:891,1891:891 Coil EV-11 <- (((ON AND Tag_132) AND [Data.Ev_filter_on = 11]) AND Abilita_lavaggio_BF01) / 조건에 따른 Coil 기록,,,,154,1891,"BASELINE, POWER, VOLTAGE, ADDRESS, SOURCE-XML",TIA 호출 조건·주기·중복 쓰기 순서와 전원 재시작 동작 확인; 현재 PLC 프로그램·현장 설치·단자·정상 극성 및 실제 설정값 대조; 시험 기대 결과 확정과 실행 증거 수집; 직접 HMI 설정 미식별: 표시용 가공 태그·상위 화면 여부 확인; 자동·수동 모드 전환 및 우선순위 미확정; 전용 타이머 또는 무지연 동작 여부 미확정,자료 연결 완료 · 동작 확정 검토 중
EV12,필터 펄스 세정 밸브,필터 세정 밸브,BF01,자료에서 확인,,ev-12 (%Q12.1),,,1891:905 Coil EV-12 <- (((ON AND Tag_132) AND [Data.Ev_filter_on = 13]) AND Abilita_lavaggio_BF01) / 조건에 따른 Coil 기록,,1891:905,1891:905 Coil EV-12 <- (((ON AND Tag_132) AND [Data.Ev_filter_on = 13]) AND Abilita_lavaggio_BF01) / 조건에 따른 Coil 기록,,,,154,1891,"BASELINE, POWER, VOLTAGE, ADDRESS, SOURCE-XML",TIA 호출 조건·주기·중복 쓰기 순서와 전원 재시작 동작 확인; 현재 PLC 프로그램·현장 설치·단자·정상 극성 및 실제 설정값 대조; 시험 기대 결과 확정과 실행 증거 수집; 직접 HMI 설정 미식별: 표시용 가공 태그·상위 화면 여부 확인; 자동·수동 모드 전환 및 우선순위 미확정; 전용 타이머 또는 무지연 동작 여부 미확정,자료 연결 완료 · 동작 확정 검토 중
EV13,필터 펄스 세정 밸브,필터 세정 밸브,BF01,자료에서 확인,,ev-13 (%Q12.2),,,1891:919 Coil EV-13 <- (((ON AND Tag_132) AND [Data.Ev_filter_on = 15]) AND Abilita_lavaggio_BF01) / 조건에 따른 Coil 기록,,1891:919,1891:919 Coil EV-13 <- (((ON AND Tag_132) AND [Data.Ev_filter_on = 15]) AND Abilita_lavaggio_BF01) / 조건에 따른 Coil 기록,,,,154,1891,"BASELINE, POWER, VOLTAGE, ADDRESS, SOURCE-XML",TIA 호출 조건·주기·중복 쓰기 순서와 전원 재시작 동작 확인; 현재 PLC 프로그램·현장 설치·단자·정상 극성 및 실제 설정값 대조; 시험 기대 결과 확정과 실행 증거 수집; 직접 HMI 설정 미식별: 표시용 가공 태그·상위 화면 여부 확인; 자동·수동 모드 전환 및 우선순위 미확정; 전용 타이머 또는 무지연 동작 여부 미확정,자료 연결 완료 · 동작 확정 검토 중
EV14,필터 펄스 세정 밸브,필터 세정 밸브,BF01,자료에서 확인,,ev-14 (%Q12.3),,,1891:933 Coil EV-14 <- (((ON AND Tag_132) AND [Data.Ev_filter_on = 17]) AND Abilita_lavaggio_BF01) / 조건에 따른 Coil 기록,,1891:933,1891:933 Coil EV-14 <- (((ON AND Tag_132) AND [Data.Ev_filter_on = 17]) AND Abilita_lavaggio_BF01) / 조건에 따른 Coil 기록,,,,155,1891,"BASELINE, POWER, VOLTAGE, ADDRESS, SOURCE-XML",TIA 호출 조건·주기·중복 쓰기 순서와 전원 재시작 동작 확인; 현재 PLC 프로그램·현장 설치·단자·정상 극성 및 실제 설정값 대조; 시험 기대 결과 확정과 실행 증거 수집; 직접 HMI 설정 미식별: 표시용 가공 태그·상위 화면 여부 확인; 자동·수동 모드 전환 및 우선순위 미확정; 전용 타이머 또는 무지연 동작 여부 미확정,자료 연결 완료 · 동작 확정 검토 중
EV15,필터 펄스 세정 밸브,필터 세정 밸브,BF01,자료에서 확인,,ev-15 (%Q12.4),,,1891:947 Coil EV-15 <- (((ON AND Tag_132) AND [Data.Ev_filter_on = 19]) AND Abilita_lavaggio_BF01) / 조건에 따른 Coil 기록,,1891:947,1891:947 Coil EV-15 <- (((ON AND Tag_132) AND [Data.Ev_filter_on = 19]) AND Abilita_lavaggio_BF01) / 조건에 따른 Coil 기록,,,,155,1891,"BASELINE, POWER, VOLTAGE, ADDRESS, SOURCE-XML",TIA 호출 조건·주기·중복 쓰기 순서와 전원 재시작 동작 확인; 현재 PLC 프로그램·현장 설치·단자·정상 극성 및 실제 설정값 대조; 시험 기대 결과 확정과 실행 증거 수집; 직접 HMI 설정 미식별: 표시용 가공 태그·상위 화면 여부 확인; 자동·수동 모드 전환 및 우선순위 미확정; 전용 타이머 또는 무지연 동작 여부 미확정,자료 연결 완료 · 동작 확정 검토 중
EV16,필터 펄스 세정 밸브,필터 세정 밸브,BF01,자료에서 확인,,ev-16 (%Q12.5),,,1892:1027 Coil EV-16 <- (((ON AND Tag_132) AND [Data.Ev_filter_on = 21]) AND Abilita_lavaggio_BF01) / 조건에 따른 Coil 기록,,1892:1027,1892:1027 Coil EV-16 <- (((ON AND Tag_132) AND [Data.Ev_filter_on = 21]) AND Abilita_lavaggio_BF01) / 조건에 따른 Coil 기록,,,,155,1892,"BASELINE, POWER, VOLTAGE, ADDRESS, SOURCE-XML",TIA 호출 조건·주기·중복 쓰기 순서와 전원 재시작 동작 확인; 현재 PLC 프로그램·현장 설치·단자·정상 극성 및 실제 설정값 대조; 시험 기대 결과 확정과 실행 증거 수집; 직접 HMI 설정 미식별: 표시용 가공 태그·상위 화면 여부 확인; 자동·수동 모드 전환 및 우선순위 미확정; 전용 타이머 또는 무지연 동작 여부 미확정,자료 연결 완료 · 동작 확정 검토 중
EV17,필터 펄스 세정 밸브,필터 세정 밸브,BF01,자료에서 확인,,ev-17 (%Q12.6),,,1892:1041 Coil EV-17 <- (((ON AND Tag_132) AND [Data.Ev_filter_on = 23]) AND Abilita_lavaggio_BF01) / 조건에 따른 Coil 기록,,1892:1041,1892:1041 Coil EV-17 <- (((ON AND Tag_132) AND [Data.Ev_filter_on = 23]) AND Abilita_lavaggio_BF01) / 조건에 따른 Coil 기록,,,,156,1892,"BASELINE, POWER, VOLTAGE, ADDRESS, SOURCE-XML",TIA 호출 조건·주기·중복 쓰기 순서와 전원 재시작 동작 확인; 현재 PLC 프로그램·현장 설치·단자·정상 극성 및 실제 설정값 대조; 시험 기대 결과 확정과 실행 증거 수집; 직접 HMI 설정 미식별: 표시용 가공 태그·상위 화면 여부 확인; 자동·수동 모드 전환 및 우선순위 미확정; 전용 타이머 또는 무지연 동작 여부 미확정,자료 연결 완료 · 동작 확정 검토 중
EV18,필터 펄스 세정 밸브,필터 세정 밸브,BF01,자료에서 확인,,ev-18 (%Q12.7),,,1892:1055 Coil EV-18 <- (((ON AND Tag_132) AND [Data.Ev_filter_on = 25]) AND Abilita_lavaggio_BF01) / 조건에 따른 Coil 기록,,1892:1055,1892:1055 Coil EV-18 <- (((ON AND Tag_132) AND [Data.Ev_filter_on = 25]) AND Abilita_lavaggio_BF01) / 조건에 따른 Coil 기록,,,,156,1892,"BASELINE, POWER, VOLTAGE, ADDRESS, SOURCE-XML",TIA 호출 조건·주기·중복 쓰기 순서와 전원 재시작 동작 확인; 현재 PLC 프로그램·현장 설치·단자·정상 극성 및 실제 설정값 대조; 시험 기대 결과 확정과 실행 증거 수집; 직접 HMI 설정 미식별: 표시용 가공 태그·상위 화면 여부 확인; 자동·수동 모드 전환 및 우선순위 미확정; 전용 타이머 또는 무지연 동작 여부 미확정,자료 연결 완료 · 동작 확정 검토 중
EV19,필터 펄스 세정 밸브,필터 세정 밸브,BF01,자료에서 확인,,ev-19 (%Q13.0),,,1892:1069 Coil EV-19 <- (((ON AND Tag_132) AND [Data.Ev_filter_on = 27]) AND Abilita_lavaggio_BF01) / 조건에 따른 Coil 기록,,1892:1069,1892:1069 Coil EV-19 <- (((ON AND Tag_132) AND [Data.Ev_filter_on = 27]) AND Abilita_lavaggio_BF01) / 조건에 따른 Coil 기록,,,,156,1892,"BASELINE, POWER, VOLTAGE, ADDRESS, SOURCE-XML",TIA 호출 조건·주기·중복 쓰기 순서와 전원 재시작 동작 확인; 현재 PLC 프로그램·현장 설치·단자·정상 극성 및 실제 설정값 대조; 시험 기대 결과 확정과 실행 증거 수집; 직접 HMI 설정 미식별: 표시용 가공 태그·상위 화면 여부 확인; 자동·수동 모드 전환 및 우선순위 미확정; 전용 타이머 또는 무지연 동작 여부 미확정,자료 연결 완료 · 동작 확정 검토 중
EV20,필터 펄스 세정 밸브,필터 세정 밸브,BF01,자료에서 확인,,ev-20 (%Q13.1),,,1892:1083 Coil EV-20 <- (((ON AND Tag_132) AND [Data.Ev_filter_on = 29]) AND Abilita_lavaggio_BF01) / 조건에 따른 Coil 기록,,1892:1083,1892:1083 Coil EV-20 <- (((ON AND Tag_132) AND [Data.Ev_filter_on = 29]) AND Abilita_lavaggio_BF01) / 조건에 따른 Coil 기록,,,,157,1892,"BASELINE, POWER, VOLTAGE, ADDRESS, SOURCE-XML",TIA 호출 조건·주기·중복 쓰기 순서와 전원 재시작 동작 확인; 현재 PLC 프로그램·현장 설치·단자·정상 극성 및 실제 설정값 대조; 시험 기대 결과 확정과 실행 증거 수집; 직접 HMI 설정 미식별: 표시용 가공 태그·상위 화면 여부 확인; 자동·수동 모드 전환 및 우선순위 미확정; 전용 타이머 또는 무지연 동작 여부 미확정,자료 연결 완료 · 동작 확정 검토 중
EV21,필터 펄스 세정 밸브,필터 세정 밸브,BF01,자료에서 확인,,ev-21 (%Q13.2),,,1893:1163 Coil EV-21 <- (((ON AND Tag_132) AND [Data.Ev_filter_on = 31]) AND Abilita_lavaggio_BF01) / 조건에 따른 Coil 기록,,1893:1163,1893:1163 Coil EV-21 <- (((ON AND Tag_132) AND [Data.Ev_filter_on = 31]) AND Abilita_lavaggio_BF01) / 조건에 따른 Coil 기록,,,,157,1893,"BASELINE, POWER, VOLTAGE, ADDRESS, SOURCE-XML",TIA 호출 조건·주기·중복 쓰기 순서와 전원 재시작 동작 확인; 현재 PLC 프로그램·현장 설치·단자·정상 극성 및 실제 설정값 대조; 시험 기대 결과 확정과 실행 증거 수집; 직접 HMI 설정 미식별: 표시용 가공 태그·상위 화면 여부 확인; 자동·수동 모드 전환 및 우선순위 미확정; 전용 타이머 또는 무지연 동작 여부 미확정,자료 연결 완료 · 동작 확정 검토 중
EV22,필터 펄스 세정 밸브,필터 세정 밸브,BF01,자료에서 확인,,ev-22 (%Q13.3),,,1893:1177 Coil EV-22 <- (((ON AND Tag_132) AND [Data.Ev_filter_on = 33]) AND Abilita_lavaggio_BF01) / 조건에 따른 Coil 기록,,1893:1177,1893:1177 Coil EV-22 <- (((ON AND Tag_132) AND [Data.Ev_filter_on = 33]) AND Abilita_lavaggio_BF01) / 조건에 따른 Coil 기록,,,,157,1893,"BASELINE, POWER, VOLTAGE, ADDRESS, SOURCE-XML",TIA 호출 조건·주기·중복 쓰기 순서와 전원 재시작 동작 확인; 현재 PLC 프로그램·현장 설치·단자·정상 극성 및 실제 설정값 대조; 시험 기대 결과 확정과 실행 증거 수집; 직접 HMI 설정 미식별: 표시용 가공 태그·상위 화면 여부 확인; 자동·수동 모드 전환 및 우선순위 미확정; 전용 타이머 또는 무지연 동작 여부 미확정,자료 연결 완료 · 동작 확정 검토 중
EV23,필터 펄스 세정 밸브,필터 세정 밸브,BF01,자료에서 확인,,ev-23 (%Q13.4),,,1893:1191 Coil EV-23 <- (((ON AND Tag_132) AND [Data.Ev_filter_on = 35]) AND Abilita_lavaggio_BF01) / 조건에 따른 Coil 기록,,1893:1191,1893:1191 Coil EV-23 <- (((ON AND Tag_132) AND [Data.Ev_filter_on = 35]) AND Abilita_lavaggio_BF01) / 조건에 따른 Coil 기록,,,,158,1893,"BASELINE, POWER, VOLTAGE, ADDRESS, SOURCE-XML",TIA 호출 조건·주기·중복 쓰기 순서와 전원 재시작 동작 확인; 현재 PLC 프로그램·현장 설치·단자·정상 극성 및 실제 설정값 대조; 시험 기대 결과 확정과 실행 증거 수집; 직접 HMI 설정 미식별: 표시용 가공 태그·상위 화면 여부 확인; 자동·수동 모드 전환 및 우선순위 미확정; 전용 타이머 또는 무지연 동작 여부 미확정,자료 연결 완료 · 동작 확정 검토 중
EV24,필터 펄스 세정 밸브,필터 세정 밸브,BF01,자료에서 확인,,ev-24 (%Q13.5),,,1893:1205 Coil EV-24 <- (((ON AND Tag_132) AND [Data.Ev_filter_on = 37]) AND Abilita_lavaggio_BF01) / 조건에 따른 Coil 기록,,1893:1205,1893:1205 Coil EV-24 <- (((ON AND Tag_132) AND [Data.Ev_filter_on = 37]) AND Abilita_lavaggio_BF01) / 조건에 따른 Coil 기록,,,,158,1893,"BASELINE, POWER, VOLTAGE, ADDRESS, SOURCE-XML",TIA 호출 조건·주기·중복 쓰기 순서와 전원 재시작 동작 확인; 현재 PLC 프로그램·현장 설치·단자·정상 극성 및 실제 설정값 대조; 시험 기대 결과 확정과 실행 증거 수집; 직접 HMI 설정 미식별: 표시용 가공 태그·상위 화면 여부 확인; 자동·수동 모드 전환 및 우선순위 미확정; 전용 타이머 또는 무지연 동작 여부 미확정,자료 연결 완료 · 동작 확정 검토 중
EV25,필터 펄스 세정 밸브,필터 세정 밸브,BF01,자료에서 확인,,ev-25 (%Q13.6),,,1893:1219 Coil EV-25 <- (((ON AND Tag_132) AND [Data.Ev_filter_on = 39]) AND Abilita_lavaggio_BF01) / 조건에 따른 Coil 기록,,1893:1219,1893:1219 Coil EV-25 <- (((ON AND Tag_132) AND [Data.Ev_filter_on = 39]) AND Abilita_lavaggio_BF01) / 조건에 따른 Coil 기록,,,,158,1893,"BASELINE, POWER, VOLTAGE, ADDRESS, SOURCE-XML",TIA 호출 조건·주기·중복 쓰기 순서와 전원 재시작 동작 확인; 현재 PLC 프로그램·현장 설치·단자·정상 극성 및 실제 설정값 대조; 시험 기대 결과 확정과 실행 증거 수집; 직접 HMI 설정 미식별: 표시용 가공 태그·상위 화면 여부 확인; 자동·수동 모드 전환 및 우선순위 미확정; 전용 타이머 또는 무지연 동작 여부 미확정,자료 연결 완료 · 동작 확정 검토 중
EV26,필터 펄스 세정 밸브,필터 세정 밸브,BF01,자료에서 확인,,ev-26 (%Q13.7),,,1894:1299 Coil EV-26 <- (((ON AND Tag_132) AND [Data.Ev_filter_on = 41]) AND Abilita_lavaggio_BF01) / 조건에 따른 Coil 기록,,1894:1299,1894:1299 Coil EV-26 <- (((ON AND Tag_132) AND [Data.Ev_filter_on = 41]) AND Abilita_lavaggio_BF01) / 조건에 따른 Coil 기록,,,,159,1894,"BASELINE, POWER, VOLTAGE, ADDRESS, SOURCE-XML",TIA 호출 조건·주기·중복 쓰기 순서와 전원 재시작 동작 확인; 현재 PLC 프로그램·현장 설치·단자·정상 극성 및 실제 설정값 대조; 시험 기대 결과 확정과 실행 증거 수집; 직접 HMI 설정 미식별: 표시용 가공 태그·상위 화면 여부 확인; 자동·수동 모드 전환 및 우선순위 미확정; 전용 타이머 또는 무지연 동작 여부 미확정,자료 연결 완료 · 동작 확정 검토 중
EV27,필터 펄스 세정 밸브,필터 세정 밸브,BF01,자료에서 확인,,ev-27 (%Q14.0),,,1894:1313 Coil EV-27 <- (((ON AND Tag_132) AND [Data.Ev_filter_on = 43]) AND Abilita_lavaggio_BF01) / 조건에 따른 Coil 기록,,1894:1313,1894:1313 Coil EV-27 <- (((ON AND Tag_132) AND [Data.Ev_filter_on = 43]) AND Abilita_lavaggio_BF01) / 조건에 따른 Coil 기록,,,,159,1894,"BASELINE, POWER, VOLTAGE, ADDRESS, SOURCE-XML",TIA 호출 조건·주기·중복 쓰기 순서와 전원 재시작 동작 확인; 현재 PLC 프로그램·현장 설치·단자·정상 극성 및 실제 설정값 대조; 시험 기대 결과 확정과 실행 증거 수집; 직접 HMI 설정 미식별: 표시용 가공 태그·상위 화면 여부 확인; 자동·수동 모드 전환 및 우선순위 미확정; 전용 타이머 또는 무지연 동작 여부 미확정,자료 연결 완료 · 동작 확정 검토 중
EV28,필터 펄스 세정 밸브,필터 세정 밸브,BF01,자료에서 확인,,ev-28 (%Q14.1),,,1894:1327 Coil EV-28 <- (((ON AND Tag_132) AND [Data.Ev_filter_on = 45]) AND Abilita_lavaggio_BF01) / 조건에 따른 Coil 기록,,1894:1327,1894:1327 Coil EV-28 <- (((ON AND Tag_132) AND [Data.Ev_filter_on = 45]) AND Abilita_lavaggio_BF01) / 조건에 따른 Coil 기록,,,,159,1894,"BASELINE, POWER, VOLTAGE, ADDRESS, SOURCE-XML",TIA 호출 조건·주기·중복 쓰기 순서와 전원 재시작 동작 확인; 현재 PLC 프로그램·현장 설치·단자·정상 극성 및 실제 설정값 대조; 시험 기대 결과 확정과 실행 증거 수집; 직접 HMI 설정 미식별: 표시용 가공 태그·상위 화면 여부 확인; 자동·수동 모드 전환 및 우선순위 미확정; 전용 타이머 또는 무지연 동작 여부 미확정,자료 연결 완료 · 동작 확정 검토 중
EV29,필터 펄스 세정 밸브,필터 세정 밸브,BF01,자료에서 확인,,ev-29 (%Q14.2),,,1894:1341 Coil EV-29 <- (((ON AND Tag_132) AND [Data.Ev_filter_on = 47]) AND Abilita_lavaggio_BF01) / 조건에 따른 Coil 기록,,1894:1341,1894:1341 Coil EV-29 <- (((ON AND Tag_132) AND [Data.Ev_filter_on = 47]) AND Abilita_lavaggio_BF01) / 조건에 따른 Coil 기록,,,,160,1894,"BASELINE, POWER, VOLTAGE, ADDRESS, SOURCE-XML",TIA 호출 조건·주기·중복 쓰기 순서와 전원 재시작 동작 확인; 현재 PLC 프로그램·현장 설치·단자·정상 극성 및 실제 설정값 대조; 시험 기대 결과 확정과 실행 증거 수집; 직접 HMI 설정 미식별: 표시용 가공 태그·상위 화면 여부 확인; 자동·수동 모드 전환 및 우선순위 미확정; 전용 타이머 또는 무지연 동작 여부 미확정,자료 연결 완료 · 동작 확정 검토 중
EV30,필터 펄스 세정 밸브,필터 세정 밸브,BF01,자료에서 확인,,ev-30 (%Q14.3),,,1894:1355 Coil EV-30 <- (((ON AND Tag_132) AND [Data.Ev_filter_on = 49]) AND Abilita_lavaggio_BF01) / 조건에 따른 Coil 기록,,1894:1355,1894:1355 Coil EV-30 <- (((ON AND Tag_132) AND [Data.Ev_filter_on = 49]) AND Abilita_lavaggio_BF01) / 조건에 따른 Coil 기록,,,,160,1894,"BASELINE, POWER, VOLTAGE, ADDRESS, SOURCE-XML",TIA 호출 조건·주기·중복 쓰기 순서와 전원 재시작 동작 확인; 현재 PLC 프로그램·현장 설치·단자·정상 극성 및 실제 설정값 대조; 시험 기대 결과 확정과 실행 증거 수집; 직접 HMI 설정 미식별: 표시용 가공 태그·상위 화면 여부 확인; 자동·수동 모드 전환 및 우선순위 미확정; 전용 타이머 또는 무지연 동작 여부 미확정,자료 연결 완료 · 동작 확정 검토 중
EV31,필터 펄스 세정 밸브,필터 세정 밸브,BF01,자료에서 확인,,ev-31 (%Q14.4),,,1895:1435 Coil EV-31 <- (((ON AND Tag_132) AND [Data.Ev_filter_on = 51]) AND Abilita_lavaggio_BF01) / 조건에 따른 Coil 기록,,1895:1435,1895:1435 Coil EV-31 <- (((ON AND Tag_132) AND [Data.Ev_filter_on = 51]) AND Abilita_lavaggio_BF01) / 조건에 따른 Coil 기록,,,,160,1895,"BASELINE, POWER, VOLTAGE, ADDRESS, SOURCE-XML",TIA 호출 조건·주기·중복 쓰기 순서와 전원 재시작 동작 확인; 현재 PLC 프로그램·현장 설치·단자·정상 극성 및 실제 설정값 대조; 시험 기대 결과 확정과 실행 증거 수집; 직접 HMI 설정 미식별: 표시용 가공 태그·상위 화면 여부 확인; 자동·수동 모드 전환 및 우선순위 미확정; 전용 타이머 또는 무지연 동작 여부 미확정,자료 연결 완료 · 동작 확정 검토 중
EV32,필터 펄스 세정 밸브,필터 세정 밸브,BF01,자료에서 확인,,ev-32 (%Q14.5),,,1895:1449 Coil EV-32 <- (((ON AND Tag_132) AND [Data.Ev_filter_on = 53]) AND Abilita_lavaggio_BF01) / 조건에 따른 Coil 기록,,1895:1449,1895:1449 Coil EV-32 <- (((ON AND Tag_132) AND [Data.Ev_filter_on = 53]) AND Abilita_lavaggio_BF01) / 조건에 따른 Coil 기록,,,,161,1895,"BASELINE, POWER, VOLTAGE, ADDRESS, SOURCE-XML",TIA 호출 조건·주기·중복 쓰기 순서와 전원 재시작 동작 확인; 현재 PLC 프로그램·현장 설치·단자·정상 극성 및 실제 설정값 대조; 시험 기대 결과 확정과 실행 증거 수집; 직접 HMI 설정 미식별: 표시용 가공 태그·상위 화면 여부 확인; 자동·수동 모드 전환 및 우선순위 미확정; 전용 타이머 또는 무지연 동작 여부 미확정,자료 연결 완료 · 동작 확정 검토 중
EV33,필터 펄스 세정 밸브,필터 세정 밸브,BF01,자료에서 확인,,ev-33 (%Q14.6),,,1895:1463 Coil EV-33 <- (((ON AND Tag_132) AND [Data.Ev_filter_on = 55]) AND Abilita_lavaggio_BF01) / 조건에 따른 Coil 기록,,1895:1463,1895:1463 Coil EV-33 <- (((ON AND Tag_132) AND [Data.Ev_filter_on = 55]) AND Abilita_lavaggio_BF01) / 조건에 따른 Coil 기록,,,,161,1895,"BASELINE, POWER, VOLTAGE, ADDRESS, SOURCE-XML",TIA 호출 조건·주기·중복 쓰기 순서와 전원 재시작 동작 확인; 현재 PLC 프로그램·현장 설치·단자·정상 극성 및 실제 설정값 대조; 시험 기대 결과 확정과 실행 증거 수집; 직접 HMI 설정 미식별: 표시용 가공 태그·상위 화면 여부 확인; 자동·수동 모드 전환 및 우선순위 미확정; 전용 타이머 또는 무지연 동작 여부 미확정,자료 연결 완료 · 동작 확정 검토 중
EV34,필터 펄스 세정 밸브,필터 세정 밸브,BF01,자료에서 확인,,ev-34 (%Q14.7),,,1895:1477 Coil EV-34 <- (((ON AND Tag_132) AND [Data.Ev_filter_on = 57]) AND Abilita_lavaggio_BF01) / 조건에 따른 Coil 기록,,1895:1477,1895:1477 Coil EV-34 <- (((ON AND Tag_132) AND [Data.Ev_filter_on = 57]) AND Abilita_lavaggio_BF01) / 조건에 따른 Coil 기록,,,,161,1895,"BASELINE, POWER, VOLTAGE, ADDRESS, SOURCE-XML",TIA 호출 조건·주기·중복 쓰기 순서와 전원 재시작 동작 확인; 현재 PLC 프로그램·현장 설치·단자·정상 극성 및 실제 설정값 대조; 시험 기대 결과 확정과 실행 증거 수집; 직접 HMI 설정 미식별: 표시용 가공 태그·상위 화면 여부 확인; 자동·수동 모드 전환 및 우선순위 미확정; 전용 타이머 또는 무지연 동작 여부 미확정,자료 연결 완료 · 동작 확정 검토 중
EV35,필터 펄스 세정 밸브,필터 세정 밸브,BF01,자료에서 확인,,ev-35 (%Q15.0),,,1895:1491 Coil EV-35 <- (((ON AND Tag_132) AND [Data.Ev_filter_on = 59]) AND Abilita_lavaggio_BF01) / 조건에 따른 Coil 기록,,1895:1491,1895:1491 Coil EV-35 <- (((ON AND Tag_132) AND [Data.Ev_filter_on = 59]) AND Abilita_lavaggio_BF01) / 조건에 따른 Coil 기록,,,,162,1895,"BASELINE, POWER, VOLTAGE, ADDRESS, SOURCE-XML",TIA 호출 조건·주기·중복 쓰기 순서와 전원 재시작 동작 확인; 현재 PLC 프로그램·현장 설치·단자·정상 극성 및 실제 설정값 대조; 시험 기대 결과 확정과 실행 증거 수집; 직접 HMI 설정 미식별: 표시용 가공 태그·상위 화면 여부 확인; 자동·수동 모드 전환 및 우선순위 미확정; 전용 타이머 또는 무지연 동작 여부 미확정,자료 연결 완료 · 동작 확정 검토 중
EV36,필터 펄스 세정 밸브,필터 세정 밸브,BF01,자료에서 확인,,ev-36 (%Q15.1),,,1896:1571 Coil EV-36 <- (((ON AND Tag_132) AND [Data.Ev_filter_on = 61]) AND Abilita_lavaggio_BF01) / 조건에 따른 Coil 기록,,1896:1571,1896:1571 Coil EV-36 <- (((ON AND Tag_132) AND [Data.Ev_filter_on = 61]) AND Abilita_lavaggio_BF01) / 조건에 따른 Coil 기록,,,,162,1896,"BASELINE, POWER, VOLTAGE, ADDRESS, SOURCE-XML",TIA 호출 조건·주기·중복 쓰기 순서와 전원 재시작 동작 확인; 현재 PLC 프로그램·현장 설치·단자·정상 극성 및 실제 설정값 대조; 시험 기대 결과 확정과 실행 증거 수집; 직접 HMI 설정 미식별: 표시용 가공 태그·상위 화면 여부 확인; 자동·수동 모드 전환 및 우선순위 미확정; 전용 타이머 또는 무지연 동작 여부 미확정,자료 연결 완료 · 동작 확정 검토 중
EV37,필터 펄스 세정 밸브,필터 세정 밸브,BF01,자료에서 확인,,ev-37 (%Q15.2),,,1896:1585 Coil EV-37 <- (((ON AND Tag_132) AND [Data.Ev_filter_on = 63]) AND Abilita_lavaggio_BF01) / 조건에 따른 Coil 기록,,1896:1585,1896:1585 Coil EV-37 <- (((ON AND Tag_132) AND [Data.Ev_filter_on = 63]) AND Abilita_lavaggio_BF01) / 조건에 따른 Coil 기록,,,,162,1896,"BASELINE, POWER, VOLTAGE, ADDRESS, SOURCE-XML",TIA 호출 조건·주기·중복 쓰기 순서와 전원 재시작 동작 확인; 현재 PLC 프로그램·현장 설치·단자·정상 극성 및 실제 설정값 대조; 시험 기대 결과 확정과 실행 증거 수집; 직접 HMI 설정 미식별: 표시용 가공 태그·상위 화면 여부 확인; 자동·수동 모드 전환 및 우선순위 미확정; 전용 타이머 또는 무지연 동작 여부 미확정,자료 연결 완료 · 동작 확정 검토 중
EV38,필터 펄스 세정 밸브,필터 세정 밸브,BF01,자료에서 확인,,ev-38 (%Q15.3),,,1896:1599 Coil EV-38 <- (((ON AND Tag_132) AND [Data.Ev_filter_on = 65]) AND Abilita_lavaggio_BF01) / 조건에 따른 Coil 기록,,1896:1599,1896:1599 Coil EV-38 <- (((ON AND Tag_132) AND [Data.Ev_filter_on = 65]) AND Abilita_lavaggio_BF01) / 조건에 따른 Coil 기록,,,,163,1896,"BASELINE, POWER, VOLTAGE, ADDRESS, SOURCE-XML",TIA 호출 조건·주기·중복 쓰기 순서와 전원 재시작 동작 확인; 현재 PLC 프로그램·현장 설치·단자·정상 극성 및 실제 설정값 대조; 시험 기대 결과 확정과 실행 증거 수집; 직접 HMI 설정 미식별: 표시용 가공 태그·상위 화면 여부 확인; 자동·수동 모드 전환 및 우선순위 미확정; 전용 타이머 또는 무지연 동작 여부 미확정,자료 연결 완료 · 동작 확정 검토 중
EV39,필터 펄스 세정 밸브,필터 세정 밸브,BF01,자료에서 확인,,ev-39 (%Q15.4),,,1896:1613 Coil EV-39 <- (((ON AND Tag_132) AND [Data.Ev_filter_on = 67]) AND Abilita_lavaggio_BF01) / 조건에 따른 Coil 기록,,1896:1613,1896:1613 Coil EV-39 <- (((ON AND Tag_132) AND [Data.Ev_filter_on = 67]) AND Abilita_lavaggio_BF01) / 조건에 따른 Coil 기록,,,,163,1896,"BASELINE, POWER, VOLTAGE, ADDRESS, SOURCE-XML",TIA 호출 조건·주기·중복 쓰기 순서와 전원 재시작 동작 확인; 현재 PLC 프로그램·현장 설치·단자·정상 극성 및 실제 설정값 대조; 시험 기대 결과 확정과 실행 증거 수집; 직접 HMI 설정 미식별: 표시용 가공 태그·상위 화면 여부 확인; 자동·수동 모드 전환 및 우선순위 미확정; 전용 타이머 또는 무지연 동작 여부 미확정,자료 연결 완료 · 동작 확정 검토 중
EV40,필터 펄스 세정 밸브,필터 세정 밸브,BF01,자료에서 확인,,ev-40 (%Q15.5),,,1896:1627 Coil EV-40 <- (((ON AND Tag_132) AND [Data.Ev_filter_on = 69]) AND Abilita_lavaggio_BF01) / 조건에 따른 Coil 기록,,1896:1627,1896:1627 Coil EV-40 <- (((ON AND Tag_132) AND [Data.Ev_filter_on = 69]) AND Abilita_lavaggio_BF01) / 조건에 따른 Coil 기록,,,,163,1896,"BASELINE, POWER, VOLTAGE, ADDRESS, SOURCE-XML",TIA 호출 조건·주기·중복 쓰기 순서와 전원 재시작 동작 확인; 현재 PLC 프로그램·현장 설치·단자·정상 극성 및 실제 설정값 대조; 시험 기대 결과 확정과 실행 증거 수집; 직접 HMI 설정 미식별: 표시용 가공 태그·상위 화면 여부 확인; 자동·수동 모드 전환 및 우선순위 미확정; 전용 타이머 또는 무지연 동작 여부 미확정,자료 연결 완료 · 동작 확정 검토 중
EV41,필터 펄스 세정 밸브,필터 세정 밸브,BF01,자료에서 확인,,ev-41 (%Q15.6),,,1897:1707 Coil EV-41 <- (((ON AND Tag_132) AND [Data.Ev_filter_on = 71]) AND Abilita_lavaggio_BF01) / 조건에 따른 Coil 기록,,1897:1707,1897:1707 Coil EV-41 <- (((ON AND Tag_132) AND [Data.Ev_filter_on = 71]) AND Abilita_lavaggio_BF01) / 조건에 따른 Coil 기록,,,,164,1897,"BASELINE, POWER, VOLTAGE, ADDRESS, SOURCE-XML",TIA 호출 조건·주기·중복 쓰기 순서와 전원 재시작 동작 확인; 현재 PLC 프로그램·현장 설치·단자·정상 극성 및 실제 설정값 대조; 시험 기대 결과 확정과 실행 증거 수집; 직접 HMI 설정 미식별: 표시용 가공 태그·상위 화면 여부 확인; 자동·수동 모드 전환 및 우선순위 미확정; 전용 타이머 또는 무지연 동작 여부 미확정,자료 연결 완료 · 동작 확정 검토 중
EV42,필터 펄스 세정 밸브,필터 세정 밸브,BF01,자료에서 확인,,ev-42 (%Q15.7),,,1897:1721 Coil EV-42 <- (((ON AND Tag_132) AND [Data.Ev_filter_on = 73]) AND Abilita_lavaggio_BF01) / 조건에 따른 Coil 기록,,1897:1721,1897:1721 Coil EV-42 <- (((ON AND Tag_132) AND [Data.Ev_filter_on = 73]) AND Abilita_lavaggio_BF01) / 조건에 따른 Coil 기록,,,,164,1897,"BASELINE, POWER, VOLTAGE, ADDRESS, SOURCE-XML",TIA 호출 조건·주기·중복 쓰기 순서와 전원 재시작 동작 확인; 현재 PLC 프로그램·현장 설치·단자·정상 극성 및 실제 설정값 대조; 시험 기대 결과 확정과 실행 증거 수집; 직접 HMI 설정 미식별: 표시용 가공 태그·상위 화면 여부 확인; 자동·수동 모드 전환 및 우선순위 미확정; 전용 타이머 또는 무지연 동작 여부 미확정,자료 연결 완료 · 동작 확정 검토 중
EV43,필터 펄스 세정 밸브,필터 세정 밸브,BF01,자료에서 확인,,ev-43 (%Q16.0),,,1897:1735 Coil EV-43 <- (((ON AND Tag_132) AND [Data.Ev_filter_on = 75]) AND Abilita_lavaggio_BF01) / 조건에 따른 Coil 기록,,1897:1735,1897:1735 Coil EV-43 <- (((ON AND Tag_132) AND [Data.Ev_filter_on = 75]) AND Abilita_lavaggio_BF01) / 조건에 따른 Coil 기록,,,,164,1897,"BASELINE, POWER, VOLTAGE, ADDRESS, SOURCE-XML",TIA 호출 조건·주기·중복 쓰기 순서와 전원 재시작 동작 확인; 현재 PLC 프로그램·현장 설치·단자·정상 극성 및 실제 설정값 대조; 시험 기대 결과 확정과 실행 증거 수집; 직접 HMI 설정 미식별: 표시용 가공 태그·상위 화면 여부 확인; 자동·수동 모드 전환 및 우선순위 미확정; 전용 타이머 또는 무지연 동작 여부 미확정,자료 연결 완료 · 동작 확정 검토 중
EV44,필터 펄스 세정 밸브,필터 세정 밸브,BF01,자료에서 확인,,ev-44 (%Q16.1),,,1897:1749 Coil EV-44 <- (((ON AND Tag_132) AND [Data.Ev_filter_on = 77]) AND Abilita_lavaggio_BF01) / 조건에 따른 Coil 기록,,1897:1749,1897:1749 Coil EV-44 <- (((ON AND Tag_132) AND [Data.Ev_filter_on = 77]) AND Abilita_lavaggio_BF01) / 조건에 따른 Coil 기록,,,,165,1897,"BASELINE, POWER, VOLTAGE, ADDRESS, SOURCE-XML",TIA 호출 조건·주기·중복 쓰기 순서와 전원 재시작 동작 확인; 현재 PLC 프로그램·현장 설치·단자·정상 극성 및 실제 설정값 대조; 시험 기대 결과 확정과 실행 증거 수집; 직접 HMI 설정 미식별: 표시용 가공 태그·상위 화면 여부 확인; 자동·수동 모드 전환 및 우선순위 미확정; 전용 타이머 또는 무지연 동작 여부 미확정,자료 연결 완료 · 동작 확정 검토 중
EV45,필터 펄스 세정 밸브,필터 세정 밸브,BF01,자료에서 확인,,ev-45 (%Q16.2),,,1897:1763 Coil EV-45 <- (((ON AND Tag_132) AND [Data.Ev_filter_on = 79]) AND Abilita_lavaggio_BF01) / 조건에 따른 Coil 기록,,1897:1763,1897:1763 Coil EV-45 <- (((ON AND Tag_132) AND [Data.Ev_filter_on = 79]) AND Abilita_lavaggio_BF01) / 조건에 따른 Coil 기록,,,,165,1897,"BASELINE, POWER, VOLTAGE, ADDRESS, SOURCE-XML",TIA 호출 조건·주기·중복 쓰기 순서와 전원 재시작 동작 확인; 현재 PLC 프로그램·현장 설치·단자·정상 극성 및 실제 설정값 대조; 시험 기대 결과 확정과 실행 증거 수집; 직접 HMI 설정 미식별: 표시용 가공 태그·상위 화면 여부 확인; 자동·수동 모드 전환 및 우선순위 미확정; 전용 타이머 또는 무지연 동작 여부 미확정,자료 연결 완료 · 동작 확정 검토 중
EV46,필터 펄스 세정 밸브,필터 세정 밸브,BF01,자료에서 확인,,ev-46 (%Q16.3),,,1898:1843 Coil EV-46 <- (((ON AND Tag_132) AND [Data.Ev_filter_on = 81]) AND Abilita_lavaggio_BF01) / 조건에 따른 Coil 기록,,1898:1843,1898:1843 Coil EV-46 <- (((ON AND Tag_132) AND [Data.Ev_filter_on = 81]) AND Abilita_lavaggio_BF01) / 조건에 따른 Coil 기록,,,,165,1898,"BASELINE, POWER, VOLTAGE, ADDRESS, SOURCE-XML",TIA 호출 조건·주기·중복 쓰기 순서와 전원 재시작 동작 확인; 현재 PLC 프로그램·현장 설치·단자·정상 극성 및 실제 설정값 대조; 시험 기대 결과 확정과 실행 증거 수집; 직접 HMI 설정 미식별: 표시용 가공 태그·상위 화면 여부 확인; 자동·수동 모드 전환 및 우선순위 미확정; 전용 타이머 또는 무지연 동작 여부 미확정,자료 연결 완료 · 동작 확정 검토 중
EV47,필터 펄스 세정 밸브,필터 세정 밸브,BF01,자료에서 확인,,ev-47 (%Q16.4),,,1898:1857 Coil EV-47 <- (((ON AND Tag_132) AND [Data.Ev_filter_on = 83]) AND Abilita_lavaggio_BF01) / 조건에 따른 Coil 기록,,1898:1857,1898:1857 Coil EV-47 <- (((ON AND Tag_132) AND [Data.Ev_filter_on = 83]) AND Abilita_lavaggio_BF01) / 조건에 따른 Coil 기록,,,,166,1898,"BASELINE, POWER, VOLTAGE, ADDRESS, SOURCE-XML",TIA 호출 조건·주기·중복 쓰기 순서와 전원 재시작 동작 확인; 현재 PLC 프로그램·현장 설치·단자·정상 극성 및 실제 설정값 대조; 시험 기대 결과 확정과 실행 증거 수집; 직접 HMI 설정 미식별: 표시용 가공 태그·상위 화면 여부 확인; 자동·수동 모드 전환 및 우선순위 미확정; 전용 타이머 또는 무지연 동작 여부 미확정,자료 연결 완료 · 동작 확정 검토 중
EV48,필터 펄스 세정 밸브,필터 세정 밸브,BF01,자료에서 확인,,ev-48 (%Q16.5),,,1898:1871 Coil EV-48 <- (((ON AND Tag_132) AND [Data.Ev_filter_on = 85]) AND Abilita_lavaggio_BF01) / 조건에 따른 Coil 기록,,1898:1871,1898:1871 Coil EV-48 <- (((ON AND Tag_132) AND [Data.Ev_filter_on = 85]) AND Abilita_lavaggio_BF01) / 조건에 따른 Coil 기록,,,,166,1898,"BASELINE, POWER, VOLTAGE, ADDRESS, SOURCE-XML",TIA 호출 조건·주기·중복 쓰기 순서와 전원 재시작 동작 확인; 현재 PLC 프로그램·현장 설치·단자·정상 극성 및 실제 설정값 대조; 시험 기대 결과 확정과 실행 증거 수집; 직접 HMI 설정 미식별: 표시용 가공 태그·상위 화면 여부 확인; 자동·수동 모드 전환 및 우선순위 미확정; 전용 타이머 또는 무지연 동작 여부 미확정,자료 연결 완료 · 동작 확정 검토 중
EV49,필터 펄스 세정 밸브,필터 세정 밸브,BF01,자료에서 확인,,ev-49 (%Q16.6),,,1898:1885 Coil EV-49 <- (((ON AND Tag_132) AND [Data.Ev_filter_on = 87]) AND Abilita_lavaggio_BF01) / 조건에 따른 Coil 기록,,1898:1885,1898:1885 Coil EV-49 <- (((ON AND Tag_132) AND [Data.Ev_filter_on = 87]) AND Abilita_lavaggio_BF01) / 조건에 따른 Coil 기록,,,,166,1898,"BASELINE, POWER, VOLTAGE, ADDRESS, SOURCE-XML",TIA 호출 조건·주기·중복 쓰기 순서와 전원 재시작 동작 확인; 현재 PLC 프로그램·현장 설치·단자·정상 극성 및 실제 설정값 대조; 시험 기대 결과 확정과 실행 증거 수집; 직접 HMI 설정 미식별: 표시용 가공 태그·상위 화면 여부 확인; 자동·수동 모드 전환 및 우선순위 미확정; 전용 타이머 또는 무지연 동작 여부 미확정,자료 연결 완료 · 동작 확정 검토 중
EV50,필터 펄스 세정 밸브,필터 세정 밸브,BF01,자료에서 확인,,ev-50 (%Q16.7),,,1898:1899 Coil EV-50 <- (((ON AND Tag_132) AND [Data.Ev_filter_on = 89]) AND Abilita_lavaggio_BF01) / 조건에 따른 Coil 기록,,1898:1899,1898:1899 Coil EV-50 <- (((ON AND Tag_132) AND [Data.Ev_filter_on = 89]) AND Abilita_lavaggio_BF01) / 조건에 따른 Coil 기록,,,,167,1898,"BASELINE, POWER, VOLTAGE, ADDRESS, SOURCE-XML",TIA 호출 조건·주기·중복 쓰기 순서와 전원 재시작 동작 확인; 현재 PLC 프로그램·현장 설치·단자·정상 극성 및 실제 설정값 대조; 시험 기대 결과 확정과 실행 증거 수집; 직접 HMI 설정 미식별: 표시용 가공 태그·상위 화면 여부 확인; 자동·수동 모드 전환 및 우선순위 미확정; 전용 타이머 또는 무지연 동작 여부 미확정,자료 연결 완료 · 동작 확정 검토 중
EV51,필터 펄스 세정 밸브,필터 세정 밸브,BF02,자료에서 확인,,ev-51 (%Q18.0),,,1891:898 Coil EV-51 <- (((ON AND Tag_132) AND [Data.Ev_filter_on = 12]) AND Abilita_lavaggio_BF02) / 조건에 따른 Coil 기록,,1891:898,1891:898 Coil EV-51 <- (((ON AND Tag_132) AND [Data.Ev_filter_on = 12]) AND Abilita_lavaggio_BF02) / 조건에 따른 Coil 기록,,,,183,1891,"BASELINE, POWER, VOLTAGE, ADDRESS, SOURCE-XML",TIA 호출 조건·주기·중복 쓰기 순서와 전원 재시작 동작 확인; 현재 PLC 프로그램·현장 설치·단자·정상 극성 및 실제 설정값 대조; 시험 기대 결과 확정과 실행 증거 수집; 직접 HMI 설정 미식별: 표시용 가공 태그·상위 화면 여부 확인; 자동·수동 모드 전환 및 우선순위 미확정; 전용 타이머 또는 무지연 동작 여부 미확정,자료 연결 완료 · 동작 확정 검토 중
EV52,필터 펄스 세정 밸브,필터 세정 밸브,BF02,자료에서 확인,,ev-52 (%Q18.1),,,1891:912 Coil EV-52 <- (((ON AND Tag_132) AND [Data.Ev_filter_on = 14]) AND Abilita_lavaggio_BF02) / 조건에 따른 Coil 기록,,1891:912,1891:912 Coil EV-52 <- (((ON AND Tag_132) AND [Data.Ev_filter_on = 14]) AND Abilita_lavaggio_BF02) / 조건에 따른 Coil 기록,,,,183,1891,"BASELINE, POWER, VOLTAGE, ADDRESS, SOURCE-XML",TIA 호출 조건·주기·중복 쓰기 순서와 전원 재시작 동작 확인; 현재 PLC 프로그램·현장 설치·단자·정상 극성 및 실제 설정값 대조; 시험 기대 결과 확정과 실행 증거 수집; 직접 HMI 설정 미식별: 표시용 가공 태그·상위 화면 여부 확인; 자동·수동 모드 전환 및 우선순위 미확정; 전용 타이머 또는 무지연 동작 여부 미확정,자료 연결 완료 · 동작 확정 검토 중
EV53,필터 펄스 세정 밸브,필터 세정 밸브,BF02,자료에서 확인,,ev-53 (%Q18.2),,,1891:926 Coil EV-53 <- (((ON AND Tag_132) AND [Data.Ev_filter_on = 16]) AND Abilita_lavaggio_BF02) / 조건에 따른 Coil 기록,,1891:926,1891:926 Coil EV-53 <- (((ON AND Tag_132) AND [Data.Ev_filter_on = 16]) AND Abilita_lavaggio_BF02) / 조건에 따른 Coil 기록,,,,183,1891,"BASELINE, POWER, VOLTAGE, ADDRESS, SOURCE-XML",TIA 호출 조건·주기·중복 쓰기 순서와 전원 재시작 동작 확인; 현재 PLC 프로그램·현장 설치·단자·정상 극성 및 실제 설정값 대조; 시험 기대 결과 확정과 실행 증거 수집; 직접 HMI 설정 미식별: 표시용 가공 태그·상위 화면 여부 확인; 자동·수동 모드 전환 및 우선순위 미확정; 전용 타이머 또는 무지연 동작 여부 미확정,자료 연결 완료 · 동작 확정 검토 중
EV54,필터 펄스 세정 밸브,필터 세정 밸브,BF02,자료에서 확인,,ev-54 (%Q18.3),,,1891:940 Coil EV-54 <- (((ON AND Tag_132) AND [Data.Ev_filter_on = 18]) AND Abilita_lavaggio_BF02) / 조건에 따른 Coil 기록,,1891:940,1891:940 Coil EV-54 <- (((ON AND Tag_132) AND [Data.Ev_filter_on = 18]) AND Abilita_lavaggio_BF02) / 조건에 따른 Coil 기록,,,,184,1891,"BASELINE, POWER, VOLTAGE, ADDRESS, SOURCE-XML",TIA 호출 조건·주기·중복 쓰기 순서와 전원 재시작 동작 확인; 현재 PLC 프로그램·현장 설치·단자·정상 극성 및 실제 설정값 대조; 시험 기대 결과 확정과 실행 증거 수집; 직접 HMI 설정 미식별: 표시용 가공 태그·상위 화면 여부 확인; 자동·수동 모드 전환 및 우선순위 미확정; 전용 타이머 또는 무지연 동작 여부 미확정,자료 연결 완료 · 동작 확정 검토 중
EV55,필터 펄스 세정 밸브,필터 세정 밸브,BF02,자료에서 확인,,ev-55 (%Q18.4),,,1891:954 Coil EV-55 <- (((ON AND Tag_132) AND [Data.Ev_filter_on = 20]) AND Abilita_lavaggio_BF02) / 조건에 따른 Coil 기록,,1891:954,1891:954 Coil EV-55 <- (((ON AND Tag_132) AND [Data.Ev_filter_on = 20]) AND Abilita_lavaggio_BF02) / 조건에 따른 Coil 기록,,,,184,1891,"BASELINE, POWER, VOLTAGE, ADDRESS, SOURCE-XML",TIA 호출 조건·주기·중복 쓰기 순서와 전원 재시작 동작 확인; 현재 PLC 프로그램·현장 설치·단자·정상 극성 및 실제 설정값 대조; 시험 기대 결과 확정과 실행 증거 수집; 직접 HMI 설정 미식별: 표시용 가공 태그·상위 화면 여부 확인; 자동·수동 모드 전환 및 우선순위 미확정; 전용 타이머 또는 무지연 동작 여부 미확정,자료 연결 완료 · 동작 확정 검토 중
EV56,필터 펄스 세정 밸브,필터 세정 밸브,BF02,자료에서 확인,,ev-56 (%Q18.5),,,1892:1034 Coil EV-56 <- (((ON AND Tag_132) AND [Data.Ev_filter_on = 22]) AND Abilita_lavaggio_BF02) / 조건에 따른 Coil 기록,,1892:1034,1892:1034 Coil EV-56 <- (((ON AND Tag_132) AND [Data.Ev_filter_on = 22]) AND Abilita_lavaggio_BF02) / 조건에 따른 Coil 기록,,,,184,1892,"BASELINE, POWER, VOLTAGE, ADDRESS, SOURCE-XML",TIA 호출 조건·주기·중복 쓰기 순서와 전원 재시작 동작 확인; 현재 PLC 프로그램·현장 설치·단자·정상 극성 및 실제 설정값 대조; 시험 기대 결과 확정과 실행 증거 수집; 직접 HMI 설정 미식별: 표시용 가공 태그·상위 화면 여부 확인; 자동·수동 모드 전환 및 우선순위 미확정; 전용 타이머 또는 무지연 동작 여부 미확정,자료 연결 완료 · 동작 확정 검토 중
EV57,필터 펄스 세정 밸브,필터 세정 밸브,BF02,자료에서 확인,,ev-57 (%Q18.6),,,1892:1048 Coil EV-57 <- (((ON AND Tag_132) AND [Data.Ev_filter_on = 24]) AND Abilita_lavaggio_BF02) / 조건에 따른 Coil 기록,,1892:1048,1892:1048 Coil EV-57 <- (((ON AND Tag_132) AND [Data.Ev_filter_on = 24]) AND Abilita_lavaggio_BF02) / 조건에 따른 Coil 기록,,,,185,1892,"BASELINE, POWER, VOLTAGE, ADDRESS, SOURCE-XML",TIA 호출 조건·주기·중복 쓰기 순서와 전원 재시작 동작 확인; 현재 PLC 프로그램·현장 설치·단자·정상 극성 및 실제 설정값 대조; 시험 기대 결과 확정과 실행 증거 수집; 직접 HMI 설정 미식별: 표시용 가공 태그·상위 화면 여부 확인; 자동·수동 모드 전환 및 우선순위 미확정; 전용 타이머 또는 무지연 동작 여부 미확정,자료 연결 완료 · 동작 확정 검토 중
EV58,필터 펄스 세정 밸브,필터 세정 밸브,BF02,자료에서 확인,,ev-58 (%Q18.7),,,1892:1062 Coil EV-58 <- (((ON AND Tag_132) AND [Data.Ev_filter_on = 26]) AND Abilita_lavaggio_BF02) / 조건에 따른 Coil 기록,,1892:1062,1892:1062 Coil EV-58 <- (((ON AND Tag_132) AND [Data.Ev_filter_on = 26]) AND Abilita_lavaggio_BF02) / 조건에 따른 Coil 기록,,,,185,1892,"BASELINE, POWER, VOLTAGE, ADDRESS, SOURCE-XML",TIA 호출 조건·주기·중복 쓰기 순서와 전원 재시작 동작 확인; 현재 PLC 프로그램·현장 설치·단자·정상 극성 및 실제 설정값 대조; 시험 기대 결과 확정과 실행 증거 수집; 직접 HMI 설정 미식별: 표시용 가공 태그·상위 화면 여부 확인; 자동·수동 모드 전환 및 우선순위 미확정; 전용 타이머 또는 무지연 동작 여부 미확정,자료 연결 완료 · 동작 확정 검토 중
EV59,필터 펄스 세정 밸브,필터 세정 밸브,BF02,자료에서 확인,,ev-59 (%Q19.0),,,1892:1076 Coil EV-59 <- (((ON AND Tag_132) AND [Data.Ev_filter_on = 28]) AND Abilita_lavaggio_BF02) / 조건에 따른 Coil 기록,,1892:1076,1892:1076 Coil EV-59 <- (((ON AND Tag_132) AND [Data.Ev_filter_on = 28]) AND Abilita_lavaggio_BF02) / 조건에 따른 Coil 기록,,,,185,1892,"BASELINE, POWER, VOLTAGE, ADDRESS, SOURCE-XML",TIA 호출 조건·주기·중복 쓰기 순서와 전원 재시작 동작 확인; 현재 PLC 프로그램·현장 설치·단자·정상 극성 및 실제 설정값 대조; 시험 기대 결과 확정과 실행 증거 수집; 직접 HMI 설정 미식별: 표시용 가공 태그·상위 화면 여부 확인; 자동·수동 모드 전환 및 우선순위 미확정; 전용 타이머 또는 무지연 동작 여부 미확정,자료 연결 완료 · 동작 확정 검토 중
EV60,필터 펄스 세정 밸브,필터 세정 밸브,BF02,자료에서 확인,,ev-60 (%Q19.1),,,1892:1090 Coil EV-60 <- (((ON AND Tag_132) AND [Data.Ev_filter_on = 30]) AND Abilita_lavaggio_BF02) / 조건에 따른 Coil 기록,,1892:1090,1892:1090 Coil EV-60 <- (((ON AND Tag_132) AND [Data.Ev_filter_on = 30]) AND Abilita_lavaggio_BF02) / 조건에 따른 Coil 기록,,,,186,1892,"BASELINE, POWER, VOLTAGE, ADDRESS, SOURCE-XML",TIA 호출 조건·주기·중복 쓰기 순서와 전원 재시작 동작 확인; 현재 PLC 프로그램·현장 설치·단자·정상 극성 및 실제 설정값 대조; 시험 기대 결과 확정과 실행 증거 수집; 직접 HMI 설정 미식별: 표시용 가공 태그·상위 화면 여부 확인; 자동·수동 모드 전환 및 우선순위 미확정; 전용 타이머 또는 무지연 동작 여부 미확정,자료 연결 완료 · 동작 확정 검토 중
EV61,필터 펄스 세정 밸브,필터 세정 밸브,BF02,자료에서 확인,,ev-61 (%Q19.2),,,1893:1170 Coil EV-61 <- (((ON AND Tag_132) AND [Data.Ev_filter_on = 32]) AND Abilita_lavaggio_BF02) / 조건에 따른 Coil 기록,,1893:1170,1893:1170 Coil EV-61 <- (((ON AND Tag_132) AND [Data.Ev_filter_on = 32]) AND Abilita_lavaggio_BF02) / 조건에 따른 Coil 기록,,,,186,1893,"BASELINE, POWER, VOLTAGE, ADDRESS, SOURCE-XML",TIA 호출 조건·주기·중복 쓰기 순서와 전원 재시작 동작 확인; 현재 PLC 프로그램·현장 설치·단자·정상 극성 및 실제 설정값 대조; 시험 기대 결과 확정과 실행 증거 수집; 직접 HMI 설정 미식별: 표시용 가공 태그·상위 화면 여부 확인; 자동·수동 모드 전환 및 우선순위 미확정; 전용 타이머 또는 무지연 동작 여부 미확정,자료 연결 완료 · 동작 확정 검토 중
EV62,필터 펄스 세정 밸브,필터 세정 밸브,BF02,자료에서 확인,,ev-62 (%Q19.3),,,1893:1184 Coil EV-62 <- (((ON AND Tag_132) AND [Data.Ev_filter_on = 34]) AND Abilita_lavaggio_BF02) / 조건에 따른 Coil 기록,,1893:1184,1893:1184 Coil EV-62 <- (((ON AND Tag_132) AND [Data.Ev_filter_on = 34]) AND Abilita_lavaggio_BF02) / 조건에 따른 Coil 기록,,,,186,1893,"BASELINE, POWER, VOLTAGE, ADDRESS, SOURCE-XML",TIA 호출 조건·주기·중복 쓰기 순서와 전원 재시작 동작 확인; 현재 PLC 프로그램·현장 설치·단자·정상 극성 및 실제 설정값 대조; 시험 기대 결과 확정과 실행 증거 수집; 직접 HMI 설정 미식별: 표시용 가공 태그·상위 화면 여부 확인; 자동·수동 모드 전환 및 우선순위 미확정; 전용 타이머 또는 무지연 동작 여부 미확정,자료 연결 완료 · 동작 확정 검토 중
EV63,필터 펄스 세정 밸브,필터 세정 밸브,BF02,자료에서 확인,,ev-63 (%Q19.4),,,1893:1198 Coil EV-63 <- (((ON AND Tag_132) AND [Data.Ev_filter_on = 36]) AND Abilita_lavaggio_BF02) / 조건에 따른 Coil 기록,,1893:1198,1893:1198 Coil EV-63 <- (((ON AND Tag_132) AND [Data.Ev_filter_on = 36]) AND Abilita_lavaggio_BF02) / 조건에 따른 Coil 기록,,,,187,1893,"BASELINE, POWER, VOLTAGE, ADDRESS, SOURCE-XML",TIA 호출 조건·주기·중복 쓰기 순서와 전원 재시작 동작 확인; 현재 PLC 프로그램·현장 설치·단자·정상 극성 및 실제 설정값 대조; 시험 기대 결과 확정과 실행 증거 수집; 직접 HMI 설정 미식별: 표시용 가공 태그·상위 화면 여부 확인; 자동·수동 모드 전환 및 우선순위 미확정; 전용 타이머 또는 무지연 동작 여부 미확정,자료 연결 완료 · 동작 확정 검토 중
EV64,필터 펄스 세정 밸브,필터 세정 밸브,BF02,자료에서 확인,,ev-64 (%Q19.5),,,1893:1212 Coil EV-64 <- (((ON AND Tag_132) AND [Data.Ev_filter_on = 38]) AND Abilita_lavaggio_BF02) / 조건에 따른 Coil 기록,,1893:1212,1893:1212 Coil EV-64 <- (((ON AND Tag_132) AND [Data.Ev_filter_on = 38]) AND Abilita_lavaggio_BF02) / 조건에 따른 Coil 기록,,,,187,1893,"BASELINE, POWER, VOLTAGE, ADDRESS, SOURCE-XML",TIA 호출 조건·주기·중복 쓰기 순서와 전원 재시작 동작 확인; 현재 PLC 프로그램·현장 설치·단자·정상 극성 및 실제 설정값 대조; 시험 기대 결과 확정과 실행 증거 수집; 직접 HMI 설정 미식별: 표시용 가공 태그·상위 화면 여부 확인; 자동·수동 모드 전환 및 우선순위 미확정; 전용 타이머 또는 무지연 동작 여부 미확정,자료 연결 완료 · 동작 확정 검토 중
EV65,필터 펄스 세정 밸브,필터 세정 밸브,BF02,자료에서 확인,,ev-65 (%Q19.6),,,1893:1226 Coil EV-65 <- (((ON AND Tag_132) AND [Data.Ev_filter_on = 40]) AND Abilita_lavaggio_BF02) / 조건에 따른 Coil 기록,,1893:1226,1893:1226 Coil EV-65 <- (((ON AND Tag_132) AND [Data.Ev_filter_on = 40]) AND Abilita_lavaggio_BF02) / 조건에 따른 Coil 기록,,,,187,1893,"BASELINE, POWER, VOLTAGE, ADDRESS, SOURCE-XML",TIA 호출 조건·주기·중복 쓰기 순서와 전원 재시작 동작 확인; 현재 PLC 프로그램·현장 설치·단자·정상 극성 및 실제 설정값 대조; 시험 기대 결과 확정과 실행 증거 수집; 직접 HMI 설정 미식별: 표시용 가공 태그·상위 화면 여부 확인; 자동·수동 모드 전환 및 우선순위 미확정; 전용 타이머 또는 무지연 동작 여부 미확정,자료 연결 완료 · 동작 확정 검토 중
EV66,필터 펄스 세정 밸브,필터 세정 밸브,BF02,자료에서 확인,,ev-66 (%Q19.7),,,1894:1306 Coil EV-66 <- (((ON AND Tag_132) AND [Data.Ev_filter_on = 42]) AND Abilita_lavaggio_BF02) / 조건에 따른 Coil 기록,,1894:1306,1894:1306 Coil EV-66 <- (((ON AND Tag_132) AND [Data.Ev_filter_on = 42]) AND Abilita_lavaggio_BF02) / 조건에 따른 Coil 기록,,,,188,1894,"BASELINE, POWER, VOLTAGE, ADDRESS, SOURCE-XML",TIA 호출 조건·주기·중복 쓰기 순서와 전원 재시작 동작 확인; 현재 PLC 프로그램·현장 설치·단자·정상 극성 및 실제 설정값 대조; 시험 기대 결과 확정과 실행 증거 수집; 직접 HMI 설정 미식별: 표시용 가공 태그·상위 화면 여부 확인; 자동·수동 모드 전환 및 우선순위 미확정; 전용 타이머 또는 무지연 동작 여부 미확정,자료 연결 완료 · 동작 확정 검토 중
EV67,필터 펄스 세정 밸브,필터 세정 밸브,BF02,자료에서 확인,,ev-67 (%Q20.0),,,1894:1320 Coil EV-67 <- (((ON AND Tag_132) AND [Data.Ev_filter_on = 44]) AND Abilita_lavaggio_BF02) / 조건에 따른 Coil 기록,,1894:1320,1894:1320 Coil EV-67 <- (((ON AND Tag_132) AND [Data.Ev_filter_on = 44]) AND Abilita_lavaggio_BF02) / 조건에 따른 Coil 기록,,,,188,1894,"BASELINE, POWER, VOLTAGE, ADDRESS, SOURCE-XML",TIA 호출 조건·주기·중복 쓰기 순서와 전원 재시작 동작 확인; 현재 PLC 프로그램·현장 설치·단자·정상 극성 및 실제 설정값 대조; 시험 기대 결과 확정과 실행 증거 수집; 직접 HMI 설정 미식별: 표시용 가공 태그·상위 화면 여부 확인; 자동·수동 모드 전환 및 우선순위 미확정; 전용 타이머 또는 무지연 동작 여부 미확정,자료 연결 완료 · 동작 확정 검토 중
EV68,필터 펄스 세정 밸브,필터 세정 밸브,BF02,자료에서 확인,,ev-68 (%Q20.1),,,1894:1334 Coil EV-68 <- (((ON AND Tag_132) AND [Data.Ev_filter_on = 46]) AND Abilita_lavaggio_BF02) / 조건에 따른 Coil 기록,,1894:1334,1894:1334 Coil EV-68 <- (((ON AND Tag_132) AND [Data.Ev_filter_on = 46]) AND Abilita_lavaggio_BF02) / 조건에 따른 Coil 기록,,,,188,1894,"BASELINE, POWER, VOLTAGE, ADDRESS, SOURCE-XML",TIA 호출 조건·주기·중복 쓰기 순서와 전원 재시작 동작 확인; 현재 PLC 프로그램·현장 설치·단자·정상 극성 및 실제 설정값 대조; 시험 기대 결과 확정과 실행 증거 수집; 직접 HMI 설정 미식별: 표시용 가공 태그·상위 화면 여부 확인; 자동·수동 모드 전환 및 우선순위 미확정; 전용 타이머 또는 무지연 동작 여부 미확정,자료 연결 완료 · 동작 확정 검토 중
EV69,필터 펄스 세정 밸브,필터 세정 밸브,BF02,자료에서 확인,,ev-69 (%Q20.2),,,1894:1348 Coil EV-69 <- (((ON AND Tag_132) AND [Data.Ev_filter_on = 48]) AND Abilita_lavaggio_BF02) / 조건에 따른 Coil 기록,,1894:1348,1894:1348 Coil EV-69 <- (((ON AND Tag_132) AND [Data.Ev_filter_on = 48]) AND Abilita_lavaggio_BF02) / 조건에 따른 Coil 기록,,,,189,1894,"BASELINE, POWER, VOLTAGE, ADDRESS, SOURCE-XML",TIA 호출 조건·주기·중복 쓰기 순서와 전원 재시작 동작 확인; 현재 PLC 프로그램·현장 설치·단자·정상 극성 및 실제 설정값 대조; 시험 기대 결과 확정과 실행 증거 수집; 직접 HMI 설정 미식별: 표시용 가공 태그·상위 화면 여부 확인; 자동·수동 모드 전환 및 우선순위 미확정; 전용 타이머 또는 무지연 동작 여부 미확정,자료 연결 완료 · 동작 확정 검토 중
EV70,필터 펄스 세정 밸브,필터 세정 밸브,BF02,자료에서 확인,,ev-70 (%Q20.3),,,1894:1362 Coil EV-70 <- (((ON AND Tag_132) AND [Data.Ev_filter_on = 50]) AND Abilita_lavaggio_BF02) / 조건에 따른 Coil 기록,,1894:1362,1894:1362 Coil EV-70 <- (((ON AND Tag_132) AND [Data.Ev_filter_on = 50]) AND Abilita_lavaggio_BF02) / 조건에 따른 Coil 기록,,,,189,1894,"BASELINE, POWER, VOLTAGE, ADDRESS, SOURCE-XML",TIA 호출 조건·주기·중복 쓰기 순서와 전원 재시작 동작 확인; 현재 PLC 프로그램·현장 설치·단자·정상 극성 및 실제 설정값 대조; 시험 기대 결과 확정과 실행 증거 수집; 직접 HMI 설정 미식별: 표시용 가공 태그·상위 화면 여부 확인; 자동·수동 모드 전환 및 우선순위 미확정; 전용 타이머 또는 무지연 동작 여부 미확정,자료 연결 완료 · 동작 확정 검토 중
EV71,필터 펄스 세정 밸브,필터 세정 밸브,BF02,자료에서 확인,,ev-71 (%Q20.4),,,1895:1442 Coil EV-71 <- (((ON AND Tag_132) AND [Data.Ev_filter_on = 52]) AND Abilita_lavaggio_BF02) / 조건에 따른 Coil 기록,,1895:1442,1895:1442 Coil EV-71 <- (((ON AND Tag_132) AND [Data.Ev_filter_on = 52]) AND Abilita_lavaggio_BF02) / 조건에 따른 Coil 기록,,,,189,1895,"BASELINE, POWER, VOLTAGE, ADDRESS, SOURCE-XML",TIA 호출 조건·주기·중복 쓰기 순서와 전원 재시작 동작 확인; 현재 PLC 프로그램·현장 설치·단자·정상 극성 및 실제 설정값 대조; 시험 기대 결과 확정과 실행 증거 수집; 직접 HMI 설정 미식별: 표시용 가공 태그·상위 화면 여부 확인; 자동·수동 모드 전환 및 우선순위 미확정; 전용 타이머 또는 무지연 동작 여부 미확정,자료 연결 완료 · 동작 확정 검토 중
EV72,필터 펄스 세정 밸브,필터 세정 밸브,BF02,자료에서 확인,,ev-72 (%Q20.5),,,1895:1456 Coil EV-72 <- (((ON AND Tag_132) AND [Data.Ev_filter_on = 54]) AND Abilita_lavaggio_BF02) / 조건에 따른 Coil 기록,,1895:1456,1895:1456 Coil EV-72 <- (((ON AND Tag_132) AND [Data.Ev_filter_on = 54]) AND Abilita_lavaggio_BF02) / 조건에 따른 Coil 기록,,,,190,1895,"BASELINE, POWER, VOLTAGE, ADDRESS, SOURCE-XML",TIA 호출 조건·주기·중복 쓰기 순서와 전원 재시작 동작 확인; 현재 PLC 프로그램·현장 설치·단자·정상 극성 및 실제 설정값 대조; 시험 기대 결과 확정과 실행 증거 수집; 직접 HMI 설정 미식별: 표시용 가공 태그·상위 화면 여부 확인; 자동·수동 모드 전환 및 우선순위 미확정; 전용 타이머 또는 무지연 동작 여부 미확정,자료 연결 완료 · 동작 확정 검토 중
EV73,필터 펄스 세정 밸브,필터 세정 밸브,BF02,자료에서 확인,,ev-73 (%Q20.6),,,1895:1470 Coil EV-73 <- (((ON AND Tag_132) AND [Data.Ev_filter_on = 56]) AND Abilita_lavaggio_BF02) / 조건에 따른 Coil 기록,,1895:1470,1895:1470 Coil EV-73 <- (((ON AND Tag_132) AND [Data.Ev_filter_on = 56]) AND Abilita_lavaggio_BF02) / 조건에 따른 Coil 기록,,,,190,1895,"BASELINE, POWER, VOLTAGE, ADDRESS, SOURCE-XML",TIA 호출 조건·주기·중복 쓰기 순서와 전원 재시작 동작 확인; 현재 PLC 프로그램·현장 설치·단자·정상 극성 및 실제 설정값 대조; 시험 기대 결과 확정과 실행 증거 수집; 직접 HMI 설정 미식별: 표시용 가공 태그·상위 화면 여부 확인; 자동·수동 모드 전환 및 우선순위 미확정; 전용 타이머 또는 무지연 동작 여부 미확정,자료 연결 완료 · 동작 확정 검토 중
EV74,필터 펄스 세정 밸브,필터 세정 밸브,BF02,자료에서 확인,,ev-74 (%Q20.7),,,1895:1484 Coil EV-74 <- (((ON AND Tag_132) AND [Data.Ev_filter_on = 58]) AND Abilita_lavaggio_BF02) / 조건에 따른 Coil 기록,,1895:1484,1895:1484 Coil EV-74 <- (((ON AND Tag_132) AND [Data.Ev_filter_on = 58]) AND Abilita_lavaggio_BF02) / 조건에 따른 Coil 기록,,,,190,1895,"BASELINE, POWER, VOLTAGE, ADDRESS, SOURCE-XML",TIA 호출 조건·주기·중복 쓰기 순서와 전원 재시작 동작 확인; 현재 PLC 프로그램·현장 설치·단자·정상 극성 및 실제 설정값 대조; 시험 기대 결과 확정과 실행 증거 수집; 직접 HMI 설정 미식별: 표시용 가공 태그·상위 화면 여부 확인; 자동·수동 모드 전환 및 우선순위 미확정; 전용 타이머 또는 무지연 동작 여부 미확정,자료 연결 완료 · 동작 확정 검토 중
EV75,필터 펄스 세정 밸브,필터 세정 밸브,BF02,자료에서 확인,,ev-75 (%Q21.0),,,1895:1498 Coil EV-75 <- (((ON AND Tag_132) AND [Data.Ev_filter_on = 60]) AND Abilita_lavaggio_BF02) / 조건에 따른 Coil 기록,,1895:1498,1895:1498 Coil EV-75 <- (((ON AND Tag_132) AND [Data.Ev_filter_on = 60]) AND Abilita_lavaggio_BF02) / 조건에 따른 Coil 기록,,,,191,1895,"BASELINE, POWER, VOLTAGE, ADDRESS, SOURCE-XML",TIA 호출 조건·주기·중복 쓰기 순서와 전원 재시작 동작 확인; 현재 PLC 프로그램·현장 설치·단자·정상 극성 및 실제 설정값 대조; 시험 기대 결과 확정과 실행 증거 수집; 직접 HMI 설정 미식별: 표시용 가공 태그·상위 화면 여부 확인; 자동·수동 모드 전환 및 우선순위 미확정; 전용 타이머 또는 무지연 동작 여부 미확정,자료 연결 완료 · 동작 확정 검토 중
EV76,필터 펄스 세정 밸브,필터 세정 밸브,BF02,자료에서 확인,,ev-76 (%Q21.1),,,1896:1578 Coil EV-76 <- (((ON AND Tag_132) AND [Data.Ev_filter_on = 62]) AND Abilita_lavaggio_BF02) / 조건에 따른 Coil 기록,,1896:1578,1896:1578 Coil EV-76 <- (((ON AND Tag_132) AND [Data.Ev_filter_on = 62]) AND Abilita_lavaggio_BF02) / 조건에 따른 Coil 기록,,,,191,1896,"BASELINE, POWER, VOLTAGE, ADDRESS, SOURCE-XML",TIA 호출 조건·주기·중복 쓰기 순서와 전원 재시작 동작 확인; 현재 PLC 프로그램·현장 설치·단자·정상 극성 및 실제 설정값 대조; 시험 기대 결과 확정과 실행 증거 수집; 직접 HMI 설정 미식별: 표시용 가공 태그·상위 화면 여부 확인; 자동·수동 모드 전환 및 우선순위 미확정; 전용 타이머 또는 무지연 동작 여부 미확정,자료 연결 완료 · 동작 확정 검토 중
EV77,필터 펄스 세정 밸브,필터 세정 밸브,BF02,자료에서 확인,,ev-77 (%Q21.2),,,1896:1592 Coil EV-77 <- (((ON AND Tag_132) AND [Data.Ev_filter_on = 64]) AND Abilita_lavaggio_BF02) / 조건에 따른 Coil 기록,,1896:1592,1896:1592 Coil EV-77 <- (((ON AND Tag_132) AND [Data.Ev_filter_on = 64]) AND Abilita_lavaggio_BF02) / 조건에 따른 Coil 기록,,,,191,1896,"BASELINE, POWER, VOLTAGE, ADDRESS, SOURCE-XML",TIA 호출 조건·주기·중복 쓰기 순서와 전원 재시작 동작 확인; 현재 PLC 프로그램·현장 설치·단자·정상 극성 및 실제 설정값 대조; 시험 기대 결과 확정과 실행 증거 수집; 직접 HMI 설정 미식별: 표시용 가공 태그·상위 화면 여부 확인; 자동·수동 모드 전환 및 우선순위 미확정; 전용 타이머 또는 무지연 동작 여부 미확정,자료 연결 완료 · 동작 확정 검토 중
EV78,필터 펄스 세정 밸브,필터 세정 밸브,BF02,자료에서 확인,,ev-78 (%Q21.3),,,1896:1606 Coil EV-78 <- (((ON AND Tag_132) AND [Data.Ev_filter_on = 66]) AND Abilita_lavaggio_BF02) / 조건에 따른 Coil 기록,,1896:1606,1896:1606 Coil EV-78 <- (((ON AND Tag_132) AND [Data.Ev_filter_on = 66]) AND Abilita_lavaggio_BF02) / 조건에 따른 Coil 기록,,,,192,1896,"BASELINE, POWER, VOLTAGE, ADDRESS, SOURCE-XML",TIA 호출 조건·주기·중복 쓰기 순서와 전원 재시작 동작 확인; 현재 PLC 프로그램·현장 설치·단자·정상 극성 및 실제 설정값 대조; 시험 기대 결과 확정과 실행 증거 수집; 직접 HMI 설정 미식별: 표시용 가공 태그·상위 화면 여부 확인; 자동·수동 모드 전환 및 우선순위 미확정; 전용 타이머 또는 무지연 동작 여부 미확정,자료 연결 완료 · 동작 확정 검토 중
EV79,필터 펄스 세정 밸브,필터 세정 밸브,BF02,자료에서 확인,,ev-79 (%Q21.4),,,1896:1620 Coil EV-79 <- (((ON AND Tag_132) AND [Data.Ev_filter_on = 68]) AND Abilita_lavaggio_BF02) / 조건에 따른 Coil 기록,,1896:1620,1896:1620 Coil EV-79 <- (((ON AND Tag_132) AND [Data.Ev_filter_on = 68]) AND Abilita_lavaggio_BF02) / 조건에 따른 Coil 기록,,,,192,1896,"BASELINE, POWER, VOLTAGE, ADDRESS, SOURCE-XML",TIA 호출 조건·주기·중복 쓰기 순서와 전원 재시작 동작 확인; 현재 PLC 프로그램·현장 설치·단자·정상 극성 및 실제 설정값 대조; 시험 기대 결과 확정과 실행 증거 수집; 직접 HMI 설정 미식별: 표시용 가공 태그·상위 화면 여부 확인; 자동·수동 모드 전환 및 우선순위 미확정; 전용 타이머 또는 무지연 동작 여부 미확정,자료 연결 완료 · 동작 확정 검토 중
EV80,필터 펄스 세정 밸브,필터 세정 밸브,BF02,자료에서 확인,,ev-80 (%Q21.5),,,1896:1634 Coil EV-80 <- (((ON AND Tag_132) AND [Data.Ev_filter_on = 70]) AND Abilita_lavaggio_BF02) / 조건에 따른 Coil 기록,,1896:1634,1896:1634 Coil EV-80 <- (((ON AND Tag_132) AND [Data.Ev_filter_on = 70]) AND Abilita_lavaggio_BF02) / 조건에 따른 Coil 기록,,,,192,1896,"BASELINE, POWER, VOLTAGE, ADDRESS, SOURCE-XML",TIA 호출 조건·주기·중복 쓰기 순서와 전원 재시작 동작 확인; 현재 PLC 프로그램·현장 설치·단자·정상 극성 및 실제 설정값 대조; 시험 기대 결과 확정과 실행 증거 수집; 직접 HMI 설정 미식별: 표시용 가공 태그·상위 화면 여부 확인; 자동·수동 모드 전환 및 우선순위 미확정; 전용 타이머 또는 무지연 동작 여부 미확정,자료 연결 완료 · 동작 확정 검토 중
EV81,필터 펄스 세정 밸브,필터 세정 밸브,BF02,자료에서 확인,,ev-81 (%Q21.6),,,1897:1714 Coil EV-81 <- (((ON AND Tag_132) AND [Data.Ev_filter_on = 72]) AND Abilita_lavaggio_BF02) / 조건에 따른 Coil 기록,,1897:1714,1897:1714 Coil EV-81 <- (((ON AND Tag_132) AND [Data.Ev_filter_on = 72]) AND Abilita_lavaggio_BF02) / 조건에 따른 Coil 기록,,,,193,1897,"BASELINE, POWER, VOLTAGE, ADDRESS, SOURCE-XML",TIA 호출 조건·주기·중복 쓰기 순서와 전원 재시작 동작 확인; 현재 PLC 프로그램·현장 설치·단자·정상 극성 및 실제 설정값 대조; 시험 기대 결과 확정과 실행 증거 수집; 직접 HMI 설정 미식별: 표시용 가공 태그·상위 화면 여부 확인; 자동·수동 모드 전환 및 우선순위 미확정; 전용 타이머 또는 무지연 동작 여부 미확정,자료 연결 완료 · 동작 확정 검토 중
EV82,필터 펄스 세정 밸브,필터 세정 밸브,BF02,자료에서 확인,,ev-82 (%Q21.7),,,1897:1728 Coil EV-82 <- (((ON AND Tag_132) AND [Data.Ev_filter_on = 74]) AND Abilita_lavaggio_BF02) / 조건에 따른 Coil 기록,,1897:1728,1897:1728 Coil EV-82 <- (((ON AND Tag_132) AND [Data.Ev_filter_on = 74]) AND Abilita_lavaggio_BF02) / 조건에 따른 Coil 기록,,,,193,1897,"BASELINE, POWER, VOLTAGE, ADDRESS, SOURCE-XML",TIA 호출 조건·주기·중복 쓰기 순서와 전원 재시작 동작 확인; 현재 PLC 프로그램·현장 설치·단자·정상 극성 및 실제 설정값 대조; 시험 기대 결과 확정과 실행 증거 수집; 직접 HMI 설정 미식별: 표시용 가공 태그·상위 화면 여부 확인; 자동·수동 모드 전환 및 우선순위 미확정; 전용 타이머 또는 무지연 동작 여부 미확정,자료 연결 완료 · 동작 확정 검토 중
EV83,필터 펄스 세정 밸브,필터 세정 밸브,BF02,자료에서 확인,,ev-83 (%Q22.0),,,1897:1742 Coil EV-83 <- (((ON AND Tag_132) AND [Data.Ev_filter_on = 76]) AND Abilita_lavaggio_BF02) / 조건에 따른 Coil 기록,,1897:1742,1897:1742 Coil EV-83 <- (((ON AND Tag_132) AND [Data.Ev_filter_on = 76]) AND Abilita_lavaggio_BF02) / 조건에 따른 Coil 기록,,,,193,1897,"BASELINE, POWER, VOLTAGE, ADDRESS, SOURCE-XML",TIA 호출 조건·주기·중복 쓰기 순서와 전원 재시작 동작 확인; 현재 PLC 프로그램·현장 설치·단자·정상 극성 및 실제 설정값 대조; 시험 기대 결과 확정과 실행 증거 수집; 직접 HMI 설정 미식별: 표시용 가공 태그·상위 화면 여부 확인; 자동·수동 모드 전환 및 우선순위 미확정; 전용 타이머 또는 무지연 동작 여부 미확정,자료 연결 완료 · 동작 확정 검토 중
EV84,필터 펄스 세정 밸브,필터 세정 밸브,BF02,자료에서 확인,,ev-84 (%Q22.1),,,1897:1756 Coil EV-84 <- (((ON AND Tag_132) AND [Data.Ev_filter_on = 78]) AND Abilita_lavaggio_BF02) / 조건에 따른 Coil 기록,,1897:1756,1897:1756 Coil EV-84 <- (((ON AND Tag_132) AND [Data.Ev_filter_on = 78]) AND Abilita_lavaggio_BF02) / 조건에 따른 Coil 기록,,,,194,1897,"BASELINE, POWER, VOLTAGE, ADDRESS, SOURCE-XML",TIA 호출 조건·주기·중복 쓰기 순서와 전원 재시작 동작 확인; 현재 PLC 프로그램·현장 설치·단자·정상 극성 및 실제 설정값 대조; 시험 기대 결과 확정과 실행 증거 수집; 직접 HMI 설정 미식별: 표시용 가공 태그·상위 화면 여부 확인; 자동·수동 모드 전환 및 우선순위 미확정; 전용 타이머 또는 무지연 동작 여부 미확정,자료 연결 완료 · 동작 확정 검토 중
EV85,필터 펄스 세정 밸브,필터 세정 밸브,BF02,자료에서 확인,,ev-85 (%Q22.2),,,1897:1770 Coil EV-85 <- (((ON AND Tag_132) AND [Data.Ev_filter_on = 80]) AND Abilita_lavaggio_BF02) / 조건에 따른 Coil 기록,,1897:1770,1897:1770 Coil EV-85 <- (((ON AND Tag_132) AND [Data.Ev_filter_on = 80]) AND Abilita_lavaggio_BF02) / 조건에 따른 Coil 기록,,,,194,1897,"BASELINE, POWER, VOLTAGE, ADDRESS, SOURCE-XML",TIA 호출 조건·주기·중복 쓰기 순서와 전원 재시작 동작 확인; 현재 PLC 프로그램·현장 설치·단자·정상 극성 및 실제 설정값 대조; 시험 기대 결과 확정과 실행 증거 수집; 직접 HMI 설정 미식별: 표시용 가공 태그·상위 화면 여부 확인; 자동·수동 모드 전환 및 우선순위 미확정; 전용 타이머 또는 무지연 동작 여부 미확정,자료 연결 완료 · 동작 확정 검토 중
EV86,필터 펄스 세정 밸브,필터 세정 밸브,BF02,자료에서 확인,,ev-86 (%Q22.3),,,1898:1850 Coil EV-86 <- (((ON AND Tag_132) AND [Data.Ev_filter_on = 82]) AND Abilita_lavaggio_BF02) / 조건에 따른 Coil 기록,,1898:1850,1898:1850 Coil EV-86 <- (((ON AND Tag_132) AND [Data.Ev_filter_on = 82]) AND Abilita_lavaggio_BF02) / 조건에 따른 Coil 기록,,,,194,1898,"BASELINE, POWER, VOLTAGE, ADDRESS, SOURCE-XML",TIA 호출 조건·주기·중복 쓰기 순서와 전원 재시작 동작 확인; 현재 PLC 프로그램·현장 설치·단자·정상 극성 및 실제 설정값 대조; 시험 기대 결과 확정과 실행 증거 수집; 직접 HMI 설정 미식별: 표시용 가공 태그·상위 화면 여부 확인; 자동·수동 모드 전환 및 우선순위 미확정; 전용 타이머 또는 무지연 동작 여부 미확정,자료 연결 완료 · 동작 확정 검토 중
EV87,필터 펄스 세정 밸브,필터 세정 밸브,BF02,자료에서 확인,,ev-87 (%Q22.4),,,1898:1864 Coil EV-87 <- (((ON AND Tag_132) AND [Data.Ev_filter_on = 84]) AND Abilita_lavaggio_BF02) / 조건에 따른 Coil 기록,,1898:1864,1898:1864 Coil EV-87 <- (((ON AND Tag_132) AND [Data.Ev_filter_on = 84]) AND Abilita_lavaggio_BF02) / 조건에 따른 Coil 기록,,,,195,1898,"BASELINE, POWER, VOLTAGE, ADDRESS, SOURCE-XML",TIA 호출 조건·주기·중복 쓰기 순서와 전원 재시작 동작 확인; 현재 PLC 프로그램·현장 설치·단자·정상 극성 및 실제 설정값 대조; 시험 기대 결과 확정과 실행 증거 수집; 직접 HMI 설정 미식별: 표시용 가공 태그·상위 화면 여부 확인; 자동·수동 모드 전환 및 우선순위 미확정; 전용 타이머 또는 무지연 동작 여부 미확정,자료 연결 완료 · 동작 확정 검토 중
EV88,필터 펄스 세정 밸브,필터 세정 밸브,BF02,자료에서 확인,,ev-88 (%Q22.5),,,1898:1878 Coil EV-88 <- (((ON AND Tag_132) AND [Data.Ev_filter_on = 86]) AND Abilita_lavaggio_BF02) / 조건에 따른 Coil 기록,,1898:1878,1898:1878 Coil EV-88 <- (((ON AND Tag_132) AND [Data.Ev_filter_on = 86]) AND Abilita_lavaggio_BF02) / 조건에 따른 Coil 기록,,,,195,1898,"BASELINE, POWER, VOLTAGE, ADDRESS, SOURCE-XML",TIA 호출 조건·주기·중복 쓰기 순서와 전원 재시작 동작 확인; 현재 PLC 프로그램·현장 설치·단자·정상 극성 및 실제 설정값 대조; 시험 기대 결과 확정과 실행 증거 수집; 직접 HMI 설정 미식별: 표시용 가공 태그·상위 화면 여부 확인; 자동·수동 모드 전환 및 우선순위 미확정; 전용 타이머 또는 무지연 동작 여부 미확정,자료 연결 완료 · 동작 확정 검토 중
EV89,필터 펄스 세정 밸브,필터 세정 밸브,BF02,자료에서 확인,,ev-89 (%Q22.6),,,1898:1892 Coil EV-89 <- (((ON AND Tag_132) AND [Data.Ev_filter_on = 88]) AND Abilita_lavaggio_BF02) / 조건에 따른 Coil 기록,,1898:1892,1898:1892 Coil EV-89 <- (((ON AND Tag_132) AND [Data.Ev_filter_on = 88]) AND Abilita_lavaggio_BF02) / 조건에 따른 Coil 기록,,,,195,1898,"BASELINE, POWER, VOLTAGE, ADDRESS, SOURCE-XML",TIA 호출 조건·주기·중복 쓰기 순서와 전원 재시작 동작 확인; 현재 PLC 프로그램·현장 설치·단자·정상 극성 및 실제 설정값 대조; 시험 기대 결과 확정과 실행 증거 수집; 직접 HMI 설정 미식별: 표시용 가공 태그·상위 화면 여부 확인; 자동·수동 모드 전환 및 우선순위 미확정; 전용 타이머 또는 무지연 동작 여부 미확정,자료 연결 완료 · 동작 확정 검토 중
EV90,필터 펄스 세정 밸브,필터 세정 밸브,BF02,자료에서 확인,,ev-90 (%Q22.7),,,1898:1906 Coil EV-90 <- (((ON AND Tag_132) AND [Data.Ev_filter_on = 90]) AND Abilita_lavaggio_BF02) / 조건에 따른 Coil 기록,,1898:1906,1898:1906 Coil EV-90 <- (((ON AND Tag_132) AND [Data.Ev_filter_on = 90]) AND Abilita_lavaggio_BF02) / 조건에 따른 Coil 기록,,,,196,1898,"BASELINE, POWER, VOLTAGE, ADDRESS, SOURCE-XML",TIA 호출 조건·주기·중복 쓰기 순서와 전원 재시작 동작 확인; 현재 PLC 프로그램·현장 설치·단자·정상 극성 및 실제 설정값 대조; 시험 기대 결과 확정과 실행 증거 수집; 직접 HMI 설정 미식별: 표시용 가공 태그·상위 화면 여부 확인; 자동·수동 모드 전환 및 우선순위 미확정; 전용 타이머 또는 무지연 동작 여부 미확정,자료 연결 완료 · 동작 확정 검토 중
CYL-CL01,공압 실린더,하위 구성품,PV01,자료에서 확인,,,,,,,,,,,,,,"BASELINE, POWER, VOLTAGE, ADDRESS, CL-NAMESPACE, SOURCE-XML",TIA 호출 조건·주기·중복 쓰기 순서와 전원 재시작 동작 확인; 현재 PLC 프로그램·현장 설치·단자·정상 극성 및 실제 설정값 대조; 시험 기대 결과 확정과 실행 증거 수집; 직접 I/O 미식별: 상위 장치·로컬 계측·공통 기능 여부 확인; 직접 HMI 설정 미식별: 표시용 가공 태그·상위 화면 여부 확인; 직접 LAD 미식별: 실물/예비 상태 또는 상위 제어 연결 확인; 자동·수동 모드 전환 및 우선순위 미확정; 전용 타이머 또는 무지연 동작 여부 미확정; 상태 전환 순서 또는 단일 동작·수동 장치 여부 미확정,자료 연결 완료 · 동작 확정 검토 중
CYL-CL02,공압 실린더,하위 구성품,PV01,자료에서 확인,,,,,,,,,,,,,,"BASELINE, POWER, VOLTAGE, ADDRESS, CL-NAMESPACE, SOURCE-XML",TIA 호출 조건·주기·중복 쓰기 순서와 전원 재시작 동작 확인; 현재 PLC 프로그램·현장 설치·단자·정상 극성 및 실제 설정값 대조; 시험 기대 결과 확정과 실행 증거 수집; 직접 I/O 미식별: 상위 장치·로컬 계측·공통 기능 여부 확인; 직접 HMI 설정 미식별: 표시용 가공 태그·상위 화면 여부 확인; 직접 LAD 미식별: 실물/예비 상태 또는 상위 제어 연결 확인; 자동·수동 모드 전환 및 우선순위 미확정; 전용 타이머 또는 무지연 동작 여부 미확정; 상태 전환 순서 또는 단일 동작·수동 장치 여부 미확정,자료 연결 완료 · 동작 확정 검토 중
CYL-CL03,공압 실린더,하위 구성품,PV01,자료에서 확인,,,,,,,,,,,,,,"BASELINE, POWER, VOLTAGE, ADDRESS, CL-NAMESPACE, SOURCE-XML",TIA 호출 조건·주기·중복 쓰기 순서와 전원 재시작 동작 확인; 현재 PLC 프로그램·현장 설치·단자·정상 극성 및 실제 설정값 대조; 시험 기대 결과 확정과 실행 증거 수집; 직접 I/O 미식별: 상위 장치·로컬 계측·공통 기능 여부 확인; 직접 HMI 설정 미식별: 표시용 가공 태그·상위 화면 여부 확인; 직접 LAD 미식별: 실물/예비 상태 또는 상위 제어 연결 확인; 자동·수동 모드 전환 및 우선순위 미확정; 전용 타이머 또는 무지연 동작 여부 미확정; 상태 전환 순서 또는 단일 동작·수동 장치 여부 미확정,자료 연결 완료 · 동작 확정 검토 중
CYL-CL04,공압 실린더,하위 구성품,PV01,자료에서 확인,,,,,,,,,,,,,,"BASELINE, POWER, VOLTAGE, ADDRESS, CL-NAMESPACE, SOURCE-XML",TIA 호출 조건·주기·중복 쓰기 순서와 전원 재시작 동작 확인; 현재 PLC 프로그램·현장 설치·단자·정상 극성 및 실제 설정값 대조; 시험 기대 결과 확정과 실행 증거 수집; 직접 I/O 미식별: 상위 장치·로컬 계측·공통 기능 여부 확인; 직접 HMI 설정 미식별: 표시용 가공 태그·상위 화면 여부 확인; 직접 LAD 미식별: 실물/예비 상태 또는 상위 제어 연결 확인; 자동·수동 모드 전환 및 우선순위 미확정; 전용 타이머 또는 무지연 동작 여부 미확정; 상태 전환 순서 또는 단일 동작·수동 장치 여부 미확정,자료 연결 완료 · 동작 확정 검토 중
CYL-CL05,공압 실린더,하위 구성품,PV02,자료에서 확인,,,,,,,,,,,,,,"BASELINE, POWER, VOLTAGE, ADDRESS, CL-NAMESPACE, SOURCE-XML",TIA 호출 조건·주기·중복 쓰기 순서와 전원 재시작 동작 확인; 현재 PLC 프로그램·현장 설치·단자·정상 극성 및 실제 설정값 대조; 시험 기대 결과 확정과 실행 증거 수집; 직접 I/O 미식별: 상위 장치·로컬 계측·공통 기능 여부 확인; 직접 HMI 설정 미식별: 표시용 가공 태그·상위 화면 여부 확인; 직접 LAD 미식별: 실물/예비 상태 또는 상위 제어 연결 확인; 자동·수동 모드 전환 및 우선순위 미확정; 전용 타이머 또는 무지연 동작 여부 미확정; 상태 전환 순서 또는 단일 동작·수동 장치 여부 미확정,자료 연결 완료 · 동작 확정 검토 중
CYL-CL06,공압 실린더,하위 구성품,PV02,자료에서 확인,,,,,,,,,,,,,,"BASELINE, POWER, VOLTAGE, ADDRESS, CL-NAMESPACE, SOURCE-XML",TIA 호출 조건·주기·중복 쓰기 순서와 전원 재시작 동작 확인; 현재 PLC 프로그램·현장 설치·단자·정상 극성 및 실제 설정값 대조; 시험 기대 결과 확정과 실행 증거 수집; 직접 I/O 미식별: 상위 장치·로컬 계측·공통 기능 여부 확인; 직접 HMI 설정 미식별: 표시용 가공 태그·상위 화면 여부 확인; 직접 LAD 미식별: 실물/예비 상태 또는 상위 제어 연결 확인; 자동·수동 모드 전환 및 우선순위 미확정; 전용 타이머 또는 무지연 동작 여부 미확정; 상태 전환 순서 또는 단일 동작·수동 장치 여부 미확정,자료 연결 완료 · 동작 확정 검토 중
CYL-CL07,공압 실린더,하위 구성품,PV02,자료에서 확인,,,,,,,,,,,,,,"BASELINE, POWER, VOLTAGE, ADDRESS, CL-NAMESPACE, SOURCE-XML",TIA 호출 조건·주기·중복 쓰기 순서와 전원 재시작 동작 확인; 현재 PLC 프로그램·현장 설치·단자·정상 극성 및 실제 설정값 대조; 시험 기대 결과 확정과 실행 증거 수집; 직접 I/O 미식별: 상위 장치·로컬 계측·공통 기능 여부 확인; 직접 HMI 설정 미식별: 표시용 가공 태그·상위 화면 여부 확인; 직접 LAD 미식별: 실물/예비 상태 또는 상위 제어 연결 확인; 자동·수동 모드 전환 및 우선순위 미확정; 전용 타이머 또는 무지연 동작 여부 미확정; 상태 전환 순서 또는 단일 동작·수동 장치 여부 미확정,자료 연결 완료 · 동작 확정 검토 중
CYL-CL08,공압 실린더,하위 구성품,PV02,자료에서 확인,,,,,,,,,,,,,,"BASELINE, POWER, VOLTAGE, ADDRESS, CL-NAMESPACE, SOURCE-XML",TIA 호출 조건·주기·중복 쓰기 순서와 전원 재시작 동작 확인; 현재 PLC 프로그램·현장 설치·단자·정상 극성 및 실제 설정값 대조; 시험 기대 결과 확정과 실행 증거 수집; 직접 I/O 미식별: 상위 장치·로컬 계측·공통 기능 여부 확인; 직접 HMI 설정 미식별: 표시용 가공 태그·상위 화면 여부 확인; 직접 LAD 미식별: 실물/예비 상태 또는 상위 제어 연결 확인; 자동·수동 모드 전환 및 우선순위 미확정; 전용 타이머 또는 무지연 동작 여부 미확정; 상태 전환 순서 또는 단일 동작·수동 장치 여부 미확정,자료 연결 완료 · 동작 확정 검토 중
CYL-CL09,공압 실린더,하위 구성품,PV03,자료에서 확인,,,,,,,,,,,,,,"BASELINE, POWER, VOLTAGE, ADDRESS, CL-NAMESPACE, SOURCE-XML",TIA 호출 조건·주기·중복 쓰기 순서와 전원 재시작 동작 확인; 현재 PLC 프로그램·현장 설치·단자·정상 극성 및 실제 설정값 대조; 시험 기대 결과 확정과 실행 증거 수집; 직접 I/O 미식별: 상위 장치·로컬 계측·공통 기능 여부 확인; 직접 HMI 설정 미식별: 표시용 가공 태그·상위 화면 여부 확인; 직접 LAD 미식별: 실물/예비 상태 또는 상위 제어 연결 확인; 자동·수동 모드 전환 및 우선순위 미확정; 전용 타이머 또는 무지연 동작 여부 미확정; 상태 전환 순서 또는 단일 동작·수동 장치 여부 미확정,자료 연결 완료 · 동작 확정 검토 중
CYL-CL10,공압 실린더,하위 구성품,PV03,자료에서 확인,,,,,,,,,,,,,,"BASELINE, POWER, VOLTAGE, ADDRESS, CL-NAMESPACE, SOURCE-XML",TIA 호출 조건·주기·중복 쓰기 순서와 전원 재시작 동작 확인; 현재 PLC 프로그램·현장 설치·단자·정상 극성 및 실제 설정값 대조; 시험 기대 결과 확정과 실행 증거 수집; 직접 I/O 미식별: 상위 장치·로컬 계측·공통 기능 여부 확인; 직접 HMI 설정 미식별: 표시용 가공 태그·상위 화면 여부 확인; 직접 LAD 미식별: 실물/예비 상태 또는 상위 제어 연결 확인; 자동·수동 모드 전환 및 우선순위 미확정; 전용 타이머 또는 무지연 동작 여부 미확정; 상태 전환 순서 또는 단일 동작·수동 장치 여부 미확정,자료 연결 완료 · 동작 확정 검토 중
CYL-CL11,공압 실린더,하위 구성품,PV04,자료에서 확인,,,,,,,,,,,,,,"BASELINE, POWER, VOLTAGE, ADDRESS, MC05-SC12-PV04, CL-NAMESPACE, SOURCE-XML",TIA 호출 조건·주기·중복 쓰기 순서와 전원 재시작 동작 확인; 현재 PLC 프로그램·현장 설치·단자·정상 극성 및 실제 설정값 대조; 시험 기대 결과 확정과 실행 증거 수집; 직접 I/O 미식별: 상위 장치·로컬 계측·공통 기능 여부 확인; 직접 HMI 설정 미식별: 표시용 가공 태그·상위 화면 여부 확인; 직접 LAD 미식별: 실물/예비 상태 또는 상위 제어 연결 확인; 자동·수동 모드 전환 및 우선순위 미확정; 전용 타이머 또는 무지연 동작 여부 미확정; 상태 전환 순서 또는 단일 동작·수동 장치 여부 미확정,자료 연결 완료 · 동작 확정 검토 중
CYL-CL12,공압 실린더,하위 구성품,PV14,자료에서 확인,,,,,,,,,,,,,,"BASELINE, POWER, VOLTAGE, ADDRESS, CL-NAMESPACE, SOURCE-XML",TIA 호출 조건·주기·중복 쓰기 순서와 전원 재시작 동작 확인; 현재 PLC 프로그램·현장 설치·단자·정상 극성 및 실제 설정값 대조; 시험 기대 결과 확정과 실행 증거 수집; 직접 I/O 미식별: 상위 장치·로컬 계측·공통 기능 여부 확인; 직접 HMI 설정 미식별: 표시용 가공 태그·상위 화면 여부 확인; 직접 LAD 미식별: 실물/예비 상태 또는 상위 제어 연결 확인; 자동·수동 모드 전환 및 우선순위 미확정; 전용 타이머 또는 무지연 동작 여부 미확정; 상태 전환 순서 또는 단일 동작·수동 장치 여부 미확정,자료 연결 완료 · 동작 확정 검토 중
LS01,밸브 위치 리미트 스위치,하위 구성품,PV01,P&ID/전기/백업 번호 대조,ev01_open (%I8.6),,,,,,,,,,,"69, 70",,"BASELINE, POWER, VOLTAGE, ADDRESS, SOURCE-XML",TIA 호출 조건·주기·중복 쓰기 순서와 전원 재시작 동작 확인; 현재 PLC 프로그램·현장 설치·단자·정상 극성 및 실제 설정값 대조; 시험 기대 결과 확정과 실행 증거 수집; 직접 HMI 설정 미식별: 표시용 가공 태그·상위 화면 여부 확인; 직접 LAD 미식별: 실물/예비 상태 또는 상위 제어 연결 확인; 자동·수동 모드 전환 및 우선순위 미확정; 전용 타이머 또는 무지연 동작 여부 미확정; 상태 전환 순서 또는 단일 동작·수동 장치 여부 미확정,자료 연결 완료 · 동작 확정 검토 중
LS02,밸브 위치 리미트 스위치,하위 구성품,PV01,P&ID/전기/백업 번호 대조,ev01_close (%I8.7),,,,,,,,,,,"69, 70","1090, 1215, 1921","BASELINE, POWER, VOLTAGE, PV01-LS02, ADDRESS, SOURCE-XML",TIA 호출 조건·주기·중복 쓰기 순서와 전원 재시작 동작 확인; 현재 PLC 프로그램·현장 설치·단자·정상 극성 및 실제 설정값 대조; 시험 기대 결과 확정과 실행 증거 수집; 직접 HMI 설정 미식별: 표시용 가공 태그·상위 화면 여부 확인; 자동·수동 모드 전환 및 우선순위 미확정; 전용 타이머 또는 무지연 동작 여부 미확정; 상태 전환 순서 또는 단일 동작·수동 장치 여부 미확정,자료 연결 완료 · 동작 확정 검토 중
LS05,밸브 위치 리미트 스위치,하위 구성품,PV01,P&ID/전기/백업 번호 대조,ev02_open (%I9.0),,,,,,,,,,,"69, 70",,"BASELINE, POWER, VOLTAGE, ADDRESS, SOURCE-XML",TIA 호출 조건·주기·중복 쓰기 순서와 전원 재시작 동작 확인; 현재 PLC 프로그램·현장 설치·단자·정상 극성 및 실제 설정값 대조; 시험 기대 결과 확정과 실행 증거 수집; 직접 HMI 설정 미식별: 표시용 가공 태그·상위 화면 여부 확인; 직접 LAD 미식별: 실물/예비 상태 또는 상위 제어 연결 확인; 자동·수동 모드 전환 및 우선순위 미확정; 전용 타이머 또는 무지연 동작 여부 미확정; 상태 전환 순서 또는 단일 동작·수동 장치 여부 미확정,자료 연결 완료 · 동작 확정 검토 중
LS06,밸브 위치 리미트 스위치,하위 구성품,PV01,P&ID/전기/백업 번호 대조,ev02_close (%I9.1),,,,,,,,,,,"69, 70","1090, 1215, 1922","BASELINE, POWER, VOLTAGE, ADDRESS, SOURCE-XML",TIA 호출 조건·주기·중복 쓰기 순서와 전원 재시작 동작 확인; 현재 PLC 프로그램·현장 설치·단자·정상 극성 및 실제 설정값 대조; 시험 기대 결과 확정과 실행 증거 수집; 직접 HMI 설정 미식별: 표시용 가공 태그·상위 화면 여부 확인; 자동·수동 모드 전환 및 우선순위 미확정; 전용 타이머 또는 무지연 동작 여부 미확정; 상태 전환 순서 또는 단일 동작·수동 장치 여부 미확정,자료 연결 완료 · 동작 확정 검토 중
LS09,밸브 위치 리미트 스위치,하위 구성품,PV03,P&ID/전기/백업 번호 대조,deviator open pv-03 (%I10.2),,,,,,,,,,,73,,"BASELINE, POWER, VOLTAGE, ADDRESS, SOURCE-XML",TIA 호출 조건·주기·중복 쓰기 순서와 전원 재시작 동작 확인; 현재 PLC 프로그램·현장 설치·단자·정상 극성 및 실제 설정값 대조; 시험 기대 결과 확정과 실행 증거 수집; 직접 HMI 설정 미식별: 표시용 가공 태그·상위 화면 여부 확인; 직접 LAD 미식별: 실물/예비 상태 또는 상위 제어 연결 확인; 자동·수동 모드 전환 및 우선순위 미확정; 전용 타이머 또는 무지연 동작 여부 미확정; 상태 전환 순서 또는 단일 동작·수동 장치 여부 미확정,자료 연결 완료 · 동작 확정 검토 중
LS10,밸브 위치 리미트 스위치,하위 구성품,PV03,P&ID/전기/백업 번호 대조,deviator close pv-03 (%I10.3),,,,,,,,,,,73,,"BASELINE, POWER, VOLTAGE, ADDRESS, SOURCE-XML",TIA 호출 조건·주기·중복 쓰기 순서와 전원 재시작 동작 확인; 현재 PLC 프로그램·현장 설치·단자·정상 극성 및 실제 설정값 대조; 시험 기대 결과 확정과 실행 증거 수집; 직접 HMI 설정 미식별: 표시용 가공 태그·상위 화면 여부 확인; 직접 LAD 미식별: 실물/예비 상태 또는 상위 제어 연결 확인; 자동·수동 모드 전환 및 우선순위 미확정; 전용 타이머 또는 무지연 동작 여부 미확정; 상태 전환 순서 또는 단일 동작·수동 장치 여부 미확정,자료 연결 완료 · 동작 확정 검토 중
LS15,밸브 위치 리미트 스위치,하위 구성품,MV05,P&ID/전기/백업 번호 대조,mv05_open (%I7.1),,,,,,,,,,,"30, 31, 34, 35",,"BASELINE, POWER, VOLTAGE, ADDRESS, SOURCE-XML",TIA 호출 조건·주기·중복 쓰기 순서와 전원 재시작 동작 확인; 현재 PLC 프로그램·현장 설치·단자·정상 극성 및 실제 설정값 대조; 시험 기대 결과 확정과 실행 증거 수집; 직접 HMI 설정 미식별: 표시용 가공 태그·상위 화면 여부 확인; 직접 LAD 미식별: 실물/예비 상태 또는 상위 제어 연결 확인; 자동·수동 모드 전환 및 우선순위 미확정; 전용 타이머 또는 무지연 동작 여부 미확정; 상태 전환 순서 또는 단일 동작·수동 장치 여부 미확정,자료 연결 완료 · 동작 확정 검토 중
LS16,밸브 위치 리미트 스위치,하위 구성품,MV05,P&ID/전기/백업 번호 대조,mv05_close (%I7.2),,,,,,,,,,,"30, 31, 34, 35",,"BASELINE, POWER, VOLTAGE, ADDRESS, SOURCE-XML",TIA 호출 조건·주기·중복 쓰기 순서와 전원 재시작 동작 확인; 현재 PLC 프로그램·현장 설치·단자·정상 극성 및 실제 설정값 대조; 시험 기대 결과 확정과 실행 증거 수집; 직접 HMI 설정 미식별: 표시용 가공 태그·상위 화면 여부 확인; 직접 LAD 미식별: 실물/예비 상태 또는 상위 제어 연결 확인; 자동·수동 모드 전환 및 우선순위 미확정; 전용 타이머 또는 무지연 동작 여부 미확정; 상태 전환 순서 또는 단일 동작·수동 장치 여부 미확정,자료 연결 완료 · 동작 확정 검토 중
LS17,밸브 위치 리미트 스위치,하위 구성품,MV02,P&ID/전기/백업 번호 대조,mv02_open (%I7.3),,,,,,,,,,,"30, 31, 36, 37",,"BASELINE, POWER, VOLTAGE, ADDRESS, SOURCE-XML",TIA 호출 조건·주기·중복 쓰기 순서와 전원 재시작 동작 확인; 현재 PLC 프로그램·현장 설치·단자·정상 극성 및 실제 설정값 대조; 시험 기대 결과 확정과 실행 증거 수집; 직접 HMI 설정 미식별: 표시용 가공 태그·상위 화면 여부 확인; 직접 LAD 미식별: 실물/예비 상태 또는 상위 제어 연결 확인; 자동·수동 모드 전환 및 우선순위 미확정; 전용 타이머 또는 무지연 동작 여부 미확정; 상태 전환 순서 또는 단일 동작·수동 장치 여부 미확정,자료 연결 완료 · 동작 확정 검토 중
LS18,밸브 위치 리미트 스위치,하위 구성품,MV02,P&ID/전기/백업 번호 대조,mv02_close (%I7.4),,,,,,,,,,,"30, 31, 36, 37",,"BASELINE, POWER, VOLTAGE, ADDRESS, SOURCE-XML",TIA 호출 조건·주기·중복 쓰기 순서와 전원 재시작 동작 확인; 현재 PLC 프로그램·현장 설치·단자·정상 극성 및 실제 설정값 대조; 시험 기대 결과 확정과 실행 증거 수집; 직접 HMI 설정 미식별: 표시용 가공 태그·상위 화면 여부 확인; 직접 LAD 미식별: 실물/예비 상태 또는 상위 제어 연결 확인; 자동·수동 모드 전환 및 우선순위 미확정; 전용 타이머 또는 무지연 동작 여부 미확정; 상태 전환 순서 또는 단일 동작·수동 장치 여부 미확정,자료 연결 완료 · 동작 확정 검토 중
LS19,밸브 위치 리미트 스위치,하위 구성품,MV03,P&ID/전기/백업 번호 대조,mv03_open (%I7.5),,,,,,,,,,,"38, 39",,"BASELINE, POWER, VOLTAGE, ADDRESS, SOURCE-XML",TIA 호출 조건·주기·중복 쓰기 순서와 전원 재시작 동작 확인; 현재 PLC 프로그램·현장 설치·단자·정상 극성 및 실제 설정값 대조; 시험 기대 결과 확정과 실행 증거 수집; 직접 HMI 설정 미식별: 표시용 가공 태그·상위 화면 여부 확인; 직접 LAD 미식별: 실물/예비 상태 또는 상위 제어 연결 확인; 자동·수동 모드 전환 및 우선순위 미확정; 전용 타이머 또는 무지연 동작 여부 미확정; 상태 전환 순서 또는 단일 동작·수동 장치 여부 미확정,자료 연결 완료 · 동작 확정 검토 중
LS20,밸브 위치 리미트 스위치,하위 구성품,MV03,P&ID/전기/백업 번호 대조,mv03_close (%I7.6),,,,,,,,,,,"38, 39",,"BASELINE, POWER, VOLTAGE, ADDRESS, SOURCE-XML",TIA 호출 조건·주기·중복 쓰기 순서와 전원 재시작 동작 확인; 현재 PLC 프로그램·현장 설치·단자·정상 극성 및 실제 설정값 대조; 시험 기대 결과 확정과 실행 증거 수집; 직접 HMI 설정 미식별: 표시용 가공 태그·상위 화면 여부 확인; 직접 LAD 미식별: 실물/예비 상태 또는 상위 제어 연결 확인; 자동·수동 모드 전환 및 우선순위 미확정; 전용 타이머 또는 무지연 동작 여부 미확정; 상태 전환 순서 또는 단일 동작·수동 장치 여부 미확정,자료 연결 완료 · 동작 확정 검토 중
LS21A,밸브 위치 리미트 스위치,하위 구성품,MV04,P&ID/전기/백업 번호 대조,mv04_open (%I7.7),,,,,,,,,,,"40, 41",,"BASELINE, POWER, VOLTAGE, ADDRESS, SOURCE-XML",TIA 호출 조건·주기·중복 쓰기 순서와 전원 재시작 동작 확인; 현재 PLC 프로그램·현장 설치·단자·정상 극성 및 실제 설정값 대조; 시험 기대 결과 확정과 실행 증거 수집; 직접 HMI 설정 미식별: 표시용 가공 태그·상위 화면 여부 확인; 직접 LAD 미식별: 실물/예비 상태 또는 상위 제어 연결 확인; 자동·수동 모드 전환 및 우선순위 미확정; 전용 타이머 또는 무지연 동작 여부 미확정; 상태 전환 순서 또는 단일 동작·수동 장치 여부 미확정,자료 연결 완료 · 동작 확정 검토 중
LS21B,밸브 위치 리미트 스위치,하위 구성품,MV04,P&ID/전기/백업 번호 대조,mv04_open (%I7.7),,,,,,,,,,,"40, 41",,"BASELINE, POWER, VOLTAGE, ADDRESS, SOURCE-XML",TIA 호출 조건·주기·중복 쓰기 순서와 전원 재시작 동작 확인; 현재 PLC 프로그램·현장 설치·단자·정상 극성 및 실제 설정값 대조; 시험 기대 결과 확정과 실행 증거 수집; 직접 HMI 설정 미식별: 표시용 가공 태그·상위 화면 여부 확인; 직접 LAD 미식별: 실물/예비 상태 또는 상위 제어 연결 확인; 자동·수동 모드 전환 및 우선순위 미확정; 전용 타이머 또는 무지연 동작 여부 미확정; 상태 전환 순서 또는 단일 동작·수동 장치 여부 미확정,자료 연결 완료 · 동작 확정 검토 중
LS22A,밸브 위치 리미트 스위치,하위 구성품,MV04,P&ID/전기/백업 번호 대조,mv04_close (%I8.0),,,,,,,,,,,"40, 41",,"BASELINE, POWER, VOLTAGE, ADDRESS, SOURCE-XML",TIA 호출 조건·주기·중복 쓰기 순서와 전원 재시작 동작 확인; 현재 PLC 프로그램·현장 설치·단자·정상 극성 및 실제 설정값 대조; 시험 기대 결과 확정과 실행 증거 수집; 직접 HMI 설정 미식별: 표시용 가공 태그·상위 화면 여부 확인; 직접 LAD 미식별: 실물/예비 상태 또는 상위 제어 연결 확인; 자동·수동 모드 전환 및 우선순위 미확정; 전용 타이머 또는 무지연 동작 여부 미확정; 상태 전환 순서 또는 단일 동작·수동 장치 여부 미확정,자료 연결 완료 · 동작 확정 검토 중
LS22B,밸브 위치 리미트 스위치,하위 구성품,MV04,P&ID/전기/백업 번호 대조,mv04_close (%I8.0),,,,,,,,,,,"40, 41",,"BASELINE, POWER, VOLTAGE, ADDRESS, SOURCE-XML",TIA 호출 조건·주기·중복 쓰기 순서와 전원 재시작 동작 확인; 현재 PLC 프로그램·현장 설치·단자·정상 극성 및 실제 설정값 대조; 시험 기대 결과 확정과 실행 증거 수집; 직접 HMI 설정 미식별: 표시용 가공 태그·상위 화면 여부 확인; 직접 LAD 미식별: 실물/예비 상태 또는 상위 제어 연결 확인; 자동·수동 모드 전환 및 우선순위 미확정; 전용 타이머 또는 무지연 동작 여부 미확정; 상태 전환 순서 또는 단일 동작·수동 장치 여부 미확정,자료 연결 완료 · 동작 확정 검토 중
LS23,밸브 위치 리미트 스위치,하위 구성품,MV01,P&ID/전기/백업 번호 대조,mv01_open (%I8.1),,,,,,,,,,,"44, 45",,"BASELINE, POWER, VOLTAGE, ADDRESS, SOURCE-XML",TIA 호출 조건·주기·중복 쓰기 순서와 전원 재시작 동작 확인; 현재 PLC 프로그램·현장 설치·단자·정상 극성 및 실제 설정값 대조; 시험 기대 결과 확정과 실행 증거 수집; 직접 HMI 설정 미식별: 표시용 가공 태그·상위 화면 여부 확인; 직접 LAD 미식별: 실물/예비 상태 또는 상위 제어 연결 확인; 자동·수동 모드 전환 및 우선순위 미확정; 전용 타이머 또는 무지연 동작 여부 미확정; 상태 전환 순서 또는 단일 동작·수동 장치 여부 미확정,자료 연결 완료 · 동작 확정 검토 중
LS24,밸브 위치 리미트 스위치,하위 구성품,MV01,P&ID/전기/백업 번호 대조,mv01_close (%I8.2),,,,,,,,,,,"44, 45",,"BASELINE, POWER, VOLTAGE, ADDRESS, SOURCE-XML",TIA 호출 조건·주기·중복 쓰기 순서와 전원 재시작 동작 확인; 현재 PLC 프로그램·현장 설치·단자·정상 극성 및 실제 설정값 대조; 시험 기대 결과 확정과 실행 증거 수집; 직접 HMI 설정 미식별: 표시용 가공 태그·상위 화면 여부 확인; 직접 LAD 미식별: 실물/예비 상태 또는 상위 제어 연결 확인; 자동·수동 모드 전환 및 우선순위 미확정; 전용 타이머 또는 무지연 동작 여부 미확정; 상태 전환 순서 또는 단일 동작·수동 장치 여부 미확정,자료 연결 완료 · 동작 확정 검토 중
LS25,밸브 위치 리미트 스위치,하위 구성품,PV02,P&ID/전기/백업 번호 대조,ev04_open (%I9.4),,,,,,,,,,,"71, 72",,"BASELINE, POWER, VOLTAGE, ADDRESS, SOURCE-XML",TIA 호출 조건·주기·중복 쓰기 순서와 전원 재시작 동작 확인; 현재 PLC 프로그램·현장 설치·단자·정상 극성 및 실제 설정값 대조; 시험 기대 결과 확정과 실행 증거 수집; 직접 HMI 설정 미식별: 표시용 가공 태그·상위 화면 여부 확인; 직접 LAD 미식별: 실물/예비 상태 또는 상위 제어 연결 확인; 자동·수동 모드 전환 및 우선순위 미확정; 전용 타이머 또는 무지연 동작 여부 미확정; 상태 전환 순서 또는 단일 동작·수동 장치 여부 미확정,자료 연결 완료 · 동작 확정 검토 중
LS26,밸브 위치 리미트 스위치,하위 구성품,PV02,P&ID/전기/백업 번호 대조,ev04_close (%I9.5),,,,,,,,,,,"71, 72",,"BASELINE, POWER, VOLTAGE, ADDRESS, SOURCE-XML",TIA 호출 조건·주기·중복 쓰기 순서와 전원 재시작 동작 확인; 현재 PLC 프로그램·현장 설치·단자·정상 극성 및 실제 설정값 대조; 시험 기대 결과 확정과 실행 증거 수집; 직접 HMI 설정 미식별: 표시용 가공 태그·상위 화면 여부 확인; 직접 LAD 미식별: 실물/예비 상태 또는 상위 제어 연결 확인; 자동·수동 모드 전환 및 우선순위 미확정; 전용 타이머 또는 무지연 동작 여부 미확정; 상태 전환 순서 또는 단일 동작·수동 장치 여부 미확정,자료 연결 완료 · 동작 확정 검토 중
LS29,밸브 위치 리미트 스위치,하위 구성품,PV02,P&ID/전기/백업 번호 대조,ev05_open (%I9.6),,,,,,,,,,,"71, 72",,"BASELINE, POWER, VOLTAGE, ADDRESS, SOURCE-XML",TIA 호출 조건·주기·중복 쓰기 순서와 전원 재시작 동작 확인; 현재 PLC 프로그램·현장 설치·단자·정상 극성 및 실제 설정값 대조; 시험 기대 결과 확정과 실행 증거 수집; 직접 HMI 설정 미식별: 표시용 가공 태그·상위 화면 여부 확인; 직접 LAD 미식별: 실물/예비 상태 또는 상위 제어 연결 확인; 자동·수동 모드 전환 및 우선순위 미확정; 전용 타이머 또는 무지연 동작 여부 미확정; 상태 전환 순서 또는 단일 동작·수동 장치 여부 미확정,자료 연결 완료 · 동작 확정 검토 중
LS30,밸브 위치 리미트 스위치,하위 구성품,PV02,P&ID/전기/백업 번호 대조,ev05_close (%I9.7),,,,,,,,,,,"71, 72",,"BASELINE, POWER, VOLTAGE, ADDRESS, SOURCE-XML",TIA 호출 조건·주기·중복 쓰기 순서와 전원 재시작 동작 확인; 현재 PLC 프로그램·현장 설치·단자·정상 극성 및 실제 설정값 대조; 시험 기대 결과 확정과 실행 증거 수집; 직접 HMI 설정 미식별: 표시용 가공 태그·상위 화면 여부 확인; 직접 LAD 미식별: 실물/예비 상태 또는 상위 제어 연결 확인; 자동·수동 모드 전환 및 우선순위 미확정; 전용 타이머 또는 무지연 동작 여부 미확정; 상태 전환 순서 또는 단일 동작·수동 장치 여부 미확정,자료 연결 완료 · 동작 확정 검토 중
LS32,밸브 위치 리미트 스위치,하위 구성품,PV04,P&ID/전기/백업 번호 대조,pv04 close (%I10.6),,,,,,,,,,,74,,"BASELINE, POWER, VOLTAGE, ADDRESS, SOURCE-XML",TIA 호출 조건·주기·중복 쓰기 순서와 전원 재시작 동작 확인; 현재 PLC 프로그램·현장 설치·단자·정상 극성 및 실제 설정값 대조; 시험 기대 결과 확정과 실행 증거 수집; 직접 HMI 설정 미식별: 표시용 가공 태그·상위 화면 여부 확인; 직접 LAD 미식별: 실물/예비 상태 또는 상위 제어 연결 확인; 자동·수동 모드 전환 및 우선순위 미확정; 전용 타이머 또는 무지연 동작 여부 미확정; 상태 전환 순서 또는 단일 동작·수동 장치 여부 미확정,자료 연결 완료 · 동작 확정 검토 중
LS33,밸브 위치 리미트 스위치,하위 구성품,PV04,P&ID/전기/백업 번호 대조,pv04 open (%I10.5),,,,,,,,,,,74,,"BASELINE, POWER, VOLTAGE, ADDRESS, SOURCE-XML",TIA 호출 조건·주기·중복 쓰기 순서와 전원 재시작 동작 확인; 현재 PLC 프로그램·현장 설치·단자·정상 극성 및 실제 설정값 대조; 시험 기대 결과 확정과 실행 증거 수집; 직접 HMI 설정 미식별: 표시용 가공 태그·상위 화면 여부 확인; 직접 LAD 미식별: 실물/예비 상태 또는 상위 제어 연결 확인; 자동·수동 모드 전환 및 우선순위 미확정; 전용 타이머 또는 무지연 동작 여부 미확정; 상태 전환 순서 또는 단일 동작·수동 장치 여부 미확정,자료 연결 완료 · 동작 확정 검토 중
LS34,밸브 위치 리미트 스위치,하위 구성품,MV06,P&ID/전기/백업 번호 대조,,,,,,,,,,,,"30, 31, 32, 33",,"BASELINE, POWER, VOLTAGE, ADDRESS, MV06-LS, SOURCE-XML",TIA 호출 조건·주기·중복 쓰기 순서와 전원 재시작 동작 확인; 현재 PLC 프로그램·현장 설치·단자·정상 극성 및 실제 설정값 대조; 시험 기대 결과 확정과 실행 증거 수집; 직접 I/O 미식별: 상위 장치·로컬 계측·공통 기능 여부 확인; 직접 HMI 설정 미식별: 표시용 가공 태그·상위 화면 여부 확인; 직접 LAD 미식별: 실물/예비 상태 또는 상위 제어 연결 확인; 자동·수동 모드 전환 및 우선순위 미확정; 전용 타이머 또는 무지연 동작 여부 미확정; 상태 전환 순서 또는 단일 동작·수동 장치 여부 미확정,자료 연결 완료 · 동작 확정 검토 중
LS35,밸브 위치 리미트 스위치,하위 구성품,MV06,P&ID/전기/백업 번호 대조,,,,,,,,,,,,"30, 31, 32, 33",,"BASELINE, POWER, VOLTAGE, ADDRESS, MV06-LS, SOURCE-XML",TIA 호출 조건·주기·중복 쓰기 순서와 전원 재시작 동작 확인; 현재 PLC 프로그램·현장 설치·단자·정상 극성 및 실제 설정값 대조; 시험 기대 결과 확정과 실행 증거 수집; 직접 I/O 미식별: 상위 장치·로컬 계측·공통 기능 여부 확인; 직접 HMI 설정 미식별: 표시용 가공 태그·상위 화면 여부 확인; 직접 LAD 미식별: 실물/예비 상태 또는 상위 제어 연결 확인; 자동·수동 모드 전환 및 우선순위 미확정; 전용 타이머 또는 무지연 동작 여부 미확정; 상태 전환 순서 또는 단일 동작·수동 장치 여부 미확정,자료 연결 완료 · 동작 확정 검토 중
LS40,밸브 위치 리미트 스위치,하위 구성품,MV06,P&ID/전기/백업 번호 대조,mv06_open (%I6.7),,,,,,,,,,,"30, 31, 32, 33",,"BASELINE, POWER, VOLTAGE, ADDRESS, MV06-LS, SOURCE-XML",TIA 호출 조건·주기·중복 쓰기 순서와 전원 재시작 동작 확인; 현재 PLC 프로그램·현장 설치·단자·정상 극성 및 실제 설정값 대조; 시험 기대 결과 확정과 실행 증거 수집; 직접 HMI 설정 미식별: 표시용 가공 태그·상위 화면 여부 확인; 직접 LAD 미식별: 실물/예비 상태 또는 상위 제어 연결 확인; 자동·수동 모드 전환 및 우선순위 미확정; 전용 타이머 또는 무지연 동작 여부 미확정; 상태 전환 순서 또는 단일 동작·수동 장치 여부 미확정,자료 연결 완료 · 동작 확정 검토 중
LS41,밸브 위치 리미트 스위치,하위 구성품,MV06,P&ID/전기/백업 번호 대조,mv06_close (%I7.0),,,,,,,,,,,"30, 31, 32, 33",,"BASELINE, POWER, VOLTAGE, ADDRESS, MV06-LS, SOURCE-XML",TIA 호출 조건·주기·중복 쓰기 순서와 전원 재시작 동작 확인; 현재 PLC 프로그램·현장 설치·단자·정상 극성 및 실제 설정값 대조; 시험 기대 결과 확정과 실행 증거 수집; 직접 HMI 설정 미식별: 표시용 가공 태그·상위 화면 여부 확인; 직접 LAD 미식별: 실물/예비 상태 또는 상위 제어 연결 확인; 자동·수동 모드 전환 및 우선순위 미확정; 전용 타이머 또는 무지연 동작 여부 미확정; 상태 전환 순서 또는 단일 동작·수동 장치 여부 미확정,자료 연결 완료 · 동작 확정 검토 중
SYS-POWER,주전원·보조전원·제어반,공통 시스템,,자료에서 확인,presence 110v (%I19.5),,,,,,,,,"1823:27, 1823:37",1823:37,"6, 7, 8, 9, 10, 11, 16, 84",1823,"BASELINE, POWER, VOLTAGE, ADDRESS, SOURCE-XML",TIA 호출 조건·주기·중복 쓰기 순서와 전원 재시작 동작 확인; 현재 PLC 프로그램·현장 설치·단자·정상 극성 및 실제 설정값 대조; 시험 기대 결과 확정과 실행 증거 수집; 직접 HMI 설정 미식별: 표시용 가공 태그·상위 화면 여부 확인; 자동·수동 모드 전환 및 우선순위 미확정; 전용 타이머 또는 무지연 동작 여부 미확정; 상태 전환 순서 또는 단일 동작·수동 장치 여부 미확정,자료 연결 완료 · 동작 확정 검토 중
SYS-SAFETY,비상정지·일반 안전 회로,공통 시스템,,자료에서 확인,177t1_ok (%I28.4); em_ok (%I19.4),temperature interlock ok (%Q6.6),,,1856:150 Coil Temperature Interlock OK <- ((ON AND NOT [Allarm.MAX_MAX_TC09]) AND NOT [Allarm.MAX_MAX_TC01_TEMP]) / 조건에 따른 Coil 기록,,,,,"1626:441, 1824:31, 1824:38, 1843:410, 1843:412, 1843:420, 1843:422, 1843:424, 1843:432, 1843:434, 1843:436, 1843:443, 1843:449, 1843:456, 1843:458, 1843:460, 1843:462, 1843:469, 1843:478, 1843:481, 1843:492, 1843:495, 1843:500, 1843:506, 1843:513, 1843:515, 1843:517, 1843:527, 1843:530, 1843:539, 1843:545, 1843:552, 1843:554, 1843:568, 1843:573, 1843:578, 1843:581, 1843:587, 1843:828, 1844:747, 1844:749, 1844:757, 1844:759, 1844:761, 1844:769, 1844:771, 1844:773, 1844:780, 1844:786, 1844:793, 1844:799, 1844:805, 1844:811, 1844:817, 1844:826, 1844:829, 1844:1158, 1844:1162, 1844:850, 1844:852, 1844:854, 1844:864, 1844:867, 1844:878, 1844:881, 1844:889, 1844:896, 1844:898, 1844:912, 1844:917, 1844:922, 1844:925, 1844:931, 1847:891, 1847:893, 1847:897, 1847:905, 1847:907, 1847:909, 1847:917, 1847:919, 1847:927, 1847:929, 1847:931, 1847:939, 1847:941, 1847:948, 1847:954, 1847:961, 1847:963, 1847:965, 1847:973, 1847:975, 1847:982, 1856:150, 1903:2004, 1903:2012, 1971:1125","1626:441, 1824:38, 1843:410, 1843:412, 1843:420, 1843:422, 1843:424, 1843:432, 1843:434, 1843:436, 1843:443, 1843:449, 1843:456, 1843:458, 1843:460, 1843:462, 1843:469, 1843:478, 1843:481, 1843:492, 1843:102, 1843:495, 1843:500, 1843:506, 1843:34, 1843:513, 1843:515, 1843:517, 1843:527, 1843:530, 1843:539, 1843:545, 1843:552, 1843:554, 1843:568, 1843:573, 1843:578, 1843:581, 1843:587, 1843:828, 1843:838, 1844:747, 1844:749, 1844:757, 1844:759, 1844:761, 1844:769, 1844:771, 1844:773, 1844:780, 1844:786, 1844:793, 1844:799, 1844:805, 1844:811, 1844:817, 1844:826, 1844:829, 1844:1158, 1844:1162, 1844:850, 1844:852, 1844:854, 1844:864, 1844:867, 1844:878, 1844:881, 1844:889, 1844:896, 1844:898, 1844:912, 1844:917, 1844:922, 1844:925, 1844:931, 1846:22, 1846:23, 1847:891, 1847:893, 1847:897, 1847:905, 1847:907, 1847:909, 1847:917, 1847:919, 1847:927, 1847:929, 1847:931, 1847:939, 1847:941, 1847:948, 1847:954, 1847:961, 1847:963, 1847:965, 1847:973, 1847:975, 1847:982","12, 13, 14, 15, 99, 236","402, 403, 404, 405, 1070, 1080, 1612, 1613, 1614, 1615, 1616, 1617, 1618, 1619, 1620, 1621, 1622, 1623, 1624, 1626, 1756, 1757, 1758, 1759, 1760, 1761, 1762, 1763, 1764, 1765, 1766, 1824, 1843, 1844, 1845, 1846, 1847, 1856, 1903, 1971","BASELINE, POWER, VOLTAGE, ADDRESS, BR01, SOURCE-XML",TIA 호출 조건·주기·중복 쓰기 순서와 전원 재시작 동작 확인; 현재 PLC 프로그램·현장 설치·단자·정상 극성 및 실제 설정값 대조; 시험 기대 결과 확정과 실행 증거 수집; 직접 HMI 설정 미식별: 표시용 가공 태그·상위 화면 여부 확인; 자동·수동 모드 전환 및 우선순위 미확정; 전용 타이머 또는 무지연 동작 여부 미확정; 상태 전환 순서 또는 단일 동작·수동 장치 여부 미확정,자료 연결 완료 · 동작 확정 검토 중
SYS-PLC-IO,CPU·분산 I/O·신호 변환,공통 시스템,,자료에서 확인,,,,,,,,,,"444:28, 765:28, 1626:441",1626:441,"102, 103, 104, 105, 106, 107, 108, 109, 110, 111, 112, 113, 114, 115, 116, 117, 118, 119, 120, 121, 122, 123, 124, 125, 126, 127, 128, 129, 130, 131, 132, 133, 134, 135, 136, 137, 138, 139, 140, 141, 142, 143, 144, 145, 146, 147, 148, 149, 153, 182","356, 434, 439, 444, 765, 1070, 1071, 1612, 1613, 1614, 1615, 1616, 1617, 1618, 1619, 1620, 1621, 1622, 1623, 1624, 1626, 1658, 1659, 1679, 1680, 1681, 1682, 1683, 1684, 1685, 1686, 1687, 1688, 1689, 1690, 1691, 1692, 1693, 1731, 1732, 1733, 1734, 1735, 1736, 1737, 1738, 1739, 1740, 1741, 1742, 1743, 1744, 1745, 1746, 1747, 1748, 1749, 1750, 1751, 1752, 1753, 1754, 1755, 1756, 1757, 1758, 1759, 1760, 1761, 1762, 1763, 1764, 1765, 1766, 1767, 1768, 1769, 1770, 1771, 1772, 1773, 1774, 1775, 1776","BASELINE, POWER, VOLTAGE, ADDRESS, SOURCE-XML",TIA 호출 조건·주기·중복 쓰기 순서와 전원 재시작 동작 확인; 현재 PLC 프로그램·현장 설치·단자·정상 극성 및 실제 설정값 대조; 시험 기대 결과 확정과 실행 증거 수집; 직접 I/O 미식별: 상위 장치·로컬 계측·공통 기능 여부 확인; 직접 HMI 설정 미식별: 표시용 가공 태그·상위 화면 여부 확인; 자동·수동 모드 전환 및 우선순위 미확정; 전용 타이머 또는 무지연 동작 여부 미확정; 상태 전환 순서 또는 단일 동작·수동 장치 여부 미확정,자료 연결 완료 · 동작 확정 검토 중
SYS-HMI,HMI·통신·가공 상태,공통 시스템,,자료에서 확인,,,,,,,,,,"1702:143, 1702:156, 1706:390, 1706:407","1702:143, 1702:156, 1703:23, 1703:26, 1706:46, 1706:390, 1706:407, 1707:32, 1707:48, 1849:69, 1849:80, 1860:23, 1860:90, 1860:104",,"356, 1070, 1071, 1178, 1179, 1180, 1181, 1182, 1184, 1186, 1187, 1188, 1189, 1190, 1191, 1192, 1193, 1194, 1195, 1196, 1197, 1198, 1199, 1201, 1202, 1203, 1204, 1205, 1206, 1207, 1208, 1209, 1210, 1211, 1212, 1213, 1214, 1215, 1216, 1217, 1218, 1219, 1220, 1692, 1693, 1702, 1703, 1706, 1707, 1768, 1769, 1845, 1849, 1860","BASELINE, POWER, VOLTAGE, ADDRESS, SOURCE-XML",TIA 호출 조건·주기·중복 쓰기 순서와 전원 재시작 동작 확인; 현재 PLC 프로그램·현장 설치·단자·정상 극성 및 실제 설정값 대조; 시험 기대 결과 확정과 실행 증거 수집; 직접 I/O 미식별: 상위 장치·로컬 계측·공통 기능 여부 확인; 직접 HMI 설정 미식별: 표시용 가공 태그·상위 화면 여부 확인; 자동·수동 모드 전환 및 우선순위 미확정; 전용 타이머 또는 무지연 동작 여부 미확정; 상태 전환 순서 또는 단일 동작·수동 장치 여부 미확정,자료 연결 완료 · 동작 확정 검토 중
SYS-ALARM,알람·경광등·사이렌·Reset,공통 시스템,,자료에서 확인,acknowledg (%I19.6); reset_allarm (%I19.7),siren (%Q7.6); blinking ligh (%Q7.7),,"ResetAlarms (DB2,X13.4)","931:239 RCoil Blinking Ligh <- ((Flag.RESET_ALLARM OR Flag.STOP_HORN) AND Tag_160) / 조건 성립 시 Reset
933:265 Coil Siren <- (Flag.RUN_HORN OR Flag.M_HORN) / 조건에 따른 Coil 기록
933:270 SCoil Blinking Ligh <- PBox UID 268.out (블록 동작 확인) / 조건 성립 시 Set",,,,"931:229 SdCoil Tag_160 <- (Flag.RESET_ALLARM OR Flag.STOP_HORN) / 시간 동작 SdCoil; 타이머 의미 추가 확인 / 시간 인자 S5T#1S
933:261 SdCoil Tag_161 <- (Flag.RUN_HORN OR Flag.M_HORN) / 시간 동작 SdCoil; 타이머 의미 추가 확인 / 시간 인자 Data.SIREN_WORK_TIME","410:46, 410:51, 411:64, 411:69, 412:82, 412:87, 413:100, 413:105, 414:118, 414:123, 415:136, 415:141, 416:154, 416:159, 417:172, 417:177, 418:190, 418:195, 419:208, 419:213, 420:262, 420:267, 421:280, 421:285, 422:298, 422:303, 423:316, 423:321, 424:334, 424:339, 425:352, 425:357, 426:370, 426:375, 927:127, 927:132, 927:137, 927:142, 927:147, 927:152, 927:157, 927:162, 927:167, 928:219, 929:204, 929:206, 930:33, 930:40, 931:229, 931:235, 931:237, 931:239, 1226:254, 1226:270, 1226:286, 1226:318, 1226:334, 1226:342, 1226:346, 1226:350, 1226:354, 1226:358, 1226:362, 1227:262, 1227:268, 1228:282, 1228:288, 1626:441, 1781:80, 1781:86, 1782:105, 1782:109, 1782:117, 1782:121, 1783:156, 1783:162, 1784:181, 1784:185, 1784:193, 1784:197, 1785:223, 1785:27, 1785:228, 1785:267, 1786:234, 1786:240, 1787:321, 1787:365, 1787:326, 1787:373, 1788:355, 1788:360, 1789:389, 1789:394, 1790:400, 1790:406, 1791:443, 1791:487, 1791:448, 1791:495, 1792:454, 1792:460, 1794:551, 1794:595, 1794:556, 1794:603, 1796:619, 1796:663, 1796:624, 1796:671, 1797:653, 1797:658, 1798:687, 1798:731, 1798:692, 1798:739, 1799:721, 1799:726, 1800:755, 1800:760, 1801:856, 1801:859, 1801:862, 1801:864, 1802:823, 1802:828, 1803:857, 1803:862, 1805:925, 1805:930, 1806:959, 1806:964, 1807:993, 1807:998, 1808:1027, 1808:1032, 1809:1061, 1809:1105, 1809:1066, 1809:1113, 1810:1095, 1810:1100, 1811:1129, 1811:1134, 1812:1163, 1812:1168, 1813:1197, 1813:1202, 1814:1231, 1814:1236, 1815:1459, 1815:1464, 1815:1477, 1815:1482, 1816:1523, 1816:1528, 1816:1541, 1816:1546, 1817:1587, 1817:1592, 1817:1605, 1817:1610, 1818:1651, 1818:1656, 1818:1669, 1818:1674, 1819:1715, 1819:1720, 1819:1733, 1819:1738, 1820:1780, 1820:1792, 1820:1801, 1820:1806, 1821:1792, 1821:1828, 1821:1798, 1821:1836, 1822:24, 1822:32, 1823:27, 1823:37, 1824:31, 1824:38, 1825:27, 1825:31, 1843:410, 1843:412, 1843:420, 1843:422, 1843:424, 1843:432, 1843:434, 1843:436, 1843:443, 1843:449, 1843:456, 1843:458, 1843:460, 1843:462, 1843:469, 1843:478, 1843:481, 1843:492, 1843:495, 1843:500, 1843:506, 1843:513, 1843:515, 1843:517, 1843:527, 1843:530, 1843:539, 1843:545, 1843:552, 1843:554, 1843:568, 1843:573, 1843:578, 1843:581, 1843:587, 1843:828, 1844:747, 1844:749, 1844:757, 1844:759, 1844:761, 1844:769, 1844:771, 1844:773, 1844:780, 1844:786, 1844:793, 1844:799, 1844:805, 1844:811, 1844:817, 1844:826, 1844:829, 1844:1158, 1844:1162, 1844:850, 1844:852, 1844:854, 1844:864, 1844:867, 1844:878, 1844:881, 1844:889, 1844:896, 1844:898, 1844:912, 1844:917, 1844:922, 1844:925, 1844:931, 1854:117, 1854:123, 1854:125, 1854:149, 1854:156, 1855:245, 1855:248, 1869:1122, 1874:1322, 1874:1329, 1902:1991, 1902:1996, 1979:160, 1979:173, 1979:203, 1979:208, 1980:347, 1980:360, 1980:377, 1980:390, 1980:420, 1980:425, 1981:455, 1981:476, 1981:484, 1981:488, 1982:490, 1982:501, 1982:503, 1983:628, 1983:632, 1983:633, 1984:604, 1984:616, 1985:690, 1985:695, 1986:775, 1986:780, 1987:814, 1987:819, 1988:862, 1988:869, 1989:919, 1989:936, 1989:938, 1990:929, 1990:935, 1991:1060, 1991:1076, 1991:1078, 1991:1095, 1991:1100, 1992:1141, 1992:1152, 1993:1189, 1993:1194, 1994:1217, 1994:1223, 1994:1225, 1994:1227, 1994:1229, 1994:1231, 1994:1233, 1995:41, 1995:70, 1995:114, 1995:116","410:51, 411:69, 412:87, 413:105, 414:123, 415:141, 416:159, 417:177, 418:195, 419:213, 420:267, 421:285, 422:303, 423:321, 424:339, 425:357, 426:375, 927:127, 927:132, 927:137, 927:142, 927:147, 927:152, 927:157, 927:162, 927:167, 929:204, 929:206, 930:33, 930:40, 930:60, 931:229, 931:235, 931:237, 931:239, 1226:342, 1226:346, 1226:350, 1226:354, 1226:358, 1226:362, 1227:268, 1228:288, 1626:441, 1781:86, 1782:117, 1782:121, 1783:162, 1784:193, 1784:197, 1785:228, 1785:267, 1786:240, 1787:326, 1787:373, 1788:360, 1789:394, 1790:406, 1791:448, 1791:495, 1792:460, 1794:556, 1794:603, 1796:624, 1796:671, 1797:658, 1798:692, 1798:739, 1799:726, 1800:760, 1801:862, 1801:864, 1802:828, 1803:862, 1805:930, 1806:964, 1807:998, 1808:1032, 1809:1066, 1809:1113, 1810:1100, 1811:1134, 1812:1168, 1813:1202, 1814:1236, 1815:1464, 1815:1482, 1816:1528, 1816:1546, 1817:1592, 1817:1610, 1818:1656, 1818:1674, 1819:1720, 1819:1738, 1820:1801, 1820:1806, 1821:1798, 1821:1836, 1822:32, 1823:37, 1824:38, 1825:31, 1843:410, 1843:412, 1843:420, 1843:422, 1843:424, 1843:432, 1843:434, 1843:436, 1843:443, 1843:449, 1843:456, 1843:458, 1843:460, 1843:462, 1843:469, 1843:478, 1843:481, 1843:492, 1843:102, 1843:495, 1843:500, 1843:506, 1843:34, 1843:513, 1843:515, 1843:517, 1843:527, 1843:530, 1843:539, 1843:545, 1843:552, 1843:554, 1843:568, 1843:573, 1843:578, 1843:581, 1843:587, 1843:828, 1843:838, 1844:747, 1844:749, 1844:757, 1844:759, 1844:761, 1844:769, 1844:771, 1844:773, 1844:780, 1844:786, 1844:793, 1844:799, 1844:805, 1844:811, 1844:817, 1844:826, 1844:829, 1844:1158, 1844:1162, 1844:850, 1844:852, 1844:854, 1844:864, 1844:867, 1844:878, 1844:881, 1844:889, 1844:896, 1844:898, 1844:912, 1844:917, 1844:922, 1844:925, 1844:931, 1854:123, 1854:125, 1854:149, 1855:248, 1869:1122, 1874:1329, 1902:1996, 1979:208, 1980:425, 1981:484, 1981:488, 1984:616, 1985:695, 1986:780, 1987:819, 1990:935, 1991:1100, 1992:1152, 1993:1194, 1994:1223, 1994:1225, 1994:1227, 1994:1229, 1994:1231, 1994:1233, 1995:114, 1995:116",17,"410, 411, 412, 413, 414, 415, 416, 417, 418, 419, 420, 421, 422, 423, 424, 425, 426, 927, 928, 929, 930, 931, 932, 933, 934, 935, 1226, 1227, 1228, 1622, 1626, 1756, 1781, 1782, 1783, 1784, 1785, 1786, 1787, 1788, 1789, 1790, 1791, 1792, 1794, 1796, 1797, 1798, 1799, 1800, 1801, 1802, 1803, 1805, 1806, 1807, 1808, 1809, 1810, 1811, 1812, 1813, 1814, 1815, 1816, 1817, 1818, 1819, 1820, 1821, 1822, 1823, 1824, 1825, 1843, 1844, 1854, 1855, 1869, 1874, 1902, 1979, 1980, 1981, 1982, 1983, 1984, 1985, 1986, 1987, 1988, 1989, 1990, 1991, 1992, 1993, 1994, 1995","BASELINE, POWER, VOLTAGE, ADDRESS, CLIENT19, SOURCE-XML",TIA 호출 조건·주기·중복 쓰기 순서와 전원 재시작 동작 확인; 현재 PLC 프로그램·현장 설치·단자·정상 극성 및 실제 설정값 대조; 시험 기대 결과 확정과 실행 증거 수집; 자동·수동 모드 전환 및 우선순위 미확정; 상태 전환 순서 또는 단일 동작·수동 장치 여부 미확정; 정적 조건에 미해석 참조·호출·타이머 출력 등이 있음,자료 연결 완료 · 동작 확정 검토 중
SYS-AUTO,자동 기동·정지·유지보수,공통 시스템,,자료에서 확인,,,maintenance pv01 (%M80.5); maintenance pv02 (%M80.6),"AbilitaMaintenance (DB2,X7.5); AbilitaAuto (DB2,X7.3)",,,,,,"1626:441, 1843:410, 1843:412, 1843:420, 1843:422, 1843:424, 1843:432, 1843:434, 1843:436, 1843:443, 1843:449, 1843:456, 1843:458, 1843:460, 1843:462, 1843:469, 1843:478, 1843:481, 1843:492, 1843:495, 1843:500, 1843:506, 1843:513, 1843:515, 1843:517, 1843:527, 1843:530, 1843:539, 1843:545, 1843:552, 1843:554, 1843:568, 1843:573, 1843:578, 1843:581, 1843:587, 1843:828, 1844:747, 1844:749, 1844:757, 1844:759, 1844:761, 1844:769, 1844:771, 1844:773, 1844:780, 1844:786, 1844:793, 1844:799, 1844:805, 1844:811, 1844:817, 1844:826, 1844:829, 1844:1158, 1844:1162, 1844:850, 1844:852, 1844:854, 1844:864, 1844:867, 1844:878, 1844:881, 1844:889, 1844:896, 1844:898, 1844:912, 1844:917, 1844:922, 1844:925, 1844:931, 1847:891, 1847:893, 1847:897, 1847:905, 1847:907, 1847:909, 1847:917, 1847:919, 1847:927, 1847:929, 1847:931, 1847:939, 1847:941, 1847:948, 1847:954, 1847:961, 1847:963, 1847:965, 1847:973, 1847:975, 1847:982, 1916:456, 1916:458, 1930:36, 1931:66, 1935:198, 1936:236, 1939:283, 1940:314, 1941:340","1626:441, 1841:66, 1843:410, 1843:412, 1843:420, 1843:422, 1843:424, 1843:432, 1843:434, 1843:436, 1843:443, 1843:449, 1843:456, 1843:458, 1843:460, 1843:462, 1843:469, 1843:478, 1843:481, 1843:492, 1843:102, 1843:495, 1843:500, 1843:506, 1843:34, 1843:513, 1843:515, 1843:517, 1843:527, 1843:530, 1843:539, 1843:545, 1843:552, 1843:554, 1843:568, 1843:573, 1843:578, 1843:581, 1843:587, 1843:828, 1843:838, 1844:747, 1844:749, 1844:757, 1844:759, 1844:761, 1844:769, 1844:771, 1844:773, 1844:780, 1844:786, 1844:793, 1844:799, 1844:805, 1844:811, 1844:817, 1844:826, 1844:829, 1844:1158, 1844:1162, 1844:850, 1844:852, 1844:854, 1844:864, 1844:867, 1844:878, 1844:881, 1844:889, 1844:896, 1844:898, 1844:912, 1844:917, 1844:922, 1844:925, 1844:931, 1846:22, 1846:23, 1847:891, 1847:893, 1847:897, 1847:905, 1847:907, 1847:909, 1847:917, 1847:919, 1847:927, 1847:929, 1847:931, 1847:939, 1847:941, 1847:948, 1847:954, 1847:961, 1847:963, 1847:965, 1847:973, 1847:975, 1847:982, 1848:923, 1848:929, 1849:69, 1849:80, 1935:202",,"402, 403, 404, 405, 1612, 1613, 1614, 1615, 1616, 1617, 1618, 1619, 1620, 1621, 1622, 1623, 1624, 1626, 1841, 1842, 1843, 1844, 1845, 1846, 1847, 1848, 1849, 1915, 1916, 1920, 1930, 1931, 1935, 1936, 1939, 1940, 1941","BASELINE, POWER, VOLTAGE, ADDRESS, SOURCE-XML",TIA 호출 조건·주기·중복 쓰기 순서와 전원 재시작 동작 확인; 현재 PLC 프로그램·현장 설치·단자·정상 극성 및 실제 설정값 대조; 시험 기대 결과 확정과 실행 증거 수집; 자동·수동 모드 전환 및 우선순위 미확정; 전용 타이머 또는 무지연 동작 여부 미확정; 상태 전환 순서 또는 단일 동작·수동 장치 여부 미확정,자료 연결 완료 · 동작 확정 검토 중
SYS-PID,온도·압력·산소·비율 제어,공통 시스템,,자료에서 확인,,,,"Stechiometro (DB5,REAL4); TC_PID_REF (DB39,REAL2)",,,,,,"1702:143, 1702:156, 1704:227, 1704:240, 1706:390, 1706:407, 1708:561, 1708:576, 1711:821, 1711:837, 1714:1598, 1714:1612, 1714:1630, 1714:1644, 1714:1662, 1714:1676, 1714:1694, 1714:1708, 1714:1726, 1714:1740, 1714:1758, 1714:1772, 1854:117, 1854:123, 1854:125, 1854:149, 1854:156, 1855:245, 1855:248, 1856:150, 1857:182, 1858:232, 1861:298, 1862:441, 1862:448, 1862:453, 1862:465, 1862:470, 1865:579, 1865:588, 1869:1122, 1870:1172, 1870:1181, 1874:1322, 1874:1329","1702:143, 1702:156, 1703:23, 1703:26, 1706:46, 1706:390, 1706:407, 1707:32, 1707:48, 1854:123, 1854:125, 1854:149, 1855:248, 1860:23, 1860:90, 1860:104, 1868:1669, 1868:1306, 1869:1122, 1874:1329",,"1702, 1703, 1704, 1705, 1706, 1707, 1708, 1709, 1710, 1711, 1712, 1713, 1714, 1721, 1722, 1723, 1724, 1830, 1832, 1834, 1835, 1854, 1855, 1856, 1857, 1858, 1859, 1860, 1861, 1862, 1863, 1864, 1865, 1866, 1867, 1868, 1869, 1870, 1871, 1872, 1873, 1874, 1875, 1876, 1877, 5, 7, 8, 11, 12, 15, 16","BASELINE, POWER, VOLTAGE, ADDRESS, FN04, RO03, BF02-DP, SOURCE-XML",TIA 호출 조건·주기·중복 쓰기 순서와 전원 재시작 동작 확인; 현재 PLC 프로그램·현장 설치·단자·정상 극성 및 실제 설정값 대조; 시험 기대 결과 확정과 실행 증거 수집; 직접 I/O 미식별: 상위 장치·로컬 계측·공통 기능 여부 확인; 자동·수동 모드 전환 및 우선순위 미확정; 전용 타이머 또는 무지연 동작 여부 미확정; 상태 전환 순서 또는 단일 동작·수동 장치 여부 미확정,자료 연결 완료 · 동작 확정 검토 중
SYS-RECIPES,레시피·설정값 관리,공통 시스템,,자료에서 확인,,,,"Editor_Load_Recipe (DB26,X4.3); Editor_Save_Recipe (DB26,X4.4); Editor_Modify_Recipe (DB26,X4.5); Editor_Active_Recipe (DB26,INT6)",,,,,,,,,1613,"BASELINE, POWER, VOLTAGE, ADDRESS, SOURCE-XML",TIA 호출 조건·주기·중복 쓰기 순서와 전원 재시작 동작 확인; 현재 PLC 프로그램·현장 설치·단자·정상 극성 및 실제 설정값 대조; 시험 기대 결과 확정과 실행 증거 수집; 직접 I/O 미식별: 상위 장치·로컬 계측·공통 기능 여부 확인; 자동·수동 모드 전환 및 우선순위 미확정; 전용 타이머 또는 무지연 동작 여부 미확정; 상태 전환 순서 또는 단일 동작·수동 장치 여부 미확정,자료 연결 완료 · 동작 확정 검토 중
SYS-SIMULATION,기존 시험·시뮬레이션 블록,공통 시스템,,자료에서 확인,,,simulation(1) (%M180.0); under testing (%M5.5),,1930:34 Coil UNDER TESTING <- (ON AND Flag.Maintenance_ON) / 조건에 따른 Coil 기록,"1930:34, 1930:36",,,,"1708:561, 1708:576, 1825:27, 1825:31, 1911:115, 1911:117, 1930:36, 1935:198, 1936:236, 1939:283, 1940:314, 1951:685, 1955:772, 1956:795, 1958:836, 1961:891, 1961:900, 1962:916, 1963:939, 1969:1079, 1970:1102, 1971:1125","1825:31, 1935:202",,"396, 1079, 1080, 1081, 1082, 1083, 1084, 1085, 1086, 1087, 1088, 1089, 1090, 1091, 1092, 1612, 1613, 1708, 1756, 1757, 1758, 1759, 1760, 1825, 1873, 1911, 1930, 1935, 1936, 1939, 1940, 1951, 1955, 1956, 1958, 1961, 1962, 1963, 1969, 1970, 1971, 5","BASELINE, POWER, VOLTAGE, ADDRESS, SOURCE-XML",TIA 호출 조건·주기·중복 쓰기 순서와 전원 재시작 동작 확인; 현재 PLC 프로그램·현장 설치·단자·정상 극성 및 실제 설정값 대조; 시험 기대 결과 확정과 실행 증거 수집; 직접 HMI 설정 미식별: 표시용 가공 태그·상위 화면 여부 확인; 전용 타이머 또는 무지연 동작 여부 미확정; 상태 전환 순서 또는 단일 동작·수동 장치 여부 미확정,자료 연결 완료 · 동작 확정 검토 중
SYS-RUNHOURS,모터 운전시간·정비 이력,공통 시스템,,자료에서 확인,,,,,,,,,,,,,"1002, 1003, 1004, 1005, 1006, 1007, 1008, 1009, 1010, 1011, 1012, 1013, 1014, 1015, 1016, 1017, 1018, 1019, 1020, 1021, 1022, 1024, 1026, 1027, 1028, 1029, 1030, 1031, 1032, 1033, 1035, 1036, 1037, 1038, 1039, 1040, 1041, 1042, 1043, 1044, 1045, 1046, 1047, 1048, 1049, 1050, 1051, 1052, 1053, 1054, 1055, 1056, 1721, 1722, 1723, 1724","BASELINE, POWER, VOLTAGE, ADDRESS, SOURCE-XML",TIA 호출 조건·주기·중복 쓰기 순서와 전원 재시작 동작 확인; 현재 PLC 프로그램·현장 설치·단자·정상 극성 및 실제 설정값 대조; 시험 기대 결과 확정과 실행 증거 수집; 직접 I/O 미식별: 상위 장치·로컬 계측·공통 기능 여부 확인; 직접 HMI 설정 미식별: 표시용 가공 태그·상위 화면 여부 확인; 자동·수동 모드 전환 및 우선순위 미확정; 전용 타이머 또는 무지연 동작 여부 미확정; 상태 전환 순서 또는 단일 동작·수동 장치 여부 미확정,자료 연결 완료 · 동작 확정 검토 중
SYS-COUNTERS,생산량·가스·유량 계수,공통 시스템,,자료에서 확인,,,,"RESET_PROD_COUNT (DB41,X50.3); RESET_GAS_COUNT (DB41,X50.2); Conta_prod (DB41,REAL8); Conta_prod_TOT (DB41,REAL4); Conta_gas_TOT (DB5,REAL34)",,,,,,,,,"935, 1731, 1732, 1733, 1734, 1735, 1736, 1737, 1738, 1739, 1740, 1741, 1742, 1743, 1744, 1745, 1746, 1747, 1748, 1749, 1750, 1751, 1752, 1753, 1754, 1755, 1756, 1757, 1758, 1759, 1760, 1761, 1762, 1763, 1764, 1765, 1766, 1767, 1768, 1769, 1770, 1771, 1772, 1773, 1774, 1775, 1776, 5, 7, 8, 11, 12, 15, 16","BASELINE, POWER, VOLTAGE, ADDRESS, SOURCE-XML",TIA 호출 조건·주기·중복 쓰기 순서와 전원 재시작 동작 확인; 현재 PLC 프로그램·현장 설치·단자·정상 극성 및 실제 설정값 대조; 시험 기대 결과 확정과 실행 증거 수집; 직접 I/O 미식별: 상위 장치·로컬 계측·공통 기능 여부 확인; 자동·수동 모드 전환 및 우선순위 미확정; 전용 타이머 또는 무지연 동작 여부 미확정; 상태 전환 순서 또는 단일 동작·수동 장치 여부 미확정,자료 연결 완료 · 동작 확정 검토 중
SYS-LEGACY,과거 태그·이름 대응,공통 시스템,,자료에서 확인,,,riduce mn01 (%M1.2),,"1864:536 SCoil Riduce MN01 <- ((OFF AND ON) AND [Manage_TC1_2.PID_Ref_Temp >= App02]) / 조건 성립 시 Set
1864:542 RCoil Riduce MN01 <- ((OFF AND ON) AND [Manage_TC1_2.PID_Ref_Temp < App03]) / 조건 성립 시 Reset",,,,,"1843:410, 1843:412, 1843:420, 1843:422, 1843:424, 1843:432, 1843:434, 1843:436, 1843:443, 1843:449, 1843:456, 1843:458, 1843:460, 1843:462, 1843:469, 1843:478, 1843:481, 1843:492, 1843:495, 1843:500, 1843:506, 1843:513, 1843:515, 1843:517, 1843:527, 1843:530, 1843:539, 1843:545, 1843:552, 1843:554, 1843:568, 1843:573, 1843:578, 1843:581, 1843:587, 1843:828, 1844:747, 1844:749, 1844:757, 1844:759, 1844:761, 1844:769, 1844:771, 1844:773, 1844:780, 1844:786, 1844:793, 1844:799, 1844:805, 1844:811, 1844:817, 1844:826, 1844:829, 1844:1158, 1844:1162, 1844:850, 1844:852, 1844:854, 1844:864, 1844:867, 1844:878, 1844:881, 1844:889, 1844:896, 1844:898, 1844:912, 1844:917, 1844:922, 1844:925, 1844:931, 1936:236, 1951:685","1843:410, 1843:412, 1843:420, 1843:422, 1843:424, 1843:432, 1843:434, 1843:436, 1843:443, 1843:449, 1843:456, 1843:458, 1843:460, 1843:462, 1843:469, 1843:478, 1843:481, 1843:492, 1843:102, 1843:495, 1843:500, 1843:506, 1843:34, 1843:513, 1843:515, 1843:517, 1843:527, 1843:530, 1843:539, 1843:545, 1843:552, 1843:554, 1843:568, 1843:573, 1843:578, 1843:581, 1843:587, 1843:828, 1843:838, 1844:747, 1844:749, 1844:757, 1844:759, 1844:761, 1844:769, 1844:771, 1844:773, 1844:780, 1844:786, 1844:793, 1844:799, 1844:805, 1844:811, 1844:817, 1844:826, 1844:829, 1844:1158, 1844:1162, 1844:850, 1844:852, 1844:854, 1844:864, 1844:867, 1844:878, 1844:881, 1844:889, 1844:896, 1844:898, 1844:912, 1844:917, 1844:922, 1844:925, 1844:931",,"1684, 1685, 1843, 1844, 1845, 1864, 1936, 1951","BASELINE, POWER, VOLTAGE, ADDRESS, SOURCE-XML",TIA 호출 조건·주기·중복 쓰기 순서와 전원 재시작 동작 확인; 현재 PLC 프로그램·현장 설치·단자·정상 극성 및 실제 설정값 대조; 시험 기대 결과 확정과 실행 증거 수집; 직접 HMI 설정 미식별: 표시용 가공 태그·상위 화면 여부 확인; 자동·수동 모드 전환 및 우선순위 미확정; 전용 타이머 또는 무지연 동작 여부 미확정; 상태 전환 순서 또는 단일 동작·수동 장치 여부 미확정,자료 연결 완료 · 동작 확정 검토 중
