설비 ID,규칙 ID,네트워크 문서,Part UID,연관 근거,실행 확인 상태
BC01,1018:1118,1018,1118,설비 태그 명칭 일치 후보,실행·호출 순서 미검증
BC01,1018:1121,1018,1121,설비 태그 명칭 일치 후보,실행·호출 순서 미검증
BC01,1018:1124,1018,1124,관련 네트워크의 공유·연관 동작,실행·호출 순서 미검증
BC01,1048:2760,1048,2760,관련 네트워크의 공유·연관 동작,실행·호출 순서 미검증
BC01,1048:2763,1048,2763,관련 네트워크의 공유·연관 동작,실행·호출 순서 미검증
BC01,1048:2766,1048,2766,관련 네트워크의 공유·연관 동작,실행·호출 순서 미검증
BC01,1048:2769,1048,2769,관련 네트워크의 공유·연관 동작,실행·호출 순서 미검증
BC01,1048:2772,1048,2772,설비 태그 명칭 일치 후보,실행·호출 순서 미검증
BC01,1082:33,1082,33,설비 태그 명칭 일치 후보,실행·호출 순서 미검증
BC01,1082:37,1082,37,관련 네트워크의 공유·연관 동작,실행·호출 순서 미검증
BC01,1082:41,1082,41,관련 네트워크의 공유·연관 동작,실행·호출 순서 미검증
BC01,1082:44,1082,44,관련 네트워크의 공유·연관 동작,실행·호출 순서 미검증
BC01,1082:46,1082,46,관련 네트워크의 공유·연관 동작,실행·호출 순서 미검증
BC01,1082:66,1082,66,관련 네트워크의 공유·연관 동작,실행·호출 순서 미검증
BC01,1082:70,1082,70,관련 네트워크의 공유·연관 동작,실행·호출 순서 미검증
BC01,1692:36,1692,36,설비 태그 명칭 일치 후보,실행·호출 순서 미검증
BC01,1692:38,1692,38,설비 태그 명칭 일치 후보,실행·호출 순서 미검증
BC01,1785:217,1785,217,관련 네트워크의 공유·연관 동작,실행·호출 순서 미검증
BC01,1785:223,1785,223,설비 태그 명칭 일치 후보,실행·호출 순서 미검증
BC01,1785:27,1785,27,설비 태그 명칭 일치 후보,실행·호출 순서 미검증
BC01,1785:228,1785,228,설비 태그 명칭 일치 후보,실행·호출 순서 미검증
BC01,1785:267,1785,267,설비 태그 명칭 일치 후보,실행·호출 순서 미검증
BC01,1786:234,1786,234,설비 태그 명칭 일치 후보,실행·호출 순서 미검증
BC01,1786:240,1786,240,설비 태그 명칭 일치 후보,실행·호출 순서 미검증
BC01,1843:410,1843,410,관련 네트워크의 공유·연관 동작,실행·호출 순서 미검증
BC01,1843:412,1843,412,관련 네트워크의 공유·연관 동작,실행·호출 순서 미검증
BC01,1843:420,1843,420,관련 네트워크의 공유·연관 동작,실행·호출 순서 미검증
BC01,1843:422,1843,422,관련 네트워크의 공유·연관 동작,실행·호출 순서 미검증
BC01,1843:424,1843,424,관련 네트워크의 공유·연관 동작,실행·호출 순서 미검증
BC01,1843:432,1843,432,관련 네트워크의 공유·연관 동작,실행·호출 순서 미검증
BC01,1843:434,1843,434,관련 네트워크의 공유·연관 동작,실행·호출 순서 미검증
BC01,1843:436,1843,436,관련 네트워크의 공유·연관 동작,실행·호출 순서 미검증
BC01,1843:443,1843,443,관련 네트워크의 공유·연관 동작,실행·호출 순서 미검증
BC01,1843:449,1843,449,관련 네트워크의 공유·연관 동작,실행·호출 순서 미검증
BC01,1843:456,1843,456,관련 네트워크의 공유·연관 동작,실행·호출 순서 미검증
BC01,1843:458,1843,458,관련 네트워크의 공유·연관 동작,실행·호출 순서 미검증
BC01,1843:460,1843,460,관련 네트워크의 공유·연관 동작,실행·호출 순서 미검증
BC01,1843:462,1843,462,관련 네트워크의 공유·연관 동작,실행·호출 순서 미검증
BC01,1843:469,1843,469,관련 네트워크의 공유·연관 동작,실행·호출 순서 미검증
BC01,1843:478,1843,478,관련 네트워크의 공유·연관 동작,실행·호출 순서 미검증
BC01,1843:481,1843,481,관련 네트워크의 공유·연관 동작,실행·호출 순서 미검증
BC01,1843:492,1843,492,설비 태그 명칭 일치 후보,실행·호출 순서 미검증
BC01,1843:102,1843,102,관련 심볼 이름과 대상 일치,실행·호출 순서 미검증
BC01,1843:495,1843,495,관련 네트워크의 공유·연관 동작,실행·호출 순서 미검증
BC01,1843:500,1843,500,관련 네트워크의 공유·연관 동작,실행·호출 순서 미검증
BC01,1843:506,1843,506,관련 네트워크의 공유·연관 동작,실행·호출 순서 미검증
BC01,1843:34,1843,34,관련 네트워크의 공유·연관 동작,실행·호출 순서 미검증
BC01,1843:513,1843,513,관련 네트워크의 공유·연관 동작,실행·호출 순서 미검증
BC01,1843:515,1843,515,관련 네트워크의 공유·연관 동작,실행·호출 순서 미검증
BC01,1843:517,1843,517,관련 네트워크의 공유·연관 동작,실행·호출 순서 미검증
BC01,1843:527,1843,527,관련 네트워크의 공유·연관 동작,실행·호출 순서 미검증
BC01,1843:530,1843,530,관련 네트워크의 공유·연관 동작,실행·호출 순서 미검증
BC01,1843:539,1843,539,관련 네트워크의 공유·연관 동작,실행·호출 순서 미검증
BC01,1843:545,1843,545,관련 네트워크의 공유·연관 동작,실행·호출 순서 미검증
BC01,1843:552,1843,552,관련 네트워크의 공유·연관 동작,실행·호출 순서 미검증
BC01,1843:554,1843,554,관련 네트워크의 공유·연관 동작,실행·호출 순서 미검증
BC01,1843:568,1843,568,관련 네트워크의 공유·연관 동작,실행·호출 순서 미검증
BC01,1843:573,1843,573,관련 네트워크의 공유·연관 동작,실행·호출 순서 미검증
BC01,1843:578,1843,578,관련 네트워크의 공유·연관 동작,실행·호출 순서 미검증
BC01,1843:581,1843,581,관련 네트워크의 공유·연관 동작,실행·호출 순서 미검증
BC01,1843:587,1843,587,관련 네트워크의 공유·연관 동작,실행·호출 순서 미검증
BC01,1843:828,1843,828,관련 심볼 이름과 대상 일치,실행·호출 순서 미검증
BC01,1843:837,1843,837,관련 네트워크의 공유·연관 동작,실행·호출 순서 미검증
BC01,1843:838,1843,838,관련 네트워크의 공유·연관 동작,실행·호출 순서 미검증
BC01,1844:747,1844,747,관련 네트워크의 공유·연관 동작,실행·호출 순서 미검증
BC01,1844:749,1844,749,관련 네트워크의 공유·연관 동작,실행·호출 순서 미검증
BC01,1844:757,1844,757,관련 네트워크의 공유·연관 동작,실행·호출 순서 미검증
BC01,1844:759,1844,759,관련 네트워크의 공유·연관 동작,실행·호출 순서 미검증
BC01,1844:761,1844,761,관련 네트워크의 공유·연관 동작,실행·호출 순서 미검증
BC01,1844:769,1844,769,관련 네트워크의 공유·연관 동작,실행·호출 순서 미검증
BC01,1844:771,1844,771,관련 네트워크의 공유·연관 동작,실행·호출 순서 미검증
BC01,1844:773,1844,773,관련 네트워크의 공유·연관 동작,실행·호출 순서 미검증
BC01,1844:780,1844,780,관련 네트워크의 공유·연관 동작,실행·호출 순서 미검증
BC01,1844:786,1844,786,관련 네트워크의 공유·연관 동작,실행·호출 순서 미검증
BC01,1844:793,1844,793,관련 네트워크의 공유·연관 동작,실행·호출 순서 미검증
BC01,1844:799,1844,799,관련 네트워크의 공유·연관 동작,실행·호출 순서 미검증
BC01,1844:805,1844,805,관련 네트워크의 공유·연관 동작,실행·호출 순서 미검증
BC01,1844:811,1844,811,관련 네트워크의 공유·연관 동작,실행·호출 순서 미검증
BC01,1844:817,1844,817,관련 네트워크의 공유·연관 동작,실행·호출 순서 미검증
BC01,1844:826,1844,826,관련 네트워크의 공유·연관 동작,실행·호출 순서 미검증
BC01,1844:829,1844,829,관련 네트워크의 공유·연관 동작,실행·호출 순서 미검증
BC01,1844:1158,1844,1158,관련 네트워크의 공유·연관 동작,실행·호출 순서 미검증
BC01,1844:1162,1844,1162,설비 태그 명칭 일치 후보,실행·호출 순서 미검증
BC01,1844:850,1844,850,관련 네트워크의 공유·연관 동작,실행·호출 순서 미검증
BC01,1844:852,1844,852,관련 네트워크의 공유·연관 동작,실행·호출 순서 미검증
BC01,1844:854,1844,854,관련 네트워크의 공유·연관 동작,실행·호출 순서 미검증
BC01,1844:864,1844,864,관련 네트워크의 공유·연관 동작,실행·호출 순서 미검증
BC01,1844:867,1844,867,관련 네트워크의 공유·연관 동작,실행·호출 순서 미검증
BC01,1844:878,1844,878,관련 네트워크의 공유·연관 동작,실행·호출 순서 미검증
BC01,1844:881,1844,881,관련 네트워크의 공유·연관 동작,실행·호출 순서 미검증
BC01,1844:889,1844,889,관련 네트워크의 공유·연관 동작,실행·호출 순서 미검증
BC01,1844:896,1844,896,관련 네트워크의 공유·연관 동작,실행·호출 순서 미검증
BC01,1844:898,1844,898,관련 네트워크의 공유·연관 동작,실행·호출 순서 미검증
BC01,1844:912,1844,912,관련 네트워크의 공유·연관 동작,실행·호출 순서 미검증
BC01,1844:917,1844,917,관련 네트워크의 공유·연관 동작,실행·호출 순서 미검증
BC01,1844:922,1844,922,관련 네트워크의 공유·연관 동작,실행·호출 순서 미검증
BC01,1844:925,1844,925,관련 네트워크의 공유·연관 동작,실행·호출 순서 미검증
BC01,1844:931,1844,931,관련 네트워크의 공유·연관 동작,실행·호출 순서 미검증
BC01,1847:891,1847,891,관련 네트워크의 공유·연관 동작,실행·호출 순서 미검증
BC01,1847:893,1847,893,관련 네트워크의 공유·연관 동작,실행·호출 순서 미검증
BC01,1847:897,1847,897,관련 네트워크의 공유·연관 동작,실행·호출 순서 미검증
BC01,1847:905,1847,905,관련 네트워크의 공유·연관 동작,실행·호출 순서 미검증
BC01,1847:907,1847,907,관련 네트워크의 공유·연관 동작,실행·호출 순서 미검증
BC01,1847:909,1847,909,관련 네트워크의 공유·연관 동작,실행·호출 순서 미검증
BC01,1847:917,1847,917,관련 네트워크의 공유·연관 동작,실행·호출 순서 미검증
BC01,1847:919,1847,919,관련 네트워크의 공유·연관 동작,실행·호출 순서 미검증
BC01,1847:927,1847,927,설비 태그 명칭 일치 후보,실행·호출 순서 미검증
BC01,1847:929,1847,929,관련 네트워크의 공유·연관 동작,실행·호출 순서 미검증
BC01,1847:931,1847,931,관련 네트워크의 공유·연관 동작,실행·호출 순서 미검증
BC01,1847:939,1847,939,관련 네트워크의 공유·연관 동작,실행·호출 순서 미검증
BC01,1847:941,1847,941,관련 네트워크의 공유·연관 동작,실행·호출 순서 미검증
BC01,1847:948,1847,948,관련 네트워크의 공유·연관 동작,실행·호출 순서 미검증
BC01,1847:954,1847,954,관련 네트워크의 공유·연관 동작,실행·호출 순서 미검증
BC01,1847:961,1847,961,관련 네트워크의 공유·연관 동작,실행·호출 순서 미검증
BC01,1847:963,1847,963,관련 네트워크의 공유·연관 동작,실행·호출 순서 미검증
BC01,1847:965,1847,965,관련 네트워크의 공유·연관 동작,실행·호출 순서 미검증
BC01,1847:973,1847,973,관련 네트워크의 공유·연관 동작,실행·호출 순서 미검증
BC01,1847:975,1847,975,관련 네트워크의 공유·연관 동작,실행·호출 순서 미검증
BC01,1847:982,1847,982,관련 네트워크의 공유·연관 동작,실행·호출 순서 미검증
BC01,1932:109,1932,109,관련 네트워크의 공유·연관 동작,실행·호출 순서 미검증
BC01,1932:113,1932,113,관련 네트워크의 공유·연관 동작,실행·호출 순서 미검증
BC01,1933:147,1933,147,관련 네트워크의 공유·연관 동작,실행·호출 순서 미검증
BC01,1933:151,1933,151,관련 네트워크의 공유·연관 동작,실행·호출 순서 미검증
BC01,1934:164,1934,164,관련 네트워크의 공유·연관 동작,실행·호출 순서 미검증
BC01,1934:170,1934,170,관련 네트워크의 공유·연관 동작,실행·호출 순서 미검증
BC01,1934:172,1934,172,관련 네트워크의 공유·연관 동작,실행·호출 순서 미검증
BC01,1934:228,1934,228,관련 네트워크의 공유·연관 동작,실행·호출 순서 미검증
BC01,1934:210,1934,210,관련 네트워크의 공유·연관 동작,실행·호출 순서 미검증
BC01,1935:198,1935,198,설비 태그 명칭 일치 후보,실행·호출 순서 미검증
BC01,1935:202,1935,202,관련 심볼 이름과 대상 일치,실행·호출 순서 미검증
RD01,1019:1172,1019,1172,설비 태그 명칭 일치 후보,실행·호출 순서 미검증
RD01,1019:1175,1019,1175,설비 태그 명칭 일치 후보,실행·호출 순서 미검증
RD01,1019:1178,1019,1178,관련 네트워크의 공유·연관 동작,실행·호출 순서 미검증
RD01,1020:1226,1020,1226,설비 태그 명칭 일치 후보,실행·호출 순서 미검증
RD01,1020:1229,1020,1229,설비 태그 명칭 일치 후보,실행·호출 순서 미검증
RD01,1020:1232,1020,1232,관련 네트워크의 공유·연관 동작,실행·호출 순서 미검증
RD01,1049:2822,1049,2822,설비 태그 명칭 일치 후보,실행·호출 순서 미검증
RD01,1049:2825,1049,2825,설비 태그 명칭 일치 후보,실행·호출 순서 미검증
RD01,1049:2828,1049,2828,관련 네트워크의 공유·연관 동작,실행·호출 순서 미검증
RD01,1049:2831,1049,2831,관련 네트워크의 공유·연관 동작,실행·호출 순서 미검증
RD01,1049:2834,1049,2834,관련 네트워크의 공유·연관 동작,실행·호출 순서 미검증
RD01,1071:22,1071,22,관련 네트워크의 공유·연관 동작,실행·호출 순서 미검증
RD01,1071:27,1071,27,관련 네트워크의 공유·연관 동작,실행·호출 순서 미검증
RD01,1071:34,1071,34,관련 네트워크의 공유·연관 동작,실행·호출 순서 미검증
RD01,1071:41,1071,41,관련 네트워크의 공유·연관 동작,실행·호출 순서 미검증
RD01,1071:48,1071,48,관련 네트워크의 공유·연관 동작,실행·호출 순서 미검증
RD01,1071:49,1071,49,관련 네트워크의 공유·연관 동작,실행·호출 순서 미검증
RD01,1071:50,1071,50,관련 네트워크의 공유·연관 동작,실행·호출 순서 미검증
RD01,1071:51,1071,51,관련 네트워크의 공유·연관 동작,실행·호출 순서 미검증
RD01,1071:72,1071,72,관련 네트워크의 공유·연관 동작,실행·호출 순서 미검증
RD01,1071:73,1071,73,관련 네트워크의 공유·연관 동작,실행·호출 순서 미검증
RD01,1071:74,1071,74,관련 네트워크의 공유·연관 동작,실행·호출 순서 미검증
RD01,1071:75,1071,75,관련 네트워크의 공유·연관 동작,실행·호출 순서 미검증
RD01,1071:96,1071,96,관련 네트워크의 공유·연관 동작,실행·호출 순서 미검증
RD01,1071:97,1071,97,관련 네트워크의 공유·연관 동작,실행·호출 순서 미검증
RD01,1071:98,1071,98,관련 네트워크의 공유·연관 동작,실행·호출 순서 미검증
RD01,1071:99,1071,99,관련 네트워크의 공유·연관 동작,실행·호출 순서 미검증
RD01,1071:122,1071,122,관련 네트워크의 공유·연관 동작,실행·호출 순서 미검증
RD01,1071:123,1071,123,관련 네트워크의 공유·연관 동작,실행·호출 순서 미검증
RD01,1071:144,1071,144,설비 태그 명칭 일치 후보,실행·호출 순서 미검증
RD01,1071:145,1071,145,관련 네트워크의 공유·연관 동작,실행·호출 순서 미검증
RD01,1071:146,1071,146,관련 네트워크의 공유·연관 동작,실행·호출 순서 미검증
RD01,1071:147,1071,147,관련 네트워크의 공유·연관 동작,실행·호출 순서 미검증
RD01,1071:168,1071,168,관련 네트워크의 공유·연관 동작,실행·호출 순서 미검증
RD01,1071:169,1071,169,관련 네트워크의 공유·연관 동작,실행·호출 순서 미검증
RD01,1071:170,1071,170,관련 네트워크의 공유·연관 동작,실행·호출 순서 미검증
RD01,1071:171,1071,171,관련 네트워크의 공유·연관 동작,실행·호출 순서 미검증
RD01,1071:84,1071,84,관련 네트워크의 공유·연관 동작,실행·호출 순서 미검증
RD01,1071:194,1071,194,관련 네트워크의 공유·연관 동작,실행·호출 순서 미검증
RD01,1082:33,1082,33,관련 네트워크의 공유·연관 동작,실행·호출 순서 미검증
RD01,1082:37,1082,37,설비 태그 명칭 일치 후보,실행·호출 순서 미검증
RD01,1082:41,1082,41,설비 태그 명칭 일치 후보,실행·호출 순서 미검증
RD01,1082:44,1082,44,관련 네트워크의 공유·연관 동작,실행·호출 순서 미검증
RD01,1082:46,1082,46,관련 네트워크의 공유·연관 동작,실행·호출 순서 미검증
RD01,1082:66,1082,66,관련 네트워크의 공유·연관 동작,실행·호출 순서 미검증
RD01,1082:70,1082,70,관련 네트워크의 공유·연관 동작,실행·호출 순서 미검증
RD01,1684:409,1684,409,관련 네트워크의 공유·연관 동작,실행·호출 순서 미검증
RD01,1684:417,1684,417,관련 네트워크의 공유·연관 동작,실행·호출 순서 미검증
RD01,1787:315,1787,315,관련 네트워크의 공유·연관 동작,실행·호출 순서 미검증
RD01,1787:321,1787,321,설비 태그 명칭 일치 후보,실행·호출 순서 미검증
RD01,1787:365,1787,365,설비 태그 명칭 일치 후보,실행·호출 순서 미검증
RD01,1787:326,1787,326,설비 태그 명칭 일치 후보,실행·호출 순서 미검증
RD01,1787:373,1787,373,설비 태그 명칭 일치 후보,실행·호출 순서 미검증
RD01,1788:349,1788,349,관련 네트워크의 공유·연관 동작,실행·호출 순서 미검증
RD01,1788:355,1788,355,설비 태그 명칭 일치 후보,실행·호출 순서 미검증
RD01,1788:360,1788,360,설비 태그 명칭 일치 후보,실행·호출 순서 미검증
RD01,1843:410,1843,410,관련 네트워크의 공유·연관 동작,실행·호출 순서 미검증
RD01,1843:412,1843,412,관련 네트워크의 공유·연관 동작,실행·호출 순서 미검증
RD01,1843:420,1843,420,관련 네트워크의 공유·연관 동작,실행·호출 순서 미검증
RD01,1843:422,1843,422,관련 네트워크의 공유·연관 동작,실행·호출 순서 미검증
RD01,1843:424,1843,424,관련 네트워크의 공유·연관 동작,실행·호출 순서 미검증
RD01,1843:432,1843,432,관련 네트워크의 공유·연관 동작,실행·호출 순서 미검증
RD01,1843:434,1843,434,관련 네트워크의 공유·연관 동작,실행·호출 순서 미검증
RD01,1843:436,1843,436,관련 네트워크의 공유·연관 동작,실행·호출 순서 미검증
RD01,1843:443,1843,443,관련 네트워크의 공유·연관 동작,실행·호출 순서 미검증
RD01,1843:449,1843,449,관련 네트워크의 공유·연관 동작,실행·호출 순서 미검증
RD01,1843:456,1843,456,관련 네트워크의 공유·연관 동작,실행·호출 순서 미검증
RD01,1843:458,1843,458,관련 네트워크의 공유·연관 동작,실행·호출 순서 미검증
RD01,1843:460,1843,460,관련 네트워크의 공유·연관 동작,실행·호출 순서 미검증
RD01,1843:462,1843,462,관련 네트워크의 공유·연관 동작,실행·호출 순서 미검증
RD01,1843:469,1843,469,설비 태그 명칭 일치 후보,실행·호출 순서 미검증
RD01,1843:478,1843,478,설비 태그 명칭 일치 후보,실행·호출 순서 미검증
RD01,1843:481,1843,481,관련 네트워크의 공유·연관 동작,실행·호출 순서 미검증
RD01,1843:492,1843,492,관련 네트워크의 공유·연관 동작,실행·호출 순서 미검증
RD01,1843:102,1843,102,관련 네트워크의 공유·연관 동작,실행·호출 순서 미검증
RD01,1843:495,1843,495,관련 네트워크의 공유·연관 동작,실행·호출 순서 미검증
RD01,1843:500,1843,500,관련 네트워크의 공유·연관 동작,실행·호출 순서 미검증
RD01,1843:506,1843,506,관련 네트워크의 공유·연관 동작,실행·호출 순서 미검증
RD01,1843:34,1843,34,관련 네트워크의 공유·연관 동작,실행·호출 순서 미검증
RD01,1843:513,1843,513,관련 네트워크의 공유·연관 동작,실행·호출 순서 미검증
RD01,1843:515,1843,515,관련 네트워크의 공유·연관 동작,실행·호출 순서 미검증
RD01,1843:517,1843,517,관련 네트워크의 공유·연관 동작,실행·호출 순서 미검증
RD01,1843:527,1843,527,관련 네트워크의 공유·연관 동작,실행·호출 순서 미검증
RD01,1843:530,1843,530,관련 네트워크의 공유·연관 동작,실행·호출 순서 미검증
RD01,1843:539,1843,539,관련 네트워크의 공유·연관 동작,실행·호출 순서 미검증
RD01,1843:545,1843,545,관련 네트워크의 공유·연관 동작,실행·호출 순서 미검증
RD01,1843:552,1843,552,관련 네트워크의 공유·연관 동작,실행·호출 순서 미검증
RD01,1843:554,1843,554,관련 네트워크의 공유·연관 동작,실행·호출 순서 미검증
RD01,1843:568,1843,568,관련 네트워크의 공유·연관 동작,실행·호출 순서 미검증
RD01,1843:573,1843,573,관련 네트워크의 공유·연관 동작,실행·호출 순서 미검증
RD01,1843:578,1843,578,관련 네트워크의 공유·연관 동작,실행·호출 순서 미검증
RD01,1843:581,1843,581,관련 네트워크의 공유·연관 동작,실행·호출 순서 미검증
RD01,1843:587,1843,587,관련 네트워크의 공유·연관 동작,실행·호출 순서 미검증
RD01,1843:828,1843,828,관련 네트워크의 공유·연관 동작,실행·호출 순서 미검증
RD01,1843:837,1843,837,관련 네트워크의 공유·연관 동작,실행·호출 순서 미검증
RD01,1843:838,1843,838,관련 네트워크의 공유·연관 동작,실행·호출 순서 미검증
RD01,1844:747,1844,747,관련 네트워크의 공유·연관 동작,실행·호출 순서 미검증
RD01,1844:749,1844,749,관련 네트워크의 공유·연관 동작,실행·호출 순서 미검증
RD01,1844:757,1844,757,관련 네트워크의 공유·연관 동작,실행·호출 순서 미검증
RD01,1844:759,1844,759,관련 네트워크의 공유·연관 동작,실행·호출 순서 미검증
RD01,1844:761,1844,761,관련 네트워크의 공유·연관 동작,실행·호출 순서 미검증
RD01,1844:769,1844,769,관련 네트워크의 공유·연관 동작,실행·호출 순서 미검증
RD01,1844:771,1844,771,관련 네트워크의 공유·연관 동작,실행·호출 순서 미검증
RD01,1844:773,1844,773,관련 네트워크의 공유·연관 동작,실행·호출 순서 미검증
RD01,1844:780,1844,780,관련 네트워크의 공유·연관 동작,실행·호출 순서 미검증
RD01,1844:786,1844,786,관련 네트워크의 공유·연관 동작,실행·호출 순서 미검증
RD01,1844:793,1844,793,관련 네트워크의 공유·연관 동작,실행·호출 순서 미검증
RD01,1844:799,1844,799,관련 네트워크의 공유·연관 동작,실행·호출 순서 미검증
RD01,1844:805,1844,805,관련 네트워크의 공유·연관 동작,실행·호출 순서 미검증
RD01,1844:811,1844,811,관련 네트워크의 공유·연관 동작,실행·호출 순서 미검증
RD01,1844:817,1844,817,설비 태그 명칭 일치 후보,실행·호출 순서 미검증
RD01,1844:826,1844,826,설비 태그 명칭 일치 후보,실행·호출 순서 미검증
RD01,1844:829,1844,829,관련 네트워크의 공유·연관 동작,실행·호출 순서 미검증
RD01,1844:1158,1844,1158,관련 네트워크의 공유·연관 동작,실행·호출 순서 미검증
RD01,1844:1162,1844,1162,관련 네트워크의 공유·연관 동작,실행·호출 순서 미검증
RD01,1844:850,1844,850,관련 네트워크의 공유·연관 동작,실행·호출 순서 미검증
RD01,1844:852,1844,852,관련 네트워크의 공유·연관 동작,실행·호출 순서 미검증
RD01,1844:854,1844,854,관련 네트워크의 공유·연관 동작,실행·호출 순서 미검증
RD01,1844:864,1844,864,관련 네트워크의 공유·연관 동작,실행·호출 순서 미검증
RD01,1844:867,1844,867,관련 네트워크의 공유·연관 동작,실행·호출 순서 미검증
RD01,1844:878,1844,878,관련 네트워크의 공유·연관 동작,실행·호출 순서 미검증
RD01,1844:881,1844,881,관련 네트워크의 공유·연관 동작,실행·호출 순서 미검증
RD01,1844:889,1844,889,관련 네트워크의 공유·연관 동작,실행·호출 순서 미검증
RD01,1844:896,1844,896,관련 네트워크의 공유·연관 동작,실행·호출 순서 미검증
RD01,1844:898,1844,898,관련 네트워크의 공유·연관 동작,실행·호출 순서 미검증
RD01,1844:912,1844,912,관련 네트워크의 공유·연관 동작,실행·호출 순서 미검증
RD01,1844:917,1844,917,관련 네트워크의 공유·연관 동작,실행·호출 순서 미검증
RD01,1844:922,1844,922,관련 네트워크의 공유·연관 동작,실행·호출 순서 미검증
RD01,1844:925,1844,925,관련 네트워크의 공유·연관 동작,실행·호출 순서 미검증
RD01,1844:931,1844,931,관련 네트워크의 공유·연관 동작,실행·호출 순서 미검증
RD01,1847:891,1847,891,관련 네트워크의 공유·연관 동작,실행·호출 순서 미검증
RD01,1847:893,1847,893,관련 네트워크의 공유·연관 동작,실행·호출 순서 미검증
RD01,1847:897,1847,897,관련 네트워크의 공유·연관 동작,실행·호출 순서 미검증
RD01,1847:905,1847,905,관련 네트워크의 공유·연관 동작,실행·호출 순서 미검증
RD01,1847:907,1847,907,관련 네트워크의 공유·연관 동작,실행·호출 순서 미검증
RD01,1847:909,1847,909,관련 네트워크의 공유·연관 동작,실행·호출 순서 미검증
RD01,1847:917,1847,917,관련 네트워크의 공유·연관 동작,실행·호출 순서 미검증
RD01,1847:919,1847,919,관련 네트워크의 공유·연관 동작,실행·호출 순서 미검증
RD01,1847:927,1847,927,관련 네트워크의 공유·연관 동작,실행·호출 순서 미검증
RD01,1847:929,1847,929,관련 네트워크의 공유·연관 동작,실행·호출 순서 미검증
RD01,1847:931,1847,931,관련 네트워크의 공유·연관 동작,실행·호출 순서 미검증
RD01,1847:939,1847,939,설비 태그 명칭 일치 후보,실행·호출 순서 미검증
RD01,1847:941,1847,941,관련 네트워크의 공유·연관 동작,실행·호출 순서 미검증
RD01,1847:948,1847,948,설비 태그 명칭 일치 후보,실행·호출 순서 미검증
RD01,1847:954,1847,954,관련 네트워크의 공유·연관 동작,실행·호출 순서 미검증
RD01,1847:961,1847,961,관련 네트워크의 공유·연관 동작,실행·호출 순서 미검증
RD01,1847:963,1847,963,관련 네트워크의 공유·연관 동작,실행·호출 순서 미검증
RD01,1847:965,1847,965,관련 네트워크의 공유·연관 동작,실행·호출 순서 미검증
RD01,1847:973,1847,973,관련 네트워크의 공유·연관 동작,실행·호출 순서 미검증
RD01,1847:975,1847,975,관련 네트워크의 공유·연관 동작,실행·호출 순서 미검증
RD01,1847:982,1847,982,관련 네트워크의 공유·연관 동작,실행·호출 순서 미검증
RD01,1857:182,1857,182,관련 네트워크의 공유·연관 동작,실행·호출 순서 미검증
RD01,1931:66,1931,66,설비 태그 명칭 일치 후보,실행·호출 순서 미검증
RD01,1932:109,1932,109,관련 네트워크의 공유·연관 동작,실행·호출 순서 미검증
RD01,1932:113,1932,113,관련 네트워크의 공유·연관 동작,실행·호출 순서 미검증
RD01,1933:147,1933,147,관련 네트워크의 공유·연관 동작,실행·호출 순서 미검증
RD01,1933:151,1933,151,관련 네트워크의 공유·연관 동작,실행·호출 순서 미검증
RD01,1934:164,1934,164,관련 네트워크의 공유·연관 동작,실행·호출 순서 미검증
RD01,1934:170,1934,170,관련 네트워크의 공유·연관 동작,실행·호출 순서 미검증
RD01,1934:172,1934,172,관련 네트워크의 공유·연관 동작,실행·호출 순서 미검증
RD01,1934:228,1934,228,관련 네트워크의 공유·연관 동작,실행·호출 순서 미검증
RD01,1934:210,1934,210,관련 네트워크의 공유·연관 동작,실행·호출 순서 미검증
RD01,1936:236,1936,236,설비 태그 명칭 일치 후보,실행·호출 순서 미검증
RD01,1936:240,1936,240,관련 심볼 이름과 대상 일치,실행·호출 순서 미검증
RD01,1938:257,1938,257,관련 네트워크의 공유·연관 동작,실행·호출 순서 미검증
RD01,1938:262,1938,262,관련 네트워크의 공유·연관 동작,실행·호출 순서 미검증
RD01,1938:268,1938,268,관련 네트워크의 공유·연관 동작,실행·호출 순서 미검증
RD01,1939:283,1939,283,설비 태그 명칭 일치 후보,실행·호출 순서 미검증
RD01,1939:287,1939,287,관련 심볼 이름과 대상 일치,실행·호출 순서 미검증
RD01,1955:772,1955,772,관련 네트워크의 공유·연관 동작,실행·호출 순서 미검증
RD01,1955:776,1955,776,관련 네트워크의 공유·연관 동작,실행·호출 순서 미검증
RD01-FAN,1020:1226,1020,1226,관련 네트워크의 공유·연관 동작,실행·호출 순서 미검증
RD01-FAN,1020:1229,1020,1229,관련 네트워크의 공유·연관 동작,실행·호출 순서 미검증
RD01-FAN,1020:1232,1020,1232,관련 네트워크의 공유·연관 동작,실행·호출 순서 미검증
RD01-FAN,1049:2822,1049,2822,관련 네트워크의 공유·연관 동작,실행·호출 순서 미검증
RD01-FAN,1049:2825,1049,2825,관련 네트워크의 공유·연관 동작,실행·호출 순서 미검증
RD01-FAN,1049:2828,1049,2828,관련 네트워크의 공유·연관 동작,실행·호출 순서 미검증
RD01-FAN,1049:2831,1049,2831,관련 네트워크의 공유·연관 동작,실행·호출 순서 미검증
RD01-FAN,1049:2834,1049,2834,관련 네트워크의 공유·연관 동작,실행·호출 순서 미검증
RD01-FAN,1082:33,1082,33,관련 네트워크의 공유·연관 동작,실행·호출 순서 미검증
RD01-FAN,1082:37,1082,37,관련 네트워크의 공유·연관 동작,실행·호출 순서 미검증
RD01-FAN,1082:41,1082,41,관련 네트워크의 공유·연관 동작,실행·호출 순서 미검증
RD01-FAN,1082:44,1082,44,관련 네트워크의 공유·연관 동작,실행·호출 순서 미검증
RD01-FAN,1082:46,1082,46,관련 네트워크의 공유·연관 동작,실행·호출 순서 미검증
RD01-FAN,1082:66,1082,66,관련 네트워크의 공유·연관 동작,실행·호출 순서 미검증
RD01-FAN,1082:70,1082,70,관련 네트워크의 공유·연관 동작,실행·호출 순서 미검증
RD01-FAN,1788:349,1788,349,관련 네트워크의 공유·연관 동작,실행·호출 순서 미검증
RD01-FAN,1788:355,1788,355,관련 네트워크의 공유·연관 동작,실행·호출 순서 미검증
RD01-FAN,1788:360,1788,360,관련 네트워크의 공유·연관 동작,실행·호출 순서 미검증
RD01-FAN,1843:410,1843,410,관련 네트워크의 공유·연관 동작,실행·호출 순서 미검증
RD01-FAN,1843:412,1843,412,관련 네트워크의 공유·연관 동작,실행·호출 순서 미검증
RD01-FAN,1843:420,1843,420,관련 네트워크의 공유·연관 동작,실행·호출 순서 미검증
RD01-FAN,1843:422,1843,422,관련 네트워크의 공유·연관 동작,실행·호출 순서 미검증
RD01-FAN,1843:424,1843,424,관련 네트워크의 공유·연관 동작,실행·호출 순서 미검증
RD01-FAN,1843:432,1843,432,관련 네트워크의 공유·연관 동작,실행·호출 순서 미검증
RD01-FAN,1843:434,1843,434,관련 네트워크의 공유·연관 동작,실행·호출 순서 미검증
RD01-FAN,1843:436,1843,436,관련 네트워크의 공유·연관 동작,실행·호출 순서 미검증
RD01-FAN,1843:443,1843,443,관련 네트워크의 공유·연관 동작,실행·호출 순서 미검증
RD01-FAN,1843:449,1843,449,관련 네트워크의 공유·연관 동작,실행·호출 순서 미검증
RD01-FAN,1843:456,1843,456,관련 네트워크의 공유·연관 동작,실행·호출 순서 미검증
RD01-FAN,1843:458,1843,458,관련 네트워크의 공유·연관 동작,실행·호출 순서 미검증
RD01-FAN,1843:460,1843,460,관련 네트워크의 공유·연관 동작,실행·호출 순서 미검증
RD01-FAN,1843:462,1843,462,관련 네트워크의 공유·연관 동작,실행·호출 순서 미검증
RD01-FAN,1843:469,1843,469,관련 네트워크의 공유·연관 동작,실행·호출 순서 미검증
RD01-FAN,1843:478,1843,478,관련 네트워크의 공유·연관 동작,실행·호출 순서 미검증
RD01-FAN,1843:481,1843,481,관련 네트워크의 공유·연관 동작,실행·호출 순서 미검증
RD01-FAN,1843:492,1843,492,관련 네트워크의 공유·연관 동작,실행·호출 순서 미검증
RD01-FAN,1843:102,1843,102,관련 네트워크의 공유·연관 동작,실행·호출 순서 미검증
RD01-FAN,1843:495,1843,495,관련 네트워크의 공유·연관 동작,실행·호출 순서 미검증
RD01-FAN,1843:500,1843,500,관련 네트워크의 공유·연관 동작,실행·호출 순서 미검증
RD01-FAN,1843:506,1843,506,관련 네트워크의 공유·연관 동작,실행·호출 순서 미검증
RD01-FAN,1843:34,1843,34,관련 네트워크의 공유·연관 동작,실행·호출 순서 미검증
RD01-FAN,1843:513,1843,513,관련 네트워크의 공유·연관 동작,실행·호출 순서 미검증
RD01-FAN,1843:515,1843,515,관련 네트워크의 공유·연관 동작,실행·호출 순서 미검증
RD01-FAN,1843:517,1843,517,관련 네트워크의 공유·연관 동작,실행·호출 순서 미검증
RD01-FAN,1843:527,1843,527,관련 네트워크의 공유·연관 동작,실행·호출 순서 미검증
RD01-FAN,1843:530,1843,530,관련 네트워크의 공유·연관 동작,실행·호출 순서 미검증
RD01-FAN,1843:539,1843,539,관련 네트워크의 공유·연관 동작,실행·호출 순서 미검증
RD01-FAN,1843:545,1843,545,관련 네트워크의 공유·연관 동작,실행·호출 순서 미검증
RD01-FAN,1843:552,1843,552,관련 네트워크의 공유·연관 동작,실행·호출 순서 미검증
RD01-FAN,1843:554,1843,554,관련 네트워크의 공유·연관 동작,실행·호출 순서 미검증
RD01-FAN,1843:568,1843,568,관련 네트워크의 공유·연관 동작,실행·호출 순서 미검증
RD01-FAN,1843:573,1843,573,관련 네트워크의 공유·연관 동작,실행·호출 순서 미검증
RD01-FAN,1843:578,1843,578,관련 네트워크의 공유·연관 동작,실행·호출 순서 미검증
RD01-FAN,1843:581,1843,581,관련 네트워크의 공유·연관 동작,실행·호출 순서 미검증
RD01-FAN,1843:587,1843,587,관련 네트워크의 공유·연관 동작,실행·호출 순서 미검증
RD01-FAN,1843:828,1843,828,관련 네트워크의 공유·연관 동작,실행·호출 순서 미검증
RD01-FAN,1843:837,1843,837,관련 네트워크의 공유·연관 동작,실행·호출 순서 미검증
RD01-FAN,1843:838,1843,838,관련 네트워크의 공유·연관 동작,실행·호출 순서 미검증
RD01-FAN,1844:747,1844,747,관련 네트워크의 공유·연관 동작,실행·호출 순서 미검증
RD01-FAN,1844:749,1844,749,관련 네트워크의 공유·연관 동작,실행·호출 순서 미검증
RD01-FAN,1844:757,1844,757,관련 네트워크의 공유·연관 동작,실행·호출 순서 미검증
RD01-FAN,1844:759,1844,759,관련 네트워크의 공유·연관 동작,실행·호출 순서 미검증
RD01-FAN,1844:761,1844,761,관련 네트워크의 공유·연관 동작,실행·호출 순서 미검증
RD01-FAN,1844:769,1844,769,관련 네트워크의 공유·연관 동작,실행·호출 순서 미검증
RD01-FAN,1844:771,1844,771,관련 네트워크의 공유·연관 동작,실행·호출 순서 미검증
RD01-FAN,1844:773,1844,773,관련 네트워크의 공유·연관 동작,실행·호출 순서 미검증
RD01-FAN,1844:780,1844,780,관련 네트워크의 공유·연관 동작,실행·호출 순서 미검증
RD01-FAN,1844:786,1844,786,관련 네트워크의 공유·연관 동작,실행·호출 순서 미검증
RD01-FAN,1844:793,1844,793,관련 네트워크의 공유·연관 동작,실행·호출 순서 미검증
RD01-FAN,1844:799,1844,799,관련 네트워크의 공유·연관 동작,실행·호출 순서 미검증
RD01-FAN,1844:805,1844,805,관련 네트워크의 공유·연관 동작,실행·호출 순서 미검증
RD01-FAN,1844:811,1844,811,관련 네트워크의 공유·연관 동작,실행·호출 순서 미검증
RD01-FAN,1844:817,1844,817,관련 네트워크의 공유·연관 동작,실행·호출 순서 미검증
RD01-FAN,1844:826,1844,826,관련 네트워크의 공유·연관 동작,실행·호출 순서 미검증
RD01-FAN,1844:829,1844,829,관련 네트워크의 공유·연관 동작,실행·호출 순서 미검증
RD01-FAN,1844:1158,1844,1158,관련 네트워크의 공유·연관 동작,실행·호출 순서 미검증
RD01-FAN,1844:1162,1844,1162,관련 네트워크의 공유·연관 동작,실행·호출 순서 미검증
RD01-FAN,1844:850,1844,850,관련 네트워크의 공유·연관 동작,실행·호출 순서 미검증
RD01-FAN,1844:852,1844,852,관련 네트워크의 공유·연관 동작,실행·호출 순서 미검증
RD01-FAN,1844:854,1844,854,관련 네트워크의 공유·연관 동작,실행·호출 순서 미검증
RD01-FAN,1844:864,1844,864,관련 네트워크의 공유·연관 동작,실행·호출 순서 미검증
RD01-FAN,1844:867,1844,867,관련 네트워크의 공유·연관 동작,실행·호출 순서 미검증
RD01-FAN,1844:878,1844,878,관련 네트워크의 공유·연관 동작,실행·호출 순서 미검증
RD01-FAN,1844:881,1844,881,관련 네트워크의 공유·연관 동작,실행·호출 순서 미검증
RD01-FAN,1844:889,1844,889,관련 네트워크의 공유·연관 동작,실행·호출 순서 미검증
RD01-FAN,1844:896,1844,896,관련 네트워크의 공유·연관 동작,실행·호출 순서 미검증
RD01-FAN,1844:898,1844,898,관련 네트워크의 공유·연관 동작,실행·호출 순서 미검증
RD01-FAN,1844:912,1844,912,관련 네트워크의 공유·연관 동작,실행·호출 순서 미검증
RD01-FAN,1844:917,1844,917,관련 네트워크의 공유·연관 동작,실행·호출 순서 미검증
RD01-FAN,1844:922,1844,922,관련 네트워크의 공유·연관 동작,실행·호출 순서 미검증
RD01-FAN,1844:925,1844,925,관련 네트워크의 공유·연관 동작,실행·호출 순서 미검증
RD01-FAN,1844:931,1844,931,관련 네트워크의 공유·연관 동작,실행·호출 순서 미검증
RD01-FAN,1847:891,1847,891,관련 네트워크의 공유·연관 동작,실행·호출 순서 미검증
RD01-FAN,1847:893,1847,893,관련 네트워크의 공유·연관 동작,실행·호출 순서 미검증
RD01-FAN,1847:897,1847,897,관련 네트워크의 공유·연관 동작,실행·호출 순서 미검증
RD01-FAN,1847:905,1847,905,관련 네트워크의 공유·연관 동작,실행·호출 순서 미검증
RD01-FAN,1847:907,1847,907,관련 네트워크의 공유·연관 동작,실행·호출 순서 미검증
RD01-FAN,1847:909,1847,909,관련 네트워크의 공유·연관 동작,실행·호출 순서 미검증
RD01-FAN,1847:917,1847,917,관련 네트워크의 공유·연관 동작,실행·호출 순서 미검증
RD01-FAN,1847:919,1847,919,관련 네트워크의 공유·연관 동작,실행·호출 순서 미검증
RD01-FAN,1847:927,1847,927,관련 네트워크의 공유·연관 동작,실행·호출 순서 미검증
RD01-FAN,1847:929,1847,929,관련 네트워크의 공유·연관 동작,실행·호출 순서 미검증
RD01-FAN,1847:931,1847,931,관련 네트워크의 공유·연관 동작,실행·호출 순서 미검증
RD01-FAN,1847:939,1847,939,관련 네트워크의 공유·연관 동작,실행·호출 순서 미검증
RD01-FAN,1847:941,1847,941,관련 네트워크의 공유·연관 동작,실행·호출 순서 미검증
RD01-FAN,1847:948,1847,948,관련 네트워크의 공유·연관 동작,실행·호출 순서 미검증
RD01-FAN,1847:954,1847,954,관련 네트워크의 공유·연관 동작,실행·호출 순서 미검증
RD01-FAN,1847:961,1847,961,관련 네트워크의 공유·연관 동작,실행·호출 순서 미검증
RD01-FAN,1847:963,1847,963,관련 네트워크의 공유·연관 동작,실행·호출 순서 미검증
RD01-FAN,1847:965,1847,965,관련 네트워크의 공유·연관 동작,실행·호출 순서 미검증
RD01-FAN,1847:973,1847,973,관련 네트워크의 공유·연관 동작,실행·호출 순서 미검증
RD01-FAN,1847:975,1847,975,관련 네트워크의 공유·연관 동작,실행·호출 순서 미검증
RD01-FAN,1847:982,1847,982,관련 네트워크의 공유·연관 동작,실행·호출 순서 미검증
RD01-FAN,1936:236,1936,236,관련 네트워크의 공유·연관 동작,실행·호출 순서 미검증
RD01-FAN,1936:240,1936,240,관련 네트워크의 공유·연관 동작,실행·호출 순서 미검증
RD01-FAN,1939:283,1939,283,관련 네트워크의 공유·연관 동작,실행·호출 순서 미검증
RD01-FAN,1939:287,1939,287,관련 심볼 이름과 대상 일치,실행·호출 순서 미검증
MC03,1021:1280,1021,1280,설비 태그 명칭 일치 후보,실행·호출 순서 미검증
MC03,1021:1283,1021,1283,설비 태그 명칭 일치 후보,실행·호출 순서 미검증
MC03,1021:1286,1021,1286,관련 네트워크의 공유·연관 동작,실행·호출 순서 미검증
MC03,1049:2822,1049,2822,관련 네트워크의 공유·연관 동작,실행·호출 순서 미검증
MC03,1049:2825,1049,2825,관련 네트워크의 공유·연관 동작,실행·호출 순서 미검증
MC03,1049:2828,1049,2828,설비 태그 명칭 일치 후보,실행·호출 순서 미검증
MC03,1049:2831,1049,2831,관련 네트워크의 공유·연관 동작,실행·호출 순서 미검증
MC03,1049:2834,1049,2834,관련 네트워크의 공유·연관 동작,실행·호출 순서 미검증
MC03,1082:33,1082,33,관련 네트워크의 공유·연관 동작,실행·호출 순서 미검증
MC03,1082:37,1082,37,관련 네트워크의 공유·연관 동작,실행·호출 순서 미검증
MC03,1082:41,1082,41,관련 네트워크의 공유·연관 동작,실행·호출 순서 미검증
MC03,1082:44,1082,44,설비 태그 명칭 일치 후보,실행·호출 순서 미검증
MC03,1082:46,1082,46,관련 네트워크의 공유·연관 동작,실행·호출 순서 미검증
MC03,1082:66,1082,66,관련 네트워크의 공유·연관 동작,실행·호출 순서 미검증
MC03,1082:70,1082,70,관련 네트워크의 공유·연관 동작,실행·호출 순서 미검증
MC03,1789:383,1789,383,관련 네트워크의 공유·연관 동작,실행·호출 순서 미검증
MC03,1789:389,1789,389,설비 태그 명칭 일치 후보,실행·호출 순서 미검증
MC03,1789:394,1789,394,설비 태그 명칭 일치 후보,실행·호출 순서 미검증
MC03,1790:400,1790,400,설비 태그 명칭 일치 후보,실행·호출 순서 미검증
MC03,1790:406,1790,406,설비 태그 명칭 일치 후보,실행·호출 순서 미검증
MC03,1940:314,1940,314,설비 태그 명칭 일치 후보,실행·호출 순서 미검증
MC03,1940:318,1940,318,관련 심볼 이름과 대상 일치,실행·호출 순서 미검증
MC04,1022:1334,1022,1334,설비 태그 명칭 일치 후보,실행·호출 순서 미검증
MC04,1022:1337,1022,1337,설비 태그 명칭 일치 후보,실행·호출 순서 미검증
MC04,1022:1340,1022,1340,관련 네트워크의 공유·연관 동작,실행·호출 순서 미검증
MC04,1049:2822,1049,2822,관련 네트워크의 공유·연관 동작,실행·호출 순서 미검증
MC04,1049:2825,1049,2825,관련 네트워크의 공유·연관 동작,실행·호출 순서 미검증
MC04,1049:2828,1049,2828,관련 네트워크의 공유·연관 동작,실행·호출 순서 미검증
MC04,1049:2831,1049,2831,설비 태그 명칭 일치 후보,실행·호출 순서 미검증
MC04,1049:2834,1049,2834,관련 네트워크의 공유·연관 동작,실행·호출 순서 미검증
MC04,1080:27,1080,27,설비 태그 명칭 일치 후보,실행·호출 순서 미검증
MC04,1080:33,1080,33,관련 네트워크의 공유·연관 동작,실행·호출 순서 미검증
MC04,1080:36,1080,36,관련 네트워크의 공유·연관 동작,실행·호출 순서 미검증
MC04,1080:39,1080,39,관련 네트워크의 공유·연관 동작,실행·호출 순서 미검증
MC04,1080:42,1080,42,관련 네트워크의 공유·연관 동작,실행·호출 순서 미검증
MC04,1080:45,1080,45,관련 네트워크의 공유·연관 동작,실행·호출 순서 미검증
MC04,1082:33,1082,33,관련 네트워크의 공유·연관 동작,실행·호출 순서 미검증
MC04,1082:37,1082,37,관련 네트워크의 공유·연관 동작,실행·호출 순서 미검증
MC04,1082:41,1082,41,관련 네트워크의 공유·연관 동작,실행·호출 순서 미검증
MC04,1082:44,1082,44,관련 네트워크의 공유·연관 동작,실행·호출 순서 미검증
MC04,1082:46,1082,46,설비 태그 명칭 일치 후보,실행·호출 순서 미검증
MC04,1082:66,1082,66,관련 네트워크의 공유·연관 동작,실행·호출 순서 미검증
MC04,1082:70,1082,70,관련 네트워크의 공유·연관 동작,실행·호출 순서 미검증
MC04,1693:24,1693,24,설비 태그 명칭 일치 후보,실행·호출 순서 미검증
MC04,1693:26,1693,26,설비 태그 명칭 일치 후보,실행·호출 순서 미검증
MC04,1791:437,1791,437,관련 네트워크의 공유·연관 동작,실행·호출 순서 미검증
MC04,1791:443,1791,443,설비 태그 명칭 일치 후보,실행·호출 순서 미검증
MC04,1791:487,1791,487,설비 태그 명칭 일치 후보,실행·호출 순서 미검증
MC04,1791:448,1791,448,설비 태그 명칭 일치 후보,실행·호출 순서 미검증
MC04,1791:495,1791,495,설비 태그 명칭 일치 후보,실행·호출 순서 미검증
MC04,1792:454,1792,454,설비 태그 명칭 일치 후보,실행·호출 순서 미검증
MC04,1792:460,1792,460,설비 태그 명칭 일치 후보,실행·호출 순서 미검증
MC04,1843:410,1843,410,관련 네트워크의 공유·연관 동작,실행·호출 순서 미검증
MC04,1843:412,1843,412,관련 네트워크의 공유·연관 동작,실행·호출 순서 미검증
MC04,1843:420,1843,420,관련 네트워크의 공유·연관 동작,실행·호출 순서 미검증
MC04,1843:422,1843,422,관련 네트워크의 공유·연관 동작,실행·호출 순서 미검증
MC04,1843:424,1843,424,관련 네트워크의 공유·연관 동작,실행·호출 순서 미검증
MC04,1843:432,1843,432,관련 네트워크의 공유·연관 동작,실행·호출 순서 미검증
MC04,1843:434,1843,434,관련 네트워크의 공유·연관 동작,실행·호출 순서 미검증
MC04,1843:436,1843,436,관련 네트워크의 공유·연관 동작,실행·호출 순서 미검증
MC04,1843:443,1843,443,관련 네트워크의 공유·연관 동작,실행·호출 순서 미검증
MC04,1843:449,1843,449,관련 네트워크의 공유·연관 동작,실행·호출 순서 미검증
MC04,1843:456,1843,456,관련 네트워크의 공유·연관 동작,실행·호출 순서 미검증
MC04,1843:458,1843,458,관련 네트워크의 공유·연관 동작,실행·호출 순서 미검증
MC04,1843:460,1843,460,설비 태그 명칭 일치 후보,실행·호출 순서 미검증
MC04,1843:462,1843,462,관련 네트워크의 공유·연관 동작,실행·호출 순서 미검증
MC04,1843:469,1843,469,관련 네트워크의 공유·연관 동작,실행·호출 순서 미검증
MC04,1843:478,1843,478,관련 네트워크의 공유·연관 동작,실행·호출 순서 미검증
MC04,1843:481,1843,481,관련 네트워크의 공유·연관 동작,실행·호출 순서 미검증
MC04,1843:492,1843,492,관련 네트워크의 공유·연관 동작,실행·호출 순서 미검증
MC04,1843:102,1843,102,관련 네트워크의 공유·연관 동작,실행·호출 순서 미검증
MC04,1843:495,1843,495,관련 네트워크의 공유·연관 동작,실행·호출 순서 미검증
MC04,1843:500,1843,500,관련 네트워크의 공유·연관 동작,실행·호출 순서 미검증
MC04,1843:506,1843,506,관련 네트워크의 공유·연관 동작,실행·호출 순서 미검증
MC04,1843:34,1843,34,관련 네트워크의 공유·연관 동작,실행·호출 순서 미검증
MC04,1843:513,1843,513,관련 네트워크의 공유·연관 동작,실행·호출 순서 미검증
MC04,1843:515,1843,515,관련 네트워크의 공유·연관 동작,실행·호출 순서 미검증
MC04,1843:517,1843,517,관련 네트워크의 공유·연관 동작,실행·호출 순서 미검증
MC04,1843:527,1843,527,관련 네트워크의 공유·연관 동작,실행·호출 순서 미검증
MC04,1843:530,1843,530,관련 네트워크의 공유·연관 동작,실행·호출 순서 미검증
MC04,1843:539,1843,539,관련 네트워크의 공유·연관 동작,실행·호출 순서 미검증
MC04,1843:545,1843,545,관련 네트워크의 공유·연관 동작,실행·호출 순서 미검증
MC04,1843:552,1843,552,관련 네트워크의 공유·연관 동작,실행·호출 순서 미검증
MC04,1843:554,1843,554,관련 네트워크의 공유·연관 동작,실행·호출 순서 미검증
MC04,1843:568,1843,568,관련 네트워크의 공유·연관 동작,실행·호출 순서 미검증
MC04,1843:573,1843,573,관련 네트워크의 공유·연관 동작,실행·호출 순서 미검증
MC04,1843:578,1843,578,관련 네트워크의 공유·연관 동작,실행·호출 순서 미검증
MC04,1843:581,1843,581,관련 네트워크의 공유·연관 동작,실행·호출 순서 미검증
MC04,1843:587,1843,587,관련 네트워크의 공유·연관 동작,실행·호출 순서 미검증
MC04,1843:828,1843,828,관련 네트워크의 공유·연관 동작,실행·호출 순서 미검증
MC04,1843:837,1843,837,관련 네트워크의 공유·연관 동작,실행·호출 순서 미검증
MC04,1843:838,1843,838,관련 네트워크의 공유·연관 동작,실행·호출 순서 미검증
MC04,1844:747,1844,747,관련 네트워크의 공유·연관 동작,실행·호출 순서 미검증
MC04,1844:749,1844,749,관련 네트워크의 공유·연관 동작,실행·호출 순서 미검증
MC04,1844:757,1844,757,관련 네트워크의 공유·연관 동작,실행·호출 순서 미검증
MC04,1844:759,1844,759,관련 네트워크의 공유·연관 동작,실행·호출 순서 미검증
MC04,1844:761,1844,761,관련 네트워크의 공유·연관 동작,실행·호출 순서 미검증
MC04,1844:769,1844,769,관련 네트워크의 공유·연관 동작,실행·호출 순서 미검증
MC04,1844:771,1844,771,관련 네트워크의 공유·연관 동작,실행·호출 순서 미검증
MC04,1844:773,1844,773,관련 네트워크의 공유·연관 동작,실행·호출 순서 미검증
MC04,1844:780,1844,780,관련 네트워크의 공유·연관 동작,실행·호출 순서 미검증
MC04,1844:786,1844,786,관련 네트워크의 공유·연관 동작,실행·호출 순서 미검증
MC04,1844:793,1844,793,관련 네트워크의 공유·연관 동작,실행·호출 순서 미검증
MC04,1844:799,1844,799,설비 태그 명칭 일치 후보,실행·호출 순서 미검증
MC04,1844:805,1844,805,관련 네트워크의 공유·연관 동작,실행·호출 순서 미검증
MC04,1844:811,1844,811,관련 네트워크의 공유·연관 동작,실행·호출 순서 미검증
MC04,1844:817,1844,817,관련 네트워크의 공유·연관 동작,실행·호출 순서 미검증
MC04,1844:826,1844,826,관련 네트워크의 공유·연관 동작,실행·호출 순서 미검증
MC04,1844:829,1844,829,관련 네트워크의 공유·연관 동작,실행·호출 순서 미검증
MC04,1844:1158,1844,1158,관련 네트워크의 공유·연관 동작,실행·호출 순서 미검증
MC04,1844:1162,1844,1162,관련 네트워크의 공유·연관 동작,실행·호출 순서 미검증
MC04,1844:850,1844,850,관련 네트워크의 공유·연관 동작,실행·호출 순서 미검증
MC04,1844:852,1844,852,관련 네트워크의 공유·연관 동작,실행·호출 순서 미검증
MC04,1844:854,1844,854,관련 네트워크의 공유·연관 동작,실행·호출 순서 미검증
MC04,1844:864,1844,864,관련 네트워크의 공유·연관 동작,실행·호출 순서 미검증
MC04,1844:867,1844,867,관련 네트워크의 공유·연관 동작,실행·호출 순서 미검증
MC04,1844:878,1844,878,관련 네트워크의 공유·연관 동작,실행·호출 순서 미검증
MC04,1844:881,1844,881,관련 네트워크의 공유·연관 동작,실행·호출 순서 미검증
MC04,1844:889,1844,889,관련 네트워크의 공유·연관 동작,실행·호출 순서 미검증
MC04,1844:896,1844,896,관련 네트워크의 공유·연관 동작,실행·호출 순서 미검증
MC04,1844:898,1844,898,관련 네트워크의 공유·연관 동작,실행·호출 순서 미검증
MC04,1844:912,1844,912,관련 네트워크의 공유·연관 동작,실행·호출 순서 미검증
MC04,1844:917,1844,917,관련 네트워크의 공유·연관 동작,실행·호출 순서 미검증
MC04,1844:922,1844,922,관련 네트워크의 공유·연관 동작,실행·호출 순서 미검증
MC04,1844:925,1844,925,관련 네트워크의 공유·연관 동작,실행·호출 순서 미검증
MC04,1844:931,1844,931,관련 네트워크의 공유·연관 동작,실행·호출 순서 미검증
MC04,1847:891,1847,891,관련 네트워크의 공유·연관 동작,실행·호출 순서 미검증
MC04,1847:893,1847,893,관련 네트워크의 공유·연관 동작,실행·호출 순서 미검증
MC04,1847:897,1847,897,관련 네트워크의 공유·연관 동작,실행·호출 순서 미검증
MC04,1847:905,1847,905,관련 네트워크의 공유·연관 동작,실행·호출 순서 미검증
MC04,1847:907,1847,907,관련 네트워크의 공유·연관 동작,실행·호출 순서 미검증
MC04,1847:909,1847,909,관련 네트워크의 공유·연관 동작,실행·호출 순서 미검증
MC04,1847:917,1847,917,관련 네트워크의 공유·연관 동작,실행·호출 순서 미검증
MC04,1847:919,1847,919,관련 네트워크의 공유·연관 동작,실행·호출 순서 미검증
MC04,1847:927,1847,927,관련 네트워크의 공유·연관 동작,실행·호출 순서 미검증
MC04,1847:929,1847,929,관련 네트워크의 공유·연관 동작,실행·호출 순서 미검증
MC04,1847:931,1847,931,관련 네트워크의 공유·연관 동작,실행·호출 순서 미검증
MC04,1847:939,1847,939,관련 네트워크의 공유·연관 동작,실행·호출 순서 미검증
MC04,1847:941,1847,941,관련 네트워크의 공유·연관 동작,실행·호출 순서 미검증
MC04,1847:948,1847,948,관련 네트워크의 공유·연관 동작,실행·호출 순서 미검증
MC04,1847:954,1847,954,설비 태그 명칭 일치 후보,실행·호출 순서 미검증
MC04,1847:961,1847,961,관련 네트워크의 공유·연관 동작,실행·호출 순서 미검증
MC04,1847:963,1847,963,관련 네트워크의 공유·연관 동작,실행·호출 순서 미검증
MC04,1847:965,1847,965,관련 네트워크의 공유·연관 동작,실행·호출 순서 미검증
MC04,1847:973,1847,973,관련 네트워크의 공유·연관 동작,실행·호출 순서 미검증
MC04,1847:975,1847,975,관련 네트워크의 공유·연관 동작,실행·호출 순서 미검증
MC04,1847:982,1847,982,관련 네트워크의 공유·연관 동작,실행·호출 순서 미검증
MC04,1916:456,1916,456,관련 네트워크의 공유·연관 동작,실행·호출 순서 미검증
MC04,1916:458,1916,458,관련 네트워크의 공유·연관 동작,실행·호출 순서 미검증
MC04,1916:466,1916,466,관련 네트워크의 공유·연관 동작,실행·호출 순서 미검증
MC04,1916:471,1916,471,관련 네트워크의 공유·연관 동작,실행·호출 순서 미검증
MC04,1916:474,1916,474,관련 네트워크의 공유·연관 동작,실행·호출 순서 미검증
MC04,1916:477,1916,477,관련 네트워크의 공유·연관 동작,실행·호출 순서 미검증
MC04,1916:480,1916,480,관련 네트워크의 공유·연관 동작,실행·호출 순서 미검증
MC04,1940:314,1940,314,관련 네트워크의 공유·연관 동작,실행·호출 순서 미검증
MC04,1940:318,1940,318,관련 네트워크의 공유·연관 동작,실행·호출 순서 미검증
MC04,1941:340,1941,340,설비 태그 명칭 일치 후보,실행·호출 순서 미검증
MC04,1941:344,1941,344,관련 심볼 이름과 대상 일치,실행·호출 순서 미검증
MC05,1049:2822,1049,2822,관련 네트워크의 공유·연관 동작,실행·호출 순서 미검증
MC05,1049:2825,1049,2825,관련 네트워크의 공유·연관 동작,실행·호출 순서 미검증
MC05,1049:2828,1049,2828,관련 네트워크의 공유·연관 동작,실행·호출 순서 미검증
MC05,1049:2831,1049,2831,관련 네트워크의 공유·연관 동작,실행·호출 순서 미검증
MC05,1049:2834,1049,2834,설비 태그 명칭 일치 후보,실행·호출 순서 미검증
MC05,1843:410,1843,410,관련 네트워크의 공유·연관 동작,실행·호출 순서 미검증
MC05,1843:412,1843,412,관련 네트워크의 공유·연관 동작,실행·호출 순서 미검증
MC05,1843:420,1843,420,관련 네트워크의 공유·연관 동작,실행·호출 순서 미검증
MC05,1843:422,1843,422,관련 네트워크의 공유·연관 동작,실행·호출 순서 미검증
MC05,1843:424,1843,424,관련 네트워크의 공유·연관 동작,실행·호출 순서 미검증
MC05,1843:432,1843,432,관련 네트워크의 공유·연관 동작,실행·호출 순서 미검증
MC05,1843:434,1843,434,관련 네트워크의 공유·연관 동작,실행·호출 순서 미검증
MC05,1843:436,1843,436,관련 네트워크의 공유·연관 동작,실행·호출 순서 미검증
MC05,1843:443,1843,443,관련 네트워크의 공유·연관 동작,실행·호출 순서 미검증
MC05,1843:449,1843,449,관련 네트워크의 공유·연관 동작,실행·호출 순서 미검증
MC05,1843:456,1843,456,관련 네트워크의 공유·연관 동작,실행·호출 순서 미검증
MC05,1843:458,1843,458,설비 태그 명칭 일치 후보,실행·호출 순서 미검증
MC05,1843:460,1843,460,관련 네트워크의 공유·연관 동작,실행·호출 순서 미검증
MC05,1843:462,1843,462,관련 네트워크의 공유·연관 동작,실행·호출 순서 미검증
MC05,1843:469,1843,469,관련 네트워크의 공유·연관 동작,실행·호출 순서 미검증
MC05,1843:478,1843,478,관련 네트워크의 공유·연관 동작,실행·호출 순서 미검증
MC05,1843:481,1843,481,관련 네트워크의 공유·연관 동작,실행·호출 순서 미검증
MC05,1843:492,1843,492,관련 네트워크의 공유·연관 동작,실행·호출 순서 미검증
MC05,1843:102,1843,102,관련 네트워크의 공유·연관 동작,실행·호출 순서 미검증
MC05,1843:495,1843,495,관련 네트워크의 공유·연관 동작,실행·호출 순서 미검증
MC05,1843:500,1843,500,관련 네트워크의 공유·연관 동작,실행·호출 순서 미검증
MC05,1843:506,1843,506,관련 네트워크의 공유·연관 동작,실행·호출 순서 미검증
MC05,1843:34,1843,34,관련 네트워크의 공유·연관 동작,실행·호출 순서 미검증
MC05,1843:513,1843,513,관련 네트워크의 공유·연관 동작,실행·호출 순서 미검증
MC05,1843:515,1843,515,관련 네트워크의 공유·연관 동작,실행·호출 순서 미검증
MC05,1843:517,1843,517,관련 네트워크의 공유·연관 동작,실행·호출 순서 미검증
MC05,1843:527,1843,527,관련 네트워크의 공유·연관 동작,실행·호출 순서 미검증
MC05,1843:530,1843,530,관련 네트워크의 공유·연관 동작,실행·호출 순서 미검증
MC05,1843:539,1843,539,관련 네트워크의 공유·연관 동작,실행·호출 순서 미검증
MC05,1843:545,1843,545,관련 네트워크의 공유·연관 동작,실행·호출 순서 미검증
MC05,1843:552,1843,552,관련 네트워크의 공유·연관 동작,실행·호출 순서 미검증
MC05,1843:554,1843,554,관련 네트워크의 공유·연관 동작,실행·호출 순서 미검증
MC05,1843:568,1843,568,관련 네트워크의 공유·연관 동작,실행·호출 순서 미검증
MC05,1843:573,1843,573,관련 네트워크의 공유·연관 동작,실행·호출 순서 미검증
MC05,1843:578,1843,578,관련 네트워크의 공유·연관 동작,실행·호출 순서 미검증
MC05,1843:581,1843,581,관련 네트워크의 공유·연관 동작,실행·호출 순서 미검증
MC05,1843:587,1843,587,관련 네트워크의 공유·연관 동작,실행·호출 순서 미검증
MC05,1843:828,1843,828,관련 네트워크의 공유·연관 동작,실행·호출 순서 미검증
MC05,1843:837,1843,837,관련 네트워크의 공유·연관 동작,실행·호출 순서 미검증
MC05,1843:838,1843,838,관련 네트워크의 공유·연관 동작,실행·호출 순서 미검증
MC05,1844:747,1844,747,관련 네트워크의 공유·연관 동작,실행·호출 순서 미검증
MC05,1844:749,1844,749,관련 네트워크의 공유·연관 동작,실행·호출 순서 미검증
MC05,1844:757,1844,757,관련 네트워크의 공유·연관 동작,실행·호출 순서 미검증
MC05,1844:759,1844,759,관련 네트워크의 공유·연관 동작,실행·호출 순서 미검증
MC05,1844:761,1844,761,관련 네트워크의 공유·연관 동작,실행·호출 순서 미검증
MC05,1844:769,1844,769,관련 네트워크의 공유·연관 동작,실행·호출 순서 미검증
MC05,1844:771,1844,771,관련 네트워크의 공유·연관 동작,실행·호출 순서 미검증
MC05,1844:773,1844,773,관련 네트워크의 공유·연관 동작,실행·호출 순서 미검증
MC05,1844:780,1844,780,관련 네트워크의 공유·연관 동작,실행·호출 순서 미검증
MC05,1844:786,1844,786,관련 네트워크의 공유·연관 동작,실행·호출 순서 미검증
MC05,1844:793,1844,793,설비 태그 명칭 일치 후보,실행·호출 순서 미검증
MC05,1844:799,1844,799,관련 네트워크의 공유·연관 동작,실행·호출 순서 미검증
MC05,1844:805,1844,805,관련 네트워크의 공유·연관 동작,실행·호출 순서 미검증
MC05,1844:811,1844,811,관련 네트워크의 공유·연관 동작,실행·호출 순서 미검증
MC05,1844:817,1844,817,관련 네트워크의 공유·연관 동작,실행·호출 순서 미검증
MC05,1844:826,1844,826,관련 네트워크의 공유·연관 동작,실행·호출 순서 미검증
MC05,1844:829,1844,829,관련 네트워크의 공유·연관 동작,실행·호출 순서 미검증
MC05,1844:1158,1844,1158,관련 네트워크의 공유·연관 동작,실행·호출 순서 미검증
MC05,1844:1162,1844,1162,관련 네트워크의 공유·연관 동작,실행·호출 순서 미검증
MC05,1844:850,1844,850,관련 네트워크의 공유·연관 동작,실행·호출 순서 미검증
MC05,1844:852,1844,852,관련 네트워크의 공유·연관 동작,실행·호출 순서 미검증
MC05,1844:854,1844,854,관련 네트워크의 공유·연관 동작,실행·호출 순서 미검증
MC05,1844:864,1844,864,관련 네트워크의 공유·연관 동작,실행·호출 순서 미검증
MC05,1844:867,1844,867,관련 네트워크의 공유·연관 동작,실행·호출 순서 미검증
MC05,1844:878,1844,878,관련 네트워크의 공유·연관 동작,실행·호출 순서 미검증
MC05,1844:881,1844,881,관련 네트워크의 공유·연관 동작,실행·호출 순서 미검증
MC05,1844:889,1844,889,관련 네트워크의 공유·연관 동작,실행·호출 순서 미검증
MC05,1844:896,1844,896,관련 네트워크의 공유·연관 동작,실행·호출 순서 미검증
MC05,1844:898,1844,898,관련 네트워크의 공유·연관 동작,실행·호출 순서 미검증
MC05,1844:912,1844,912,관련 네트워크의 공유·연관 동작,실행·호출 순서 미검증
MC05,1844:917,1844,917,관련 네트워크의 공유·연관 동작,실행·호출 순서 미검증
MC05,1844:922,1844,922,관련 네트워크의 공유·연관 동작,실행·호출 순서 미검증
MC05,1844:925,1844,925,관련 네트워크의 공유·연관 동작,실행·호출 순서 미검증
MC05,1844:931,1844,931,관련 네트워크의 공유·연관 동작,실행·호출 순서 미검증
VS01,1024:1442,1024,1442,설비 태그 명칭 일치 후보,실행·호출 순서 미검증
VS01,1024:1445,1024,1445,설비 태그 명칭 일치 후보,실행·호출 순서 미검증
VS01,1024:1448,1024,1448,관련 네트워크의 공유·연관 동작,실행·호출 순서 미검증
VS01,1050:2884,1050,2884,설비 태그 명칭 일치 후보,실행·호출 순서 미검증
VS01,1050:2887,1050,2887,관련 네트워크의 공유·연관 동작,실행·호출 순서 미검증
VS01,1050:2890,1050,2890,관련 네트워크의 공유·연관 동작,실행·호출 순서 미검증
VS01,1050:2893,1050,2893,관련 네트워크의 공유·연관 동작,실행·호출 순서 미검증
VS01,1050:2896,1050,2896,관련 네트워크의 공유·연관 동작,실행·호출 순서 미검증
VS01,1082:33,1082,33,관련 네트워크의 공유·연관 동작,실행·호출 순서 미검증
VS01,1082:37,1082,37,관련 네트워크의 공유·연관 동작,실행·호출 순서 미검증
VS01,1082:41,1082,41,관련 네트워크의 공유·연관 동작,실행·호출 순서 미검증
VS01,1082:44,1082,44,관련 네트워크의 공유·연관 동작,실행·호출 순서 미검증
VS01,1082:46,1082,46,관련 네트워크의 공유·연관 동작,실행·호출 순서 미검증
VS01,1082:66,1082,66,설비 태그 명칭 일치 후보,실행·호출 순서 미검증
VS01,1082:70,1082,70,관련 네트워크의 공유·연관 동작,실행·호출 순서 미검증
VS01,1794:545,1794,545,관련 네트워크의 공유·연관 동작,실행·호출 순서 미검증
VS01,1794:551,1794,551,설비 태그 명칭 일치 후보,실행·호출 순서 미검증
VS01,1794:595,1794,595,설비 태그 명칭 일치 후보,실행·호출 순서 미검증
VS01,1794:556,1794,556,설비 태그 명칭 일치 후보,실행·호출 순서 미검증
VS01,1794:603,1794,603,설비 태그 명칭 일치 후보,실행·호출 순서 미검증
VS01,1843:410,1843,410,관련 네트워크의 공유·연관 동작,실행·호출 순서 미검증
VS01,1843:412,1843,412,관련 네트워크의 공유·연관 동작,실행·호출 순서 미검증
VS01,1843:420,1843,420,관련 네트워크의 공유·연관 동작,실행·호출 순서 미검증
VS01,1843:422,1843,422,관련 네트워크의 공유·연관 동작,실행·호출 순서 미검증
VS01,1843:424,1843,424,관련 네트워크의 공유·연관 동작,실행·호출 순서 미검증
VS01,1843:432,1843,432,관련 네트워크의 공유·연관 동작,실행·호출 순서 미검증
VS01,1843:434,1843,434,관련 네트워크의 공유·연관 동작,실행·호출 순서 미검증
VS01,1843:436,1843,436,관련 네트워크의 공유·연관 동작,실행·호출 순서 미검증
VS01,1843:443,1843,443,관련 네트워크의 공유·연관 동작,실행·호출 순서 미검증
VS01,1843:449,1843,449,관련 네트워크의 공유·연관 동작,실행·호출 순서 미검증
VS01,1843:456,1843,456,설비 태그 명칭 일치 후보,실행·호출 순서 미검증
VS01,1843:458,1843,458,관련 네트워크의 공유·연관 동작,실행·호출 순서 미검증
VS01,1843:460,1843,460,관련 네트워크의 공유·연관 동작,실행·호출 순서 미검증
VS01,1843:462,1843,462,관련 네트워크의 공유·연관 동작,실행·호출 순서 미검증
VS01,1843:469,1843,469,관련 네트워크의 공유·연관 동작,실행·호출 순서 미검증
VS01,1843:478,1843,478,관련 네트워크의 공유·연관 동작,실행·호출 순서 미검증
VS01,1843:481,1843,481,관련 네트워크의 공유·연관 동작,실행·호출 순서 미검증
VS01,1843:492,1843,492,관련 네트워크의 공유·연관 동작,실행·호출 순서 미검증
VS01,1843:102,1843,102,관련 네트워크의 공유·연관 동작,실행·호출 순서 미검증
VS01,1843:495,1843,495,관련 네트워크의 공유·연관 동작,실행·호출 순서 미검증
VS01,1843:500,1843,500,관련 네트워크의 공유·연관 동작,실행·호출 순서 미검증
VS01,1843:506,1843,506,관련 네트워크의 공유·연관 동작,실행·호출 순서 미검증
VS01,1843:34,1843,34,관련 네트워크의 공유·연관 동작,실행·호출 순서 미검증
VS01,1843:513,1843,513,관련 네트워크의 공유·연관 동작,실행·호출 순서 미검증
VS01,1843:515,1843,515,관련 네트워크의 공유·연관 동작,실행·호출 순서 미검증
VS01,1843:517,1843,517,관련 네트워크의 공유·연관 동작,실행·호출 순서 미검증
VS01,1843:527,1843,527,관련 네트워크의 공유·연관 동작,실행·호출 순서 미검증
VS01,1843:530,1843,530,관련 네트워크의 공유·연관 동작,실행·호출 순서 미검증
VS01,1843:539,1843,539,관련 네트워크의 공유·연관 동작,실행·호출 순서 미검증
VS01,1843:545,1843,545,관련 네트워크의 공유·연관 동작,실행·호출 순서 미검증
VS01,1843:552,1843,552,관련 네트워크의 공유·연관 동작,실행·호출 순서 미검증
VS01,1843:554,1843,554,관련 네트워크의 공유·연관 동작,실행·호출 순서 미검증
VS01,1843:568,1843,568,관련 네트워크의 공유·연관 동작,실행·호출 순서 미검증
VS01,1843:573,1843,573,관련 네트워크의 공유·연관 동작,실행·호출 순서 미검증
VS01,1843:578,1843,578,관련 네트워크의 공유·연관 동작,실행·호출 순서 미검증
VS01,1843:581,1843,581,관련 네트워크의 공유·연관 동작,실행·호출 순서 미검증
VS01,1843:587,1843,587,관련 네트워크의 공유·연관 동작,실행·호출 순서 미검증
VS01,1843:828,1843,828,관련 네트워크의 공유·연관 동작,실행·호출 순서 미검증
VS01,1843:837,1843,837,관련 네트워크의 공유·연관 동작,실행·호출 순서 미검증
VS01,1843:838,1843,838,관련 네트워크의 공유·연관 동작,실행·호출 순서 미검증
VS01,1844:747,1844,747,관련 네트워크의 공유·연관 동작,실행·호출 순서 미검증
VS01,1844:749,1844,749,관련 네트워크의 공유·연관 동작,실행·호출 순서 미검증
VS01,1844:757,1844,757,관련 네트워크의 공유·연관 동작,실행·호출 순서 미검증
VS01,1844:759,1844,759,관련 네트워크의 공유·연관 동작,실행·호출 순서 미검증
VS01,1844:761,1844,761,관련 네트워크의 공유·연관 동작,실행·호출 순서 미검증
VS01,1844:769,1844,769,관련 네트워크의 공유·연관 동작,실행·호출 순서 미검증
VS01,1844:771,1844,771,관련 네트워크의 공유·연관 동작,실행·호출 순서 미검증
VS01,1844:773,1844,773,관련 네트워크의 공유·연관 동작,실행·호출 순서 미검증
VS01,1844:780,1844,780,관련 네트워크의 공유·연관 동작,실행·호출 순서 미검증
VS01,1844:786,1844,786,설비 태그 명칭 일치 후보,실행·호출 순서 미검증
VS01,1844:793,1844,793,관련 네트워크의 공유·연관 동작,실행·호출 순서 미검증
VS01,1844:799,1844,799,관련 네트워크의 공유·연관 동작,실행·호출 순서 미검증
VS01,1844:805,1844,805,관련 네트워크의 공유·연관 동작,실행·호출 순서 미검증
VS01,1844:811,1844,811,관련 네트워크의 공유·연관 동작,실행·호출 순서 미검증
VS01,1844:817,1844,817,관련 네트워크의 공유·연관 동작,실행·호출 순서 미검증
VS01,1844:826,1844,826,관련 네트워크의 공유·연관 동작,실행·호출 순서 미검증
VS01,1844:829,1844,829,관련 네트워크의 공유·연관 동작,실행·호출 순서 미검증
VS01,1844:1158,1844,1158,관련 네트워크의 공유·연관 동작,실행·호출 순서 미검증
VS01,1844:1162,1844,1162,관련 네트워크의 공유·연관 동작,실행·호출 순서 미검증
VS01,1844:850,1844,850,관련 네트워크의 공유·연관 동작,실행·호출 순서 미검증
VS01,1844:852,1844,852,관련 네트워크의 공유·연관 동작,실행·호출 순서 미검증
VS01,1844:854,1844,854,관련 네트워크의 공유·연관 동작,실행·호출 순서 미검증
VS01,1844:864,1844,864,관련 네트워크의 공유·연관 동작,실행·호출 순서 미검증
VS01,1844:867,1844,867,관련 네트워크의 공유·연관 동작,실행·호출 순서 미검증
VS01,1844:878,1844,878,관련 네트워크의 공유·연관 동작,실행·호출 순서 미검증
VS01,1844:881,1844,881,관련 네트워크의 공유·연관 동작,실행·호출 순서 미검증
VS01,1844:889,1844,889,관련 네트워크의 공유·연관 동작,실행·호출 순서 미검증
VS01,1844:896,1844,896,관련 네트워크의 공유·연관 동작,실행·호출 순서 미검증
VS01,1844:898,1844,898,관련 네트워크의 공유·연관 동작,실행·호출 순서 미검증
VS01,1844:912,1844,912,관련 네트워크의 공유·연관 동작,실행·호출 순서 미검증
VS01,1844:917,1844,917,관련 네트워크의 공유·연관 동작,실행·호출 순서 미검증
VS01,1844:922,1844,922,관련 네트워크의 공유·연관 동작,실행·호출 순서 미검증
VS01,1844:925,1844,925,관련 네트워크의 공유·연관 동작,실행·호출 순서 미검증
VS01,1844:931,1844,931,관련 네트워크의 공유·연관 동작,실행·호출 순서 미검증
VS01,1847:891,1847,891,관련 네트워크의 공유·연관 동작,실행·호출 순서 미검증
VS01,1847:893,1847,893,관련 네트워크의 공유·연관 동작,실행·호출 순서 미검증
VS01,1847:897,1847,897,관련 네트워크의 공유·연관 동작,실행·호출 순서 미검증
VS01,1847:905,1847,905,관련 네트워크의 공유·연관 동작,실행·호출 순서 미검증
VS01,1847:907,1847,907,관련 네트워크의 공유·연관 동작,실행·호출 순서 미검증
VS01,1847:909,1847,909,관련 네트워크의 공유·연관 동작,실행·호출 순서 미검증
VS01,1847:917,1847,917,관련 네트워크의 공유·연관 동작,실행·호출 순서 미검증
VS01,1847:919,1847,919,관련 네트워크의 공유·연관 동작,실행·호출 순서 미검증
VS01,1847:927,1847,927,관련 네트워크의 공유·연관 동작,실행·호출 순서 미검증
VS01,1847:929,1847,929,관련 네트워크의 공유·연관 동작,실행·호출 순서 미검증
VS01,1847:931,1847,931,관련 네트워크의 공유·연관 동작,실행·호출 순서 미검증
VS01,1847:939,1847,939,관련 네트워크의 공유·연관 동작,실행·호출 순서 미검증
VS01,1847:941,1847,941,관련 네트워크의 공유·연관 동작,실행·호출 순서 미검증
VS01,1847:948,1847,948,관련 네트워크의 공유·연관 동작,실행·호출 순서 미검증
VS01,1847:954,1847,954,관련 네트워크의 공유·연관 동작,실행·호출 순서 미검증
VS01,1847:961,1847,961,관련 네트워크의 공유·연관 동작,실행·호출 순서 미검증
VS01,1847:963,1847,963,관련 네트워크의 공유·연관 동작,실행·호출 순서 미검증
VS01,1847:965,1847,965,관련 네트워크의 공유·연관 동작,실행·호출 순서 미검증
VS01,1847:973,1847,973,관련 네트워크의 공유·연관 동작,실행·호출 순서 미검증
VS01,1847:975,1847,975,설비 태그 명칭 일치 후보,실행·호출 순서 미검증
VS01,1847:982,1847,982,관련 네트워크의 공유·연관 동작,실행·호출 순서 미검증
VS01,1941:340,1941,340,관련 네트워크의 공유·연관 동작,실행·호출 순서 미검증
VS01,1941:344,1941,344,관련 네트워크의 공유·연관 동작,실행·호출 순서 미검증
VS01,1943:377,1943,377,설비 태그 명칭 일치 후보,실행·호출 순서 미검증
VS01,1943:381,1943,381,관련 심볼 이름과 대상 일치,실행·호출 순서 미검증
VS01,1944:425,1944,425,관련 심볼 이름과 대상 일치,실행·호출 순서 미검증
VS01,1944:431,1944,431,관련 심볼 이름과 대상 일치,실행·호출 순서 미검증
VS01,1944:439,1944,439,관련 네트워크의 공유·연관 동작,실행·호출 순서 미검증
VS01,1944:444,1944,444,관련 심볼 이름과 대상 일치,실행·호출 순서 미검증
SC12,1050:2884,1050,2884,관련 네트워크의 공유·연관 동작,실행·호출 순서 미검증
SC12,1050:2887,1050,2887,설비 태그 명칭 일치 후보,실행·호출 순서 미검증
SC12,1050:2890,1050,2890,관련 네트워크의 공유·연관 동작,실행·호출 순서 미검증
SC12,1050:2893,1050,2893,관련 네트워크의 공유·연관 동작,실행·호출 순서 미검증
SC12,1050:2896,1050,2896,관련 네트워크의 공유·연관 동작,실행·호출 순서 미검증
BR01,1071:22,1071,22,관련 네트워크의 공유·연관 동작,실행·호출 순서 미검증
BR01,1071:27,1071,27,관련 네트워크의 공유·연관 동작,실행·호출 순서 미검증
BR01,1071:34,1071,34,관련 네트워크의 공유·연관 동작,실행·호출 순서 미검증
BR01,1071:41,1071,41,관련 네트워크의 공유·연관 동작,실행·호출 순서 미검증
BR01,1071:48,1071,48,관련 네트워크의 공유·연관 동작,실행·호출 순서 미검증
BR01,1071:49,1071,49,관련 네트워크의 공유·연관 동작,실행·호출 순서 미검증
BR01,1071:50,1071,50,관련 네트워크의 공유·연관 동작,실행·호출 순서 미검증
BR01,1071:51,1071,51,관련 네트워크의 공유·연관 동작,실행·호출 순서 미검증
BR01,1071:72,1071,72,관련 네트워크의 공유·연관 동작,실행·호출 순서 미검증
BR01,1071:73,1071,73,관련 네트워크의 공유·연관 동작,실행·호출 순서 미검증
BR01,1071:74,1071,74,관련 네트워크의 공유·연관 동작,실행·호출 순서 미검증
BR01,1071:75,1071,75,관련 네트워크의 공유·연관 동작,실행·호출 순서 미검증
BR01,1071:96,1071,96,관련 네트워크의 공유·연관 동작,실행·호출 순서 미검증
BR01,1071:97,1071,97,관련 네트워크의 공유·연관 동작,실행·호출 순서 미검증
BR01,1071:98,1071,98,관련 네트워크의 공유·연관 동작,실행·호출 순서 미검증
BR01,1071:99,1071,99,관련 네트워크의 공유·연관 동작,실행·호출 순서 미검증
BR01,1071:122,1071,122,관련 네트워크의 공유·연관 동작,실행·호출 순서 미검증
BR01,1071:123,1071,123,관련 네트워크의 공유·연관 동작,실행·호출 순서 미검증
BR01,1071:144,1071,144,관련 네트워크의 공유·연관 동작,실행·호출 순서 미검증
BR01,1071:145,1071,145,관련 네트워크의 공유·연관 동작,실행·호출 순서 미검증
BR01,1071:146,1071,146,관련 네트워크의 공유·연관 동작,실행·호출 순서 미검증
BR01,1071:147,1071,147,관련 네트워크의 공유·연관 동작,실행·호출 순서 미검증
BR01,1071:168,1071,168,관련 네트워크의 공유·연관 동작,실행·호출 순서 미검증
BR01,1071:169,1071,169,관련 네트워크의 공유·연관 동작,실행·호출 순서 미검증
BR01,1071:170,1071,170,설비 태그 명칭 일치 후보,실행·호출 순서 미검증
BR01,1071:171,1071,171,설비 태그 명칭 일치 후보,실행·호출 순서 미검증
BR01,1071:84,1071,84,설비 태그 명칭 일치 후보,실행·호출 순서 미검증
BR01,1071:194,1071,194,설비 태그 명칭 일치 후보,실행·호출 순서 미검증
BR01,1092:27,1092,27,관련 네트워크의 공유·연관 동작,실행·호출 순서 미검증
BR01,1092:31,1092,31,관련 네트워크의 공유·연관 동작,실행·호출 순서 미검증
BR01,1092:33,1092,33,관련 네트워크의 공유·연관 동작,실행·호출 순서 미검증
BR01,1092:36,1092,36,관련 네트워크의 공유·연관 동작,실행·호출 순서 미검증
BR01,1219:27,1219,27,관련 네트워크의 공유·연관 동작,실행·호출 순서 미검증
BR01,1219:34,1219,34,관련 네트워크의 공유·연관 동작,실행·호출 순서 미검증
BR01,1686:523,1686,523,관련 네트워크의 공유·연관 동작,실행·호출 순서 미검증
BR01,1686:531,1686,531,관련 네트워크의 공유·연관 동작,실행·호출 순서 미검증
BR01,1686:543,1686,543,관련 심볼 이름과 대상 일치,실행·호출 순서 미검증
BR01,1687:576,1687,576,관련 네트워크의 공유·연관 동작,실행·호출 순서 미검증
BR01,1687:584,1687,584,관련 네트워크의 공유·연관 동작,실행·호출 순서 미검증
BR01,1687:22,1687,22,관련 네트워크의 공유·연관 동작,실행·호출 순서 미검증
BR01,1706:362,1706,362,관련 네트워크의 공유·연관 동작,실행·호출 순서 미검증
BR01,1706:369,1706,369,관련 네트워크의 공유·연관 동작,실행·호출 순서 미검증
BR01,1706:46,1706,46,관련 심볼 이름과 대상 일치,실행·호출 순서 미검증
BR01,1706:390,1706,390,관련 네트워크의 공유·연관 동작,실행·호출 순서 미검증
BR01,1706:407,1706,407,관련 네트워크의 공유·연관 동작,실행·호출 순서 미검증
BR01,1721:165,1721,165,관련 네트워크의 공유·연관 동작,실행·호출 순서 미검증
BR01,1754:669,1754,669,관련 네트워크의 공유·연관 동작,실행·호출 순서 미검증
BR01,1830:374,1830,374,관련 네트워크의 공유·연관 동작,실행·호출 순서 미검증
BR01,1830:382,1830,382,관련 네트워크의 공유·연관 동작,실행·호출 순서 미검증
BR01,1830:390,1830,390,관련 네트워크의 공유·연관 동작,실행·호출 순서 미검증
BR01,1830:398,1830,398,관련 네트워크의 공유·연관 동작,실행·호출 순서 미검증
BR01,1830:406,1830,406,관련 네트워크의 공유·연관 동작,실행·호출 순서 미검증
BR01,1830:414,1830,414,관련 네트워크의 공유·연관 동작,실행·호출 순서 미검증
BR01,1830:422,1830,422,관련 네트워크의 공유·연관 동작,실행·호출 순서 미검증
BR01,1830:430,1830,430,관련 네트워크의 공유·연관 동작,실행·호출 순서 미검증
BR01,1830:438,1830,438,관련 네트워크의 공유·연관 동작,실행·호출 순서 미검증
BR01,1830:446,1830,446,관련 네트워크의 공유·연관 동작,실행·호출 순서 미검증
BR01,1830:454,1830,454,관련 네트워크의 공유·연관 동작,실행·호출 순서 미검증
BR01,1830:462,1830,462,관련 네트워크의 공유·연관 동작,실행·호출 순서 미검증
BR01,1830:470,1830,470,관련 네트워크의 공유·연관 동작,실행·호출 순서 미검증
BR01,1830:478,1830,478,관련 네트워크의 공유·연관 동작,실행·호출 순서 미검증
BR01,1830:486,1830,486,관련 네트워크의 공유·연관 동작,실행·호출 순서 미검증
BR01,1830:494,1830,494,관련 네트워크의 공유·연관 동작,실행·호출 순서 미검증
BR01,1830:502,1830,502,관련 네트워크의 공유·연관 동작,실행·호출 순서 미검증
BR01,1830:510,1830,510,관련 네트워크의 공유·연관 동작,실행·호출 순서 미검증
BR01,1830:518,1830,518,관련 네트워크의 공유·연관 동작,실행·호출 순서 미검증
BR01,1830:526,1830,526,관련 네트워크의 공유·연관 동작,실행·호출 순서 미검증
BR01,1834:566,1834,566,관련 네트워크의 공유·연관 동작,실행·호출 순서 미검증
BR01,1834:574,1834,574,관련 네트워크의 공유·연관 동작,실행·호출 순서 미검증
BR01,1843:410,1843,410,관련 네트워크의 공유·연관 동작,실행·호출 순서 미검증
BR01,1843:412,1843,412,관련 네트워크의 공유·연관 동작,실행·호출 순서 미검증
BR01,1843:420,1843,420,관련 네트워크의 공유·연관 동작,실행·호출 순서 미검증
BR01,1843:422,1843,422,관련 네트워크의 공유·연관 동작,실행·호출 순서 미검증
BR01,1843:424,1843,424,관련 네트워크의 공유·연관 동작,실행·호출 순서 미검증
BR01,1843:432,1843,432,관련 네트워크의 공유·연관 동작,실행·호출 순서 미검증
BR01,1843:434,1843,434,관련 네트워크의 공유·연관 동작,실행·호출 순서 미검증
BR01,1843:436,1843,436,관련 네트워크의 공유·연관 동작,실행·호출 순서 미검증
BR01,1843:443,1843,443,관련 네트워크의 공유·연관 동작,실행·호출 순서 미검증
BR01,1843:449,1843,449,관련 네트워크의 공유·연관 동작,실행·호출 순서 미검증
BR01,1843:456,1843,456,관련 네트워크의 공유·연관 동작,실행·호출 순서 미검증
BR01,1843:458,1843,458,관련 네트워크의 공유·연관 동작,실행·호출 순서 미검증
BR01,1843:460,1843,460,관련 네트워크의 공유·연관 동작,실행·호출 순서 미검증
BR01,1843:462,1843,462,관련 네트워크의 공유·연관 동작,실행·호출 순서 미검증
BR01,1843:469,1843,469,관련 네트워크의 공유·연관 동작,실행·호출 순서 미검증
BR01,1843:478,1843,478,관련 네트워크의 공유·연관 동작,실행·호출 순서 미검증
BR01,1843:481,1843,481,관련 네트워크의 공유·연관 동작,실행·호출 순서 미검증
BR01,1843:492,1843,492,관련 네트워크의 공유·연관 동작,실행·호출 순서 미검증
BR01,1843:102,1843,102,관련 네트워크의 공유·연관 동작,실행·호출 순서 미검증
BR01,1843:495,1843,495,관련 네트워크의 공유·연관 동작,실행·호출 순서 미검증
BR01,1843:500,1843,500,관련 네트워크의 공유·연관 동작,실행·호출 순서 미검증
BR01,1843:506,1843,506,관련 네트워크의 공유·연관 동작,실행·호출 순서 미검증
BR01,1843:34,1843,34,관련 네트워크의 공유·연관 동작,실행·호출 순서 미검증
BR01,1843:513,1843,513,관련 네트워크의 공유·연관 동작,실행·호출 순서 미검증
BR01,1843:515,1843,515,관련 네트워크의 공유·연관 동작,실행·호출 순서 미검증
BR01,1843:517,1843,517,관련 네트워크의 공유·연관 동작,실행·호출 순서 미검증
BR01,1843:527,1843,527,관련 네트워크의 공유·연관 동작,실행·호출 순서 미검증
BR01,1843:530,1843,530,관련 네트워크의 공유·연관 동작,실행·호출 순서 미검증
BR01,1843:539,1843,539,관련 네트워크의 공유·연관 동작,실행·호출 순서 미검증
BR01,1843:545,1843,545,관련 네트워크의 공유·연관 동작,실행·호출 순서 미검증
BR01,1843:552,1843,552,관련 네트워크의 공유·연관 동작,실행·호출 순서 미검증
BR01,1843:554,1843,554,관련 네트워크의 공유·연관 동작,실행·호출 순서 미검증
BR01,1843:568,1843,568,관련 네트워크의 공유·연관 동작,실행·호출 순서 미검증
BR01,1843:573,1843,573,관련 네트워크의 공유·연관 동작,실행·호출 순서 미검증
BR01,1843:578,1843,578,관련 네트워크의 공유·연관 동작,실행·호출 순서 미검증
BR01,1843:581,1843,581,관련 네트워크의 공유·연관 동작,실행·호출 순서 미검증
BR01,1843:587,1843,587,관련 네트워크의 공유·연관 동작,실행·호출 순서 미검증
BR01,1843:828,1843,828,관련 네트워크의 공유·연관 동작,실행·호출 순서 미검증
BR01,1843:837,1843,837,관련 네트워크의 공유·연관 동작,실행·호출 순서 미검증
BR01,1843:838,1843,838,관련 네트워크의 공유·연관 동작,실행·호출 순서 미검증
BR01,1844:747,1844,747,관련 네트워크의 공유·연관 동작,실행·호출 순서 미검증
BR01,1844:749,1844,749,관련 네트워크의 공유·연관 동작,실행·호출 순서 미검증
BR01,1844:757,1844,757,관련 네트워크의 공유·연관 동작,실행·호출 순서 미검증
BR01,1844:759,1844,759,관련 네트워크의 공유·연관 동작,실행·호출 순서 미검증
BR01,1844:761,1844,761,관련 네트워크의 공유·연관 동작,실행·호출 순서 미검증
BR01,1844:769,1844,769,관련 네트워크의 공유·연관 동작,실행·호출 순서 미검증
BR01,1844:771,1844,771,관련 네트워크의 공유·연관 동작,실행·호출 순서 미검증
BR01,1844:773,1844,773,관련 네트워크의 공유·연관 동작,실행·호출 순서 미검증
BR01,1844:780,1844,780,관련 네트워크의 공유·연관 동작,실행·호출 순서 미검증
BR01,1844:786,1844,786,관련 네트워크의 공유·연관 동작,실행·호출 순서 미검증
BR01,1844:793,1844,793,관련 네트워크의 공유·연관 동작,실행·호출 순서 미검증
BR01,1844:799,1844,799,관련 네트워크의 공유·연관 동작,실행·호출 순서 미검증
BR01,1844:805,1844,805,관련 네트워크의 공유·연관 동작,실행·호출 순서 미검증
BR01,1844:811,1844,811,관련 네트워크의 공유·연관 동작,실행·호출 순서 미검증
BR01,1844:817,1844,817,관련 네트워크의 공유·연관 동작,실행·호출 순서 미검증
BR01,1844:826,1844,826,관련 네트워크의 공유·연관 동작,실행·호출 순서 미검증
BR01,1844:829,1844,829,관련 네트워크의 공유·연관 동작,실행·호출 순서 미검증
BR01,1844:1158,1844,1158,관련 네트워크의 공유·연관 동작,실행·호출 순서 미검증
BR01,1844:1162,1844,1162,관련 네트워크의 공유·연관 동작,실행·호출 순서 미검증
BR01,1844:850,1844,850,관련 네트워크의 공유·연관 동작,실행·호출 순서 미검증
BR01,1844:852,1844,852,관련 네트워크의 공유·연관 동작,실행·호출 순서 미검증
BR01,1844:854,1844,854,관련 네트워크의 공유·연관 동작,실행·호출 순서 미검증
BR01,1844:864,1844,864,관련 네트워크의 공유·연관 동작,실행·호출 순서 미검증
BR01,1844:867,1844,867,관련 네트워크의 공유·연관 동작,실행·호출 순서 미검증
BR01,1844:878,1844,878,관련 네트워크의 공유·연관 동작,실행·호출 순서 미검증
BR01,1844:881,1844,881,관련 네트워크의 공유·연관 동작,실행·호출 순서 미검증
BR01,1844:889,1844,889,관련 네트워크의 공유·연관 동작,실행·호출 순서 미검증
BR01,1844:896,1844,896,관련 네트워크의 공유·연관 동작,실행·호출 순서 미검증
BR01,1844:898,1844,898,관련 네트워크의 공유·연관 동작,실행·호출 순서 미검증
BR01,1844:912,1844,912,관련 네트워크의 공유·연관 동작,실행·호출 순서 미검증
BR01,1844:917,1844,917,관련 네트워크의 공유·연관 동작,실행·호출 순서 미검증
BR01,1844:922,1844,922,관련 네트워크의 공유·연관 동작,실행·호출 순서 미검증
BR01,1844:925,1844,925,관련 네트워크의 공유·연관 동작,실행·호출 순서 미검증
BR01,1844:931,1844,931,관련 네트워크의 공유·연관 동작,실행·호출 순서 미검증
BR01,1854:117,1854,117,관련 네트워크의 공유·연관 동작,실행·호출 순서 미검증
BR01,1854:123,1854,123,관련 네트워크의 공유·연관 동작,실행·호출 순서 미검증
BR01,1854:125,1854,125,관련 네트워크의 공유·연관 동작,실행·호출 순서 미검증
BR01,1854:133,1854,133,관련 네트워크의 공유·연관 동작,실행·호출 순서 미검증
BR01,1854:138,1854,138,관련 네트워크의 공유·연관 동작,실행·호출 순서 미검증
BR01,1854:145,1854,145,관련 네트워크의 공유·연관 동작,실행·호출 순서 미검증
BR01,1854:149,1854,149,관련 심볼 이름과 대상 일치,실행·호출 순서 미검증
BR01,1854:156,1854,156,관련 네트워크의 공유·연관 동작,실행·호출 순서 미검증
BR01,1854:159,1854,159,관련 네트워크의 공유·연관 동작,실행·호출 순서 미검증
BR01,1854:164,1854,164,관련 네트워크의 공유·연관 동작,실행·호출 순서 미검증
BR01,1855:245,1855,245,관련 네트워크의 공유·연관 동작,실행·호출 순서 미검증
BR01,1855:248,1855,248,관련 네트워크의 공유·연관 동작,실행·호출 순서 미검증
BR01,1857:182,1857,182,관련 네트워크의 공유·연관 동작,실행·호출 순서 미검증
BR01,1858:232,1858,232,관련 네트워크의 공유·연관 동작,실행·호출 순서 미검증
BR01,1859:277,1859,277,관련 네트워크의 공유·연관 동작,실행·호출 순서 미검증
BR01,1859:282,1859,282,관련 네트워크의 공유·연관 동작,실행·호출 순서 미검증
BR01,1860:23,1860,23,관련 네트워크의 공유·연관 동작,실행·호출 순서 미검증
BR01,1860:29,1860,29,관련 네트워크의 공유·연관 동작,실행·호출 순서 미검증
BR01,1860:30,1860,30,관련 네트워크의 공유·연관 동작,실행·호출 순서 미검증
BR01,1860:113,1860,113,관련 네트워크의 공유·연관 동작,실행·호출 순서 미검증
BR01,1860:119,1860,119,관련 네트워크의 공유·연관 동작,실행·호출 순서 미검증
BR01,1860:90,1860,90,관련 네트워크의 공유·연관 동작,실행·호출 순서 미검증
BR01,1860:104,1860,104,관련 네트워크의 공유·연관 동작,실행·호출 순서 미검증
BR01,1861:292,1861,292,관련 심볼 이름과 대상 일치,실행·호출 순서 미검증
BR01,1861:298,1861,298,관련 네트워크의 공유·연관 동작,실행·호출 순서 미검증
BR01,1862:422,1862,422,관련 네트워크의 공유·연관 동작,실행·호출 순서 미검증
BR01,1862:441,1862,441,관련 네트워크의 공유·연관 동작,실행·호출 순서 미검증
BR01,1862:448,1862,448,관련 네트워크의 공유·연관 동작,실행·호출 순서 미검증
BR01,1862:453,1862,453,관련 네트워크의 공유·연관 동작,실행·호출 순서 미검증
BR01,1862:465,1862,465,관련 네트워크의 공유·연관 동작,실행·호출 순서 미검증
BR01,1862:470,1862,470,관련 네트워크의 공유·연관 동작,실행·호출 순서 미검증
BR01,1863:464,1863,464,관련 네트워크의 공유·연관 동작,실행·호출 순서 미검증
BR01,1863:472,1863,472,관련 네트워크의 공유·연관 동작,실행·호출 순서 미검증
BR01,1863:477,1863,477,관련 네트워크의 공유·연관 동작,실행·호출 순서 미검증
BR01,1863:481,1863,481,관련 네트워크의 공유·연관 동작,실행·호출 순서 미검증
BR01,1863:485,1863,485,관련 네트워크의 공유·연관 동작,실행·호출 순서 미검증
BR01,1865:579,1865,579,관련 심볼 이름과 대상 일치,실행·호출 순서 미검증
BR01,1865:588,1865,588,관련 심볼 이름과 대상 일치,실행·호출 순서 미검증
BR01,1866:600,1866,600,관련 네트워크의 공유·연관 동작,실행·호출 순서 미검증
BR01,1866:607,1866,607,관련 심볼 이름과 대상 일치,실행·호출 순서 미검증
BR01,1866:611,1866,611,관련 심볼 이름과 대상 일치,실행·호출 순서 미검증
BR01,1867:632,1867,632,관련 네트워크의 공유·연관 동작,실행·호출 순서 미검증
BR01,1868:1122,1868,1122,설비 태그 명칭 일치 후보,실행·호출 순서 미검증
BR01,1868:1127,1868,1127,관련 네트워크의 공유·연관 동작,실행·호출 순서 미검증
BR01,1868:1669,1868,1669,관련 심볼 이름과 대상 일치,실행·호출 순서 미검증
BR01,1868:1130,1868,1130,관련 심볼 이름과 대상 일치,실행·호출 순서 미검증
BR01,1868:1146,1868,1146,설비 태그 명칭 일치 후보,실행·호출 순서 미검증
BR01,1868:1154,1868,1154,설비 태그 명칭 일치 후보,실행·호출 순서 미검증
BR01,1868:1159,1868,1159,설비 태그 명칭 일치 후보,실행·호출 순서 미검증
BR01,1868:1171,1868,1171,관련 네트워크의 공유·연관 동작,실행·호출 순서 미검증
BR01,1868:1176,1868,1176,관련 네트워크의 공유·연관 동작,실행·호출 순서 미검증
BR01,1868:1179,1868,1179,설비 태그 명칭 일치 후보,실행·호출 순서 미검증
BR01,1868:1188,1868,1188,설비 태그 명칭 일치 후보,실행·호출 순서 미검증
BR01,1868:1199,1868,1199,관련 네트워크의 공유·연관 동작,실행·호출 순서 미검증
BR01,1868:1215,1868,1215,관련 네트워크의 공유·연관 동작,실행·호출 순서 미검증
BR01,1868:1220,1868,1220,설비 태그 명칭 일치 후보,실행·호출 순서 미검증
BR01,1868:1232,1868,1232,관련 네트워크의 공유·연관 동작,실행·호출 순서 미검증
BR01,1868:1237,1868,1237,관련 네트워크의 공유·연관 동작,실행·호출 순서 미검증
BR01,1868:1240,1868,1240,설비 태그 명칭 일치 후보,실행·호출 순서 미검증
BR01,1868:1251,1868,1251,설비 태그 명칭 일치 후보,실행·호출 순서 미검증
BR01,1868:1262,1868,1262,관련 네트워크의 공유·연관 동작,실행·호출 순서 미검증
BR01,1868:1267,1868,1267,설비 태그 명칭 일치 후보,실행·호출 순서 미검증
BR01,1868:1281,1868,1281,설비 태그 명칭 일치 후보,실행·호출 순서 미검증
BR01,1868:1289,1868,1289,설비 태그 명칭 일치 후보,실행·호출 순서 미검증
BR01,1868:1300,1868,1300,관련 심볼 이름과 대상 일치,실행·호출 순서 미검증
BR01,1868:1303,1868,1303,관련 네트워크의 공유·연관 동작,실행·호출 순서 미검증
BR01,1868:1306,1868,1306,관련 심볼 이름과 대상 일치,실행·호출 순서 미검증
BR01,1868:1309,1868,1309,설비 태그 명칭 일치 후보,실행·호출 순서 미검증
BR01,1868:1318,1868,1318,설비 태그 명칭 일치 후보,실행·호출 순서 미검증
BR01,1868:1329,1868,1329,관련 네트워크의 공유·연관 동작,실행·호출 순서 미검증
BR01,1868:1334,1868,1334,설비 태그 명칭 일치 후보,실행·호출 순서 미검증
BR01,1868:1342,1868,1342,설비 태그 명칭 일치 후보,실행·호출 순서 미검증
BR01,1868:1354,1868,1354,관련 심볼 이름과 대상 일치,실행·호출 순서 미검증
BR01,1868:1358,1868,1358,설비 태그 명칭 일치 후보,실행·호출 순서 미검증
BR01,1868:1363,1868,1363,설비 태그 명칭 일치 후보,실행·호출 순서 미검증
BR01,1869:1122,1869,1122,관련 네트워크의 공유·연관 동작,실행·호출 순서 미검증
BR01,1870:1172,1870,1172,관련 네트워크의 공유·연관 동작,실행·호출 순서 미검증
BR01,1870:1181,1870,1181,관련 네트워크의 공유·연관 동작,실행·호출 순서 미검증
BR01,1872:1265,1872,1265,관련 네트워크의 공유·연관 동작,실행·호출 순서 미검증
BR01,1872:1273,1872,1273,관련 네트워크의 공유·연관 동작,실행·호출 순서 미검증
BR01,1872:1282,1872,1282,관련 네트워크의 공유·연관 동작,실행·호출 순서 미검증
BR01,1872:1294,1872,1294,관련 네트워크의 공유·연관 동작,실행·호출 순서 미검증
BR01,1873:1268,1873,1268,관련 네트워크의 공유·연관 동작,실행·호출 순서 미검증
FN01,1028:1658,1028,1658,설비 태그 명칭 일치 후보,실행·호출 순서 미검증
FN01,1028:1661,1028,1661,설비 태그 명칭 일치 후보,실행·호출 순서 미검증
FN01,1028:1664,1028,1664,관련 네트워크의 공유·연관 동작,실행·호출 순서 미검증
FN01,1050:2884,1050,2884,관련 네트워크의 공유·연관 동작,실행·호출 순서 미검증
FN01,1050:2887,1050,2887,관련 네트워크의 공유·연관 동작,실행·호출 순서 미검증
FN01,1050:2890,1050,2890,관련 네트워크의 공유·연관 동작,실행·호출 순서 미검증
FN01,1050:2893,1050,2893,관련 네트워크의 공유·연관 동작,실행·호출 순서 미검증
FN01,1050:2896,1050,2896,설비 태그 명칭 일치 후보,실행·호출 순서 미검증
FN01,1052:3008,1052,3008,설비 태그 명칭 일치 후보,실행·호출 순서 미검증
FN01,1052:3011,1052,3011,관련 네트워크의 공유·연관 동작,실행·호출 순서 미검증
FN01,1052:3014,1052,3014,관련 네트워크의 공유·연관 동작,실행·호출 순서 미검증
FN01,1052:3017,1052,3017,관련 네트워크의 공유·연관 동작,실행·호출 순서 미검증
FN01,1052:3020,1052,3020,관련 네트워크의 공유·연관 동작,실행·호출 순서 미검증
FN01,1071:22,1071,22,관련 네트워크의 공유·연관 동작,실행·호출 순서 미검증
FN01,1071:27,1071,27,관련 네트워크의 공유·연관 동작,실행·호출 순서 미검증
FN01,1071:34,1071,34,관련 네트워크의 공유·연관 동작,실행·호출 순서 미검증
FN01,1071:41,1071,41,관련 네트워크의 공유·연관 동작,실행·호출 순서 미검증
FN01,1071:48,1071,48,관련 네트워크의 공유·연관 동작,실행·호출 순서 미검증
FN01,1071:49,1071,49,관련 네트워크의 공유·연관 동작,실행·호출 순서 미검증
FN01,1071:50,1071,50,관련 네트워크의 공유·연관 동작,실행·호출 순서 미검증
FN01,1071:51,1071,51,관련 네트워크의 공유·연관 동작,실행·호출 순서 미검증
FN01,1071:72,1071,72,관련 네트워크의 공유·연관 동작,실행·호출 순서 미검증
FN01,1071:73,1071,73,관련 네트워크의 공유·연관 동작,실행·호출 순서 미검증
FN01,1071:74,1071,74,관련 네트워크의 공유·연관 동작,실행·호출 순서 미검증
FN01,1071:75,1071,75,관련 네트워크의 공유·연관 동작,실행·호출 순서 미검증
FN01,1071:96,1071,96,관련 네트워크의 공유·연관 동작,실행·호출 순서 미검증
FN01,1071:97,1071,97,관련 네트워크의 공유·연관 동작,실행·호출 순서 미검증
FN01,1071:98,1071,98,관련 네트워크의 공유·연관 동작,실행·호출 순서 미검증
FN01,1071:99,1071,99,관련 네트워크의 공유·연관 동작,실행·호출 순서 미검증
FN01,1071:122,1071,122,관련 네트워크의 공유·연관 동작,실행·호출 순서 미검증
FN01,1071:123,1071,123,관련 네트워크의 공유·연관 동작,실행·호출 순서 미검증
FN01,1071:144,1071,144,관련 네트워크의 공유·연관 동작,실행·호출 순서 미검증
FN01,1071:145,1071,145,설비 태그 명칭 일치 후보,실행·호출 순서 미검증
FN01,1071:146,1071,146,관련 네트워크의 공유·연관 동작,실행·호출 순서 미검증
FN01,1071:147,1071,147,관련 네트워크의 공유·연관 동작,실행·호출 순서 미검증
FN01,1071:168,1071,168,관련 네트워크의 공유·연관 동작,실행·호출 순서 미검증
FN01,1071:169,1071,169,관련 네트워크의 공유·연관 동작,실행·호출 순서 미검증
FN01,1071:170,1071,170,관련 네트워크의 공유·연관 동작,실행·호출 순서 미검증
FN01,1071:171,1071,171,관련 네트워크의 공유·연관 동작,실행·호출 순서 미검증
FN01,1071:84,1071,84,관련 네트워크의 공유·연관 동작,실행·호출 순서 미검증
FN01,1071:194,1071,194,관련 네트워크의 공유·연관 동작,실행·호출 순서 미검증
FN01,1084:27,1084,27,관련 네트워크의 공유·연관 동작,실행·호출 순서 미검증
FN01,1084:34,1084,34,관련 네트워크의 공유·연관 동작,실행·호출 순서 미검증
FN01,1084:41,1084,41,설비 태그 명칭 일치 후보,실행·호출 순서 미검증
FN01,1084:44,1084,44,관련 네트워크의 공유·연관 동작,실행·호출 순서 미검증
FN01,1084:46,1084,46,관련 네트워크의 공유·연관 동작,실행·호출 순서 미검증
FN01,1084:48,1084,48,관련 네트워크의 공유·연관 동작,실행·호출 순서 미검증
FN01,1084:69,1084,69,관련 네트워크의 공유·연관 동작,실행·호출 순서 미검증
FN01,1084:76,1084,76,관련 네트워크의 공유·연관 동작,실행·호출 순서 미검증
FN01,1685:460,1685,460,관련 네트워크의 공유·연관 동작,실행·호출 순서 미검증
FN01,1685:468,1685,468,관련 네트워크의 공유·연관 동작,실행·호출 순서 미검증
FN01,1798:681,1798,681,관련 네트워크의 공유·연관 동작,실행·호출 순서 미검증
FN01,1798:687,1798,687,설비 태그 명칭 일치 후보,실행·호출 순서 미검증
FN01,1798:731,1798,731,설비 태그 명칭 일치 후보,실행·호출 순서 미검증
FN01,1798:692,1798,692,설비 태그 명칭 일치 후보,실행·호출 순서 미검증
FN01,1798:739,1798,739,설비 태그 명칭 일치 후보,실행·호출 순서 미검증
FN01,1843:410,1843,410,관련 네트워크의 공유·연관 동작,실행·호출 순서 미검증
FN01,1843:412,1843,412,관련 네트워크의 공유·연관 동작,실행·호출 순서 미검증
FN01,1843:420,1843,420,관련 네트워크의 공유·연관 동작,실행·호출 순서 미검증
FN01,1843:422,1843,422,관련 네트워크의 공유·연관 동작,실행·호출 순서 미검증
FN01,1843:424,1843,424,관련 네트워크의 공유·연관 동작,실행·호출 순서 미검증
FN01,1843:432,1843,432,관련 네트워크의 공유·연관 동작,실행·호출 순서 미검증
FN01,1843:434,1843,434,관련 네트워크의 공유·연관 동작,실행·호출 순서 미검증
FN01,1843:436,1843,436,관련 네트워크의 공유·연관 동작,실행·호출 순서 미검증
FN01,1843:443,1843,443,관련 네트워크의 공유·연관 동작,실행·호출 순서 미검증
FN01,1843:449,1843,449,관련 네트워크의 공유·연관 동작,실행·호출 순서 미검증
FN01,1843:456,1843,456,관련 네트워크의 공유·연관 동작,실행·호출 순서 미검증
FN01,1843:458,1843,458,관련 네트워크의 공유·연관 동작,실행·호출 순서 미검증
FN01,1843:460,1843,460,관련 네트워크의 공유·연관 동작,실행·호출 순서 미검증
FN01,1843:462,1843,462,관련 네트워크의 공유·연관 동작,실행·호출 순서 미검증
FN01,1843:469,1843,469,관련 네트워크의 공유·연관 동작,실행·호출 순서 미검증
FN01,1843:478,1843,478,관련 네트워크의 공유·연관 동작,실행·호출 순서 미검증
FN01,1843:481,1843,481,관련 네트워크의 공유·연관 동작,실행·호출 순서 미검증
FN01,1843:492,1843,492,관련 네트워크의 공유·연관 동작,실행·호출 순서 미검증
FN01,1843:102,1843,102,관련 네트워크의 공유·연관 동작,실행·호출 순서 미검증
FN01,1843:495,1843,495,관련 네트워크의 공유·연관 동작,실행·호출 순서 미검증
FN01,1843:500,1843,500,관련 네트워크의 공유·연관 동작,실행·호출 순서 미검증
FN01,1843:506,1843,506,관련 네트워크의 공유·연관 동작,실행·호출 순서 미검증
FN01,1843:34,1843,34,관련 네트워크의 공유·연관 동작,실행·호출 순서 미검증
FN01,1843:513,1843,513,관련 네트워크의 공유·연관 동작,실행·호출 순서 미검증
FN01,1843:515,1843,515,관련 네트워크의 공유·연관 동작,실행·호출 순서 미검증
FN01,1843:517,1843,517,관련 네트워크의 공유·연관 동작,실행·호출 순서 미검증
FN01,1843:527,1843,527,설비 태그 명칭 일치 후보,실행·호출 순서 미검증
FN01,1843:530,1843,530,관련 네트워크의 공유·연관 동작,실행·호출 순서 미검증
FN01,1843:539,1843,539,관련 네트워크의 공유·연관 동작,실행·호출 순서 미검증
FN01,1843:545,1843,545,관련 네트워크의 공유·연관 동작,실행·호출 순서 미검증
FN01,1843:552,1843,552,관련 네트워크의 공유·연관 동작,실행·호출 순서 미검증
FN01,1843:554,1843,554,관련 네트워크의 공유·연관 동작,실행·호출 순서 미검증
FN01,1843:568,1843,568,관련 네트워크의 공유·연관 동작,실행·호출 순서 미검증
FN01,1843:573,1843,573,관련 네트워크의 공유·연관 동작,실행·호출 순서 미검증
FN01,1843:578,1843,578,관련 네트워크의 공유·연관 동작,실행·호출 순서 미검증
FN01,1843:581,1843,581,관련 네트워크의 공유·연관 동작,실행·호출 순서 미검증
FN01,1843:587,1843,587,관련 네트워크의 공유·연관 동작,실행·호출 순서 미검증
FN01,1843:828,1843,828,관련 네트워크의 공유·연관 동작,실행·호출 순서 미검증
FN01,1843:837,1843,837,관련 네트워크의 공유·연관 동작,실행·호출 순서 미검증
FN01,1843:838,1843,838,관련 네트워크의 공유·연관 동작,실행·호출 순서 미검증
FN01,1844:747,1844,747,관련 네트워크의 공유·연관 동작,실행·호출 순서 미검증
FN01,1844:749,1844,749,관련 네트워크의 공유·연관 동작,실행·호출 순서 미검증
FN01,1844:757,1844,757,관련 네트워크의 공유·연관 동작,실행·호출 순서 미검증
FN01,1844:759,1844,759,관련 네트워크의 공유·연관 동작,실행·호출 순서 미검증
FN01,1844:761,1844,761,관련 네트워크의 공유·연관 동작,실행·호출 순서 미검증
FN01,1844:769,1844,769,관련 네트워크의 공유·연관 동작,실행·호출 순서 미검증
FN01,1844:771,1844,771,관련 네트워크의 공유·연관 동작,실행·호출 순서 미검증
FN01,1844:773,1844,773,관련 네트워크의 공유·연관 동작,실행·호출 순서 미검증
FN01,1844:780,1844,780,관련 네트워크의 공유·연관 동작,실행·호출 순서 미검증
FN01,1844:786,1844,786,관련 네트워크의 공유·연관 동작,실행·호출 순서 미검증
FN01,1844:793,1844,793,관련 네트워크의 공유·연관 동작,실행·호출 순서 미검증
FN01,1844:799,1844,799,관련 네트워크의 공유·연관 동작,실행·호출 순서 미검증
FN01,1844:805,1844,805,관련 네트워크의 공유·연관 동작,실행·호출 순서 미검증
FN01,1844:811,1844,811,관련 네트워크의 공유·연관 동작,실행·호출 순서 미검증
FN01,1844:817,1844,817,관련 네트워크의 공유·연관 동작,실행·호출 순서 미검증
FN01,1844:826,1844,826,관련 네트워크의 공유·연관 동작,실행·호출 순서 미검증
FN01,1844:829,1844,829,관련 네트워크의 공유·연관 동작,실행·호출 순서 미검증
FN01,1844:1158,1844,1158,관련 네트워크의 공유·연관 동작,실행·호출 순서 미검증
FN01,1844:1162,1844,1162,관련 네트워크의 공유·연관 동작,실행·호출 순서 미검증
FN01,1844:850,1844,850,관련 네트워크의 공유·연관 동작,실행·호출 순서 미검증
FN01,1844:852,1844,852,관련 네트워크의 공유·연관 동작,실행·호출 순서 미검증
FN01,1844:854,1844,854,관련 네트워크의 공유·연관 동작,실행·호출 순서 미검증
FN01,1844:864,1844,864,설비 태그 명칭 일치 후보,실행·호출 순서 미검증
FN01,1844:867,1844,867,관련 네트워크의 공유·연관 동작,실행·호출 순서 미검증
FN01,1844:878,1844,878,관련 네트워크의 공유·연관 동작,실행·호출 순서 미검증
FN01,1844:881,1844,881,관련 네트워크의 공유·연관 동작,실행·호출 순서 미검증
FN01,1844:889,1844,889,관련 네트워크의 공유·연관 동작,실행·호출 순서 미검증
FN01,1844:896,1844,896,관련 네트워크의 공유·연관 동작,실행·호출 순서 미검증
FN01,1844:898,1844,898,관련 네트워크의 공유·연관 동작,실행·호출 순서 미검증
FN01,1844:912,1844,912,관련 네트워크의 공유·연관 동작,실행·호출 순서 미검증
FN01,1844:917,1844,917,관련 네트워크의 공유·연관 동작,실행·호출 순서 미검증
FN01,1844:922,1844,922,관련 네트워크의 공유·연관 동작,실행·호출 순서 미검증
FN01,1844:925,1844,925,관련 네트워크의 공유·연관 동작,실행·호출 순서 미검증
FN01,1844:931,1844,931,관련 네트워크의 공유·연관 동작,실행·호출 순서 미검증
FN01,1845:60,1845,60,관련 네트워크의 공유·연관 동작,실행·호출 순서 미검증
FN01,1845:65,1845,65,관련 네트워크의 공유·연관 동작,실행·호출 순서 미검증
FN01,1845:70,1845,70,관련 네트워크의 공유·연관 동작,실행·호출 순서 미검증
FN01,1845:74,1845,74,관련 네트워크의 공유·연관 동작,실행·호출 순서 미검증
FN01,1845:78,1845,78,관련 네트워크의 공유·연관 동작,실행·호출 순서 미검증
FN01,1847:891,1847,891,관련 네트워크의 공유·연관 동작,실행·호출 순서 미검증
FN01,1847:893,1847,893,관련 네트워크의 공유·연관 동작,실행·호출 순서 미검증
FN01,1847:897,1847,897,관련 네트워크의 공유·연관 동작,실행·호출 순서 미검증
FN01,1847:905,1847,905,관련 네트워크의 공유·연관 동작,실행·호출 순서 미검증
FN01,1847:907,1847,907,설비 태그 명칭 일치 후보,실행·호출 순서 미검증
FN01,1847:909,1847,909,설비 태그 명칭 일치 후보,실행·호출 순서 미검증
FN01,1847:917,1847,917,관련 네트워크의 공유·연관 동작,실행·호출 순서 미검증
FN01,1847:919,1847,919,관련 네트워크의 공유·연관 동작,실행·호출 순서 미검증
FN01,1847:927,1847,927,관련 네트워크의 공유·연관 동작,실행·호출 순서 미검증
FN01,1847:929,1847,929,관련 네트워크의 공유·연관 동작,실행·호출 순서 미검증
FN01,1847:931,1847,931,관련 네트워크의 공유·연관 동작,실행·호출 순서 미검증
FN01,1847:939,1847,939,관련 네트워크의 공유·연관 동작,실행·호출 순서 미검증
FN01,1847:941,1847,941,관련 네트워크의 공유·연관 동작,실행·호출 순서 미검증
FN01,1847:948,1847,948,관련 네트워크의 공유·연관 동작,실행·호출 순서 미검증
FN01,1847:954,1847,954,관련 네트워크의 공유·연관 동작,실행·호출 순서 미검증
FN01,1847:961,1847,961,관련 네트워크의 공유·연관 동작,실행·호출 순서 미검증
FN01,1847:963,1847,963,관련 네트워크의 공유·연관 동작,실행·호출 순서 미검증
FN01,1847:965,1847,965,관련 네트워크의 공유·연관 동작,실행·호출 순서 미검증
FN01,1847:973,1847,973,관련 네트워크의 공유·연관 동작,실행·호출 순서 미검증
FN01,1847:975,1847,975,관련 네트워크의 공유·연관 동작,실행·호출 순서 미검증
FN01,1847:982,1847,982,관련 네트워크의 공유·연관 동작,실행·호출 순서 미검증
FN01,1857:182,1857,182,관련 네트워크의 공유·연관 동작,실행·호출 순서 미검증
FN01,1950:653,1950,653,설비 태그 명칭 일치 후보,실행·호출 순서 미검증
FN01,1950:656,1950,656,관련 네트워크의 공유·연관 동작,실행·호출 순서 미검증
FN01,1950:661,1950,661,설비 태그 명칭 일치 후보,실행·호출 순서 미검증
FN01,1951:685,1951,685,설비 태그 명칭 일치 후보,실행·호출 순서 미검증
FN01,1951:689,1951,689,관련 심볼 이름과 대상 일치,실행·호출 순서 미검증
FN01,1987:809,1987,809,관련 네트워크의 공유·연관 동작,실행·호출 순서 미검증
FN01,1987:814,1987,814,관련 네트워크의 공유·연관 동작,실행·호출 순서 미검증
FN01,1987:819,1987,819,관련 네트워크의 공유·연관 동작,실행·호출 순서 미검증
FN01,1988:857,1988,857,관련 네트워크의 공유·연관 동작,실행·호출 순서 미검증
FN01,1988:862,1988,862,설비 태그 명칭 일치 후보,실행·호출 순서 미검증
FN01,1988:869,1988,869,설비 태그 명칭 일치 후보,실행·호출 순서 미검증
FN02,1026:1550,1026,1550,설비 태그 명칭 일치 후보,실행·호출 순서 미검증
FN02,1026:1553,1026,1553,설비 태그 명칭 일치 후보,실행·호출 순서 미검증
FN02,1026:1556,1026,1556,관련 네트워크의 공유·연관 동작,실행·호출 순서 미검증
FN02,1050:2884,1050,2884,관련 네트워크의 공유·연관 동작,실행·호출 순서 미검증
FN02,1050:2887,1050,2887,관련 네트워크의 공유·연관 동작,실행·호출 순서 미검증
FN02,1050:2890,1050,2890,설비 태그 명칭 일치 후보,실행·호출 순서 미검증
FN02,1050:2893,1050,2893,관련 네트워크의 공유·연관 동작,실행·호출 순서 미검증
FN02,1050:2896,1050,2896,관련 네트워크의 공유·연관 동작,실행·호출 순서 미검증
FN02,1071:22,1071,22,관련 네트워크의 공유·연관 동작,실행·호출 순서 미검증
FN02,1071:27,1071,27,관련 네트워크의 공유·연관 동작,실행·호출 순서 미검증
FN02,1071:34,1071,34,관련 네트워크의 공유·연관 동작,실행·호출 순서 미검증
FN02,1071:41,1071,41,관련 네트워크의 공유·연관 동작,실행·호출 순서 미검증
FN02,1071:48,1071,48,관련 네트워크의 공유·연관 동작,실행·호출 순서 미검증
FN02,1071:49,1071,49,관련 네트워크의 공유·연관 동작,실행·호출 순서 미검증
FN02,1071:50,1071,50,관련 네트워크의 공유·연관 동작,실행·호출 순서 미검증
FN02,1071:51,1071,51,관련 네트워크의 공유·연관 동작,실행·호출 순서 미검증
FN02,1071:72,1071,72,관련 네트워크의 공유·연관 동작,실행·호출 순서 미검증
FN02,1071:73,1071,73,관련 네트워크의 공유·연관 동작,실행·호출 순서 미검증
FN02,1071:74,1071,74,관련 네트워크의 공유·연관 동작,실행·호출 순서 미검증
FN02,1071:75,1071,75,관련 네트워크의 공유·연관 동작,실행·호출 순서 미검증
FN02,1071:96,1071,96,관련 네트워크의 공유·연관 동작,실행·호출 순서 미검증
FN02,1071:97,1071,97,관련 네트워크의 공유·연관 동작,실행·호출 순서 미검증
FN02,1071:98,1071,98,관련 네트워크의 공유·연관 동작,실행·호출 순서 미검증
FN02,1071:99,1071,99,관련 네트워크의 공유·연관 동작,실행·호출 순서 미검증
FN02,1071:122,1071,122,설비 태그 명칭 일치 후보,실행·호출 순서 미검증
FN02,1071:123,1071,123,관련 네트워크의 공유·연관 동작,실행·호출 순서 미검증
FN02,1071:144,1071,144,관련 네트워크의 공유·연관 동작,실행·호출 순서 미검증
FN02,1071:145,1071,145,관련 네트워크의 공유·연관 동작,실행·호출 순서 미검증
FN02,1071:146,1071,146,관련 네트워크의 공유·연관 동작,실행·호출 순서 미검증
FN02,1071:147,1071,147,관련 네트워크의 공유·연관 동작,실행·호출 순서 미검증
FN02,1071:168,1071,168,관련 네트워크의 공유·연관 동작,실행·호출 순서 미검증
FN02,1071:169,1071,169,관련 네트워크의 공유·연관 동작,실행·호출 순서 미검증
FN02,1071:170,1071,170,관련 네트워크의 공유·연관 동작,실행·호출 순서 미검증
FN02,1071:171,1071,171,관련 네트워크의 공유·연관 동작,실행·호출 순서 미검증
FN02,1071:84,1071,84,관련 네트워크의 공유·연관 동작,실행·호출 순서 미검증
FN02,1071:194,1071,194,관련 네트워크의 공유·연관 동작,실행·호출 순서 미검증
FN02,1084:27,1084,27,설비 태그 명칭 일치 후보,실행·호출 순서 미검증
FN02,1084:34,1084,34,관련 네트워크의 공유·연관 동작,실행·호출 순서 미검증
FN02,1084:41,1084,41,관련 네트워크의 공유·연관 동작,실행·호출 순서 미검증
FN02,1084:44,1084,44,관련 네트워크의 공유·연관 동작,실행·호출 순서 미검증
FN02,1084:46,1084,46,관련 네트워크의 공유·연관 동작,실행·호출 순서 미검증
FN02,1084:48,1084,48,관련 네트워크의 공유·연관 동작,실행·호출 순서 미검증
FN02,1084:69,1084,69,관련 네트워크의 공유·연관 동작,실행·호출 순서 미검증
FN02,1084:76,1084,76,관련 네트워크의 공유·연관 동작,실행·호출 순서 미검증
FN02,1688:627,1688,627,관련 네트워크의 공유·연관 동작,실행·호출 순서 미검증
FN02,1688:635,1688,635,관련 네트워크의 공유·연관 동작,실행·호출 순서 미검증
FN02,1796:613,1796,613,관련 네트워크의 공유·연관 동작,실행·호출 순서 미검증
FN02,1796:619,1796,619,설비 태그 명칭 일치 후보,실행·호출 순서 미검증
FN02,1796:663,1796,663,설비 태그 명칭 일치 후보,실행·호출 순서 미검증
FN02,1796:624,1796,624,설비 태그 명칭 일치 후보,실행·호출 순서 미검증
FN02,1796:671,1796,671,설비 태그 명칭 일치 후보,실행·호출 순서 미검증
FN02,1843:410,1843,410,관련 네트워크의 공유·연관 동작,실행·호출 순서 미검증
FN02,1843:412,1843,412,관련 네트워크의 공유·연관 동작,실행·호출 순서 미검증
FN02,1843:420,1843,420,관련 네트워크의 공유·연관 동작,실행·호출 순서 미검증
FN02,1843:422,1843,422,관련 네트워크의 공유·연관 동작,실행·호출 순서 미검증
FN02,1843:424,1843,424,관련 네트워크의 공유·연관 동작,실행·호출 순서 미검증
FN02,1843:432,1843,432,관련 네트워크의 공유·연관 동작,실행·호출 순서 미검증
FN02,1843:434,1843,434,관련 네트워크의 공유·연관 동작,실행·호출 순서 미검증
FN02,1843:436,1843,436,관련 네트워크의 공유·연관 동작,실행·호출 순서 미검증
FN02,1843:443,1843,443,관련 네트워크의 공유·연관 동작,실행·호출 순서 미검증
FN02,1843:449,1843,449,관련 네트워크의 공유·연관 동작,실행·호출 순서 미검증
FN02,1843:456,1843,456,관련 네트워크의 공유·연관 동작,실행·호출 순서 미검증
FN02,1843:458,1843,458,관련 네트워크의 공유·연관 동작,실행·호출 순서 미검증
FN02,1843:460,1843,460,관련 네트워크의 공유·연관 동작,실행·호출 순서 미검증
FN02,1843:462,1843,462,관련 네트워크의 공유·연관 동작,실행·호출 순서 미검증
FN02,1843:469,1843,469,관련 네트워크의 공유·연관 동작,실행·호출 순서 미검증
FN02,1843:478,1843,478,관련 네트워크의 공유·연관 동작,실행·호출 순서 미검증
FN02,1843:481,1843,481,관련 네트워크의 공유·연관 동작,실행·호출 순서 미검증
FN02,1843:492,1843,492,관련 네트워크의 공유·연관 동작,실행·호출 순서 미검증
FN02,1843:102,1843,102,관련 네트워크의 공유·연관 동작,실행·호출 순서 미검증
FN02,1843:495,1843,495,관련 네트워크의 공유·연관 동작,실행·호출 순서 미검증
FN02,1843:500,1843,500,설비 태그 명칭 일치 후보,실행·호출 순서 미검증
FN02,1843:506,1843,506,관련 네트워크의 공유·연관 동작,실행·호출 순서 미검증
FN02,1843:34,1843,34,관련 네트워크의 공유·연관 동작,실행·호출 순서 미검증
FN02,1843:513,1843,513,관련 네트워크의 공유·연관 동작,실행·호출 순서 미검증
FN02,1843:515,1843,515,관련 네트워크의 공유·연관 동작,실행·호출 순서 미검증
FN02,1843:517,1843,517,관련 네트워크의 공유·연관 동작,실행·호출 순서 미검증
FN02,1843:527,1843,527,관련 네트워크의 공유·연관 동작,실행·호출 순서 미검증
FN02,1843:530,1843,530,관련 네트워크의 공유·연관 동작,실행·호출 순서 미검증
FN02,1843:539,1843,539,설비 태그 명칭 일치 후보,실행·호출 순서 미검증
FN02,1843:545,1843,545,관련 네트워크의 공유·연관 동작,실행·호출 순서 미검증
FN02,1843:552,1843,552,관련 네트워크의 공유·연관 동작,실행·호출 순서 미검증
FN02,1843:554,1843,554,관련 네트워크의 공유·연관 동작,실행·호출 순서 미검증
FN02,1843:568,1843,568,관련 네트워크의 공유·연관 동작,실행·호출 순서 미검증
FN02,1843:573,1843,573,관련 네트워크의 공유·연관 동작,실행·호출 순서 미검증
FN02,1843:578,1843,578,관련 네트워크의 공유·연관 동작,실행·호출 순서 미검증
FN02,1843:581,1843,581,관련 네트워크의 공유·연관 동작,실행·호출 순서 미검증
FN02,1843:587,1843,587,관련 네트워크의 공유·연관 동작,실행·호출 순서 미검증
FN02,1843:828,1843,828,관련 네트워크의 공유·연관 동작,실행·호출 순서 미검증
FN02,1843:837,1843,837,관련 네트워크의 공유·연관 동작,실행·호출 순서 미검증
FN02,1843:838,1843,838,관련 네트워크의 공유·연관 동작,실행·호출 순서 미검증
FN02,1844:747,1844,747,관련 네트워크의 공유·연관 동작,실행·호출 순서 미검증
FN02,1844:749,1844,749,관련 네트워크의 공유·연관 동작,실행·호출 순서 미검증
FN02,1844:757,1844,757,관련 네트워크의 공유·연관 동작,실행·호출 순서 미검증
FN02,1844:759,1844,759,관련 네트워크의 공유·연관 동작,실행·호출 순서 미검증
FN02,1844:761,1844,761,관련 네트워크의 공유·연관 동작,실행·호출 순서 미검증
FN02,1844:769,1844,769,관련 네트워크의 공유·연관 동작,실행·호출 순서 미검증
FN02,1844:771,1844,771,관련 네트워크의 공유·연관 동작,실행·호출 순서 미검증
FN02,1844:773,1844,773,관련 네트워크의 공유·연관 동작,실행·호출 순서 미검증
FN02,1844:780,1844,780,관련 네트워크의 공유·연관 동작,실행·호출 순서 미검증
FN02,1844:786,1844,786,관련 네트워크의 공유·연관 동작,실행·호출 순서 미검증
FN02,1844:793,1844,793,관련 네트워크의 공유·연관 동작,실행·호출 순서 미검증
FN02,1844:799,1844,799,관련 네트워크의 공유·연관 동작,실행·호출 순서 미검증
FN02,1844:805,1844,805,관련 네트워크의 공유·연관 동작,실행·호출 순서 미검증
FN02,1844:811,1844,811,관련 네트워크의 공유·연관 동작,실행·호출 순서 미검증
FN02,1844:817,1844,817,관련 네트워크의 공유·연관 동작,실행·호출 순서 미검증
FN02,1844:826,1844,826,관련 네트워크의 공유·연관 동작,실행·호출 순서 미검증
FN02,1844:829,1844,829,관련 네트워크의 공유·연관 동작,실행·호출 순서 미검증
FN02,1844:1158,1844,1158,관련 네트워크의 공유·연관 동작,실행·호출 순서 미검증
FN02,1844:1162,1844,1162,관련 네트워크의 공유·연관 동작,실행·호출 순서 미검증
FN02,1844:850,1844,850,관련 네트워크의 공유·연관 동작,실행·호출 순서 미검증
FN02,1844:852,1844,852,관련 네트워크의 공유·연관 동작,실행·호출 순서 미검증
FN02,1844:854,1844,854,관련 네트워크의 공유·연관 동작,실행·호출 순서 미검증
FN02,1844:864,1844,864,관련 네트워크의 공유·연관 동작,실행·호출 순서 미검증
FN02,1844:867,1844,867,관련 네트워크의 공유·연관 동작,실행·호출 순서 미검증
FN02,1844:878,1844,878,설비 태그 명칭 일치 후보,실행·호출 순서 미검증
FN02,1844:881,1844,881,관련 네트워크의 공유·연관 동작,실행·호출 순서 미검증
FN02,1844:889,1844,889,관련 네트워크의 공유·연관 동작,실행·호출 순서 미검증
FN02,1844:896,1844,896,관련 네트워크의 공유·연관 동작,실행·호출 순서 미검증
FN02,1844:898,1844,898,관련 네트워크의 공유·연관 동작,실행·호출 순서 미검증
FN02,1844:912,1844,912,관련 네트워크의 공유·연관 동작,실행·호출 순서 미검증
FN02,1844:917,1844,917,관련 네트워크의 공유·연관 동작,실행·호출 순서 미검증
FN02,1844:922,1844,922,관련 네트워크의 공유·연관 동작,실행·호출 순서 미검증
FN02,1844:925,1844,925,관련 네트워크의 공유·연관 동작,실행·호출 순서 미검증
FN02,1844:931,1844,931,관련 네트워크의 공유·연관 동작,실행·호출 순서 미검증
FN02,1847:891,1847,891,관련 네트워크의 공유·연관 동작,실행·호출 순서 미검증
FN02,1847:893,1847,893,설비 태그 명칭 일치 후보,실행·호출 순서 미검증
FN02,1847:897,1847,897,관련 네트워크의 공유·연관 동작,실행·호출 순서 미검증
FN02,1847:905,1847,905,관련 네트워크의 공유·연관 동작,실행·호출 순서 미검증
FN02,1847:907,1847,907,관련 네트워크의 공유·연관 동작,실행·호출 순서 미검증
FN02,1847:909,1847,909,관련 네트워크의 공유·연관 동작,실행·호출 순서 미검증
FN02,1847:917,1847,917,관련 네트워크의 공유·연관 동작,실행·호출 순서 미검증
FN02,1847:919,1847,919,관련 네트워크의 공유·연관 동작,실행·호출 순서 미검증
FN02,1847:927,1847,927,관련 네트워크의 공유·연관 동작,실행·호출 순서 미검증
FN02,1847:929,1847,929,관련 네트워크의 공유·연관 동작,실행·호출 순서 미검증
FN02,1847:931,1847,931,관련 네트워크의 공유·연관 동작,실행·호출 순서 미검증
FN02,1847:939,1847,939,관련 네트워크의 공유·연관 동작,실행·호출 순서 미검증
FN02,1847:941,1847,941,관련 네트워크의 공유·연관 동작,실행·호출 순서 미검증
FN02,1847:948,1847,948,관련 네트워크의 공유·연관 동작,실행·호출 순서 미검증
FN02,1847:954,1847,954,관련 네트워크의 공유·연관 동작,실행·호출 순서 미검증
FN02,1847:961,1847,961,관련 네트워크의 공유·연관 동작,실행·호출 순서 미검증
FN02,1847:963,1847,963,관련 네트워크의 공유·연관 동작,실행·호출 순서 미검증
FN02,1847:965,1847,965,관련 네트워크의 공유·연관 동작,실행·호출 순서 미검증
FN02,1847:973,1847,973,관련 네트워크의 공유·연관 동작,실행·호출 순서 미검증
FN02,1847:975,1847,975,관련 네트워크의 공유·연관 동작,실행·호출 순서 미검증
FN02,1847:982,1847,982,관련 네트워크의 공유·연관 동작,실행·호출 순서 미검증
FN02,1857:182,1857,182,관련 네트워크의 공유·연관 동작,실행·호출 순서 미검증
FN02,1948:592,1948,592,설비 태그 명칭 일치 후보,실행·호출 순서 미검증
FN02,1948:596,1948,596,관련 심볼 이름과 대상 일치,실행·호출 순서 미검증
FN02,12:362,12,362,관련 네트워크의 공유·연관 동작,실행·호출 순서 미검증
FN03,1031:1820,1031,1820,설비 태그 명칭 일치 후보,실행·호출 순서 미검증
FN03,1031:1823,1031,1823,설비 태그 명칭 일치 후보,실행·호출 순서 미검증
FN03,1031:1826,1031,1826,관련 네트워크의 공유·연관 동작,실행·호출 순서 미검증
FN03,1051:2946,1051,2946,관련 네트워크의 공유·연관 동작,실행·호출 순서 미검증
FN03,1051:2949,1051,2949,관련 네트워크의 공유·연관 동작,실행·호출 순서 미검증
FN03,1051:2952,1051,2952,설비 태그 명칭 일치 후보,실행·호출 순서 미검증
FN03,1051:2955,1051,2955,관련 네트워크의 공유·연관 동작,실행·호출 순서 미검증
FN03,1051:2958,1051,2958,관련 네트워크의 공유·연관 동작,실행·호출 순서 미검증
FN03,1084:27,1084,27,관련 네트워크의 공유·연관 동작,실행·호출 순서 미검증
FN03,1084:34,1084,34,관련 네트워크의 공유·연관 동작,실행·호출 순서 미검증
FN03,1084:41,1084,41,관련 네트워크의 공유·연관 동작,실행·호출 순서 미검증
FN03,1084:44,1084,44,관련 네트워크의 공유·연관 동작,실행·호출 순서 미검증
FN03,1084:46,1084,46,관련 네트워크의 공유·연관 동작,실행·호출 순서 미검증
FN03,1084:48,1084,48,설비 태그 명칭 일치 후보,실행·호출 순서 미검증
FN03,1084:69,1084,69,관련 네트워크의 공유·연관 동작,실행·호출 순서 미검증
FN03,1084:76,1084,76,관련 네트워크의 공유·연관 동작,실행·호출 순서 미검증
FN03,1801:73,1801,73,관련 네트워크의 공유·연관 동작,실행·호출 순서 미검증
FN03,1801:66,1801,66,관련 네트워크의 공유·연관 동작,실행·호출 순서 미검증
FN03,1801:854,1801,854,관련 네트워크의 공유·연관 동작,실행·호출 순서 미검증
FN03,1801:908,1801,908,관련 네트워크의 공유·연관 동작,실행·호출 순서 미검증
FN03,1801:856,1801,856,설비 태그 명칭 일치 후보,실행·호출 순서 미검증
FN03,1801:859,1801,859,설비 태그 명칭 일치 후보,실행·호출 순서 미검증
FN03,1801:862,1801,862,설비 태그 명칭 일치 후보,실행·호출 순서 미검증
FN03,1801:864,1801,864,설비 태그 명칭 일치 후보,실행·호출 순서 미검증
FN03,1843:410,1843,410,관련 네트워크의 공유·연관 동작,실행·호출 순서 미검증
FN03,1843:412,1843,412,관련 네트워크의 공유·연관 동작,실행·호출 순서 미검증
FN03,1843:420,1843,420,관련 네트워크의 공유·연관 동작,실행·호출 순서 미검증
FN03,1843:422,1843,422,관련 네트워크의 공유·연관 동작,실행·호출 순서 미검증
FN03,1843:424,1843,424,관련 네트워크의 공유·연관 동작,실행·호출 순서 미검증
FN03,1843:432,1843,432,관련 네트워크의 공유·연관 동작,실행·호출 순서 미검증
FN03,1843:434,1843,434,관련 네트워크의 공유·연관 동작,실행·호출 순서 미검증
FN03,1843:436,1843,436,관련 네트워크의 공유·연관 동작,실행·호출 순서 미검증
FN03,1843:443,1843,443,관련 네트워크의 공유·연관 동작,실행·호출 순서 미검증
FN03,1843:449,1843,449,관련 네트워크의 공유·연관 동작,실행·호출 순서 미검증
FN03,1843:456,1843,456,관련 네트워크의 공유·연관 동작,실행·호출 순서 미검증
FN03,1843:458,1843,458,관련 네트워크의 공유·연관 동작,실행·호출 순서 미검증
FN03,1843:460,1843,460,관련 네트워크의 공유·연관 동작,실행·호출 순서 미검증
FN03,1843:462,1843,462,관련 네트워크의 공유·연관 동작,실행·호출 순서 미검증
FN03,1843:469,1843,469,관련 네트워크의 공유·연관 동작,실행·호출 순서 미검증
FN03,1843:478,1843,478,관련 네트워크의 공유·연관 동작,실행·호출 순서 미검증
FN03,1843:481,1843,481,관련 네트워크의 공유·연관 동작,실행·호출 순서 미검증
FN03,1843:492,1843,492,관련 네트워크의 공유·연관 동작,실행·호출 순서 미검증
FN03,1843:102,1843,102,관련 네트워크의 공유·연관 동작,실행·호출 순서 미검증
FN03,1843:495,1843,495,관련 네트워크의 공유·연관 동작,실행·호출 순서 미검증
FN03,1843:500,1843,500,관련 네트워크의 공유·연관 동작,실행·호출 순서 미검증
FN03,1843:506,1843,506,관련 네트워크의 공유·연관 동작,실행·호출 순서 미검증
FN03,1843:34,1843,34,관련 네트워크의 공유·연관 동작,실행·호출 순서 미검증
FN03,1843:513,1843,513,관련 네트워크의 공유·연관 동작,실행·호출 순서 미검증
FN03,1843:515,1843,515,관련 네트워크의 공유·연관 동작,실행·호출 순서 미검증
FN03,1843:517,1843,517,관련 네트워크의 공유·연관 동작,실행·호출 순서 미검증
FN03,1843:527,1843,527,관련 네트워크의 공유·연관 동작,실행·호출 순서 미검증
FN03,1843:530,1843,530,관련 네트워크의 공유·연관 동작,실행·호출 순서 미검증
FN03,1843:539,1843,539,관련 네트워크의 공유·연관 동작,실행·호출 순서 미검증
FN03,1843:545,1843,545,설비 태그 명칭 일치 후보,실행·호출 순서 미검증
FN03,1843:552,1843,552,관련 네트워크의 공유·연관 동작,실행·호출 순서 미검증
FN03,1843:554,1843,554,관련 네트워크의 공유·연관 동작,실행·호출 순서 미검증
FN03,1843:568,1843,568,관련 네트워크의 공유·연관 동작,실행·호출 순서 미검증
FN03,1843:573,1843,573,관련 네트워크의 공유·연관 동작,실행·호출 순서 미검증
FN03,1843:578,1843,578,관련 네트워크의 공유·연관 동작,실행·호출 순서 미검증
FN03,1843:581,1843,581,관련 네트워크의 공유·연관 동작,실행·호출 순서 미검증
FN03,1843:587,1843,587,관련 네트워크의 공유·연관 동작,실행·호출 순서 미검증
FN03,1843:828,1843,828,관련 네트워크의 공유·연관 동작,실행·호출 순서 미검증
FN03,1843:837,1843,837,관련 네트워크의 공유·연관 동작,실행·호출 순서 미검증
FN03,1843:838,1843,838,관련 네트워크의 공유·연관 동작,실행·호출 순서 미검증
FN03,1844:747,1844,747,관련 네트워크의 공유·연관 동작,실행·호출 순서 미검증
FN03,1844:749,1844,749,관련 네트워크의 공유·연관 동작,실행·호출 순서 미검증
FN03,1844:757,1844,757,관련 네트워크의 공유·연관 동작,실행·호출 순서 미검증
FN03,1844:759,1844,759,관련 네트워크의 공유·연관 동작,실행·호출 순서 미검증
FN03,1844:761,1844,761,관련 네트워크의 공유·연관 동작,실행·호출 순서 미검증
FN03,1844:769,1844,769,관련 네트워크의 공유·연관 동작,실행·호출 순서 미검증
FN03,1844:771,1844,771,관련 네트워크의 공유·연관 동작,실행·호출 순서 미검증
FN03,1844:773,1844,773,관련 네트워크의 공유·연관 동작,실행·호출 순서 미검증
FN03,1844:780,1844,780,관련 네트워크의 공유·연관 동작,실행·호출 순서 미검증
FN03,1844:786,1844,786,관련 네트워크의 공유·연관 동작,실행·호출 순서 미검증
FN03,1844:793,1844,793,관련 네트워크의 공유·연관 동작,실행·호출 순서 미검증
FN03,1844:799,1844,799,관련 네트워크의 공유·연관 동작,실행·호출 순서 미검증
FN03,1844:805,1844,805,관련 네트워크의 공유·연관 동작,실행·호출 순서 미검증
FN03,1844:811,1844,811,관련 네트워크의 공유·연관 동작,실행·호출 순서 미검증
FN03,1844:817,1844,817,관련 네트워크의 공유·연관 동작,실행·호출 순서 미검증
FN03,1844:826,1844,826,관련 네트워크의 공유·연관 동작,실행·호출 순서 미검증
FN03,1844:829,1844,829,관련 네트워크의 공유·연관 동작,실행·호출 순서 미검증
FN03,1844:1158,1844,1158,관련 네트워크의 공유·연관 동작,실행·호출 순서 미검증
FN03,1844:1162,1844,1162,관련 네트워크의 공유·연관 동작,실행·호출 순서 미검증
FN03,1844:850,1844,850,관련 네트워크의 공유·연관 동작,실행·호출 순서 미검증
FN03,1844:852,1844,852,관련 네트워크의 공유·연관 동작,실행·호출 순서 미검증
FN03,1844:854,1844,854,관련 네트워크의 공유·연관 동작,실행·호출 순서 미검증
FN03,1844:864,1844,864,관련 네트워크의 공유·연관 동작,실행·호출 순서 미검증
FN03,1844:867,1844,867,관련 네트워크의 공유·연관 동작,실행·호출 순서 미검증
FN03,1844:878,1844,878,관련 네트워크의 공유·연관 동작,실행·호출 순서 미검증
FN03,1844:881,1844,881,관련 네트워크의 공유·연관 동작,실행·호출 순서 미검증
FN03,1844:889,1844,889,설비 태그 명칭 일치 후보,실행·호출 순서 미검증
FN03,1844:896,1844,896,관련 네트워크의 공유·연관 동작,실행·호출 순서 미검증
FN03,1844:898,1844,898,관련 네트워크의 공유·연관 동작,실행·호출 순서 미검증
FN03,1844:912,1844,912,관련 네트워크의 공유·연관 동작,실행·호출 순서 미검증
FN03,1844:917,1844,917,관련 네트워크의 공유·연관 동작,실행·호출 순서 미검증
FN03,1844:922,1844,922,관련 네트워크의 공유·연관 동작,실행·호출 순서 미검증
FN03,1844:925,1844,925,관련 네트워크의 공유·연관 동작,실행·호출 순서 미검증
FN03,1844:931,1844,931,관련 네트워크의 공유·연관 동작,실행·호출 순서 미검증
FN03,1847:891,1847,891,설비 태그 명칭 일치 후보,실행·호출 순서 미검증
FN03,1847:893,1847,893,관련 네트워크의 공유·연관 동작,실행·호출 순서 미검증
FN03,1847:897,1847,897,관련 네트워크의 공유·연관 동작,실행·호출 순서 미검증
FN03,1847:905,1847,905,관련 네트워크의 공유·연관 동작,실행·호출 순서 미검증
FN03,1847:907,1847,907,관련 네트워크의 공유·연관 동작,실행·호출 순서 미검증
FN03,1847:909,1847,909,관련 네트워크의 공유·연관 동작,실행·호출 순서 미검증
FN03,1847:917,1847,917,관련 네트워크의 공유·연관 동작,실행·호출 순서 미검증
FN03,1847:919,1847,919,관련 네트워크의 공유·연관 동작,실행·호출 순서 미검증
FN03,1847:927,1847,927,관련 네트워크의 공유·연관 동작,실행·호출 순서 미검증
FN03,1847:929,1847,929,관련 네트워크의 공유·연관 동작,실행·호출 순서 미검증
FN03,1847:931,1847,931,관련 네트워크의 공유·연관 동작,실행·호출 순서 미검증
FN03,1847:939,1847,939,관련 네트워크의 공유·연관 동작,실행·호출 순서 미검증
FN03,1847:941,1847,941,관련 네트워크의 공유·연관 동작,실행·호출 순서 미검증
FN03,1847:948,1847,948,관련 네트워크의 공유·연관 동작,실행·호출 순서 미검증
FN03,1847:954,1847,954,관련 네트워크의 공유·연관 동작,실행·호출 순서 미검증
FN03,1847:961,1847,961,관련 네트워크의 공유·연관 동작,실행·호출 순서 미검증
FN03,1847:963,1847,963,관련 네트워크의 공유·연관 동작,실행·호출 순서 미검증
FN03,1847:965,1847,965,관련 네트워크의 공유·연관 동작,실행·호출 순서 미검증
FN03,1847:973,1847,973,관련 네트워크의 공유·연관 동작,실행·호출 순서 미검증
FN03,1847:975,1847,975,관련 네트워크의 공유·연관 동작,실행·호출 순서 미검증
FN03,1847:982,1847,982,관련 네트워크의 공유·연관 동작,실행·호출 순서 미검증
FN03,1858:232,1858,232,관련 네트워크의 공유·연관 동작,실행·호출 순서 미검증
FN03,1866:600,1866,600,설비 태그 명칭 일치 후보,실행·호출 순서 미검증
FN03,1866:607,1866,607,관련 네트워크의 공유·연관 동작,실행·호출 순서 미검증
FN03,1866:611,1866,611,관련 네트워크의 공유·연관 동작,실행·호출 순서 미검증
FN03,1954:745,1954,745,설비 태그 명칭 일치 후보,실행·호출 순서 미검증
FN03,1954:749,1954,749,관련 심볼 이름과 대상 일치,실행·호출 순서 미검증
FN04,404:293,404,293,관련 네트워크의 공유·연관 동작,실행·호출 순서 미검증
FN04,404:297,404,297,관련 네트워크의 공유·연관 동작,실행·호출 순서 미검증
FN04,404:300,404,300,관련 네트워크의 공유·연관 동작,실행·호출 순서 미검증
FN04,404:304,404,304,관련 네트워크의 공유·연관 동작,실행·호출 순서 미검증
FN04,404:307,404,307,관련 네트워크의 공유·연관 동작,실행·호출 순서 미검증
FN04,404:310,404,310,관련 네트워크의 공유·연관 동작,실행·호출 순서 미검증
FN04,404:313,404,313,설비 태그 명칭 일치 후보,실행·호출 순서 미검증
FN04,1039:2252,1039,2252,설비 태그 명칭 일치 후보,실행·호출 순서 미검증
FN04,1039:2255,1039,2255,설비 태그 명칭 일치 후보,실행·호출 순서 미검증
FN04,1039:2258,1039,2258,관련 네트워크의 공유·연관 동작,실행·호출 순서 미검증
FN04,1053:3070,1053,3070,설비 태그 명칭 일치 후보,실행·호출 순서 미검증
FN04,1053:3073,1053,3073,관련 네트워크의 공유·연관 동작,실행·호출 순서 미검증
FN04,1053:3076,1053,3076,관련 네트워크의 공유·연관 동작,실행·호출 순서 미검증
FN04,1053:3079,1053,3079,관련 네트워크의 공유·연관 동작,실행·호출 순서 미검증
FN04,1053:3082,1053,3082,관련 네트워크의 공유·연관 동작,실행·호출 순서 미검증
FN04,1070:22,1070,22,관련 네트워크의 공유·연관 동작,실행·호출 순서 미검증
FN04,1070:27,1070,27,관련 네트워크의 공유·연관 동작,실행·호출 순서 미검증
FN04,1070:35,1070,35,관련 네트워크의 공유·연관 동작,실행·호출 순서 미검증
FN04,1070:42,1070,42,관련 네트워크의 공유·연관 동작,실행·호출 순서 미검증
FN04,1070:43,1070,43,관련 네트워크의 공유·연관 동작,실행·호출 순서 미검증
FN04,1070:44,1070,44,관련 네트워크의 공유·연관 동작,실행·호출 순서 미검증
FN04,1070:60,1070,60,관련 네트워크의 공유·연관 동작,실행·호출 순서 미검증
FN04,1070:61,1070,61,관련 네트워크의 공유·연관 동작,실행·호출 순서 미검증
FN04,1070:62,1070,62,관련 네트워크의 공유·연관 동작,실행·호출 순서 미검증
FN04,1070:78,1070,78,관련 네트워크의 공유·연관 동작,실행·호출 순서 미검증
FN04,1070:79,1070,79,관련 네트워크의 공유·연관 동작,실행·호출 순서 미검증
FN04,1070:105,1070,105,관련 네트워크의 공유·연관 동작,실행·호출 순서 미검증
FN04,1070:112,1070,112,관련 네트워크의 공유·연관 동작,실행·호출 순서 미검증
FN04,1070:118,1070,118,설비 태그 명칭 일치 후보,실행·호출 순서 미검증
FN04,1070:120,1070,120,설비 태그 명칭 일치 후보,실행·호출 순서 미검증
FN04,1070:125,1070,125,관련 네트워크의 공유·연관 동작,실행·호출 순서 미검증
FN04,1070:130,1070,130,관련 네트워크의 공유·연관 동작,실행·호출 순서 미검증
FN04,1070:135,1070,135,관련 네트워크의 공유·연관 동작,실행·호출 순서 미검증
FN04,1070:140,1070,140,관련 네트워크의 공유·연관 동작,실행·호출 순서 미검증
FN04,1070:147,1070,147,관련 네트워크의 공유·연관 동작,실행·호출 순서 미검증
FN04,1070:151,1070,151,관련 네트워크의 공유·연관 동작,실행·호출 순서 미검증
FN04,1071:22,1071,22,관련 네트워크의 공유·연관 동작,실행·호출 순서 미검증
FN04,1071:27,1071,27,관련 네트워크의 공유·연관 동작,실행·호출 순서 미검증
FN04,1071:34,1071,34,관련 네트워크의 공유·연관 동작,실행·호출 순서 미검증
FN04,1071:41,1071,41,관련 네트워크의 공유·연관 동작,실행·호출 순서 미검증
FN04,1071:48,1071,48,관련 네트워크의 공유·연관 동작,실행·호출 순서 미검증
FN04,1071:49,1071,49,관련 네트워크의 공유·연관 동작,실행·호출 순서 미검증
FN04,1071:50,1071,50,관련 네트워크의 공유·연관 동작,실행·호출 순서 미검증
FN04,1071:51,1071,51,관련 네트워크의 공유·연관 동작,실행·호출 순서 미검증
FN04,1071:72,1071,72,관련 네트워크의 공유·연관 동작,실행·호출 순서 미검증
FN04,1071:73,1071,73,관련 네트워크의 공유·연관 동작,실행·호출 순서 미검증
FN04,1071:74,1071,74,관련 네트워크의 공유·연관 동작,실행·호출 순서 미검증
FN04,1071:75,1071,75,관련 네트워크의 공유·연관 동작,실행·호출 순서 미검증
FN04,1071:96,1071,96,관련 네트워크의 공유·연관 동작,실행·호출 순서 미검증
FN04,1071:97,1071,97,관련 네트워크의 공유·연관 동작,실행·호출 순서 미검증
FN04,1071:98,1071,98,관련 네트워크의 공유·연관 동작,실행·호출 순서 미검증
FN04,1071:99,1071,99,관련 네트워크의 공유·연관 동작,실행·호출 순서 미검증
FN04,1071:122,1071,122,관련 네트워크의 공유·연관 동작,실행·호출 순서 미검증
FN04,1071:123,1071,123,설비 태그 명칭 일치 후보,실행·호출 순서 미검증
FN04,1071:144,1071,144,관련 네트워크의 공유·연관 동작,실행·호출 순서 미검증
FN04,1071:145,1071,145,관련 네트워크의 공유·연관 동작,실행·호출 순서 미검증
FN04,1071:146,1071,146,관련 네트워크의 공유·연관 동작,실행·호출 순서 미검증
FN04,1071:147,1071,147,관련 네트워크의 공유·연관 동작,실행·호출 순서 미검증
FN04,1071:168,1071,168,관련 네트워크의 공유·연관 동작,실행·호출 순서 미검증
FN04,1071:169,1071,169,관련 네트워크의 공유·연관 동작,실행·호출 순서 미검증
FN04,1071:170,1071,170,관련 네트워크의 공유·연관 동작,실행·호출 순서 미검증
FN04,1071:171,1071,171,관련 네트워크의 공유·연관 동작,실행·호출 순서 미검증
FN04,1071:84,1071,84,관련 네트워크의 공유·연관 동작,실행·호출 순서 미검증
FN04,1071:194,1071,194,관련 네트워크의 공유·연관 동작,실행·호출 순서 미검증
FN04,1085:27,1085,27,관련 네트워크의 공유·연관 동작,실행·호출 순서 미검증
FN04,1085:34,1085,34,관련 네트워크의 공유·연관 동작,실행·호출 순서 미검증
FN04,1085:86,1085,86,관련 네트워크의 공유·연관 동작,실행·호출 순서 미검증
FN04,1085:41,1085,41,관련 네트워크의 공유·연관 동작,실행·호출 순서 미검증
FN04,1085:48,1085,48,관련 네트워크의 공유·연관 동작,실행·호출 순서 미검증
FN04,1085:51,1085,51,설비 태그 명칭 일치 후보,실행·호출 순서 미검증
FN04,1085:53,1085,53,관련 네트워크의 공유·연관 동작,실행·호출 순서 미검증
FN04,1085:55,1085,55,관련 네트워크의 공유·연관 동작,실행·호출 순서 미검증
FN04,1085:57,1085,57,관련 네트워크의 공유·연관 동작,실행·호출 순서 미검증
FN04,1085:83,1085,83,관련 네트워크의 공유·연관 동작,실행·호출 순서 미검증
FN04,1689:831,1689,831,설비 태그 명칭 일치 후보,실행·호출 순서 미검증
FN04,1689:839,1689,839,설비 태그 명칭 일치 후보,실행·호출 순서 미검증
FN04,1809:1055,1809,1055,관련 네트워크의 공유·연관 동작,실행·호출 순서 미검증
FN04,1809:1061,1809,1061,설비 태그 명칭 일치 후보,실행·호출 순서 미검증
FN04,1809:1105,1809,1105,설비 태그 명칭 일치 후보,실행·호출 순서 미검증
FN04,1809:1066,1809,1066,설비 태그 명칭 일치 후보,실행·호출 순서 미검증
FN04,1809:1113,1809,1113,설비 태그 명칭 일치 후보,실행·호출 순서 미검증
FN04,1843:410,1843,410,관련 네트워크의 공유·연관 동작,실행·호출 순서 미검증
FN04,1843:412,1843,412,관련 네트워크의 공유·연관 동작,실행·호출 순서 미검증
FN04,1843:420,1843,420,관련 네트워크의 공유·연관 동작,실행·호출 순서 미검증
FN04,1843:422,1843,422,관련 네트워크의 공유·연관 동작,실행·호출 순서 미검증
FN04,1843:424,1843,424,관련 네트워크의 공유·연관 동작,실행·호출 순서 미검증
FN04,1843:432,1843,432,관련 네트워크의 공유·연관 동작,실행·호출 순서 미검증
FN04,1843:434,1843,434,관련 네트워크의 공유·연관 동작,실행·호출 순서 미검증
FN04,1843:436,1843,436,관련 네트워크의 공유·연관 동작,실행·호출 순서 미검증
FN04,1843:443,1843,443,설비 태그 명칭 일치 후보,실행·호출 순서 미검증
FN04,1843:449,1843,449,관련 네트워크의 공유·연관 동작,실행·호출 순서 미검증
FN04,1843:456,1843,456,관련 네트워크의 공유·연관 동작,실행·호출 순서 미검증
FN04,1843:458,1843,458,관련 네트워크의 공유·연관 동작,실행·호출 순서 미검증
FN04,1843:460,1843,460,관련 네트워크의 공유·연관 동작,실행·호출 순서 미검증
FN04,1843:462,1843,462,관련 네트워크의 공유·연관 동작,실행·호출 순서 미검증
FN04,1843:469,1843,469,관련 네트워크의 공유·연관 동작,실행·호출 순서 미검증
FN04,1843:478,1843,478,관련 네트워크의 공유·연관 동작,실행·호출 순서 미검증
FN04,1843:481,1843,481,관련 네트워크의 공유·연관 동작,실행·호출 순서 미검증
FN04,1843:492,1843,492,관련 네트워크의 공유·연관 동작,실행·호출 순서 미검증
FN04,1843:102,1843,102,관련 네트워크의 공유·연관 동작,실행·호출 순서 미검증
FN04,1843:495,1843,495,관련 네트워크의 공유·연관 동작,실행·호출 순서 미검증
FN04,1843:500,1843,500,관련 네트워크의 공유·연관 동작,실행·호출 순서 미검증
FN04,1843:506,1843,506,관련 네트워크의 공유·연관 동작,실행·호출 순서 미검증
FN04,1843:34,1843,34,관련 네트워크의 공유·연관 동작,실행·호출 순서 미검증
FN04,1843:513,1843,513,관련 네트워크의 공유·연관 동작,실행·호출 순서 미검증
FN04,1843:515,1843,515,관련 네트워크의 공유·연관 동작,실행·호출 순서 미검증
FN04,1843:517,1843,517,관련 네트워크의 공유·연관 동작,실행·호출 순서 미검증
FN04,1843:527,1843,527,관련 네트워크의 공유·연관 동작,실행·호출 순서 미검증
FN04,1843:530,1843,530,관련 네트워크의 공유·연관 동작,실행·호출 순서 미검증
FN04,1843:539,1843,539,관련 네트워크의 공유·연관 동작,실행·호출 순서 미검증
FN04,1843:545,1843,545,관련 네트워크의 공유·연관 동작,실행·호출 순서 미검증
FN04,1843:552,1843,552,관련 네트워크의 공유·연관 동작,실행·호출 순서 미검증
FN04,1843:554,1843,554,관련 네트워크의 공유·연관 동작,실행·호출 순서 미검증
FN04,1843:568,1843,568,관련 네트워크의 공유·연관 동작,실행·호출 순서 미검증
FN04,1843:573,1843,573,관련 네트워크의 공유·연관 동작,실행·호출 순서 미검증
FN04,1843:578,1843,578,관련 네트워크의 공유·연관 동작,실행·호출 순서 미검증
FN04,1843:581,1843,581,관련 네트워크의 공유·연관 동작,실행·호출 순서 미검증
FN04,1843:587,1843,587,관련 네트워크의 공유·연관 동작,실행·호출 순서 미검증
FN04,1843:828,1843,828,관련 네트워크의 공유·연관 동작,실행·호출 순서 미검증
FN04,1843:837,1843,837,관련 네트워크의 공유·연관 동작,실행·호출 순서 미검증
FN04,1843:838,1843,838,관련 네트워크의 공유·연관 동작,실행·호출 순서 미검증
FN04,1844:747,1844,747,관련 네트워크의 공유·연관 동작,실행·호출 순서 미검증
FN04,1844:749,1844,749,관련 네트워크의 공유·연관 동작,실행·호출 순서 미검증
FN04,1844:757,1844,757,관련 네트워크의 공유·연관 동작,실행·호출 순서 미검증
FN04,1844:759,1844,759,관련 네트워크의 공유·연관 동작,실행·호출 순서 미검증
FN04,1844:761,1844,761,관련 네트워크의 공유·연관 동작,실행·호출 순서 미검증
FN04,1844:769,1844,769,관련 네트워크의 공유·연관 동작,실행·호출 순서 미검증
FN04,1844:771,1844,771,관련 네트워크의 공유·연관 동작,실행·호출 순서 미검증
FN04,1844:773,1844,773,관련 네트워크의 공유·연관 동작,실행·호출 순서 미검증
FN04,1844:780,1844,780,설비 태그 명칭 일치 후보,실행·호출 순서 미검증
FN04,1844:786,1844,786,관련 네트워크의 공유·연관 동작,실행·호출 순서 미검증
FN04,1844:793,1844,793,관련 네트워크의 공유·연관 동작,실행·호출 순서 미검증
FN04,1844:799,1844,799,관련 네트워크의 공유·연관 동작,실행·호출 순서 미검증
FN04,1844:805,1844,805,관련 네트워크의 공유·연관 동작,실행·호출 순서 미검증
FN04,1844:811,1844,811,관련 네트워크의 공유·연관 동작,실행·호출 순서 미검증
FN04,1844:817,1844,817,관련 네트워크의 공유·연관 동작,실행·호출 순서 미검증
FN04,1844:826,1844,826,관련 네트워크의 공유·연관 동작,실행·호출 순서 미검증
FN04,1844:829,1844,829,관련 네트워크의 공유·연관 동작,실행·호출 순서 미검증
FN04,1844:1158,1844,1158,관련 네트워크의 공유·연관 동작,실행·호출 순서 미검증
FN04,1844:1162,1844,1162,관련 네트워크의 공유·연관 동작,실행·호출 순서 미검증
FN04,1844:850,1844,850,관련 네트워크의 공유·연관 동작,실행·호출 순서 미검증
FN04,1844:852,1844,852,관련 네트워크의 공유·연관 동작,실행·호출 순서 미검증
FN04,1844:854,1844,854,관련 네트워크의 공유·연관 동작,실행·호출 순서 미검증
FN04,1844:864,1844,864,관련 네트워크의 공유·연관 동작,실행·호출 순서 미검증
FN04,1844:867,1844,867,관련 네트워크의 공유·연관 동작,실행·호출 순서 미검증
FN04,1844:878,1844,878,관련 네트워크의 공유·연관 동작,실행·호출 순서 미검증
FN04,1844:881,1844,881,관련 네트워크의 공유·연관 동작,실행·호출 순서 미검증
FN04,1844:889,1844,889,관련 네트워크의 공유·연관 동작,실행·호출 순서 미검증
FN04,1844:896,1844,896,관련 네트워크의 공유·연관 동작,실행·호출 순서 미검증
FN04,1844:898,1844,898,관련 네트워크의 공유·연관 동작,실행·호출 순서 미검증
FN04,1844:912,1844,912,관련 네트워크의 공유·연관 동작,실행·호출 순서 미검증
FN04,1844:917,1844,917,관련 네트워크의 공유·연관 동작,실행·호출 순서 미검증
FN04,1844:922,1844,922,관련 네트워크의 공유·연관 동작,실행·호출 순서 미검증
FN04,1844:925,1844,925,관련 네트워크의 공유·연관 동작,실행·호출 순서 미검증
FN04,1844:931,1844,931,관련 네트워크의 공유·연관 동작,실행·호출 순서 미검증
FN04,1847:891,1847,891,관련 네트워크의 공유·연관 동작,실행·호출 순서 미검증
FN04,1847:893,1847,893,관련 네트워크의 공유·연관 동작,실행·호출 순서 미검증
FN04,1847:897,1847,897,관련 네트워크의 공유·연관 동작,실행·호출 순서 미검증
FN04,1847:905,1847,905,관련 네트워크의 공유·연관 동작,실행·호출 순서 미검증
FN04,1847:907,1847,907,관련 네트워크의 공유·연관 동작,실행·호출 순서 미검증
FN04,1847:909,1847,909,관련 네트워크의 공유·연관 동작,실행·호출 순서 미검증
FN04,1847:917,1847,917,관련 네트워크의 공유·연관 동작,실행·호출 순서 미검증
FN04,1847:919,1847,919,관련 네트워크의 공유·연관 동작,실행·호출 순서 미검증
FN04,1847:927,1847,927,관련 네트워크의 공유·연관 동작,실행·호출 순서 미검증
FN04,1847:929,1847,929,설비 태그 명칭 일치 후보,실행·호출 순서 미검증
FN04,1847:931,1847,931,관련 네트워크의 공유·연관 동작,실행·호출 순서 미검증
FN04,1847:939,1847,939,관련 네트워크의 공유·연관 동작,실행·호출 순서 미검증
FN04,1847:941,1847,941,관련 네트워크의 공유·연관 동작,실행·호출 순서 미검증
FN04,1847:948,1847,948,관련 네트워크의 공유·연관 동작,실행·호출 순서 미검증
FN04,1847:954,1847,954,관련 네트워크의 공유·연관 동작,실행·호출 순서 미검증
FN04,1847:961,1847,961,관련 네트워크의 공유·연관 동작,실행·호출 순서 미검증
FN04,1847:963,1847,963,관련 네트워크의 공유·연관 동작,실행·호출 순서 미검증
FN04,1847:965,1847,965,관련 네트워크의 공유·연관 동작,실행·호출 순서 미검증
FN04,1847:973,1847,973,관련 네트워크의 공유·연관 동작,실행·호출 순서 미검증
FN04,1847:975,1847,975,관련 네트워크의 공유·연관 동작,실행·호출 순서 미검증
FN04,1847:982,1847,982,관련 네트워크의 공유·연관 동작,실행·호출 순서 미검증
FN04,1857:182,1857,182,관련 네트워크의 공유·연관 동작,실행·호출 순서 미검증
FN04,1900:1849,1900,1849,설비 태그 명칭 일치 후보,실행·호출 순서 미검증
FN04,1901:1970,1901,1970,관련 네트워크의 공유·연관 동작,실행·호출 순서 미검증
FN04,1964:982,1964,982,설비 태그 명칭 일치 후보,실행·호출 순서 미검증
FN04,1964:985,1964,985,관련 네트워크의 공유·연관 동작,실행·호출 순서 미검증
FN04,1964:990,1964,990,설비 태그 명칭 일치 후보,실행·호출 순서 미검증
FN04,1965:1010,1965,1010,설비 태그 명칭 일치 후보,실행·호출 순서 미검증
FN04,1965:1014,1965,1014,관련 심볼 이름과 대상 일치,실행·호출 순서 미검증
FN04,1970:1102,1970,1102,관련 네트워크의 공유·연관 동작,실행·호출 순서 미검증
FN04,1970:1106,1970,1106,관련 네트워크의 공유·연관 동작,실행·호출 순서 미검증
FN04,1987:809,1987,809,관련 네트워크의 공유·연관 동작,실행·호출 순서 미검증
FN04,1987:814,1987,814,관련 네트워크의 공유·연관 동작,실행·호출 순서 미검증
FN04,1987:819,1987,819,관련 네트워크의 공유·연관 동작,실행·호출 순서 미검증
FN05,1044:2522,1044,2522,설비 태그 명칭 일치 후보,실행·호출 순서 미검증
FN05,1044:2525,1044,2525,설비 태그 명칭 일치 후보,실행·호출 순서 미검증
FN05,1044:2528,1044,2528,관련 네트워크의 공유·연관 동작,실행·호출 순서 미검증
FN05,1054:3076,1054,3076,설비 태그 명칭 일치 후보,실행·호출 순서 미검증
FN05,1086:34,1086,34,설비 태그 명칭 일치 후보,실행·호출 순서 미검증
FN05,1086:41,1086,41,관련 네트워크의 공유·연관 동작,실행·호출 순서 미검증
FN05,1086:44,1086,44,관련 네트워크의 공유·연관 동작,실행·호출 순서 미검증
FN05,1086:24,1086,24,관련 네트워크의 공유·연관 동작,실행·호출 순서 미검증
FN05,1086:46,1086,46,관련 네트워크의 공유·연관 동작,실행·호출 순서 미검증
FN05,1086:28,1086,28,관련 네트워크의 공유·연관 동작,실행·호출 순서 미검증
FN05,1814:1225,1814,1225,관련 네트워크의 공유·연관 동작,실행·호출 순서 미검증
FN05,1814:1231,1814,1231,설비 태그 명칭 일치 후보,실행·호출 순서 미검증
FN05,1814:1236,1814,1236,설비 태그 명칭 일치 후보,실행·호출 순서 미검증
FN05,1970:1102,1970,1102,설비 태그 명칭 일치 후보,실행·호출 순서 미검증
FN05,1970:1106,1970,1106,관련 심볼 이름과 대상 일치,실행·호출 순서 미검증
FN05,1971:1125,1971,1125,관련 네트워크의 공유·연관 동작,실행·호출 순서 미검증
FN05,1971:1129,1971,1129,관련 네트워크의 공유·연관 동작,실행·호출 순서 미검증
FN06,1032:1874,1032,1874,설비 태그 명칭 일치 후보,실행·호출 순서 미검증
FN06,1032:1877,1032,1877,설비 태그 명칭 일치 후보,실행·호출 순서 미검증
FN06,1032:1880,1032,1880,관련 네트워크의 공유·연관 동작,실행·호출 순서 미검증
FN06,1051:2946,1051,2946,관련 네트워크의 공유·연관 동작,실행·호출 순서 미검증
FN06,1051:2949,1051,2949,관련 네트워크의 공유·연관 동작,실행·호출 순서 미검증
FN06,1051:2952,1051,2952,관련 네트워크의 공유·연관 동작,실행·호출 순서 미검증
FN06,1051:2955,1051,2955,설비 태그 명칭 일치 후보,실행·호출 순서 미검증
FN06,1051:2958,1051,2958,관련 네트워크의 공유·연관 동작,실행·호출 순서 미검증
FN06,1084:27,1084,27,관련 네트워크의 공유·연관 동작,실행·호출 순서 미검증
FN06,1084:34,1084,34,관련 네트워크의 공유·연관 동작,실행·호출 순서 미검증
FN06,1084:41,1084,41,관련 네트워크의 공유·연관 동작,실행·호출 순서 미검증
FN06,1084:44,1084,44,관련 네트워크의 공유·연관 동작,실행·호출 순서 미검증
FN06,1084:46,1084,46,관련 네트워크의 공유·연관 동작,실행·호출 순서 미검증
FN06,1084:48,1084,48,관련 네트워크의 공유·연관 동작,실행·호출 순서 미검증
FN06,1084:69,1084,69,설비 태그 명칭 일치 후보,실행·호출 순서 미검증
FN06,1084:76,1084,76,관련 네트워크의 공유·연관 동작,실행·호출 순서 미검증
FN06,1802:817,1802,817,관련 네트워크의 공유·연관 동작,실행·호출 순서 미검증
FN06,1802:823,1802,823,관련 네트워크의 공유·연관 동작,실행·호출 순서 미검증
FN06,1802:828,1802,828,관련 네트워크의 공유·연관 동작,실행·호출 순서 미검증
FN06,1843:410,1843,410,관련 네트워크의 공유·연관 동작,실행·호출 순서 미검증
FN06,1843:412,1843,412,관련 네트워크의 공유·연관 동작,실행·호출 순서 미검증
FN06,1843:420,1843,420,관련 네트워크의 공유·연관 동작,실행·호출 순서 미검증
FN06,1843:422,1843,422,관련 네트워크의 공유·연관 동작,실행·호출 순서 미검증
FN06,1843:424,1843,424,관련 네트워크의 공유·연관 동작,실행·호출 순서 미검증
FN06,1843:432,1843,432,관련 네트워크의 공유·연관 동작,실행·호출 순서 미검증
FN06,1843:434,1843,434,관련 네트워크의 공유·연관 동작,실행·호출 순서 미검증
FN06,1843:436,1843,436,관련 네트워크의 공유·연관 동작,실행·호출 순서 미검증
FN06,1843:443,1843,443,관련 네트워크의 공유·연관 동작,실행·호출 순서 미검증
FN06,1843:449,1843,449,관련 네트워크의 공유·연관 동작,실행·호출 순서 미검증
FN06,1843:456,1843,456,관련 네트워크의 공유·연관 동작,실행·호출 순서 미검증
FN06,1843:458,1843,458,관련 네트워크의 공유·연관 동작,실행·호출 순서 미검증
FN06,1843:460,1843,460,관련 네트워크의 공유·연관 동작,실행·호출 순서 미검증
FN06,1843:462,1843,462,관련 네트워크의 공유·연관 동작,실행·호출 순서 미검증
FN06,1843:469,1843,469,관련 네트워크의 공유·연관 동작,실행·호출 순서 미검증
FN06,1843:478,1843,478,관련 네트워크의 공유·연관 동작,실행·호출 순서 미검증
FN06,1843:481,1843,481,관련 네트워크의 공유·연관 동작,실행·호출 순서 미검증
FN06,1843:492,1843,492,관련 네트워크의 공유·연관 동작,실행·호출 순서 미검증
FN06,1843:102,1843,102,관련 네트워크의 공유·연관 동작,실행·호출 순서 미검증
FN06,1843:495,1843,495,관련 네트워크의 공유·연관 동작,실행·호출 순서 미검증
FN06,1843:500,1843,500,관련 네트워크의 공유·연관 동작,실행·호출 순서 미검증
FN06,1843:506,1843,506,관련 네트워크의 공유·연관 동작,실행·호출 순서 미검증
FN06,1843:34,1843,34,관련 네트워크의 공유·연관 동작,실행·호출 순서 미검증
FN06,1843:513,1843,513,관련 네트워크의 공유·연관 동작,실행·호출 순서 미검증
FN06,1843:515,1843,515,관련 네트워크의 공유·연관 동작,실행·호출 순서 미검증
FN06,1843:517,1843,517,관련 네트워크의 공유·연관 동작,실행·호출 순서 미검증
FN06,1843:527,1843,527,관련 네트워크의 공유·연관 동작,실행·호출 순서 미검증
FN06,1843:530,1843,530,관련 네트워크의 공유·연관 동작,실행·호출 순서 미검증
FN06,1843:539,1843,539,관련 네트워크의 공유·연관 동작,실행·호출 순서 미검증
FN06,1843:545,1843,545,관련 네트워크의 공유·연관 동작,실행·호출 순서 미검증
FN06,1843:552,1843,552,관련 네트워크의 공유·연관 동작,실행·호출 순서 미검증
FN06,1843:554,1843,554,설비 태그 명칭 일치 후보,실행·호출 순서 미검증
FN06,1843:568,1843,568,관련 네트워크의 공유·연관 동작,실행·호출 순서 미검증
FN06,1843:573,1843,573,관련 네트워크의 공유·연관 동작,실행·호출 순서 미검증
FN06,1843:578,1843,578,관련 네트워크의 공유·연관 동작,실행·호출 순서 미검증
FN06,1843:581,1843,581,관련 네트워크의 공유·연관 동작,실행·호출 순서 미검증
FN06,1843:587,1843,587,관련 네트워크의 공유·연관 동작,실행·호출 순서 미검증
FN06,1843:828,1843,828,관련 네트워크의 공유·연관 동작,실행·호출 순서 미검증
FN06,1843:837,1843,837,관련 네트워크의 공유·연관 동작,실행·호출 순서 미검증
FN06,1843:838,1843,838,관련 네트워크의 공유·연관 동작,실행·호출 순서 미검증
FN06,1844:747,1844,747,관련 네트워크의 공유·연관 동작,실행·호출 순서 미검증
FN06,1844:749,1844,749,관련 네트워크의 공유·연관 동작,실행·호출 순서 미검증
FN06,1844:757,1844,757,관련 네트워크의 공유·연관 동작,실행·호출 순서 미검증
FN06,1844:759,1844,759,관련 네트워크의 공유·연관 동작,실행·호출 순서 미검증
FN06,1844:761,1844,761,관련 네트워크의 공유·연관 동작,실행·호출 순서 미검증
FN06,1844:769,1844,769,관련 네트워크의 공유·연관 동작,실행·호출 순서 미검증
FN06,1844:771,1844,771,관련 네트워크의 공유·연관 동작,실행·호출 순서 미검증
FN06,1844:773,1844,773,관련 네트워크의 공유·연관 동작,실행·호출 순서 미검증
FN06,1844:780,1844,780,관련 네트워크의 공유·연관 동작,실행·호출 순서 미검증
FN06,1844:786,1844,786,관련 네트워크의 공유·연관 동작,실행·호출 순서 미검증
FN06,1844:793,1844,793,관련 네트워크의 공유·연관 동작,실행·호출 순서 미검증
FN06,1844:799,1844,799,관련 네트워크의 공유·연관 동작,실행·호출 순서 미검증
FN06,1844:805,1844,805,관련 네트워크의 공유·연관 동작,실행·호출 순서 미검증
FN06,1844:811,1844,811,관련 네트워크의 공유·연관 동작,실행·호출 순서 미검증
FN06,1844:817,1844,817,관련 네트워크의 공유·연관 동작,실행·호출 순서 미검증
FN06,1844:826,1844,826,관련 네트워크의 공유·연관 동작,실행·호출 순서 미검증
FN06,1844:829,1844,829,관련 네트워크의 공유·연관 동작,실행·호출 순서 미검증
FN06,1844:1158,1844,1158,관련 네트워크의 공유·연관 동작,실행·호출 순서 미검증
FN06,1844:1162,1844,1162,관련 네트워크의 공유·연관 동작,실행·호출 순서 미검증
FN06,1844:850,1844,850,관련 네트워크의 공유·연관 동작,실행·호출 순서 미검증
FN06,1844:852,1844,852,관련 네트워크의 공유·연관 동작,실행·호출 순서 미검증
FN06,1844:854,1844,854,관련 네트워크의 공유·연관 동작,실행·호출 순서 미검증
FN06,1844:864,1844,864,관련 네트워크의 공유·연관 동작,실행·호출 순서 미검증
FN06,1844:867,1844,867,관련 네트워크의 공유·연관 동작,실행·호출 순서 미검증
FN06,1844:878,1844,878,관련 네트워크의 공유·연관 동작,실행·호출 순서 미검증
FN06,1844:881,1844,881,관련 네트워크의 공유·연관 동작,실행·호출 순서 미검증
FN06,1844:889,1844,889,관련 네트워크의 공유·연관 동작,실행·호출 순서 미검증
FN06,1844:896,1844,896,관련 네트워크의 공유·연관 동작,실행·호출 순서 미검증
FN06,1844:898,1844,898,설비 태그 명칭 일치 후보,실행·호출 순서 미검증
FN06,1844:912,1844,912,관련 네트워크의 공유·연관 동작,실행·호출 순서 미검증
FN06,1844:917,1844,917,관련 네트워크의 공유·연관 동작,실행·호출 순서 미검증
FN06,1844:922,1844,922,관련 네트워크의 공유·연관 동작,실행·호출 순서 미검증
FN06,1844:925,1844,925,관련 네트워크의 공유·연관 동작,실행·호출 순서 미검증
FN06,1844:931,1844,931,관련 네트워크의 공유·연관 동작,실행·호출 순서 미검증
FN06,1847:891,1847,891,관련 네트워크의 공유·연관 동작,실행·호출 순서 미검증
FN06,1847:893,1847,893,관련 네트워크의 공유·연관 동작,실행·호출 순서 미검증
FN06,1847:897,1847,897,설비 태그 명칭 일치 후보,실행·호출 순서 미검증
FN06,1847:905,1847,905,관련 네트워크의 공유·연관 동작,실행·호출 순서 미검증
FN06,1847:907,1847,907,관련 네트워크의 공유·연관 동작,실행·호출 순서 미검증
FN06,1847:909,1847,909,관련 네트워크의 공유·연관 동작,실행·호출 순서 미검증
FN06,1847:917,1847,917,관련 네트워크의 공유·연관 동작,실행·호출 순서 미검증
FN06,1847:919,1847,919,관련 네트워크의 공유·연관 동작,실행·호출 순서 미검증
FN06,1847:927,1847,927,관련 네트워크의 공유·연관 동작,실행·호출 순서 미검증
FN06,1847:929,1847,929,관련 네트워크의 공유·연관 동작,실행·호출 순서 미검증
FN06,1847:931,1847,931,관련 네트워크의 공유·연관 동작,실행·호출 순서 미검증
FN06,1847:939,1847,939,관련 네트워크의 공유·연관 동작,실행·호출 순서 미검증
FN06,1847:941,1847,941,관련 네트워크의 공유·연관 동작,실행·호출 순서 미검증
FN06,1847:948,1847,948,관련 네트워크의 공유·연관 동작,실행·호출 순서 미검증
FN06,1847:954,1847,954,관련 네트워크의 공유·연관 동작,실행·호출 순서 미검증
FN06,1847:961,1847,961,관련 네트워크의 공유·연관 동작,실행·호출 순서 미검증
FN06,1847:963,1847,963,관련 네트워크의 공유·연관 동작,실행·호출 순서 미검증
FN06,1847:965,1847,965,관련 네트워크의 공유·연관 동작,실행·호출 순서 미검증
FN06,1847:973,1847,973,관련 네트워크의 공유·연관 동작,실행·호출 순서 미검증
FN06,1847:975,1847,975,관련 네트워크의 공유·연관 동작,실행·호출 순서 미검증
FN06,1847:982,1847,982,관련 네트워크의 공유·연관 동작,실행·호출 순서 미검증
FN06,1857:182,1857,182,관련 네트워크의 공유·연관 동작,실행·호출 순서 미검증
FN06,1955:772,1955,772,설비 태그 명칭 일치 후보,실행·호출 순서 미검증
FN06,1955:776,1955,776,관련 심볼 이름과 대상 일치,실행·호출 순서 미검증
FN01-FAN,1052:3008,1052,3008,관련 네트워크의 공유·연관 동작,실행·호출 순서 미검증
FN01-FAN,1052:3011,1052,3011,관련 네트워크의 공유·연관 동작,실행·호출 순서 미검증
FN01-FAN,1052:3014,1052,3014,관련 네트워크의 공유·연관 동작,실행·호출 순서 미검증
FN01-FAN,1052:3017,1052,3017,관련 네트워크의 공유·연관 동작,실행·호출 순서 미검증
FN01-FAN,1052:3020,1052,3020,관련 네트워크의 공유·연관 동작,실행·호출 순서 미검증
FN01-FAN,1847:891,1847,891,관련 네트워크의 공유·연관 동작,실행·호출 순서 미검증
FN01-FAN,1847:893,1847,893,관련 네트워크의 공유·연관 동작,실행·호출 순서 미검증
FN01-FAN,1847:897,1847,897,관련 네트워크의 공유·연관 동작,실행·호출 순서 미검증
FN01-FAN,1847:905,1847,905,관련 네트워크의 공유·연관 동작,실행·호출 순서 미검증
FN01-FAN,1847:907,1847,907,관련 네트워크의 공유·연관 동작,실행·호출 순서 미검증
FN01-FAN,1847:909,1847,909,관련 네트워크의 공유·연관 동작,실행·호출 순서 미검증
FN01-FAN,1847:917,1847,917,관련 네트워크의 공유·연관 동작,실행·호출 순서 미검증
FN01-FAN,1847:919,1847,919,관련 네트워크의 공유·연관 동작,실행·호출 순서 미검증
FN01-FAN,1847:927,1847,927,관련 네트워크의 공유·연관 동작,실행·호출 순서 미검증
FN01-FAN,1847:929,1847,929,관련 네트워크의 공유·연관 동작,실행·호출 순서 미검증
FN01-FAN,1847:931,1847,931,관련 네트워크의 공유·연관 동작,실행·호출 순서 미검증
FN01-FAN,1847:939,1847,939,관련 네트워크의 공유·연관 동작,실행·호출 순서 미검증
FN01-FAN,1847:941,1847,941,관련 네트워크의 공유·연관 동작,실행·호출 순서 미검증
FN01-FAN,1847:948,1847,948,관련 네트워크의 공유·연관 동작,실행·호출 순서 미검증
FN01-FAN,1847:954,1847,954,관련 네트워크의 공유·연관 동작,실행·호출 순서 미검증
FN01-FAN,1847:961,1847,961,관련 네트워크의 공유·연관 동작,실행·호출 순서 미검증
FN01-FAN,1847:963,1847,963,관련 네트워크의 공유·연관 동작,실행·호출 순서 미검증
FN01-FAN,1847:965,1847,965,관련 네트워크의 공유·연관 동작,실행·호출 순서 미검증
FN01-FAN,1847:973,1847,973,관련 네트워크의 공유·연관 동작,실행·호출 순서 미검증
FN01-FAN,1847:975,1847,975,관련 네트워크의 공유·연관 동작,실행·호출 순서 미검증
FN01-FAN,1847:982,1847,982,관련 네트워크의 공유·연관 동작,실행·호출 순서 미검증
CH01,1030:1766,1030,1766,설비 태그 명칭 일치 후보,실행·호출 순서 미검증
CH01,1030:1769,1030,1769,설비 태그 명칭 일치 후보,실행·호출 순서 미검증
CH01,1030:1772,1030,1772,관련 네트워크의 공유·연관 동작,실행·호출 순서 미검증
CH01,1051:2946,1051,2946,관련 네트워크의 공유·연관 동작,실행·호출 순서 미검증
CH01,1051:2949,1051,2949,설비 태그 명칭 일치 후보,실행·호출 순서 미검증
CH01,1051:2952,1051,2952,관련 네트워크의 공유·연관 동작,실행·호출 순서 미검증
CH01,1051:2955,1051,2955,관련 네트워크의 공유·연관 동작,실행·호출 순서 미검증
CH01,1051:2958,1051,2958,관련 네트워크의 공유·연관 동작,실행·호출 순서 미검증
CH01,1084:27,1084,27,관련 네트워크의 공유·연관 동작,실행·호출 순서 미검증
CH01,1084:34,1084,34,관련 네트워크의 공유·연관 동작,실행·호출 순서 미검증
CH01,1084:41,1084,41,관련 네트워크의 공유·연관 동작,실행·호출 순서 미검증
CH01,1084:44,1084,44,관련 네트워크의 공유·연관 동작,실행·호출 순서 미검증
CH01,1084:46,1084,46,설비 태그 명칭 일치 후보,실행·호출 순서 미검증
CH01,1084:48,1084,48,관련 네트워크의 공유·연관 동작,실행·호출 순서 미검증
CH01,1084:69,1084,69,관련 네트워크의 공유·연관 동작,실행·호출 순서 미검증
CH01,1084:76,1084,76,관련 네트워크의 공유·연관 동작,실행·호출 순서 미검증
CH01,1761:917,1761,917,관련 네트워크의 공유·연관 동작,실행·호출 순서 미검증
CH01,1761:922,1761,922,설비 태그 명칭 일치 후보,실행·호출 순서 미검증
CH01,1761:927,1761,927,관련 네트워크의 공유·연관 동작,실행·호출 순서 미검증
CH01,1761:932,1761,932,관련 네트워크의 공유·연관 동작,실행·호출 순서 미검증
CH01,1761:937,1761,937,관련 네트워크의 공유·연관 동작,실행·호출 순서 미검증
CH01,1763:23,1763,23,관련 네트워크의 공유·연관 동작,실행·호출 순서 미검증
CH01,1763:26,1763,26,설비 태그 명칭 일치 후보,실행·호출 순서 미검증
CH01,1763:28,1763,28,설비 태그 명칭 일치 후보,실행·호출 순서 미검증
CH01,1763:29,1763,29,설비 태그 명칭 일치 후보,실행·호출 순서 미검증
CH01,1800:749,1800,749,관련 네트워크의 공유·연관 동작,실행·호출 순서 미검증
CH01,1800:755,1800,755,설비 태그 명칭 일치 후보,실행·호출 순서 미검증
CH01,1800:760,1800,760,설비 태그 명칭 일치 후보,실행·호출 순서 미검증
CH01,1843:410,1843,410,관련 네트워크의 공유·연관 동작,실행·호출 순서 미검증
CH01,1843:412,1843,412,관련 네트워크의 공유·연관 동작,실행·호출 순서 미검증
CH01,1843:420,1843,420,관련 네트워크의 공유·연관 동작,실행·호출 순서 미검증
CH01,1843:422,1843,422,관련 네트워크의 공유·연관 동작,실행·호출 순서 미검증
CH01,1843:424,1843,424,관련 네트워크의 공유·연관 동작,실행·호출 순서 미검증
CH01,1843:432,1843,432,관련 네트워크의 공유·연관 동작,실행·호출 순서 미검증
CH01,1843:434,1843,434,관련 네트워크의 공유·연관 동작,실행·호출 순서 미검증
CH01,1843:436,1843,436,관련 네트워크의 공유·연관 동작,실행·호출 순서 미검증
CH01,1843:443,1843,443,관련 네트워크의 공유·연관 동작,실행·호출 순서 미검증
CH01,1843:449,1843,449,관련 네트워크의 공유·연관 동작,실행·호출 순서 미검증
CH01,1843:456,1843,456,관련 네트워크의 공유·연관 동작,실행·호출 순서 미검증
CH01,1843:458,1843,458,관련 네트워크의 공유·연관 동작,실행·호출 순서 미검증
CH01,1843:460,1843,460,관련 네트워크의 공유·연관 동작,실행·호출 순서 미검증
CH01,1843:462,1843,462,관련 네트워크의 공유·연관 동작,실행·호출 순서 미검증
CH01,1843:469,1843,469,관련 네트워크의 공유·연관 동작,실행·호출 순서 미검증
CH01,1843:478,1843,478,관련 네트워크의 공유·연관 동작,실행·호출 순서 미검증
CH01,1843:481,1843,481,관련 네트워크의 공유·연관 동작,실행·호출 순서 미검증
CH01,1843:492,1843,492,관련 네트워크의 공유·연관 동작,실행·호출 순서 미검증
CH01,1843:102,1843,102,관련 네트워크의 공유·연관 동작,실행·호출 순서 미검증
CH01,1843:495,1843,495,관련 네트워크의 공유·연관 동작,실행·호출 순서 미검증
CH01,1843:500,1843,500,관련 네트워크의 공유·연관 동작,실행·호출 순서 미검증
CH01,1843:506,1843,506,관련 네트워크의 공유·연관 동작,실행·호출 순서 미검증
CH01,1843:34,1843,34,관련 네트워크의 공유·연관 동작,실행·호출 순서 미검증
CH01,1843:513,1843,513,관련 네트워크의 공유·연관 동작,실행·호출 순서 미검증
CH01,1843:515,1843,515,관련 네트워크의 공유·연관 동작,실행·호출 순서 미검증
CH01,1843:517,1843,517,설비 태그 명칭 일치 후보,실행·호출 순서 미검증
CH01,1843:527,1843,527,관련 네트워크의 공유·연관 동작,실행·호출 순서 미검증
CH01,1843:530,1843,530,관련 네트워크의 공유·연관 동작,실행·호출 순서 미검증
CH01,1843:539,1843,539,관련 네트워크의 공유·연관 동작,실행·호출 순서 미검증
CH01,1843:545,1843,545,관련 네트워크의 공유·연관 동작,실행·호출 순서 미검증
CH01,1843:552,1843,552,관련 네트워크의 공유·연관 동작,실행·호출 순서 미검증
CH01,1843:554,1843,554,관련 네트워크의 공유·연관 동작,실행·호출 순서 미검증
CH01,1843:568,1843,568,관련 네트워크의 공유·연관 동작,실행·호출 순서 미검증
CH01,1843:573,1843,573,관련 네트워크의 공유·연관 동작,실행·호출 순서 미검증
CH01,1843:578,1843,578,관련 네트워크의 공유·연관 동작,실행·호출 순서 미검증
CH01,1843:581,1843,581,관련 네트워크의 공유·연관 동작,실행·호출 순서 미검증
CH01,1843:587,1843,587,관련 네트워크의 공유·연관 동작,실행·호출 순서 미검증
CH01,1843:828,1843,828,관련 네트워크의 공유·연관 동작,실행·호출 순서 미검증
CH01,1843:837,1843,837,관련 네트워크의 공유·연관 동작,실행·호출 순서 미검증
CH01,1843:838,1843,838,관련 네트워크의 공유·연관 동작,실행·호출 순서 미검증
CH01,1844:747,1844,747,관련 네트워크의 공유·연관 동작,실행·호출 순서 미검증
CH01,1844:749,1844,749,관련 네트워크의 공유·연관 동작,실행·호출 순서 미검증
CH01,1844:757,1844,757,관련 네트워크의 공유·연관 동작,실행·호출 순서 미검증
CH01,1844:759,1844,759,관련 네트워크의 공유·연관 동작,실행·호출 순서 미검증
CH01,1844:761,1844,761,관련 네트워크의 공유·연관 동작,실행·호출 순서 미검증
CH01,1844:769,1844,769,관련 네트워크의 공유·연관 동작,실행·호출 순서 미검증
CH01,1844:771,1844,771,관련 네트워크의 공유·연관 동작,실행·호출 순서 미검증
CH01,1844:773,1844,773,관련 네트워크의 공유·연관 동작,실행·호출 순서 미검증
CH01,1844:780,1844,780,관련 네트워크의 공유·연관 동작,실행·호출 순서 미검증
CH01,1844:786,1844,786,관련 네트워크의 공유·연관 동작,실행·호출 순서 미검증
CH01,1844:793,1844,793,관련 네트워크의 공유·연관 동작,실행·호출 순서 미검증
CH01,1844:799,1844,799,관련 네트워크의 공유·연관 동작,실행·호출 순서 미검증
CH01,1844:805,1844,805,관련 네트워크의 공유·연관 동작,실행·호출 순서 미검증
CH01,1844:811,1844,811,관련 네트워크의 공유·연관 동작,실행·호출 순서 미검증
CH01,1844:817,1844,817,관련 네트워크의 공유·연관 동작,실행·호출 순서 미검증
CH01,1844:826,1844,826,관련 네트워크의 공유·연관 동작,실행·호출 순서 미검증
CH01,1844:829,1844,829,관련 네트워크의 공유·연관 동작,실행·호출 순서 미검증
CH01,1844:1158,1844,1158,관련 네트워크의 공유·연관 동작,실행·호출 순서 미검증
CH01,1844:1162,1844,1162,관련 네트워크의 공유·연관 동작,실행·호출 순서 미검증
CH01,1844:850,1844,850,관련 네트워크의 공유·연관 동작,실행·호출 순서 미검증
CH01,1844:852,1844,852,관련 네트워크의 공유·연관 동작,실행·호출 순서 미검증
CH01,1844:854,1844,854,설비 태그 명칭 일치 후보,실행·호출 순서 미검증
CH01,1844:864,1844,864,관련 네트워크의 공유·연관 동작,실행·호출 순서 미검증
CH01,1844:867,1844,867,관련 네트워크의 공유·연관 동작,실행·호출 순서 미검증
CH01,1844:878,1844,878,관련 네트워크의 공유·연관 동작,실행·호출 순서 미검증
CH01,1844:881,1844,881,관련 네트워크의 공유·연관 동작,실행·호출 순서 미검증
CH01,1844:889,1844,889,관련 네트워크의 공유·연관 동작,실행·호출 순서 미검증
CH01,1844:896,1844,896,관련 네트워크의 공유·연관 동작,실행·호출 순서 미검증
CH01,1844:898,1844,898,관련 네트워크의 공유·연관 동작,실행·호출 순서 미검증
CH01,1844:912,1844,912,관련 네트워크의 공유·연관 동작,실행·호출 순서 미검증
CH01,1844:917,1844,917,관련 네트워크의 공유·연관 동작,실행·호출 순서 미검증
CH01,1844:922,1844,922,관련 네트워크의 공유·연관 동작,실행·호출 순서 미검증
CH01,1844:925,1844,925,관련 네트워크의 공유·연관 동작,실행·호출 순서 미검증
CH01,1844:931,1844,931,관련 네트워크의 공유·연관 동작,실행·호출 순서 미검증
CH01,1847:891,1847,891,관련 네트워크의 공유·연관 동작,실행·호출 순서 미검증
CH01,1847:893,1847,893,관련 네트워크의 공유·연관 동작,실행·호출 순서 미검증
CH01,1847:897,1847,897,관련 네트워크의 공유·연관 동작,실행·호출 순서 미검증
CH01,1847:905,1847,905,설비 태그 명칭 일치 후보,실행·호출 순서 미검증
CH01,1847:907,1847,907,관련 네트워크의 공유·연관 동작,실행·호출 순서 미검증
CH01,1847:909,1847,909,관련 네트워크의 공유·연관 동작,실행·호출 순서 미검증
CH01,1847:917,1847,917,관련 네트워크의 공유·연관 동작,실행·호출 순서 미검증
CH01,1847:919,1847,919,관련 네트워크의 공유·연관 동작,실행·호출 순서 미검증
CH01,1847:927,1847,927,관련 네트워크의 공유·연관 동작,실행·호출 순서 미검증
CH01,1847:929,1847,929,관련 네트워크의 공유·연관 동작,실행·호출 순서 미검증
CH01,1847:931,1847,931,관련 네트워크의 공유·연관 동작,실행·호출 순서 미검증
CH01,1847:939,1847,939,관련 네트워크의 공유·연관 동작,실행·호출 순서 미검증
CH01,1847:941,1847,941,관련 네트워크의 공유·연관 동작,실행·호출 순서 미검증
CH01,1847:948,1847,948,관련 네트워크의 공유·연관 동작,실행·호출 순서 미검증
CH01,1847:954,1847,954,관련 네트워크의 공유·연관 동작,실행·호출 순서 미검증
CH01,1847:961,1847,961,관련 네트워크의 공유·연관 동작,실행·호출 순서 미검증
CH01,1847:963,1847,963,관련 네트워크의 공유·연관 동작,실행·호출 순서 미검증
CH01,1847:965,1847,965,관련 네트워크의 공유·연관 동작,실행·호출 순서 미검증
CH01,1847:973,1847,973,관련 네트워크의 공유·연관 동작,실행·호출 순서 미검증
CH01,1847:975,1847,975,관련 네트워크의 공유·연관 동작,실행·호출 순서 미검증
CH01,1847:982,1847,982,관련 네트워크의 공유·연관 동작,실행·호출 순서 미검증
CH01,1953:729,1953,729,설비 태그 명칭 일치 후보,실행·호출 순서 미검증
CH01,1953:736,1953,736,관련 심볼 이름과 대상 일치,실행·호출 순서 미검증
CH01,1953:739,1953,739,관련 네트워크의 공유·연관 동작,실행·호출 순서 미검증
CH01,1953:744,1953,744,관련 심볼 이름과 대상 일치,실행·호출 순서 미검증
MV01,404:293,404,293,설비 태그 명칭 일치 후보,실행·호출 순서 미검증
MV01,404:297,404,297,관련 네트워크의 공유·연관 동작,실행·호출 순서 미검증
MV01,404:300,404,300,관련 네트워크의 공유·연관 동작,실행·호출 순서 미검증
MV01,404:304,404,304,관련 네트워크의 공유·연관 동작,실행·호출 순서 미검증
MV01,404:307,404,307,관련 네트워크의 공유·연관 동작,실행·호출 순서 미검증
MV01,404:310,404,310,관련 네트워크의 공유·연관 동작,실행·호출 순서 미검증
MV01,404:313,404,313,관련 네트워크의 공유·연관 동작,실행·호출 순서 미검증
MV01,1083:43,1083,43,설비 태그 명칭 일치 후보,실행·호출 순서 미검증
MV01,1083:45,1083,45,설비 태그 명칭 일치 후보,실행·호출 순서 미검증
MV01,1083:151,1083,151,설비 태그 명칭 일치 후보,실행·호출 순서 미검증
MV01,1083:349,1083,349,설비 태그 명칭 일치 후보,실행·호출 순서 미검증
MV01,1083:355,1083,355,관련 네트워크의 공유·연관 동작,실행·호출 순서 미검증
MV01,1083:360,1083,360,관련 네트워크의 공유·연관 동작,실행·호출 순서 미검증
MV01,1083:365,1083,365,관련 네트워크의 공유·연관 동작,실행·호출 순서 미검증
MV01,1083:367,1083,367,관련 네트워크의 공유·연관 동작,실행·호출 순서 미검증
MV01,1083:489,1083,489,관련 네트워크의 공유·연관 동작,실행·호출 순서 미검증
MV01,1083:494,1083,494,관련 네트워크의 공유·연관 동작,실행·호출 순서 미검증
MV01,1083:499,1083,499,관련 네트워크의 공유·연관 동작,실행·호출 순서 미검증
MV01,1083:501,1083,501,관련 네트워크의 공유·연관 동작,실행·호출 순서 미검증
MV01,1083:556,1083,556,관련 네트워크의 공유·연관 동작,실행·호출 순서 미검증
MV01,1083:561,1083,561,관련 네트워크의 공유·연관 동작,실행·호출 순서 미검증
MV01,1083:566,1083,566,관련 네트워크의 공유·연관 동작,실행·호출 순서 미검증
MV01,1083:568,1083,568,관련 네트워크의 공유·연관 동작,실행·호출 순서 미검증
MV01,1083:623,1083,623,관련 네트워크의 공유·연관 동작,실행·호출 순서 미검증
MV01,1083:628,1083,628,관련 네트워크의 공유·연관 동작,실행·호출 순서 미검증
MV01,1083:633,1083,633,관련 네트워크의 공유·연관 동작,실행·호출 순서 미검증
MV01,1083:635,1083,635,관련 네트워크의 공유·연관 동작,실행·호출 순서 미검증
MV01,1226:249,1226,249,관련 네트워크의 공유·연관 동작,실행·호출 순서 미검증
MV01,1226:254,1226,254,설비 태그 명칭 일치 후보,실행·호출 순서 미검증
MV01,1226:265,1226,265,관련 네트워크의 공유·연관 동작,실행·호출 순서 미검증
MV01,1226:270,1226,270,관련 네트워크의 공유·연관 동작,실행·호출 순서 미검증
MV01,1226:281,1226,281,관련 네트워크의 공유·연관 동작,실행·호출 순서 미검증
MV01,1226:286,1226,286,관련 네트워크의 공유·연관 동작,실행·호출 순서 미검증
MV01,1226:313,1226,313,관련 네트워크의 공유·연관 동작,실행·호출 순서 미검증
MV01,1226:318,1226,318,관련 네트워크의 공유·연관 동작,실행·호출 순서 미검증
MV01,1226:329,1226,329,관련 네트워크의 공유·연관 동작,실행·호출 순서 미검증
MV01,1226:334,1226,334,관련 네트워크의 공유·연관 동작,실행·호출 순서 미검증
MV01,1226:342,1226,342,설비 태그 명칭 일치 후보,실행·호출 순서 미검증
MV01,1226:346,1226,346,관련 네트워크의 공유·연관 동작,실행·호출 순서 미검증
MV01,1226:350,1226,350,관련 네트워크의 공유·연관 동작,실행·호출 순서 미검증
MV01,1226:354,1226,354,관련 네트워크의 공유·연관 동작,실행·호출 순서 미검증
MV01,1226:358,1226,358,관련 네트워크의 공유·연관 동작,실행·호출 순서 미검증
MV01,1226:362,1226,362,관련 네트워크의 공유·연관 동작,실행·호출 순서 미검증
MV01,1702:119,1702,119,설비 태그 명칭 일치 후보,실행·호출 순서 미검증
MV01,1702:126,1702,126,설비 태그 명칭 일치 후보,실행·호출 순서 미검증
MV01,1702:143,1702,143,관련 심볼 이름과 대상 일치,실행·호출 순서 미검증
MV01,1702:156,1702,156,관련 심볼 이름과 대상 일치,실행·호출 순서 미검증
MV01,1703:23,1703,23,설비 태그 명칭 일치 후보,실행·호출 순서 미검증
MV01,1703:25,1703,25,설비 태그 명칭 일치 후보,실행·호출 순서 미검증
MV01,1703:26,1703,26,설비 태그 명칭 일치 후보,실행·호출 순서 미검증
MV01,1713:1225,1713,1225,관련 네트워크의 공유·연관 동작,실행·호출 순서 미검증
MV01,1713:1230,1713,1230,관련 네트워크의 공유·연관 동작,실행·호출 순서 미검증
MV01,1713:1254,1713,1254,관련 네트워크의 공유·연관 동작,실행·호출 순서 미검증
MV01,1713:1269,1713,1269,관련 네트워크의 공유·연관 동작,실행·호출 순서 미검증
MV01,1713:1288,1713,1288,관련 네트워크의 공유·연관 동작,실행·호출 순서 미검증
MV01,1713:1303,1713,1303,관련 네트워크의 공유·연관 동작,실행·호출 순서 미검증
MV01,1713:1322,1713,1322,관련 네트워크의 공유·연관 동작,실행·호출 순서 미검증
MV01,1713:1337,1713,1337,관련 네트워크의 공유·연관 동작,실행·호출 순서 미검증
MV01,1713:1390,1713,1390,관련 네트워크의 공유·연관 동작,실행·호출 순서 미검증
MV01,1713:1405,1713,1405,관련 네트워크의 공유·연관 동작,실행·호출 순서 미검증
MV01,1713:1424,1713,1424,관련 네트워크의 공유·연관 동작,실행·호출 순서 미검증
MV01,1713:1439,1713,1439,관련 네트워크의 공유·연관 동작,실행·호출 순서 미검증
MV01,1714:1598,1714,1598,설비 태그 명칭 일치 후보,실행·호출 순서 미검증
MV01,1714:1601,1714,1601,관련 네트워크의 공유·연관 동작,실행·호출 순서 미검증
MV01,1714:1612,1714,1612,설비 태그 명칭 일치 후보,실행·호출 순서 미검증
MV01,1714:1615,1714,1615,관련 네트워크의 공유·연관 동작,실행·호출 순서 미검증
MV01,1714:1630,1714,1630,관련 네트워크의 공유·연관 동작,실행·호출 순서 미검증
MV01,1714:1633,1714,1633,관련 네트워크의 공유·연관 동작,실행·호출 순서 미검증
MV01,1714:1644,1714,1644,관련 네트워크의 공유·연관 동작,실행·호출 순서 미검증
MV01,1714:1647,1714,1647,관련 네트워크의 공유·연관 동작,실행·호출 순서 미검증
MV01,1714:1662,1714,1662,관련 네트워크의 공유·연관 동작,실행·호출 순서 미검증
MV01,1714:1665,1714,1665,관련 네트워크의 공유·연관 동작,실행·호출 순서 미검증
MV01,1714:1676,1714,1676,관련 네트워크의 공유·연관 동작,실행·호출 순서 미검증
MV01,1714:1679,1714,1679,관련 네트워크의 공유·연관 동작,실행·호출 순서 미검증
MV01,1714:1694,1714,1694,관련 네트워크의 공유·연관 동작,실행·호출 순서 미검증
MV01,1714:1697,1714,1697,관련 네트워크의 공유·연관 동작,실행·호출 순서 미검증
MV01,1714:1708,1714,1708,관련 네트워크의 공유·연관 동작,실행·호출 순서 미검증
MV01,1714:1711,1714,1711,관련 네트워크의 공유·연관 동작,실행·호출 순서 미검증
MV01,1714:1726,1714,1726,관련 네트워크의 공유·연관 동작,실행·호출 순서 미검증
MV01,1714:1729,1714,1729,관련 네트워크의 공유·연관 동작,실행·호출 순서 미검증
MV01,1714:1740,1714,1740,관련 네트워크의 공유·연관 동작,실행·호출 순서 미검증
MV01,1714:1743,1714,1743,관련 네트워크의 공유·연관 동작,실행·호출 순서 미검증
MV01,1714:1758,1714,1758,관련 네트워크의 공유·연관 동작,실행·호출 순서 미검증
MV01,1714:1761,1714,1761,관련 네트워크의 공유·연관 동작,실행·호출 순서 미검증
MV01,1714:1772,1714,1772,관련 네트워크의 공유·연관 동작,실행·호출 순서 미검증
MV01,1714:1775,1714,1775,관련 네트워크의 공유·연관 동작,실행·호출 순서 미검증
MV01,1762:1025,1762,1025,관련 네트워크의 공유·연관 동작,실행·호출 순서 미검증
MV01,1762:1038,1762,1038,관련 네트워크의 공유·연관 동작,실행·호출 순서 미검증
MV01,1762:1047,1762,1047,관련 네트워크의 공유·연관 동작,실행·호출 순서 미검증
MV01,1762:1052,1762,1052,관련 네트워크의 공유·연관 동작,실행·호출 순서 미검증
MV02,396:70,396,70,설비 태그 명칭 일치 후보,실행·호출 순서 미검증
MV02,404:293,404,293,관련 네트워크의 공유·연관 동작,실행·호출 순서 미검증
MV02,404:297,404,297,설비 태그 명칭 일치 후보,실행·호출 순서 미검증
MV02,404:300,404,300,관련 네트워크의 공유·연관 동작,실행·호출 순서 미검증
MV02,404:304,404,304,관련 네트워크의 공유·연관 동작,실행·호출 순서 미검증
MV02,404:307,404,307,관련 네트워크의 공유·연관 동작,실행·호출 순서 미검증
MV02,404:310,404,310,관련 네트워크의 공유·연관 동작,실행·호출 순서 미검증
MV02,404:313,404,313,관련 네트워크의 공유·연관 동작,실행·호출 순서 미검증
MV02,1083:43,1083,43,관련 네트워크의 공유·연관 동작,실행·호출 순서 미검증
MV02,1083:45,1083,45,관련 네트워크의 공유·연관 동작,실행·호출 순서 미검증
MV02,1083:151,1083,151,관련 네트워크의 공유·연관 동작,실행·호출 순서 미검증
MV02,1083:349,1083,349,관련 네트워크의 공유·연관 동작,실행·호출 순서 미검증
MV02,1083:355,1083,355,설비 태그 명칭 일치 후보,실행·호출 순서 미검증
MV02,1083:360,1083,360,설비 태그 명칭 일치 후보,실행·호출 순서 미검증
MV02,1083:365,1083,365,설비 태그 명칭 일치 후보,실행·호출 순서 미검증
MV02,1083:367,1083,367,설비 태그 명칭 일치 후보,실행·호출 순서 미검증
MV02,1083:489,1083,489,관련 네트워크의 공유·연관 동작,실행·호출 순서 미검증
MV02,1083:494,1083,494,관련 네트워크의 공유·연관 동작,실행·호출 순서 미검증
MV02,1083:499,1083,499,관련 네트워크의 공유·연관 동작,실행·호출 순서 미검증
MV02,1083:501,1083,501,관련 네트워크의 공유·연관 동작,실행·호출 순서 미검증
MV02,1083:556,1083,556,관련 네트워크의 공유·연관 동작,실행·호출 순서 미검증
MV02,1083:561,1083,561,관련 네트워크의 공유·연관 동작,실행·호출 순서 미검증
MV02,1083:566,1083,566,관련 네트워크의 공유·연관 동작,실행·호출 순서 미검증
MV02,1083:568,1083,568,관련 네트워크의 공유·연관 동작,실행·호출 순서 미검증
MV02,1083:623,1083,623,관련 네트워크의 공유·연관 동작,실행·호출 순서 미검증
MV02,1083:628,1083,628,관련 네트워크의 공유·연관 동작,실행·호출 순서 미검증
MV02,1083:633,1083,633,관련 네트워크의 공유·연관 동작,실행·호출 순서 미검증
MV02,1083:635,1083,635,관련 네트워크의 공유·연관 동작,실행·호출 순서 미검증
MV02,1226:249,1226,249,관련 네트워크의 공유·연관 동작,실행·호출 순서 미검증
MV02,1226:254,1226,254,관련 네트워크의 공유·연관 동작,실행·호출 순서 미검증
MV02,1226:265,1226,265,관련 네트워크의 공유·연관 동작,실행·호출 순서 미검증
MV02,1226:270,1226,270,설비 태그 명칭 일치 후보,실행·호출 순서 미검증
MV02,1226:281,1226,281,관련 네트워크의 공유·연관 동작,실행·호출 순서 미검증
MV02,1226:286,1226,286,관련 네트워크의 공유·연관 동작,실행·호출 순서 미검증
MV02,1226:313,1226,313,관련 네트워크의 공유·연관 동작,실행·호출 순서 미검증
MV02,1226:318,1226,318,관련 네트워크의 공유·연관 동작,실행·호출 순서 미검증
MV02,1226:329,1226,329,관련 네트워크의 공유·연관 동작,실행·호출 순서 미검증
MV02,1226:334,1226,334,관련 네트워크의 공유·연관 동작,실행·호출 순서 미검증
MV02,1226:342,1226,342,관련 네트워크의 공유·연관 동작,실행·호출 순서 미검증
MV02,1226:346,1226,346,설비 태그 명칭 일치 후보,실행·호출 순서 미검증
MV02,1226:350,1226,350,관련 네트워크의 공유·연관 동작,실행·호출 순서 미검증
MV02,1226:354,1226,354,관련 네트워크의 공유·연관 동작,실행·호출 순서 미검증
MV02,1226:358,1226,358,관련 네트워크의 공유·연관 동작,실행·호출 순서 미검증
MV02,1226:362,1226,362,관련 네트워크의 공유·연관 동작,실행·호출 순서 미검증
MV02,1704:203,1704,203,설비 태그 명칭 일치 후보,실행·호출 순서 미검증
MV02,1704:210,1704,210,설비 태그 명칭 일치 후보,실행·호출 순서 미검증
MV02,1704:227,1704,227,관련 심볼 이름과 대상 일치,실행·호출 순서 미검증
MV02,1704:240,1704,240,관련 심볼 이름과 대상 일치,실행·호출 순서 미검증
MV02,1713:1225,1713,1225,관련 네트워크의 공유·연관 동작,실행·호출 순서 미검증
MV02,1713:1230,1713,1230,관련 네트워크의 공유·연관 동작,실행·호출 순서 미검증
MV02,1713:1254,1713,1254,관련 네트워크의 공유·연관 동작,실행·호출 순서 미검증
MV02,1713:1269,1713,1269,관련 네트워크의 공유·연관 동작,실행·호출 순서 미검증
MV02,1713:1288,1713,1288,관련 네트워크의 공유·연관 동작,실행·호출 순서 미검증
MV02,1713:1303,1713,1303,관련 네트워크의 공유·연관 동작,실행·호출 순서 미검증
MV02,1713:1322,1713,1322,관련 네트워크의 공유·연관 동작,실행·호출 순서 미검증
MV02,1713:1337,1713,1337,관련 네트워크의 공유·연관 동작,실행·호출 순서 미검증
MV02,1713:1390,1713,1390,관련 네트워크의 공유·연관 동작,실행·호출 순서 미검증
MV02,1713:1405,1713,1405,관련 네트워크의 공유·연관 동작,실행·호출 순서 미검증
MV02,1713:1424,1713,1424,관련 네트워크의 공유·연관 동작,실행·호출 순서 미검증
MV02,1713:1439,1713,1439,관련 네트워크의 공유·연관 동작,실행·호출 순서 미검증
MV02,1714:1598,1714,1598,관련 네트워크의 공유·연관 동작,실행·호출 순서 미검증
MV02,1714:1601,1714,1601,관련 네트워크의 공유·연관 동작,실행·호출 순서 미검증
MV02,1714:1612,1714,1612,관련 네트워크의 공유·연관 동작,실행·호출 순서 미검증
MV02,1714:1615,1714,1615,관련 네트워크의 공유·연관 동작,실행·호출 순서 미검증
MV02,1714:1630,1714,1630,설비 태그 명칭 일치 후보,실행·호출 순서 미검증
MV02,1714:1633,1714,1633,관련 네트워크의 공유·연관 동작,실행·호출 순서 미검증
MV02,1714:1644,1714,1644,설비 태그 명칭 일치 후보,실행·호출 순서 미검증
MV02,1714:1647,1714,1647,관련 네트워크의 공유·연관 동작,실행·호출 순서 미검증
MV02,1714:1662,1714,1662,관련 네트워크의 공유·연관 동작,실행·호출 순서 미검증
MV02,1714:1665,1714,1665,관련 네트워크의 공유·연관 동작,실행·호출 순서 미검증
MV02,1714:1676,1714,1676,관련 네트워크의 공유·연관 동작,실행·호출 순서 미검증
MV02,1714:1679,1714,1679,관련 네트워크의 공유·연관 동작,실행·호출 순서 미검증
MV02,1714:1694,1714,1694,관련 네트워크의 공유·연관 동작,실행·호출 순서 미검증
MV02,1714:1697,1714,1697,관련 네트워크의 공유·연관 동작,실행·호출 순서 미검증
MV02,1714:1708,1714,1708,관련 네트워크의 공유·연관 동작,실행·호출 순서 미검증
MV02,1714:1711,1714,1711,관련 네트워크의 공유·연관 동작,실행·호출 순서 미검증
MV02,1714:1726,1714,1726,관련 네트워크의 공유·연관 동작,실행·호출 순서 미검증
MV02,1714:1729,1714,1729,관련 네트워크의 공유·연관 동작,실행·호출 순서 미검증
MV02,1714:1740,1714,1740,관련 네트워크의 공유·연관 동작,실행·호출 순서 미검증
MV02,1714:1743,1714,1743,관련 네트워크의 공유·연관 동작,실행·호출 순서 미검증
MV02,1714:1758,1714,1758,관련 네트워크의 공유·연관 동작,실행·호출 순서 미검증
MV02,1714:1761,1714,1761,관련 네트워크의 공유·연관 동작,실행·호출 순서 미검증
MV02,1714:1772,1714,1772,관련 네트워크의 공유·연관 동작,실행·호출 순서 미검증
MV02,1714:1775,1714,1775,관련 네트워크의 공유·연관 동작,실행·호출 순서 미검증
MV02,1763:23,1763,23,관련 네트워크의 공유·연관 동작,실행·호출 순서 미검증
MV02,1763:26,1763,26,관련 네트워크의 공유·연관 동작,실행·호출 순서 미검증
MV02,1763:28,1763,28,관련 네트워크의 공유·연관 동작,실행·호출 순서 미검증
MV02,1763:29,1763,29,관련 네트워크의 공유·연관 동작,실행·호출 순서 미검증
MV03,404:293,404,293,관련 네트워크의 공유·연관 동작,실행·호출 순서 미검증
MV03,404:297,404,297,관련 네트워크의 공유·연관 동작,실행·호출 순서 미검증
MV03,404:300,404,300,설비 태그 명칭 일치 후보,실행·호출 순서 미검증
MV03,404:304,404,304,관련 네트워크의 공유·연관 동작,실행·호출 순서 미검증
MV03,404:307,404,307,관련 네트워크의 공유·연관 동작,실행·호출 순서 미검증
MV03,404:310,404,310,관련 네트워크의 공유·연관 동작,실행·호출 순서 미검증
MV03,404:313,404,313,관련 네트워크의 공유·연관 동작,실행·호출 순서 미검증
MV03,1070:22,1070,22,관련 네트워크의 공유·연관 동작,실행·호출 순서 미검증
MV03,1070:27,1070,27,관련 네트워크의 공유·연관 동작,실행·호출 순서 미검증
MV03,1070:35,1070,35,관련 네트워크의 공유·연관 동작,실행·호출 순서 미검증
MV03,1070:42,1070,42,관련 네트워크의 공유·연관 동작,실행·호출 순서 미검증
MV03,1070:43,1070,43,관련 네트워크의 공유·연관 동작,실행·호출 순서 미검증
MV03,1070:44,1070,44,관련 네트워크의 공유·연관 동작,실행·호출 순서 미검증
MV03,1070:60,1070,60,관련 네트워크의 공유·연관 동작,실행·호출 순서 미검증
MV03,1070:61,1070,61,관련 네트워크의 공유·연관 동작,실행·호출 순서 미검증
MV03,1070:62,1070,62,관련 네트워크의 공유·연관 동작,실행·호출 순서 미검증
MV03,1070:78,1070,78,관련 네트워크의 공유·연관 동작,실행·호출 순서 미검증
MV03,1070:79,1070,79,관련 네트워크의 공유·연관 동작,실행·호출 순서 미검증
MV03,1070:105,1070,105,관련 네트워크의 공유·연관 동작,실행·호출 순서 미검증
MV03,1070:112,1070,112,관련 네트워크의 공유·연관 동작,실행·호출 순서 미검증
MV03,1070:118,1070,118,관련 네트워크의 공유·연관 동작,실행·호출 순서 미검증
MV03,1070:120,1070,120,관련 네트워크의 공유·연관 동작,실행·호출 순서 미검증
MV03,1070:125,1070,125,관련 네트워크의 공유·연관 동작,실행·호출 순서 미검증
MV03,1070:130,1070,130,관련 네트워크의 공유·연관 동작,실행·호출 순서 미검증
MV03,1070:135,1070,135,관련 네트워크의 공유·연관 동작,실행·호출 순서 미검증
MV03,1070:140,1070,140,관련 네트워크의 공유·연관 동작,실행·호출 순서 미검증
MV03,1070:147,1070,147,설비 태그 명칭 일치 후보,실행·호출 순서 미검증
MV03,1070:151,1070,151,설비 태그 명칭 일치 후보,실행·호출 순서 미검증
MV03,1083:43,1083,43,관련 네트워크의 공유·연관 동작,실행·호출 순서 미검증
MV03,1083:45,1083,45,관련 네트워크의 공유·연관 동작,실행·호출 순서 미검증
MV03,1083:151,1083,151,관련 네트워크의 공유·연관 동작,실행·호출 순서 미검증
MV03,1083:349,1083,349,관련 네트워크의 공유·연관 동작,실행·호출 순서 미검증
MV03,1083:355,1083,355,관련 네트워크의 공유·연관 동작,실행·호출 순서 미검증
MV03,1083:360,1083,360,관련 네트워크의 공유·연관 동작,실행·호출 순서 미검증
MV03,1083:365,1083,365,관련 네트워크의 공유·연관 동작,실행·호출 순서 미검증
MV03,1083:367,1083,367,관련 네트워크의 공유·연관 동작,실행·호출 순서 미검증
MV03,1083:489,1083,489,설비 태그 명칭 일치 후보,실행·호출 순서 미검증
MV03,1083:494,1083,494,설비 태그 명칭 일치 후보,실행·호출 순서 미검증
MV03,1083:499,1083,499,설비 태그 명칭 일치 후보,실행·호출 순서 미검증
MV03,1083:501,1083,501,설비 태그 명칭 일치 후보,실행·호출 순서 미검증
MV03,1083:556,1083,556,관련 네트워크의 공유·연관 동작,실행·호출 순서 미검증
MV03,1083:561,1083,561,관련 네트워크의 공유·연관 동작,실행·호출 순서 미검증
MV03,1083:566,1083,566,관련 네트워크의 공유·연관 동작,실행·호출 순서 미검증
MV03,1083:568,1083,568,관련 네트워크의 공유·연관 동작,실행·호출 순서 미검증
MV03,1083:623,1083,623,관련 네트워크의 공유·연관 동작,실행·호출 순서 미검증
MV03,1083:628,1083,628,관련 네트워크의 공유·연관 동작,실행·호출 순서 미검증
MV03,1083:633,1083,633,관련 네트워크의 공유·연관 동작,실행·호출 순서 미검증
MV03,1083:635,1083,635,관련 네트워크의 공유·연관 동작,실행·호출 순서 미검증
MV03,1226:249,1226,249,관련 네트워크의 공유·연관 동작,실행·호출 순서 미검증
MV03,1226:254,1226,254,관련 네트워크의 공유·연관 동작,실행·호출 순서 미검증
MV03,1226:265,1226,265,관련 네트워크의 공유·연관 동작,실행·호출 순서 미검증
MV03,1226:270,1226,270,관련 네트워크의 공유·연관 동작,실행·호출 순서 미검증
MV03,1226:281,1226,281,관련 네트워크의 공유·연관 동작,실행·호출 순서 미검증
MV03,1226:286,1226,286,설비 태그 명칭 일치 후보,실행·호출 순서 미검증
MV03,1226:313,1226,313,관련 네트워크의 공유·연관 동작,실행·호출 순서 미검증
MV03,1226:318,1226,318,관련 네트워크의 공유·연관 동작,실행·호출 순서 미검증
MV03,1226:329,1226,329,관련 네트워크의 공유·연관 동작,실행·호출 순서 미검증
MV03,1226:334,1226,334,관련 네트워크의 공유·연관 동작,실행·호출 순서 미검증
MV03,1226:342,1226,342,관련 네트워크의 공유·연관 동작,실행·호출 순서 미검증
MV03,1226:346,1226,346,관련 네트워크의 공유·연관 동작,실행·호출 순서 미검증
MV03,1226:350,1226,350,설비 태그 명칭 일치 후보,실행·호출 순서 미검증
MV03,1226:354,1226,354,관련 네트워크의 공유·연관 동작,실행·호출 순서 미검증
MV03,1226:358,1226,358,관련 네트워크의 공유·연관 동작,실행·호출 순서 미검증
MV03,1226:362,1226,362,관련 네트워크의 공유·연관 동작,실행·호출 순서 미검증
MV03,1705:263,1705,263,관련 네트워크의 공유·연관 동작,실행·호출 순서 미검증
MV03,1705:268,1705,268,관련 네트워크의 공유·연관 동작,실행·호출 순서 미검증
MV03,1705:279,1705,279,관련 심볼 이름과 대상 일치,실행·호출 순서 미검증
MV03,1705:285,1705,285,관련 심볼 이름과 대상 일치,실행·호출 순서 미검증
MV03,1706:362,1706,362,설비 태그 명칭 일치 후보,실행·호출 순서 미검증
MV03,1706:369,1706,369,설비 태그 명칭 일치 후보,실행·호출 순서 미검증
MV03,1706:46,1706,46,관련 심볼 이름과 대상 일치,실행·호출 순서 미검증
MV03,1706:390,1706,390,관련 심볼 이름과 대상 일치,실행·호출 순서 미검증
MV03,1706:407,1706,407,관련 심볼 이름과 대상 일치,실행·호출 순서 미검증
MV03,1707:32,1707,32,설비 태그 명칭 일치 후보,실행·호출 순서 미검증
MV03,1707:44,1707,44,설비 태그 명칭 일치 후보,실행·호출 순서 미검증
MV03,1707:48,1707,48,설비 태그 명칭 일치 후보,실행·호출 순서 미검증
MV03,1713:1225,1713,1225,관련 네트워크의 공유·연관 동작,실행·호출 순서 미검증
MV03,1713:1230,1713,1230,관련 네트워크의 공유·연관 동작,실행·호출 순서 미검증
MV03,1713:1254,1713,1254,관련 네트워크의 공유·연관 동작,실행·호출 순서 미검증
MV03,1713:1269,1713,1269,관련 네트워크의 공유·연관 동작,실행·호출 순서 미검증
MV03,1713:1288,1713,1288,관련 네트워크의 공유·연관 동작,실행·호출 순서 미검증
MV03,1713:1303,1713,1303,관련 네트워크의 공유·연관 동작,실행·호출 순서 미검증
MV03,1713:1322,1713,1322,관련 네트워크의 공유·연관 동작,실행·호출 순서 미검증
MV03,1713:1337,1713,1337,관련 네트워크의 공유·연관 동작,실행·호출 순서 미검증
MV03,1713:1390,1713,1390,관련 네트워크의 공유·연관 동작,실행·호출 순서 미검증
MV03,1713:1405,1713,1405,관련 네트워크의 공유·연관 동작,실행·호출 순서 미검증
MV03,1713:1424,1713,1424,관련 네트워크의 공유·연관 동작,실행·호출 순서 미검증
MV03,1713:1439,1713,1439,관련 네트워크의 공유·연관 동작,실행·호출 순서 미검증
MV03,1714:1598,1714,1598,관련 네트워크의 공유·연관 동작,실행·호출 순서 미검증
MV03,1714:1601,1714,1601,관련 네트워크의 공유·연관 동작,실행·호출 순서 미검증
MV03,1714:1612,1714,1612,관련 네트워크의 공유·연관 동작,실행·호출 순서 미검증
MV03,1714:1615,1714,1615,관련 네트워크의 공유·연관 동작,실행·호출 순서 미검증
MV03,1714:1630,1714,1630,관련 네트워크의 공유·연관 동작,실행·호출 순서 미검증
MV03,1714:1633,1714,1633,관련 네트워크의 공유·연관 동작,실행·호출 순서 미검증
MV03,1714:1644,1714,1644,관련 네트워크의 공유·연관 동작,실행·호출 순서 미검증
MV03,1714:1647,1714,1647,관련 네트워크의 공유·연관 동작,실행·호출 순서 미검증
MV03,1714:1662,1714,1662,설비 태그 명칭 일치 후보,실행·호출 순서 미검증
MV03,1714:1665,1714,1665,관련 네트워크의 공유·연관 동작,실행·호출 순서 미검증
MV03,1714:1676,1714,1676,설비 태그 명칭 일치 후보,실행·호출 순서 미검증
MV03,1714:1679,1714,1679,관련 네트워크의 공유·연관 동작,실행·호출 순서 미검증
MV03,1714:1694,1714,1694,관련 네트워크의 공유·연관 동작,실행·호출 순서 미검증
MV03,1714:1697,1714,1697,관련 네트워크의 공유·연관 동작,실행·호출 순서 미검증
MV03,1714:1708,1714,1708,관련 네트워크의 공유·연관 동작,실행·호출 순서 미검증
MV03,1714:1711,1714,1711,관련 네트워크의 공유·연관 동작,실행·호출 순서 미검증
MV03,1714:1726,1714,1726,관련 네트워크의 공유·연관 동작,실행·호출 순서 미검증
MV03,1714:1729,1714,1729,관련 네트워크의 공유·연관 동작,실행·호출 순서 미검증
MV03,1714:1740,1714,1740,관련 네트워크의 공유·연관 동작,실행·호출 순서 미검증
MV03,1714:1743,1714,1743,관련 네트워크의 공유·연관 동작,실행·호출 순서 미검증
MV03,1714:1758,1714,1758,관련 네트워크의 공유·연관 동작,실행·호출 순서 미검증
MV03,1714:1761,1714,1761,관련 네트워크의 공유·연관 동작,실행·호출 순서 미검증
MV03,1714:1772,1714,1772,관련 네트워크의 공유·연관 동작,실행·호출 순서 미검증
MV03,1714:1775,1714,1775,관련 네트워크의 공유·연관 동작,실행·호출 순서 미검증
MV03,1764:1129,1764,1129,관련 네트워크의 공유·연관 동작,실행·호출 순서 미검증
MV03,1764:1142,1764,1142,관련 네트워크의 공유·연관 동작,실행·호출 순서 미검증
MV03,1764:1151,1764,1151,관련 네트워크의 공유·연관 동작,실행·호출 순서 미검증
MV03,1764:1156,1764,1156,관련 네트워크의 공유·연관 동작,실행·호출 순서 미검증
MV03,1868:1122,1868,1122,관련 네트워크의 공유·연관 동작,실행·호출 순서 미검증
MV03,1868:1127,1868,1127,관련 심볼 이름과 대상 일치,실행·호출 순서 미검증
MV03,1868:1669,1868,1669,관련 심볼 이름과 대상 일치,실행·호출 순서 미검증
MV03,1868:1130,1868,1130,관련 네트워크의 공유·연관 동작,실행·호출 순서 미검증
MV03,1868:1146,1868,1146,관련 네트워크의 공유·연관 동작,실행·호출 순서 미검증
MV03,1868:1154,1868,1154,관련 네트워크의 공유·연관 동작,실행·호출 순서 미검증
MV03,1868:1159,1868,1159,관련 네트워크의 공유·연관 동작,실행·호출 순서 미검증
MV03,1868:1171,1868,1171,관련 네트워크의 공유·연관 동작,실행·호출 순서 미검증
MV03,1868:1176,1868,1176,관련 심볼 이름과 대상 일치,실행·호출 순서 미검증
MV03,1868:1179,1868,1179,관련 네트워크의 공유·연관 동작,실행·호출 순서 미검증
MV03,1868:1188,1868,1188,관련 네트워크의 공유·연관 동작,실행·호출 순서 미검증
MV03,1868:1199,1868,1199,관련 네트워크의 공유·연관 동작,실행·호출 순서 미검증
MV03,1868:1215,1868,1215,관련 네트워크의 공유·연관 동작,실행·호출 순서 미검증
MV03,1868:1220,1868,1220,관련 네트워크의 공유·연관 동작,실행·호출 순서 미검증
MV03,1868:1232,1868,1232,관련 네트워크의 공유·연관 동작,실행·호출 순서 미검증
MV03,1868:1237,1868,1237,관련 심볼 이름과 대상 일치,실행·호출 순서 미검증
MV03,1868:1240,1868,1240,관련 네트워크의 공유·연관 동작,실행·호출 순서 미검증
MV03,1868:1251,1868,1251,관련 네트워크의 공유·연관 동작,실행·호출 순서 미검증
MV03,1868:1262,1868,1262,관련 네트워크의 공유·연관 동작,실행·호출 순서 미검증
MV03,1868:1267,1868,1267,관련 네트워크의 공유·연관 동작,실행·호출 순서 미검증
MV03,1868:1281,1868,1281,관련 네트워크의 공유·연관 동작,실행·호출 순서 미검증
MV03,1868:1289,1868,1289,관련 네트워크의 공유·연관 동작,실행·호출 순서 미검증
MV03,1868:1300,1868,1300,관련 네트워크의 공유·연관 동작,실행·호출 순서 미검증
MV03,1868:1303,1868,1303,관련 심볼 이름과 대상 일치,실행·호출 순서 미검증
MV03,1868:1306,1868,1306,관련 심볼 이름과 대상 일치,실행·호출 순서 미검증
MV03,1868:1309,1868,1309,관련 네트워크의 공유·연관 동작,실행·호출 순서 미검증
MV03,1868:1318,1868,1318,관련 네트워크의 공유·연관 동작,실행·호출 순서 미검증
MV03,1868:1329,1868,1329,관련 네트워크의 공유·연관 동작,실행·호출 순서 미검증
MV03,1868:1334,1868,1334,관련 네트워크의 공유·연관 동작,실행·호출 순서 미검증
MV03,1868:1342,1868,1342,관련 네트워크의 공유·연관 동작,실행·호출 순서 미검증
MV03,1868:1354,1868,1354,관련 네트워크의 공유·연관 동작,실행·호출 순서 미검증
MV03,1868:1358,1868,1358,관련 네트워크의 공유·연관 동작,실행·호출 순서 미검증
MV03,1868:1363,1868,1363,관련 네트워크의 공유·연관 동작,실행·호출 순서 미검증
MV04,404:293,404,293,관련 네트워크의 공유·연관 동작,실행·호출 순서 미검증
MV04,404:297,404,297,관련 네트워크의 공유·연관 동작,실행·호출 순서 미검증
MV04,404:300,404,300,관련 네트워크의 공유·연관 동작,실행·호출 순서 미검증
MV04,404:304,404,304,설비 태그 명칭 일치 후보,실행·호출 순서 미검증
MV04,404:307,404,307,관련 네트워크의 공유·연관 동작,실행·호출 순서 미검증
MV04,404:310,404,310,관련 네트워크의 공유·연관 동작,실행·호출 순서 미검증
MV04,404:313,404,313,관련 네트워크의 공유·연관 동작,실행·호출 순서 미검증
MV04,1226:249,1226,249,관련 네트워크의 공유·연관 동작,실행·호출 순서 미검증
MV04,1226:254,1226,254,관련 네트워크의 공유·연관 동작,실행·호출 순서 미검증
MV04,1226:265,1226,265,관련 네트워크의 공유·연관 동작,실행·호출 순서 미검증
MV04,1226:270,1226,270,관련 네트워크의 공유·연관 동작,실행·호출 순서 미검증
MV04,1226:281,1226,281,관련 네트워크의 공유·연관 동작,실행·호출 순서 미검증
MV04,1226:286,1226,286,관련 네트워크의 공유·연관 동작,실행·호출 순서 미검증
MV04,1226:313,1226,313,관련 네트워크의 공유·연관 동작,실행·호출 순서 미검증
MV04,1226:318,1226,318,관련 네트워크의 공유·연관 동작,실행·호출 순서 미검증
MV04,1226:329,1226,329,관련 네트워크의 공유·연관 동작,실행·호출 순서 미검증
MV04,1226:334,1226,334,관련 네트워크의 공유·연관 동작,실행·호출 순서 미검증
MV04,1226:342,1226,342,관련 네트워크의 공유·연관 동작,실행·호출 순서 미검증
MV04,1226:346,1226,346,관련 네트워크의 공유·연관 동작,실행·호출 순서 미검증
MV04,1226:350,1226,350,관련 네트워크의 공유·연관 동작,실행·호출 순서 미검증
MV04,1226:354,1226,354,설비 태그 명칭 일치 후보,실행·호출 순서 미검증
MV04,1226:358,1226,358,관련 네트워크의 공유·연관 동작,실행·호출 순서 미검증
MV04,1226:362,1226,362,관련 네트워크의 공유·연관 동작,실행·호출 순서 미검증
MV04,1714:1598,1714,1598,관련 네트워크의 공유·연관 동작,실행·호출 순서 미검증
MV04,1714:1601,1714,1601,관련 네트워크의 공유·연관 동작,실행·호출 순서 미검증
MV04,1714:1612,1714,1612,관련 네트워크의 공유·연관 동작,실행·호출 순서 미검증
MV04,1714:1615,1714,1615,관련 네트워크의 공유·연관 동작,실행·호출 순서 미검증
MV04,1714:1630,1714,1630,관련 네트워크의 공유·연관 동작,실행·호출 순서 미검증
MV04,1714:1633,1714,1633,관련 네트워크의 공유·연관 동작,실행·호출 순서 미검증
MV04,1714:1644,1714,1644,관련 네트워크의 공유·연관 동작,실행·호출 순서 미검증
MV04,1714:1647,1714,1647,관련 네트워크의 공유·연관 동작,실행·호출 순서 미검증
MV04,1714:1662,1714,1662,관련 네트워크의 공유·연관 동작,실행·호출 순서 미검증
MV04,1714:1665,1714,1665,관련 네트워크의 공유·연관 동작,실행·호출 순서 미검증
MV04,1714:1676,1714,1676,관련 네트워크의 공유·연관 동작,실행·호출 순서 미검증
MV04,1714:1679,1714,1679,관련 네트워크의 공유·연관 동작,실행·호출 순서 미검증
MV04,1714:1694,1714,1694,설비 태그 명칭 일치 후보,실행·호출 순서 미검증
MV04,1714:1697,1714,1697,관련 네트워크의 공유·연관 동작,실행·호출 순서 미검증
MV04,1714:1708,1714,1708,설비 태그 명칭 일치 후보,실행·호출 순서 미검증
MV04,1714:1711,1714,1711,관련 네트워크의 공유·연관 동작,실행·호출 순서 미검증
MV04,1714:1726,1714,1726,관련 네트워크의 공유·연관 동작,실행·호출 순서 미검증
MV04,1714:1729,1714,1729,관련 네트워크의 공유·연관 동작,실행·호출 순서 미검증
MV04,1714:1740,1714,1740,관련 네트워크의 공유·연관 동작,실행·호출 순서 미검증
MV04,1714:1743,1714,1743,관련 네트워크의 공유·연관 동작,실행·호출 순서 미검증
MV04,1714:1758,1714,1758,관련 네트워크의 공유·연관 동작,실행·호출 순서 미검증
MV04,1714:1761,1714,1761,관련 네트워크의 공유·연관 동작,실행·호출 순서 미검증
MV04,1714:1772,1714,1772,관련 네트워크의 공유·연관 동작,실행·호출 순서 미검증
MV04,1714:1775,1714,1775,관련 네트워크의 공유·연관 동작,실행·호출 순서 미검증
MV04,12:362,12,362,관련 네트워크의 공유·연관 동작,실행·호출 순서 미검증
MV05,404:293,404,293,관련 네트워크의 공유·연관 동작,실행·호출 순서 미검증
MV05,404:297,404,297,관련 네트워크의 공유·연관 동작,실행·호출 순서 미검증
MV05,404:300,404,300,관련 네트워크의 공유·연관 동작,실행·호출 순서 미검증
MV05,404:304,404,304,관련 네트워크의 공유·연관 동작,실행·호출 순서 미검증
MV05,404:307,404,307,설비 태그 명칭 일치 후보,실행·호출 순서 미검증
MV05,404:310,404,310,관련 네트워크의 공유·연관 동작,실행·호출 순서 미검증
MV05,404:313,404,313,관련 네트워크의 공유·연관 동작,실행·호출 순서 미검증
MV05,1083:43,1083,43,관련 네트워크의 공유·연관 동작,실행·호출 순서 미검증
MV05,1083:45,1083,45,관련 네트워크의 공유·연관 동작,실행·호출 순서 미검증
MV05,1083:151,1083,151,관련 네트워크의 공유·연관 동작,실행·호출 순서 미검증
MV05,1083:349,1083,349,관련 네트워크의 공유·연관 동작,실행·호출 순서 미검증
MV05,1083:355,1083,355,관련 네트워크의 공유·연관 동작,실행·호출 순서 미검증
MV05,1083:360,1083,360,관련 네트워크의 공유·연관 동작,실행·호출 순서 미검증
MV05,1083:365,1083,365,관련 네트워크의 공유·연관 동작,실행·호출 순서 미검증
MV05,1083:367,1083,367,관련 네트워크의 공유·연관 동작,실행·호출 순서 미검증
MV05,1083:489,1083,489,관련 네트워크의 공유·연관 동작,실행·호출 순서 미검증
MV05,1083:494,1083,494,관련 네트워크의 공유·연관 동작,실행·호출 순서 미검증
MV05,1083:499,1083,499,관련 네트워크의 공유·연관 동작,실행·호출 순서 미검증
MV05,1083:501,1083,501,관련 네트워크의 공유·연관 동작,실행·호출 순서 미검증
MV05,1083:556,1083,556,설비 태그 명칭 일치 후보,실행·호출 순서 미검증
MV05,1083:561,1083,561,설비 태그 명칭 일치 후보,실행·호출 순서 미검증
MV05,1083:566,1083,566,설비 태그 명칭 일치 후보,실행·호출 순서 미검증
MV05,1083:568,1083,568,설비 태그 명칭 일치 후보,실행·호출 순서 미검증
MV05,1083:623,1083,623,관련 네트워크의 공유·연관 동작,실행·호출 순서 미검증
MV05,1083:628,1083,628,관련 네트워크의 공유·연관 동작,실행·호출 순서 미검증
MV05,1083:633,1083,633,관련 네트워크의 공유·연관 동작,실행·호출 순서 미검증
MV05,1083:635,1083,635,관련 네트워크의 공유·연관 동작,실행·호출 순서 미검증
MV05,1226:249,1226,249,관련 네트워크의 공유·연관 동작,실행·호출 순서 미검증
MV05,1226:254,1226,254,관련 네트워크의 공유·연관 동작,실행·호출 순서 미검증
MV05,1226:265,1226,265,관련 네트워크의 공유·연관 동작,실행·호출 순서 미검증
MV05,1226:270,1226,270,관련 네트워크의 공유·연관 동작,실행·호출 순서 미검증
MV05,1226:281,1226,281,관련 네트워크의 공유·연관 동작,실행·호출 순서 미검증
MV05,1226:286,1226,286,관련 네트워크의 공유·연관 동작,실행·호출 순서 미검증
MV05,1226:313,1226,313,관련 네트워크의 공유·연관 동작,실행·호출 순서 미검증
MV05,1226:318,1226,318,설비 태그 명칭 일치 후보,실행·호출 순서 미검증
MV05,1226:329,1226,329,관련 네트워크의 공유·연관 동작,실행·호출 순서 미검증
MV05,1226:334,1226,334,관련 네트워크의 공유·연관 동작,실행·호출 순서 미검증
MV05,1226:342,1226,342,관련 네트워크의 공유·연관 동작,실행·호출 순서 미검증
MV05,1226:346,1226,346,관련 네트워크의 공유·연관 동작,실행·호출 순서 미검증
MV05,1226:350,1226,350,관련 네트워크의 공유·연관 동작,실행·호출 순서 미검증
MV05,1226:354,1226,354,관련 네트워크의 공유·연관 동작,실행·호출 순서 미검증
MV05,1226:358,1226,358,설비 태그 명칭 일치 후보,실행·호출 순서 미검증
MV05,1226:362,1226,362,관련 네트워크의 공유·연관 동작,실행·호출 순서 미검증
MV05,1708:535,1708,535,설비 태그 명칭 일치 후보,실행·호출 순서 미검증
MV05,1708:542,1708,542,설비 태그 명칭 일치 후보,실행·호출 순서 미검증
MV05,1708:561,1708,561,관련 심볼 이름과 대상 일치,실행·호출 순서 미검증
MV05,1708:576,1708,576,관련 심볼 이름과 대상 일치,실행·호출 순서 미검증
MV05,1713:1225,1713,1225,관련 네트워크의 공유·연관 동작,실행·호출 순서 미검증
MV05,1713:1230,1713,1230,관련 네트워크의 공유·연관 동작,실행·호출 순서 미검증
MV05,1713:1254,1713,1254,관련 네트워크의 공유·연관 동작,실행·호출 순서 미검증
MV05,1713:1269,1713,1269,관련 네트워크의 공유·연관 동작,실행·호출 순서 미검증
MV05,1713:1288,1713,1288,관련 네트워크의 공유·연관 동작,실행·호출 순서 미검증
MV05,1713:1303,1713,1303,관련 네트워크의 공유·연관 동작,실행·호출 순서 미검증
MV05,1713:1322,1713,1322,관련 네트워크의 공유·연관 동작,실행·호출 순서 미검증
MV05,1713:1337,1713,1337,관련 네트워크의 공유·연관 동작,실행·호출 순서 미검증
MV05,1713:1390,1713,1390,관련 네트워크의 공유·연관 동작,실행·호출 순서 미검증
MV05,1713:1405,1713,1405,관련 네트워크의 공유·연관 동작,실행·호출 순서 미검증
MV05,1713:1424,1713,1424,관련 네트워크의 공유·연관 동작,실행·호출 순서 미검증
MV05,1713:1439,1713,1439,관련 네트워크의 공유·연관 동작,실행·호출 순서 미검증
MV05,1714:1598,1714,1598,관련 네트워크의 공유·연관 동작,실행·호출 순서 미검증
MV05,1714:1601,1714,1601,관련 네트워크의 공유·연관 동작,실행·호출 순서 미검증
MV05,1714:1612,1714,1612,관련 네트워크의 공유·연관 동작,실행·호출 순서 미검증
MV05,1714:1615,1714,1615,관련 네트워크의 공유·연관 동작,실행·호출 순서 미검증
MV05,1714:1630,1714,1630,관련 네트워크의 공유·연관 동작,실행·호출 순서 미검증
MV05,1714:1633,1714,1633,관련 네트워크의 공유·연관 동작,실행·호출 순서 미검증
MV05,1714:1644,1714,1644,관련 네트워크의 공유·연관 동작,실행·호출 순서 미검증
MV05,1714:1647,1714,1647,관련 네트워크의 공유·연관 동작,실행·호출 순서 미검증
MV05,1714:1662,1714,1662,관련 네트워크의 공유·연관 동작,실행·호출 순서 미검증
MV05,1714:1665,1714,1665,관련 네트워크의 공유·연관 동작,실행·호출 순서 미검증
MV05,1714:1676,1714,1676,관련 네트워크의 공유·연관 동작,실행·호출 순서 미검증
MV05,1714:1679,1714,1679,관련 네트워크의 공유·연관 동작,실행·호출 순서 미검증
MV05,1714:1694,1714,1694,관련 네트워크의 공유·연관 동작,실행·호출 순서 미검증
MV05,1714:1697,1714,1697,관련 네트워크의 공유·연관 동작,실행·호출 순서 미검증
MV05,1714:1708,1714,1708,관련 네트워크의 공유·연관 동작,실행·호출 순서 미검증
MV05,1714:1711,1714,1711,관련 네트워크의 공유·연관 동작,실행·호출 순서 미검증
MV05,1714:1726,1714,1726,설비 태그 명칭 일치 후보,실행·호출 순서 미검증
MV05,1714:1729,1714,1729,관련 네트워크의 공유·연관 동작,실행·호출 순서 미검증
MV05,1714:1740,1714,1740,설비 태그 명칭 일치 후보,실행·호출 순서 미검증
MV05,1714:1743,1714,1743,관련 네트워크의 공유·연관 동작,실행·호출 순서 미검증
MV05,1714:1758,1714,1758,관련 네트워크의 공유·연관 동작,실행·호출 순서 미검증
MV05,1714:1761,1714,1761,관련 네트워크의 공유·연관 동작,실행·호출 순서 미검증
MV05,1714:1772,1714,1772,관련 네트워크의 공유·연관 동작,실행·호출 순서 미검증
MV05,1714:1775,1714,1775,관련 네트워크의 공유·연관 동작,실행·호출 순서 미검증
MV05,1765:1233,1765,1233,관련 네트워크의 공유·연관 동작,실행·호출 순서 미검증
MV05,1765:1246,1765,1246,관련 네트워크의 공유·연관 동작,실행·호출 순서 미검증
MV05,1765:1255,1765,1255,관련 네트워크의 공유·연관 동작,실행·호출 순서 미검증
MV05,1765:1260,1765,1260,관련 네트워크의 공유·연관 동작,실행·호출 순서 미검증
MV06,404:293,404,293,관련 네트워크의 공유·연관 동작,실행·호출 순서 미검증
MV06,404:297,404,297,관련 네트워크의 공유·연관 동작,실행·호출 순서 미검증
MV06,404:300,404,300,관련 네트워크의 공유·연관 동작,실행·호출 순서 미검증
MV06,404:304,404,304,관련 네트워크의 공유·연관 동작,실행·호출 순서 미검증
MV06,404:307,404,307,관련 네트워크의 공유·연관 동작,실행·호출 순서 미검증
MV06,404:310,404,310,설비 태그 명칭 일치 후보,실행·호출 순서 미검증
MV06,404:313,404,313,관련 네트워크의 공유·연관 동작,실행·호출 순서 미검증
MV06,1083:43,1083,43,관련 네트워크의 공유·연관 동작,실행·호출 순서 미검증
MV06,1083:45,1083,45,관련 네트워크의 공유·연관 동작,실행·호출 순서 미검증
MV06,1083:151,1083,151,관련 네트워크의 공유·연관 동작,실행·호출 순서 미검증
MV06,1083:349,1083,349,관련 네트워크의 공유·연관 동작,실행·호출 순서 미검증
MV06,1083:355,1083,355,관련 네트워크의 공유·연관 동작,실행·호출 순서 미검증
MV06,1083:360,1083,360,관련 네트워크의 공유·연관 동작,실행·호출 순서 미검증
MV06,1083:365,1083,365,관련 네트워크의 공유·연관 동작,실행·호출 순서 미검증
MV06,1083:367,1083,367,관련 네트워크의 공유·연관 동작,실행·호출 순서 미검증
MV06,1083:489,1083,489,관련 네트워크의 공유·연관 동작,실행·호출 순서 미검증
MV06,1083:494,1083,494,관련 네트워크의 공유·연관 동작,실행·호출 순서 미검증
MV06,1083:499,1083,499,관련 네트워크의 공유·연관 동작,실행·호출 순서 미검증
MV06,1083:501,1083,501,관련 네트워크의 공유·연관 동작,실행·호출 순서 미검증
MV06,1083:556,1083,556,관련 네트워크의 공유·연관 동작,실행·호출 순서 미검증
MV06,1083:561,1083,561,관련 네트워크의 공유·연관 동작,실행·호출 순서 미검증
MV06,1083:566,1083,566,관련 네트워크의 공유·연관 동작,실행·호출 순서 미검증
MV06,1083:568,1083,568,관련 네트워크의 공유·연관 동작,실행·호출 순서 미검증
MV06,1083:623,1083,623,설비 태그 명칭 일치 후보,실행·호출 순서 미검증
MV06,1083:628,1083,628,설비 태그 명칭 일치 후보,실행·호출 순서 미검증
MV06,1083:633,1083,633,설비 태그 명칭 일치 후보,실행·호출 순서 미검증
MV06,1083:635,1083,635,설비 태그 명칭 일치 후보,실행·호출 순서 미검증
MV06,1226:249,1226,249,관련 네트워크의 공유·연관 동작,실행·호출 순서 미검증
MV06,1226:254,1226,254,관련 네트워크의 공유·연관 동작,실행·호출 순서 미검증
MV06,1226:265,1226,265,관련 네트워크의 공유·연관 동작,실행·호출 순서 미검증
MV06,1226:270,1226,270,관련 네트워크의 공유·연관 동작,실행·호출 순서 미검증
MV06,1226:281,1226,281,관련 네트워크의 공유·연관 동작,실행·호출 순서 미검증
MV06,1226:286,1226,286,관련 네트워크의 공유·연관 동작,실행·호출 순서 미검증
MV06,1226:313,1226,313,관련 네트워크의 공유·연관 동작,실행·호출 순서 미검증
MV06,1226:318,1226,318,관련 네트워크의 공유·연관 동작,실행·호출 순서 미검증
MV06,1226:329,1226,329,관련 네트워크의 공유·연관 동작,실행·호출 순서 미검증
MV06,1226:334,1226,334,설비 태그 명칭 일치 후보,실행·호출 순서 미검증
MV06,1226:342,1226,342,관련 네트워크의 공유·연관 동작,실행·호출 순서 미검증
MV06,1226:346,1226,346,관련 네트워크의 공유·연관 동작,실행·호출 순서 미검증
MV06,1226:350,1226,350,관련 네트워크의 공유·연관 동작,실행·호출 순서 미검증
MV06,1226:354,1226,354,관련 네트워크의 공유·연관 동작,실행·호출 순서 미검증
MV06,1226:358,1226,358,관련 네트워크의 공유·연관 동작,실행·호출 순서 미검증
MV06,1226:362,1226,362,설비 태그 명칭 일치 후보,실행·호출 순서 미검증
MV06,1709:605,1709,605,관련 네트워크의 공유·연관 동작,실행·호출 순서 미검증
MV06,1709:610,1709,610,관련 네트워크의 공유·연관 동작,실행·호출 순서 미검증
MV06,1709:621,1709,621,관련 심볼 이름과 대상 일치,실행·호출 순서 미검증
MV06,1709:627,1709,627,관련 심볼 이름과 대상 일치,실행·호출 순서 미검증
MV06,1710:707,1710,707,관련 네트워크의 공유·연관 동작,실행·호출 순서 미검증
MV06,1710:712,1710,712,관련 네트워크의 공유·연관 동작,실행·호출 순서 미검증
MV06,1710:721,1710,721,관련 네트워크의 공유·연관 동작,실행·호출 순서 미검증
MV06,1710:726,1710,726,관련 네트워크의 공유·연관 동작,실행·호출 순서 미검증
MV06,1710:735,1710,735,관련 네트워크의 공유·연관 동작,실행·호출 순서 미검증
MV06,1710:741,1710,741,관련 네트워크의 공유·연관 동작,실행·호출 순서 미검증
MV06,1710:743,1710,743,관련 네트워크의 공유·연관 동작,실행·호출 순서 미검증
MV06,1711:794,1711,794,설비 태그 명칭 일치 후보,실행·호출 순서 미검증
MV06,1711:801,1711,801,설비 태그 명칭 일치 후보,실행·호출 순서 미검증
MV06,1711:821,1711,821,관련 심볼 이름과 대상 일치,실행·호출 순서 미검증
MV06,1711:837,1711,837,관련 심볼 이름과 대상 일치,실행·호출 순서 미검증
MV06,1713:1225,1713,1225,관련 네트워크의 공유·연관 동작,실행·호출 순서 미검증
MV06,1713:1230,1713,1230,관련 네트워크의 공유·연관 동작,실행·호출 순서 미검증
MV06,1713:1254,1713,1254,관련 네트워크의 공유·연관 동작,실행·호출 순서 미검증
MV06,1713:1269,1713,1269,관련 네트워크의 공유·연관 동작,실행·호출 순서 미검증
MV06,1713:1288,1713,1288,관련 네트워크의 공유·연관 동작,실행·호출 순서 미검증
MV06,1713:1303,1713,1303,관련 네트워크의 공유·연관 동작,실행·호출 순서 미검증
MV06,1713:1322,1713,1322,관련 네트워크의 공유·연관 동작,실행·호출 순서 미검증
MV06,1713:1337,1713,1337,관련 네트워크의 공유·연관 동작,실행·호출 순서 미검증
MV06,1713:1390,1713,1390,관련 네트워크의 공유·연관 동작,실행·호출 순서 미검증
MV06,1713:1405,1713,1405,관련 네트워크의 공유·연관 동작,실행·호출 순서 미검증
MV06,1713:1424,1713,1424,관련 네트워크의 공유·연관 동작,실행·호출 순서 미검증
MV06,1713:1439,1713,1439,관련 네트워크의 공유·연관 동작,실행·호출 순서 미검증
MV06,1714:1598,1714,1598,관련 네트워크의 공유·연관 동작,실행·호출 순서 미검증
MV06,1714:1601,1714,1601,관련 네트워크의 공유·연관 동작,실행·호출 순서 미검증
MV06,1714:1612,1714,1612,관련 네트워크의 공유·연관 동작,실행·호출 순서 미검증
MV06,1714:1615,1714,1615,관련 네트워크의 공유·연관 동작,실행·호출 순서 미검증
MV06,1714:1630,1714,1630,관련 네트워크의 공유·연관 동작,실행·호출 순서 미검증
MV06,1714:1633,1714,1633,관련 네트워크의 공유·연관 동작,실행·호출 순서 미검증
MV06,1714:1644,1714,1644,관련 네트워크의 공유·연관 동작,실행·호출 순서 미검증
MV06,1714:1647,1714,1647,관련 네트워크의 공유·연관 동작,실행·호출 순서 미검증
MV06,1714:1662,1714,1662,관련 네트워크의 공유·연관 동작,실행·호출 순서 미검증
MV06,1714:1665,1714,1665,관련 네트워크의 공유·연관 동작,실행·호출 순서 미검증
MV06,1714:1676,1714,1676,관련 네트워크의 공유·연관 동작,실행·호출 순서 미검증
MV06,1714:1679,1714,1679,관련 네트워크의 공유·연관 동작,실행·호출 순서 미검증
MV06,1714:1694,1714,1694,관련 네트워크의 공유·연관 동작,실행·호출 순서 미검증
MV06,1714:1697,1714,1697,관련 네트워크의 공유·연관 동작,실행·호출 순서 미검증
MV06,1714:1708,1714,1708,관련 네트워크의 공유·연관 동작,실행·호출 순서 미검증
MV06,1714:1711,1714,1711,관련 네트워크의 공유·연관 동작,실행·호출 순서 미검증
MV06,1714:1726,1714,1726,관련 네트워크의 공유·연관 동작,실행·호출 순서 미검증
MV06,1714:1729,1714,1729,관련 네트워크의 공유·연관 동작,실행·호출 순서 미검증
MV06,1714:1740,1714,1740,관련 네트워크의 공유·연관 동작,실행·호출 순서 미검증
MV06,1714:1743,1714,1743,관련 네트워크의 공유·연관 동작,실행·호출 순서 미검증
MV06,1714:1758,1714,1758,설비 태그 명칭 일치 후보,실행·호출 순서 미검증
MV06,1714:1761,1714,1761,관련 네트워크의 공유·연관 동작,실행·호출 순서 미검증
MV06,1714:1772,1714,1772,설비 태그 명칭 일치 후보,실행·호출 순서 미검증
MV06,1714:1775,1714,1775,관련 네트워크의 공유·연관 동작,실행·호출 순서 미검증
MV06,1766:1441,1766,1441,관련 네트워크의 공유·연관 동작,실행·호출 순서 미검증
MV06,1766:1454,1766,1454,관련 네트워크의 공유·연관 동작,실행·호출 순서 미검증
MV06,1766:1463,1766,1463,관련 네트워크의 공유·연관 동작,실행·호출 순서 미검증
MV06,1766:1468,1766,1468,관련 네트워크의 공유·연관 동작,실행·호출 순서 미검증
PV01,405:303,405,303,관련 네트워크의 공유·연관 동작,실행·호출 순서 미검증
PV01,405:305,405,305,관련 네트워크의 공유·연관 동작,실행·호출 순서 미검증
PV01,405:307,405,307,설비 태그 명칭 일치 후보,실행·호출 순서 미검증
PV01,405:309,405,309,설비 태그 명칭 일치 후보,실행·호출 순서 미검증
PV01,405:311,405,311,관련 네트워크의 공유·연관 동작,실행·호출 순서 미검증
PV01,1090:27,1090,27,관련 네트워크의 공유·연관 동작,실행·호출 순서 미검증
PV01,1090:36,1090,36,설비 태그 명칭 일치 후보,실행·호출 순서 미검증
PV01,1090:39,1090,39,설비 태그 명칭 일치 후보,실행·호출 순서 미검증
PV01,1090:41,1090,41,설비 태그 명칭 일치 후보,실행·호출 순서 미검증
PV01,1815:1453,1815,1453,관련 네트워크의 공유·연관 동작,실행·호출 순서 미검증
PV01,1815:1459,1815,1459,설비 태그 명칭 일치 후보,실행·호출 순서 미검증
PV01,1815:1464,1815,1464,설비 태그 명칭 일치 후보,실행·호출 순서 미검증
PV01,1815:1471,1815,1471,관련 네트워크의 공유·연관 동작,실행·호출 순서 미검증
PV01,1815:1477,1815,1477,설비 태그 명칭 일치 후보,실행·호출 순서 미검증
PV01,1815:1482,1815,1482,설비 태그 명칭 일치 후보,실행·호출 순서 미검증
PV01,1816:1517,1816,1517,관련 네트워크의 공유·연관 동작,실행·호출 순서 미검증
PV01,1816:1523,1816,1523,설비 태그 명칭 일치 후보,실행·호출 순서 미검증
PV01,1816:1528,1816,1528,설비 태그 명칭 일치 후보,실행·호출 순서 미검증
PV01,1816:1535,1816,1535,관련 네트워크의 공유·연관 동작,실행·호출 순서 미검증
PV01,1816:1541,1816,1541,설비 태그 명칭 일치 후보,실행·호출 순서 미검증
PV01,1816:1546,1816,1546,설비 태그 명칭 일치 후보,실행·호출 순서 미검증
PV01,1843:410,1843,410,관련 네트워크의 공유·연관 동작,실행·호출 순서 미검증
PV01,1843:412,1843,412,관련 네트워크의 공유·연관 동작,실행·호출 순서 미검증
PV01,1843:420,1843,420,관련 네트워크의 공유·연관 동작,실행·호출 순서 미검증
PV01,1843:422,1843,422,관련 네트워크의 공유·연관 동작,실행·호출 순서 미검증
PV01,1843:424,1843,424,관련 네트워크의 공유·연관 동작,실행·호출 순서 미검증
PV01,1843:432,1843,432,관련 네트워크의 공유·연관 동작,실행·호출 순서 미검증
PV01,1843:434,1843,434,관련 네트워크의 공유·연관 동작,실행·호출 순서 미검증
PV01,1843:436,1843,436,관련 네트워크의 공유·연관 동작,실행·호출 순서 미검증
PV01,1843:443,1843,443,관련 네트워크의 공유·연관 동작,실행·호출 순서 미검증
PV01,1843:449,1843,449,관련 네트워크의 공유·연관 동작,실행·호출 순서 미검증
PV01,1843:456,1843,456,관련 네트워크의 공유·연관 동작,실행·호출 순서 미검증
PV01,1843:458,1843,458,관련 네트워크의 공유·연관 동작,실행·호출 순서 미검증
PV01,1843:460,1843,460,관련 네트워크의 공유·연관 동작,실행·호출 순서 미검증
PV01,1843:462,1843,462,관련 네트워크의 공유·연관 동작,실행·호출 순서 미검증
PV01,1843:469,1843,469,관련 네트워크의 공유·연관 동작,실행·호출 순서 미검증
PV01,1843:478,1843,478,관련 네트워크의 공유·연관 동작,실행·호출 순서 미검증
PV01,1843:481,1843,481,관련 네트워크의 공유·연관 동작,실행·호출 순서 미검증
PV01,1843:492,1843,492,관련 네트워크의 공유·연관 동작,실행·호출 순서 미검증
PV01,1843:102,1843,102,관련 네트워크의 공유·연관 동작,실행·호출 순서 미검증
PV01,1843:495,1843,495,관련 네트워크의 공유·연관 동작,실행·호출 순서 미검증
PV01,1843:500,1843,500,관련 네트워크의 공유·연관 동작,실행·호출 순서 미검증
PV01,1843:506,1843,506,관련 네트워크의 공유·연관 동작,실행·호출 순서 미검증
PV01,1843:34,1843,34,관련 심볼 이름과 대상 일치,실행·호출 순서 미검증
PV01,1843:513,1843,513,관련 네트워크의 공유·연관 동작,실행·호출 순서 미검증
PV01,1843:515,1843,515,관련 네트워크의 공유·연관 동작,실행·호출 순서 미검증
PV01,1843:517,1843,517,관련 네트워크의 공유·연관 동작,실행·호출 순서 미검증
PV01,1843:527,1843,527,관련 네트워크의 공유·연관 동작,실행·호출 순서 미검증
PV01,1843:530,1843,530,관련 네트워크의 공유·연관 동작,실행·호출 순서 미검증
PV01,1843:539,1843,539,관련 네트워크의 공유·연관 동작,실행·호출 순서 미검증
PV01,1843:545,1843,545,관련 네트워크의 공유·연관 동작,실행·호출 순서 미검증
PV01,1843:552,1843,552,관련 네트워크의 공유·연관 동작,실행·호출 순서 미검증
PV01,1843:554,1843,554,관련 네트워크의 공유·연관 동작,실행·호출 순서 미검증
PV01,1843:568,1843,568,관련 네트워크의 공유·연관 동작,실행·호출 순서 미검증
PV01,1843:573,1843,573,관련 네트워크의 공유·연관 동작,실행·호출 순서 미검증
PV01,1843:578,1843,578,관련 네트워크의 공유·연관 동작,실행·호출 순서 미검증
PV01,1843:581,1843,581,관련 네트워크의 공유·연관 동작,실행·호출 순서 미검증
PV01,1843:587,1843,587,관련 네트워크의 공유·연관 동작,실행·호출 순서 미검증
PV01,1843:828,1843,828,관련 네트워크의 공유·연관 동작,실행·호출 순서 미검증
PV01,1843:837,1843,837,관련 네트워크의 공유·연관 동작,실행·호출 순서 미검증
PV01,1843:838,1843,838,관련 심볼 이름과 대상 일치,실행·호출 순서 미검증
PV01,1911:115,1911,115,관련 네트워크의 공유·연관 동작,실행·호출 순서 미검증
PV01,1911:117,1911,117,관련 네트워크의 공유·연관 동작,실행·호출 순서 미검증
PV01,1911:125,1911,125,관련 네트워크의 공유·연관 동작,실행·호출 순서 미검증
PV01,1911:130,1911,130,관련 심볼 이름과 대상 일치,실행·호출 순서 미검증
PV01,1911:133,1911,133,관련 심볼 이름과 대상 일치,실행·호출 순서 미검증
PV01,1911:136,1911,136,관련 심볼 이름과 대상 일치,실행·호출 순서 미검증
PV01,1911:139,1911,139,관련 심볼 이름과 대상 일치,실행·호출 순서 미검증
PV01,1913:334,1913,334,관련 심볼 이름과 대상 일치,실행·호출 순서 미검증
PV01,1913:337,1913,337,관련 심볼 이름과 대상 일치,실행·호출 순서 미검증
PV01,1913:340,1913,340,관련 네트워크의 공유·연관 동작,실행·호출 순서 미검증
PV01,1913:345,1913,345,관련 네트워크의 공유·연관 동작,실행·호출 순서 미검증
PV01,1913:356,1913,356,관련 심볼 이름과 대상 일치,실행·호출 순서 미검증
PV01,1913:359,1913,359,관련 심볼 이름과 대상 일치,실행·호출 순서 미검증
PV01,1913:363,1913,363,관련 네트워크의 공유·연관 동작,실행·호출 순서 미검증
PV01,1913:374,1913,374,관련 네트워크의 공유·연관 동작,실행·호출 순서 미검증
PV01,1913:379,1913,379,관련 네트워크의 공유·연관 동작,실행·호출 순서 미검증
PV01,1913:390,1913,390,관련 심볼 이름과 대상 일치,실행·호출 순서 미검증
PV01,1913:393,1913,393,관련 심볼 이름과 대상 일치,실행·호출 순서 미검증
PV01,1913:396,1913,396,관련 네트워크의 공유·연관 동작,실행·호출 순서 미검증
PV01,1913:401,1913,401,관련 네트워크의 공유·연관 동작,실행·호출 순서 미검증
PV01,1913:412,1913,412,관련 심볼 이름과 대상 일치,실행·호출 순서 미검증
PV01,1913:415,1913,415,관련 심볼 이름과 대상 일치,실행·호출 순서 미검증
PV01,1913:419,1913,419,관련 네트워크의 공유·연관 동작,실행·호출 순서 미검증
PV01,1913:430,1913,430,관련 네트워크의 공유·연관 동작,실행·호출 순서 미검증
PV01,1913:435,1913,435,관련 네트워크의 공유·연관 동작,실행·호출 순서 미검증
PV01,1914:343,1914,343,관련 심볼 이름과 대상 일치,실행·호출 순서 미검증
PV01,1914:347,1914,347,관련 심볼 이름과 대상 일치,실행·호출 순서 미검증
PV01,1915:377,1915,377,관련 심볼 이름과 대상 일치,실행·호출 순서 미검증
PV01,1915:384,1915,384,관련 심볼 이름과 대상 일치,실행·호출 순서 미검증
PV01,1921:26,1921,26,설비 태그 명칭 일치 후보,실행·호출 순서 미검증
PV01,1921:28,1921,28,설비 태그 명칭 일치 후보,실행·호출 순서 미검증
PV01,1921:33,1921,33,설비 태그 명칭 일치 후보,실행·호출 순서 미검증
PV01,1921:35,1921,35,설비 태그 명칭 일치 후보,실행·호출 순서 미검증
PV01,1922:28,1922,28,설비 태그 명칭 일치 후보,실행·호출 순서 미검증
PV01,1922:30,1922,30,설비 태그 명칭 일치 후보,실행·호출 순서 미검증
PV01,1922:35,1922,35,설비 태그 명칭 일치 후보,실행·호출 순서 미검증
PV01,1922:37,1922,37,설비 태그 명칭 일치 후보,실행·호출 순서 미검증
PV02,405:303,405,303,설비 태그 명칭 일치 후보,실행·호출 순서 미검증
PV02,405:305,405,305,설비 태그 명칭 일치 후보,실행·호출 순서 미검증
PV02,405:307,405,307,관련 네트워크의 공유·연관 동작,실행·호출 순서 미검증
PV02,405:309,405,309,관련 네트워크의 공유·연관 동작,실행·호출 순서 미검증
PV02,405:311,405,311,관련 네트워크의 공유·연관 동작,실행·호출 순서 미검증
PV02,1091:23,1091,23,설비 태그 명칭 일치 후보,실행·호출 순서 미검증
PV02,1091:25,1091,25,설비 태그 명칭 일치 후보,실행·호출 순서 미검증
PV02,1091:27,1091,27,설비 태그 명칭 일치 후보,실행·호출 순서 미검증
PV02,1091:29,1091,29,설비 태그 명칭 일치 후보,실행·호출 순서 미검증
PV02,1817:1581,1817,1581,관련 네트워크의 공유·연관 동작,실행·호출 순서 미검증
PV02,1817:1587,1817,1587,설비 태그 명칭 일치 후보,실행·호출 순서 미검증
PV02,1817:1592,1817,1592,설비 태그 명칭 일치 후보,실행·호출 순서 미검증
PV02,1817:1599,1817,1599,관련 네트워크의 공유·연관 동작,실행·호출 순서 미검증
PV02,1817:1605,1817,1605,설비 태그 명칭 일치 후보,실행·호출 순서 미검증
PV02,1817:1610,1817,1610,설비 태그 명칭 일치 후보,실행·호출 순서 미검증
PV02,1818:1645,1818,1645,관련 네트워크의 공유·연관 동작,실행·호출 순서 미검증
PV02,1818:1651,1818,1651,설비 태그 명칭 일치 후보,실행·호출 순서 미검증
PV02,1818:1656,1818,1656,설비 태그 명칭 일치 후보,실행·호출 순서 미검증
PV02,1818:1663,1818,1663,관련 네트워크의 공유·연관 동작,실행·호출 순서 미검증
PV02,1818:1669,1818,1669,설비 태그 명칭 일치 후보,실행·호출 순서 미검증
PV02,1818:1674,1818,1674,설비 태그 명칭 일치 후보,실행·호출 순서 미검증
PV02,1916:456,1916,456,관련 심볼 이름과 대상 일치,실행·호출 순서 미검증
PV02,1916:458,1916,458,관련 네트워크의 공유·연관 동작,실행·호출 순서 미검증
PV02,1916:466,1916,466,관련 네트워크의 공유·연관 동작,실행·호출 순서 미검증
PV02,1916:471,1916,471,관련 심볼 이름과 대상 일치,실행·호출 순서 미검증
PV02,1916:474,1916,474,관련 심볼 이름과 대상 일치,실행·호출 순서 미검증
PV02,1916:477,1916,477,관련 심볼 이름과 대상 일치,실행·호출 순서 미검증
PV02,1916:480,1916,480,관련 심볼 이름과 대상 일치,실행·호출 순서 미검증
PV02,1918:677,1918,677,관련 심볼 이름과 대상 일치,실행·호출 순서 미검증
PV02,1918:680,1918,680,관련 심볼 이름과 대상 일치,실행·호출 순서 미검증
PV02,1918:683,1918,683,관련 네트워크의 공유·연관 동작,실행·호출 순서 미검증
PV02,1918:688,1918,688,관련 네트워크의 공유·연관 동작,실행·호출 순서 미검증
PV02,1918:699,1918,699,관련 심볼 이름과 대상 일치,실행·호출 순서 미검증
PV02,1918:702,1918,702,관련 심볼 이름과 대상 일치,실행·호출 순서 미검증
PV02,1918:706,1918,706,관련 네트워크의 공유·연관 동작,실행·호출 순서 미검증
PV02,1918:717,1918,717,관련 네트워크의 공유·연관 동작,실행·호출 순서 미검증
PV02,1918:722,1918,722,관련 네트워크의 공유·연관 동작,실행·호출 순서 미검증
PV02,1918:733,1918,733,관련 심볼 이름과 대상 일치,실행·호출 순서 미검증
PV02,1918:736,1918,736,관련 심볼 이름과 대상 일치,실행·호출 순서 미검증
PV02,1918:739,1918,739,관련 네트워크의 공유·연관 동작,실행·호출 순서 미검증
PV02,1918:744,1918,744,관련 네트워크의 공유·연관 동작,실행·호출 순서 미검증
PV02,1918:755,1918,755,관련 심볼 이름과 대상 일치,실행·호출 순서 미검증
PV02,1918:758,1918,758,관련 심볼 이름과 대상 일치,실행·호출 순서 미검증
PV02,1918:762,1918,762,관련 네트워크의 공유·연관 동작,실행·호출 순서 미검증
PV02,1918:773,1918,773,관련 네트워크의 공유·연관 동작,실행·호출 순서 미검증
PV02,1918:778,1918,778,관련 네트워크의 공유·연관 동작,실행·호출 순서 미검증
PV02,1919:686,1919,686,관련 심볼 이름과 대상 일치,실행·호출 순서 미검증
PV02,1919:690,1919,690,관련 심볼 이름과 대상 일치,실행·호출 순서 미검증
PV02,1920:717,1920,717,관련 심볼 이름과 대상 일치,실행·호출 순서 미검증
PV02,1920:724,1920,724,관련 심볼 이름과 대상 일치,실행·호출 순서 미검증
PV02,1923:26,1923,26,설비 태그 명칭 일치 후보,실행·호출 순서 미검증
PV02,1923:28,1923,28,설비 태그 명칭 일치 후보,실행·호출 순서 미검증
PV02,1923:33,1923,33,설비 태그 명칭 일치 후보,실행·호출 순서 미검증
PV02,1923:35,1923,35,설비 태그 명칭 일치 후보,실행·호출 순서 미검증
PV02,1924:26,1924,26,설비 태그 명칭 일치 후보,실행·호출 순서 미검증
PV02,1924:28,1924,28,설비 태그 명칭 일치 후보,실행·호출 순서 미검증
PV02,1924:33,1924,33,설비 태그 명칭 일치 후보,실행·호출 순서 미검증
PV02,1924:35,1924,35,설비 태그 명칭 일치 후보,실행·호출 순서 미검증
PV03,405:303,405,303,관련 네트워크의 공유·연관 동작,실행·호출 순서 미검증
PV03,405:305,405,305,관련 네트워크의 공유·연관 동작,실행·호출 순서 미검증
PV03,405:307,405,307,관련 네트워크의 공유·연관 동작,실행·호출 순서 미검증
PV03,405:309,405,309,관련 네트워크의 공유·연관 동작,실행·호출 순서 미검증
PV03,405:311,405,311,설비 태그 명칭 일치 후보,실행·호출 순서 미검증
PV03,1087:31,1087,31,설비 태그 명칭 일치 후보,실행·호출 순서 미검증
PV03,1087:38,1087,38,설비 태그 명칭 일치 후보,실행·호출 순서 미검증
PV03,1819:1709,1819,1709,관련 네트워크의 공유·연관 동작,실행·호출 순서 미검증
PV03,1819:1715,1819,1715,설비 태그 명칭 일치 후보,실행·호출 순서 미검증
PV03,1819:1720,1819,1720,설비 태그 명칭 일치 후보,실행·호출 순서 미검증
PV03,1819:1727,1819,1727,관련 네트워크의 공유·연관 동작,실행·호출 순서 미검증
PV03,1819:1733,1819,1733,설비 태그 명칭 일치 후보,실행·호출 순서 미검증
PV03,1819:1738,1819,1738,설비 태그 명칭 일치 후보,실행·호출 순서 미검증
PV03,1925:24,1925,24,설비 태그 명칭 일치 후보,실행·호출 순서 미검증
PV03,1925:26,1925,26,설비 태그 명칭 일치 후보,실행·호출 순서 미검증
PV03,1925:29,1925,29,설비 태그 명칭 일치 후보,실행·호출 순서 미검증
PV03,1925:31,1925,31,설비 태그 명칭 일치 후보,실행·호출 순서 미검증
PV03,1972:1141,1972,1141,설비 태그 명칭 일치 후보,실행·호출 순서 미검증
PV03,1972:1147,1972,1147,관련 심볼 이름과 대상 일치,실행·호출 순서 미검증
PV03,1973:1196,1973,1196,관련 네트워크의 공유·연관 동작,실행·호출 순서 미검증
PV03,1973:1201,1973,1201,관련 네트워크의 공유·연관 동작,실행·호출 순서 미검증
PV03,1973:1210,1973,1210,관련 네트워크의 공유·연관 동작,실행·호출 순서 미검증
PV03,1973:1215,1973,1215,관련 네트워크의 공유·연관 동작,실행·호출 순서 미검증
PV04,1088:30,1088,30,설비 태그 명칭 일치 후보,실행·호출 순서 미검증
PV04,1088:35,1088,35,설비 태그 명칭 일치 후보,실행·호출 순서 미검증
PV05,1080:27,1080,27,관련 네트워크의 공유·연관 동작,실행·호출 순서 미검증
PV05,1080:33,1080,33,관련 네트워크의 공유·연관 동작,실행·호출 순서 미검증
PV05,1080:36,1080,36,관련 네트워크의 공유·연관 동작,실행·호출 순서 미검증
PV05,1080:39,1080,39,관련 네트워크의 공유·연관 동작,실행·호출 순서 미검증
PV05,1080:42,1080,42,관련 네트워크의 공유·연관 동작,실행·호출 순서 미검증
PV05,1080:45,1080,45,관련 네트워크의 공유·연관 동작,실행·호출 순서 미검증
PV05,1990:929,1990,929,관련 네트워크의 공유·연관 동작,실행·호출 순서 미검증
PV05,1990:935,1990,935,관련 네트워크의 공유·연관 동작,실행·호출 순서 미검증
PV06,1080:27,1080,27,관련 네트워크의 공유·연관 동작,실행·호출 순서 미검증
PV06,1080:33,1080,33,관련 네트워크의 공유·연관 동작,실행·호출 순서 미검증
PV06,1080:36,1080,36,관련 네트워크의 공유·연관 동작,실행·호출 순서 미검증
PV06,1080:39,1080,39,관련 네트워크의 공유·연관 동작,실행·호출 순서 미검증
PV06,1080:42,1080,42,관련 네트워크의 공유·연관 동작,실행·호출 순서 미검증
PV06,1080:45,1080,45,관련 네트워크의 공유·연관 동작,실행·호출 순서 미검증
PV06,1990:929,1990,929,관련 네트워크의 공유·연관 동작,실행·호출 순서 미검증
PV06,1990:935,1990,935,관련 네트워크의 공유·연관 동작,실행·호출 순서 미검증
PV14,1070:22,1070,22,관련 네트워크의 공유·연관 동작,실행·호출 순서 미검증
PV14,1070:27,1070,27,관련 네트워크의 공유·연관 동작,실행·호출 순서 미검증
PV14,1070:35,1070,35,관련 네트워크의 공유·연관 동작,실행·호출 순서 미검증
PV14,1070:42,1070,42,관련 네트워크의 공유·연관 동작,실행·호출 순서 미검증
PV14,1070:43,1070,43,관련 네트워크의 공유·연관 동작,실행·호출 순서 미검증
PV14,1070:44,1070,44,관련 네트워크의 공유·연관 동작,실행·호출 순서 미검증
PV14,1070:60,1070,60,관련 네트워크의 공유·연관 동작,실행·호출 순서 미검증
PV14,1070:61,1070,61,관련 네트워크의 공유·연관 동작,실행·호출 순서 미검증
PV14,1070:62,1070,62,관련 네트워크의 공유·연관 동작,실행·호출 순서 미검증
PV14,1070:78,1070,78,관련 네트워크의 공유·연관 동작,실행·호출 순서 미검증
PV14,1070:79,1070,79,관련 네트워크의 공유·연관 동작,실행·호출 순서 미검증
PV14,1070:105,1070,105,설비 태그 명칭 일치 후보,실행·호출 순서 미검증
PV14,1070:112,1070,112,설비 태그 명칭 일치 후보,실행·호출 순서 미검증
PV14,1070:118,1070,118,관련 네트워크의 공유·연관 동작,실행·호출 순서 미검증
PV14,1070:120,1070,120,관련 네트워크의 공유·연관 동작,실행·호출 순서 미검증
PV14,1070:125,1070,125,관련 네트워크의 공유·연관 동작,실행·호출 순서 미검증
PV14,1070:130,1070,130,관련 네트워크의 공유·연관 동작,실행·호출 순서 미검증
PV14,1070:135,1070,135,관련 네트워크의 공유·연관 동작,실행·호출 순서 미검증
PV14,1070:140,1070,140,관련 네트워크의 공유·연관 동작,실행·호출 순서 미검증
PV14,1070:147,1070,147,관련 네트워크의 공유·연관 동작,실행·호출 순서 미검증
PV14,1070:151,1070,151,관련 네트워크의 공유·연관 동작,실행·호출 순서 미검증
PV14,1089:27,1089,27,설비 태그 명칭 일치 후보,실행·호출 순서 미검증
PV14,1089:34,1089,34,설비 태그 명칭 일치 후보,실행·호출 순서 미검증
PV14,1212:37,1212,37,관련 네트워크의 공유·연관 동작,실행·호출 순서 미검증
PV14,1212:41,1212,41,관련 네트워크의 공유·연관 동작,실행·호출 순서 미검증
PV14,1902:1986,1902,1986,관련 네트워크의 공유·연관 동작,실행·호출 순서 미검증
PV14,1902:1991,1902,1991,설비 태그 명칭 일치 후보,실행·호출 순서 미검증
PV14,1902:1996,1902,1996,설비 태그 명칭 일치 후보,실행·호출 순서 미검증
PV14,1903:2004,1903,2004,설비 태그 명칭 일치 후보,실행·호출 순서 미검증
PV14,1903:2012,1903,2012,관련 심볼 이름과 대상 일치,실행·호출 순서 미검증
PV14,1991:1049,1991,1049,관련 심볼 이름과 대상 일치,실행·호출 순서 미검증
PV14,1991:1060,1991,1060,관련 네트워크의 공유·연관 동작,실행·호출 순서 미검증
PV14,1991:1076,1991,1076,관련 네트워크의 공유·연관 동작,실행·호출 순서 미검증
PV14,1991:1078,1991,1078,관련 네트워크의 공유·연관 동작,실행·호출 순서 미검증
PV14,1991:1082,1991,1082,관련 심볼 이름과 대상 일치,실행·호출 순서 미검증
PV14,1991:1095,1991,1095,관련 네트워크의 공유·연관 동작,실행·호출 순서 미검증
PV14,1991:1100,1991,1100,관련 네트워크의 공유·연관 동작,실행·호출 순서 미검증
VR01,1027:1604,1027,1604,설비 태그 명칭 일치 후보,실행·호출 순서 미검증
VR01,1027:1607,1027,1607,설비 태그 명칭 일치 후보,실행·호출 순서 미검증
VR01,1027:1610,1027,1610,관련 네트워크의 공유·연관 동작,실행·호출 순서 미검증
VR01,1050:2884,1050,2884,관련 네트워크의 공유·연관 동작,실행·호출 순서 미검증
VR01,1050:2887,1050,2887,관련 네트워크의 공유·연관 동작,실행·호출 순서 미검증
VR01,1050:2890,1050,2890,관련 네트워크의 공유·연관 동작,실행·호출 순서 미검증
VR01,1050:2893,1050,2893,설비 태그 명칭 일치 후보,실행·호출 순서 미검증
VR01,1050:2896,1050,2896,관련 네트워크의 공유·연관 동작,실행·호출 순서 미검증
VR01,1084:27,1084,27,관련 네트워크의 공유·연관 동작,실행·호출 순서 미검증
VR01,1084:34,1084,34,설비 태그 명칭 일치 후보,실행·호출 순서 미검증
VR01,1084:41,1084,41,관련 네트워크의 공유·연관 동작,실행·호출 순서 미검증
VR01,1084:44,1084,44,관련 네트워크의 공유·연관 동작,실행·호출 순서 미검증
VR01,1084:46,1084,46,관련 네트워크의 공유·연관 동작,실행·호출 순서 미검증
VR01,1084:48,1084,48,관련 네트워크의 공유·연관 동작,실행·호출 순서 미검증
VR01,1084:69,1084,69,관련 네트워크의 공유·연관 동작,실행·호출 순서 미검증
VR01,1084:76,1084,76,관련 네트워크의 공유·연관 동작,실행·호출 순서 미검증
VR01,1797:647,1797,647,관련 네트워크의 공유·연관 동작,실행·호출 순서 미검증
VR01,1797:653,1797,653,설비 태그 명칭 일치 후보,실행·호출 순서 미검증
VR01,1797:658,1797,658,설비 태그 명칭 일치 후보,실행·호출 순서 미검증
VR01,1843:410,1843,410,관련 네트워크의 공유·연관 동작,실행·호출 순서 미검증
VR01,1843:412,1843,412,관련 네트워크의 공유·연관 동작,실행·호출 순서 미검증
VR01,1843:420,1843,420,관련 네트워크의 공유·연관 동작,실행·호출 순서 미검증
VR01,1843:422,1843,422,관련 네트워크의 공유·연관 동작,실행·호출 순서 미검증
VR01,1843:424,1843,424,관련 네트워크의 공유·연관 동작,실행·호출 순서 미검증
VR01,1843:432,1843,432,관련 네트워크의 공유·연관 동작,실행·호출 순서 미검증
VR01,1843:434,1843,434,관련 네트워크의 공유·연관 동작,실행·호출 순서 미검증
VR01,1843:436,1843,436,관련 네트워크의 공유·연관 동작,실행·호출 순서 미검증
VR01,1843:443,1843,443,관련 네트워크의 공유·연관 동작,실행·호출 순서 미검증
VR01,1843:449,1843,449,관련 네트워크의 공유·연관 동작,실행·호출 순서 미검증
VR01,1843:456,1843,456,관련 네트워크의 공유·연관 동작,실행·호출 순서 미검증
VR01,1843:458,1843,458,관련 네트워크의 공유·연관 동작,실행·호출 순서 미검증
VR01,1843:460,1843,460,관련 네트워크의 공유·연관 동작,실행·호출 순서 미검증
VR01,1843:462,1843,462,관련 네트워크의 공유·연관 동작,실행·호출 순서 미검증
VR01,1843:469,1843,469,관련 네트워크의 공유·연관 동작,실행·호출 순서 미검증
VR01,1843:478,1843,478,관련 네트워크의 공유·연관 동작,실행·호출 순서 미검증
VR01,1843:481,1843,481,관련 네트워크의 공유·연관 동작,실행·호출 순서 미검증
VR01,1843:492,1843,492,관련 네트워크의 공유·연관 동작,실행·호출 순서 미검증
VR01,1843:102,1843,102,관련 네트워크의 공유·연관 동작,실행·호출 순서 미검증
VR01,1843:495,1843,495,관련 네트워크의 공유·연관 동작,실행·호출 순서 미검증
VR01,1843:500,1843,500,관련 네트워크의 공유·연관 동작,실행·호출 순서 미검증
VR01,1843:506,1843,506,관련 네트워크의 공유·연관 동작,실행·호출 순서 미검증
VR01,1843:34,1843,34,관련 네트워크의 공유·연관 동작,실행·호출 순서 미검증
VR01,1843:513,1843,513,설비 태그 명칭 일치 후보,실행·호출 순서 미검증
VR01,1843:515,1843,515,관련 네트워크의 공유·연관 동작,실행·호출 순서 미검증
VR01,1843:517,1843,517,관련 네트워크의 공유·연관 동작,실행·호출 순서 미검증
VR01,1843:527,1843,527,관련 네트워크의 공유·연관 동작,실행·호출 순서 미검증
VR01,1843:530,1843,530,관련 네트워크의 공유·연관 동작,실행·호출 순서 미검증
VR01,1843:539,1843,539,관련 네트워크의 공유·연관 동작,실행·호출 순서 미검증
VR01,1843:545,1843,545,관련 네트워크의 공유·연관 동작,실행·호출 순서 미검증
VR01,1843:552,1843,552,관련 네트워크의 공유·연관 동작,실행·호출 순서 미검증
VR01,1843:554,1843,554,관련 네트워크의 공유·연관 동작,실행·호출 순서 미검증
VR01,1843:568,1843,568,관련 네트워크의 공유·연관 동작,실행·호출 순서 미검증
VR01,1843:573,1843,573,관련 네트워크의 공유·연관 동작,실행·호출 순서 미검증
VR01,1843:578,1843,578,관련 네트워크의 공유·연관 동작,실행·호출 순서 미검증
VR01,1843:581,1843,581,관련 네트워크의 공유·연관 동작,실행·호출 순서 미검증
VR01,1843:587,1843,587,관련 네트워크의 공유·연관 동작,실행·호출 순서 미검증
VR01,1843:828,1843,828,관련 네트워크의 공유·연관 동작,실행·호출 순서 미검증
VR01,1843:837,1843,837,관련 네트워크의 공유·연관 동작,실행·호출 순서 미검증
VR01,1843:838,1843,838,관련 네트워크의 공유·연관 동작,실행·호출 순서 미검증
VR01,1844:747,1844,747,관련 네트워크의 공유·연관 동작,실행·호출 순서 미검증
VR01,1844:749,1844,749,관련 네트워크의 공유·연관 동작,실행·호출 순서 미검증
VR01,1844:757,1844,757,관련 네트워크의 공유·연관 동작,실행·호출 순서 미검증
VR01,1844:759,1844,759,관련 네트워크의 공유·연관 동작,실행·호출 순서 미검증
VR01,1844:761,1844,761,관련 네트워크의 공유·연관 동작,실행·호출 순서 미검증
VR01,1844:769,1844,769,관련 네트워크의 공유·연관 동작,실행·호출 순서 미검증
VR01,1844:771,1844,771,관련 네트워크의 공유·연관 동작,실행·호출 순서 미검증
VR01,1844:773,1844,773,관련 네트워크의 공유·연관 동작,실행·호출 순서 미검증
VR01,1844:780,1844,780,관련 네트워크의 공유·연관 동작,실행·호출 순서 미검증
VR01,1844:786,1844,786,관련 네트워크의 공유·연관 동작,실행·호출 순서 미검증
VR01,1844:793,1844,793,관련 네트워크의 공유·연관 동작,실행·호출 순서 미검증
VR01,1844:799,1844,799,관련 네트워크의 공유·연관 동작,실행·호출 순서 미검증
VR01,1844:805,1844,805,관련 네트워크의 공유·연관 동작,실행·호출 순서 미검증
VR01,1844:811,1844,811,관련 네트워크의 공유·연관 동작,실행·호출 순서 미검증
VR01,1844:817,1844,817,관련 네트워크의 공유·연관 동작,실행·호출 순서 미검증
VR01,1844:826,1844,826,관련 네트워크의 공유·연관 동작,실행·호출 순서 미검증
VR01,1844:829,1844,829,관련 네트워크의 공유·연관 동작,실행·호출 순서 미검증
VR01,1844:1158,1844,1158,관련 네트워크의 공유·연관 동작,실행·호출 순서 미검증
VR01,1844:1162,1844,1162,관련 네트워크의 공유·연관 동작,실행·호출 순서 미검증
VR01,1844:850,1844,850,설비 태그 명칭 일치 후보,실행·호출 순서 미검증
VR01,1844:852,1844,852,관련 네트워크의 공유·연관 동작,실행·호출 순서 미검증
VR01,1844:854,1844,854,관련 네트워크의 공유·연관 동작,실행·호출 순서 미검증
VR01,1844:864,1844,864,관련 네트워크의 공유·연관 동작,실행·호출 순서 미검증
VR01,1844:867,1844,867,관련 네트워크의 공유·연관 동작,실행·호출 순서 미검증
VR01,1844:878,1844,878,관련 네트워크의 공유·연관 동작,실행·호출 순서 미검증
VR01,1844:881,1844,881,관련 네트워크의 공유·연관 동작,실행·호출 순서 미검증
VR01,1844:889,1844,889,관련 네트워크의 공유·연관 동작,실행·호출 순서 미검증
VR01,1844:896,1844,896,관련 네트워크의 공유·연관 동작,실행·호출 순서 미검증
VR01,1844:898,1844,898,관련 네트워크의 공유·연관 동작,실행·호출 순서 미검증
VR01,1844:912,1844,912,관련 네트워크의 공유·연관 동작,실행·호출 순서 미검증
VR01,1844:917,1844,917,관련 네트워크의 공유·연관 동작,실행·호출 순서 미검증
VR01,1844:922,1844,922,관련 네트워크의 공유·연관 동작,실행·호출 순서 미검증
VR01,1844:925,1844,925,관련 네트워크의 공유·연관 동작,실행·호출 순서 미검증
VR01,1844:931,1844,931,관련 네트워크의 공유·연관 동작,실행·호출 순서 미검증
VR01,1847:891,1847,891,관련 네트워크의 공유·연관 동작,실행·호출 순서 미검증
VR01,1847:893,1847,893,관련 네트워크의 공유·연관 동작,실행·호출 순서 미검증
VR01,1847:897,1847,897,관련 네트워크의 공유·연관 동작,실행·호출 순서 미검증
VR01,1847:905,1847,905,관련 네트워크의 공유·연관 동작,실행·호출 순서 미검증
VR01,1847:907,1847,907,관련 네트워크의 공유·연관 동작,실행·호출 순서 미검증
VR01,1847:909,1847,909,관련 네트워크의 공유·연관 동작,실행·호출 순서 미검증
VR01,1847:917,1847,917,설비 태그 명칭 일치 후보,실행·호출 순서 미검증
VR01,1847:919,1847,919,관련 네트워크의 공유·연관 동작,실행·호출 순서 미검증
VR01,1847:927,1847,927,관련 네트워크의 공유·연관 동작,실행·호출 순서 미검증
VR01,1847:929,1847,929,관련 네트워크의 공유·연관 동작,실행·호출 순서 미검증
VR01,1847:931,1847,931,관련 네트워크의 공유·연관 동작,실행·호출 순서 미검증
VR01,1847:939,1847,939,관련 네트워크의 공유·연관 동작,실행·호출 순서 미검증
VR01,1847:941,1847,941,관련 네트워크의 공유·연관 동작,실행·호출 순서 미검증
VR01,1847:948,1847,948,관련 네트워크의 공유·연관 동작,실행·호출 순서 미검증
VR01,1847:954,1847,954,관련 네트워크의 공유·연관 동작,실행·호출 순서 미검증
VR01,1847:961,1847,961,관련 네트워크의 공유·연관 동작,실행·호출 순서 미검증
VR01,1847:963,1847,963,관련 네트워크의 공유·연관 동작,실행·호출 순서 미검증
VR01,1847:965,1847,965,관련 네트워크의 공유·연관 동작,실행·호출 순서 미검증
VR01,1847:973,1847,973,관련 네트워크의 공유·연관 동작,실행·호출 순서 미검증
VR01,1847:975,1847,975,관련 네트워크의 공유·연관 동작,실행·호출 순서 미검증
VR01,1847:982,1847,982,관련 네트워크의 공유·연관 동작,실행·호출 순서 미검증
VR01,1949:604,1949,604,설비 태그 명칭 일치 후보,실행·호출 순서 미검증
VR01,1949:608,1949,608,관련 심볼 이름과 대상 일치,실행·호출 순서 미검증
VR01,1950:653,1950,653,관련 네트워크의 공유·연관 동작,실행·호출 순서 미검증
VR01,1950:656,1950,656,관련 네트워크의 공유·연관 동작,실행·호출 순서 미검증
VR01,1950:661,1950,661,관련 네트워크의 공유·연관 동작,실행·호출 순서 미검증
VR02,1029:1712,1029,1712,설비 태그 명칭 일치 후보,실행·호출 순서 미검증
VR02,1029:1715,1029,1715,설비 태그 명칭 일치 후보,실행·호출 순서 미검증
VR02,1029:1718,1029,1718,관련 네트워크의 공유·연관 동작,실행·호출 순서 미검증
VR02,1051:2946,1051,2946,설비 태그 명칭 일치 후보,실행·호출 순서 미검증
VR02,1051:2949,1051,2949,관련 네트워크의 공유·연관 동작,실행·호출 순서 미검증
VR02,1051:2952,1051,2952,관련 네트워크의 공유·연관 동작,실행·호출 순서 미검증
VR02,1051:2955,1051,2955,관련 네트워크의 공유·연관 동작,실행·호출 순서 미검증
VR02,1051:2958,1051,2958,관련 네트워크의 공유·연관 동작,실행·호출 순서 미검증
VR02,1084:27,1084,27,관련 네트워크의 공유·연관 동작,실행·호출 순서 미검증
VR02,1084:34,1084,34,관련 네트워크의 공유·연관 동작,실행·호출 순서 미검증
VR02,1084:41,1084,41,관련 네트워크의 공유·연관 동작,실행·호출 순서 미검증
VR02,1084:44,1084,44,설비 태그 명칭 일치 후보,실행·호출 순서 미검증
VR02,1084:46,1084,46,관련 네트워크의 공유·연관 동작,실행·호출 순서 미검증
VR02,1084:48,1084,48,관련 네트워크의 공유·연관 동작,실행·호출 순서 미검증
VR02,1084:69,1084,69,관련 네트워크의 공유·연관 동작,실행·호출 순서 미검증
VR02,1084:76,1084,76,관련 네트워크의 공유·연관 동작,실행·호출 순서 미검증
VR02,1799:715,1799,715,관련 네트워크의 공유·연관 동작,실행·호출 순서 미검증
VR02,1799:721,1799,721,설비 태그 명칭 일치 후보,실행·호출 순서 미검증
VR02,1799:726,1799,726,설비 태그 명칭 일치 후보,실행·호출 순서 미검증
VR02,1843:410,1843,410,관련 네트워크의 공유·연관 동작,실행·호출 순서 미검증
VR02,1843:412,1843,412,관련 네트워크의 공유·연관 동작,실행·호출 순서 미검증
VR02,1843:420,1843,420,관련 네트워크의 공유·연관 동작,실행·호출 순서 미검증
VR02,1843:422,1843,422,관련 네트워크의 공유·연관 동작,실행·호출 순서 미검증
VR02,1843:424,1843,424,관련 네트워크의 공유·연관 동작,실행·호출 순서 미검증
VR02,1843:432,1843,432,관련 네트워크의 공유·연관 동작,실행·호출 순서 미검증
VR02,1843:434,1843,434,관련 네트워크의 공유·연관 동작,실행·호출 순서 미검증
VR02,1843:436,1843,436,관련 네트워크의 공유·연관 동작,실행·호출 순서 미검증
VR02,1843:443,1843,443,관련 네트워크의 공유·연관 동작,실행·호출 순서 미검증
VR02,1843:449,1843,449,관련 네트워크의 공유·연관 동작,실행·호출 순서 미검증
VR02,1843:456,1843,456,관련 네트워크의 공유·연관 동작,실행·호출 순서 미검증
VR02,1843:458,1843,458,관련 네트워크의 공유·연관 동작,실행·호출 순서 미검증
VR02,1843:460,1843,460,관련 네트워크의 공유·연관 동작,실행·호출 순서 미검증
VR02,1843:462,1843,462,관련 네트워크의 공유·연관 동작,실행·호출 순서 미검증
VR02,1843:469,1843,469,관련 네트워크의 공유·연관 동작,실행·호출 순서 미검증
VR02,1843:478,1843,478,관련 네트워크의 공유·연관 동작,실행·호출 순서 미검증
VR02,1843:481,1843,481,관련 네트워크의 공유·연관 동작,실행·호출 순서 미검증
VR02,1843:492,1843,492,관련 네트워크의 공유·연관 동작,실행·호출 순서 미검증
VR02,1843:102,1843,102,관련 네트워크의 공유·연관 동작,실행·호출 순서 미검증
VR02,1843:495,1843,495,관련 네트워크의 공유·연관 동작,실행·호출 순서 미검증
VR02,1843:500,1843,500,관련 네트워크의 공유·연관 동작,실행·호출 순서 미검증
VR02,1843:506,1843,506,관련 네트워크의 공유·연관 동작,실행·호출 순서 미검증
VR02,1843:34,1843,34,관련 네트워크의 공유·연관 동작,실행·호출 순서 미검증
VR02,1843:513,1843,513,관련 네트워크의 공유·연관 동작,실행·호출 순서 미검증
VR02,1843:515,1843,515,설비 태그 명칭 일치 후보,실행·호출 순서 미검증
VR02,1843:517,1843,517,관련 네트워크의 공유·연관 동작,실행·호출 순서 미검증
VR02,1843:527,1843,527,관련 네트워크의 공유·연관 동작,실행·호출 순서 미검증
VR02,1843:530,1843,530,관련 네트워크의 공유·연관 동작,실행·호출 순서 미검증
VR02,1843:539,1843,539,관련 네트워크의 공유·연관 동작,실행·호출 순서 미검증
VR02,1843:545,1843,545,관련 네트워크의 공유·연관 동작,실행·호출 순서 미검증
VR02,1843:552,1843,552,관련 네트워크의 공유·연관 동작,실행·호출 순서 미검증
VR02,1843:554,1843,554,관련 네트워크의 공유·연관 동작,실행·호출 순서 미검증
VR02,1843:568,1843,568,관련 네트워크의 공유·연관 동작,실행·호출 순서 미검증
VR02,1843:573,1843,573,관련 네트워크의 공유·연관 동작,실행·호출 순서 미검증
VR02,1843:578,1843,578,관련 네트워크의 공유·연관 동작,실행·호출 순서 미검증
VR02,1843:581,1843,581,관련 네트워크의 공유·연관 동작,실행·호출 순서 미검증
VR02,1843:587,1843,587,관련 네트워크의 공유·연관 동작,실행·호출 순서 미검증
VR02,1843:828,1843,828,관련 네트워크의 공유·연관 동작,실행·호출 순서 미검증
VR02,1843:837,1843,837,관련 네트워크의 공유·연관 동작,실행·호출 순서 미검증
VR02,1843:838,1843,838,관련 네트워크의 공유·연관 동작,실행·호출 순서 미검증
VR02,1844:747,1844,747,관련 네트워크의 공유·연관 동작,실행·호출 순서 미검증
VR02,1844:749,1844,749,관련 네트워크의 공유·연관 동작,실행·호출 순서 미검증
VR02,1844:757,1844,757,관련 네트워크의 공유·연관 동작,실행·호출 순서 미검증
VR02,1844:759,1844,759,관련 네트워크의 공유·연관 동작,실행·호출 순서 미검증
VR02,1844:761,1844,761,관련 네트워크의 공유·연관 동작,실행·호출 순서 미검증
VR02,1844:769,1844,769,관련 네트워크의 공유·연관 동작,실행·호출 순서 미검증
VR02,1844:771,1844,771,관련 네트워크의 공유·연관 동작,실행·호출 순서 미검증
VR02,1844:773,1844,773,관련 네트워크의 공유·연관 동작,실행·호출 순서 미검증
VR02,1844:780,1844,780,관련 네트워크의 공유·연관 동작,실행·호출 순서 미검증
VR02,1844:786,1844,786,관련 네트워크의 공유·연관 동작,실행·호출 순서 미검증
VR02,1844:793,1844,793,관련 네트워크의 공유·연관 동작,실행·호출 순서 미검증
VR02,1844:799,1844,799,관련 네트워크의 공유·연관 동작,실행·호출 순서 미검증
VR02,1844:805,1844,805,관련 네트워크의 공유·연관 동작,실행·호출 순서 미검증
VR02,1844:811,1844,811,관련 네트워크의 공유·연관 동작,실행·호출 순서 미검증
VR02,1844:817,1844,817,관련 네트워크의 공유·연관 동작,실행·호출 순서 미검증
VR02,1844:826,1844,826,관련 네트워크의 공유·연관 동작,실행·호출 순서 미검증
VR02,1844:829,1844,829,관련 네트워크의 공유·연관 동작,실행·호출 순서 미검증
VR02,1844:1158,1844,1158,관련 네트워크의 공유·연관 동작,실행·호출 순서 미검증
VR02,1844:1162,1844,1162,관련 네트워크의 공유·연관 동작,실행·호출 순서 미검증
VR02,1844:850,1844,850,관련 네트워크의 공유·연관 동작,실행·호출 순서 미검증
VR02,1844:852,1844,852,설비 태그 명칭 일치 후보,실행·호출 순서 미검증
VR02,1844:854,1844,854,관련 네트워크의 공유·연관 동작,실행·호출 순서 미검증
VR02,1844:864,1844,864,관련 네트워크의 공유·연관 동작,실행·호출 순서 미검증
VR02,1844:867,1844,867,관련 네트워크의 공유·연관 동작,실행·호출 순서 미검증
VR02,1844:878,1844,878,관련 네트워크의 공유·연관 동작,실행·호출 순서 미검증
VR02,1844:881,1844,881,관련 네트워크의 공유·연관 동작,실행·호출 순서 미검증
VR02,1844:889,1844,889,관련 네트워크의 공유·연관 동작,실행·호출 순서 미검증
VR02,1844:896,1844,896,관련 네트워크의 공유·연관 동작,실행·호출 순서 미검증
VR02,1844:898,1844,898,관련 네트워크의 공유·연관 동작,실행·호출 순서 미검증
VR02,1844:912,1844,912,관련 네트워크의 공유·연관 동작,실행·호출 순서 미검증
VR02,1844:917,1844,917,관련 네트워크의 공유·연관 동작,실행·호출 순서 미검증
VR02,1844:922,1844,922,관련 네트워크의 공유·연관 동작,실행·호출 순서 미검증
VR02,1844:925,1844,925,관련 네트워크의 공유·연관 동작,실행·호출 순서 미검증
VR02,1844:931,1844,931,관련 네트워크의 공유·연관 동작,실행·호출 순서 미검증
VR02,1847:891,1847,891,관련 네트워크의 공유·연관 동작,실행·호출 순서 미검증
VR02,1847:893,1847,893,관련 네트워크의 공유·연관 동작,실행·호출 순서 미검증
VR02,1847:897,1847,897,관련 네트워크의 공유·연관 동작,실행·호출 순서 미검증
VR02,1847:905,1847,905,관련 네트워크의 공유·연관 동작,실행·호출 순서 미검증
VR02,1847:907,1847,907,관련 네트워크의 공유·연관 동작,실행·호출 순서 미검증
VR02,1847:909,1847,909,관련 네트워크의 공유·연관 동작,실행·호출 순서 미검증
VR02,1847:917,1847,917,관련 네트워크의 공유·연관 동작,실행·호출 순서 미검증
VR02,1847:919,1847,919,설비 태그 명칭 일치 후보,실행·호출 순서 미검증
VR02,1847:927,1847,927,관련 네트워크의 공유·연관 동작,실행·호출 순서 미검증
VR02,1847:929,1847,929,관련 네트워크의 공유·연관 동작,실행·호출 순서 미검증
VR02,1847:931,1847,931,관련 네트워크의 공유·연관 동작,실행·호출 순서 미검증
VR02,1847:939,1847,939,관련 네트워크의 공유·연관 동작,실행·호출 순서 미검증
VR02,1847:941,1847,941,관련 네트워크의 공유·연관 동작,실행·호출 순서 미검증
VR02,1847:948,1847,948,관련 네트워크의 공유·연관 동작,실행·호출 순서 미검증
VR02,1847:954,1847,954,관련 네트워크의 공유·연관 동작,실행·호출 순서 미검증
VR02,1847:961,1847,961,관련 네트워크의 공유·연관 동작,실행·호출 순서 미검증
VR02,1847:963,1847,963,관련 네트워크의 공유·연관 동작,실행·호출 순서 미검증
VR02,1847:965,1847,965,관련 네트워크의 공유·연관 동작,실행·호출 순서 미검증
VR02,1847:973,1847,973,관련 네트워크의 공유·연관 동작,실행·호출 순서 미검증
VR02,1847:975,1847,975,관련 네트워크의 공유·연관 동작,실행·호출 순서 미검증
VR02,1847:982,1847,982,관련 네트워크의 공유·연관 동작,실행·호출 순서 미검증
VR02,1950:653,1950,653,관련 네트워크의 공유·연관 동작,실행·호출 순서 미검증
VR02,1950:656,1950,656,관련 네트워크의 공유·연관 동작,실행·호출 순서 미검증
VR02,1950:661,1950,661,관련 네트워크의 공유·연관 동작,실행·호출 순서 미검증
VR02,1952:693,1952,693,설비 태그 명칭 일치 후보,실행·호출 순서 미검증
VR02,1952:697,1952,697,관련 심볼 이름과 대상 일치,실행·호출 순서 미검증
VR03,1040:2306,1040,2306,설비 태그 명칭 일치 후보,실행·호출 순서 미검증
VR03,1040:2309,1040,2309,설비 태그 명칭 일치 후보,실행·호출 순서 미검증
VR03,1040:2312,1040,2312,관련 네트워크의 공유·연관 동작,실행·호출 순서 미검증
VR03,1053:3070,1053,3070,관련 네트워크의 공유·연관 동작,실행·호출 순서 미검증
VR03,1053:3073,1053,3073,설비 태그 명칭 일치 후보,실행·호출 순서 미검증
VR03,1053:3076,1053,3076,관련 네트워크의 공유·연관 동작,실행·호출 순서 미검증
VR03,1053:3079,1053,3079,관련 네트워크의 공유·연관 동작,실행·호출 순서 미검증
VR03,1053:3082,1053,3082,관련 네트워크의 공유·연관 동작,실행·호출 순서 미검증
VR03,1085:27,1085,27,관련 네트워크의 공유·연관 동작,실행·호출 순서 미검증
VR03,1085:34,1085,34,관련 네트워크의 공유·연관 동작,실행·호출 순서 미검증
VR03,1085:86,1085,86,관련 네트워크의 공유·연관 동작,실행·호출 순서 미검증
VR03,1085:41,1085,41,관련 네트워크의 공유·연관 동작,실행·호출 순서 미검증
VR03,1085:48,1085,48,관련 네트워크의 공유·연관 동작,실행·호출 순서 미검증
VR03,1085:51,1085,51,관련 네트워크의 공유·연관 동작,실행·호출 순서 미검증
VR03,1085:53,1085,53,설비 태그 명칭 일치 후보,실행·호출 순서 미검증
VR03,1085:55,1085,55,관련 네트워크의 공유·연관 동작,실행·호출 순서 미검증
VR03,1085:57,1085,57,관련 네트워크의 공유·연관 동작,실행·호출 순서 미검증
VR03,1085:83,1085,83,관련 네트워크의 공유·연관 동작,실행·호출 순서 미검증
VR03,1810:1089,1810,1089,관련 네트워크의 공유·연관 동작,실행·호출 순서 미검증
VR03,1810:1095,1810,1095,설비 태그 명칭 일치 후보,실행·호출 순서 미검증
VR03,1810:1100,1810,1100,설비 태그 명칭 일치 후보,실행·호출 순서 미검증
VR03,1843:410,1843,410,관련 네트워크의 공유·연관 동작,실행·호출 순서 미검증
VR03,1843:412,1843,412,관련 네트워크의 공유·연관 동작,실행·호출 순서 미검증
VR03,1843:420,1843,420,설비 태그 명칭 일치 후보,실행·호출 순서 미검증
VR03,1843:422,1843,422,관련 네트워크의 공유·연관 동작,실행·호출 순서 미검증
VR03,1843:424,1843,424,관련 네트워크의 공유·연관 동작,실행·호출 순서 미검증
VR03,1843:432,1843,432,관련 네트워크의 공유·연관 동작,실행·호출 순서 미검증
VR03,1843:434,1843,434,관련 네트워크의 공유·연관 동작,실행·호출 순서 미검증
VR03,1843:436,1843,436,관련 네트워크의 공유·연관 동작,실행·호출 순서 미검증
VR03,1843:443,1843,443,관련 네트워크의 공유·연관 동작,실행·호출 순서 미검증
VR03,1843:449,1843,449,관련 네트워크의 공유·연관 동작,실행·호출 순서 미검증
VR03,1843:456,1843,456,관련 네트워크의 공유·연관 동작,실행·호출 순서 미검증
VR03,1843:458,1843,458,관련 네트워크의 공유·연관 동작,실행·호출 순서 미검증
VR03,1843:460,1843,460,관련 네트워크의 공유·연관 동작,실행·호출 순서 미검증
VR03,1843:462,1843,462,관련 네트워크의 공유·연관 동작,실행·호출 순서 미검증
VR03,1843:469,1843,469,관련 네트워크의 공유·연관 동작,실행·호출 순서 미검증
VR03,1843:478,1843,478,관련 네트워크의 공유·연관 동작,실행·호출 순서 미검증
VR03,1843:481,1843,481,관련 네트워크의 공유·연관 동작,실행·호출 순서 미검증
VR03,1843:492,1843,492,관련 네트워크의 공유·연관 동작,실행·호출 순서 미검증
VR03,1843:102,1843,102,관련 네트워크의 공유·연관 동작,실행·호출 순서 미검증
VR03,1843:495,1843,495,관련 네트워크의 공유·연관 동작,실행·호출 순서 미검증
VR03,1843:500,1843,500,관련 네트워크의 공유·연관 동작,실행·호출 순서 미검증
VR03,1843:506,1843,506,관련 네트워크의 공유·연관 동작,실행·호출 순서 미검증
VR03,1843:34,1843,34,관련 네트워크의 공유·연관 동작,실행·호출 순서 미검증
VR03,1843:513,1843,513,관련 네트워크의 공유·연관 동작,실행·호출 순서 미검증
VR03,1843:515,1843,515,관련 네트워크의 공유·연관 동작,실행·호출 순서 미검증
VR03,1843:517,1843,517,관련 네트워크의 공유·연관 동작,실행·호출 순서 미검증
VR03,1843:527,1843,527,관련 네트워크의 공유·연관 동작,실행·호출 순서 미검증
VR03,1843:530,1843,530,관련 네트워크의 공유·연관 동작,실행·호출 순서 미검증
VR03,1843:539,1843,539,관련 네트워크의 공유·연관 동작,실행·호출 순서 미검증
VR03,1843:545,1843,545,관련 네트워크의 공유·연관 동작,실행·호출 순서 미검증
VR03,1843:552,1843,552,관련 네트워크의 공유·연관 동작,실행·호출 순서 미검증
VR03,1843:554,1843,554,관련 네트워크의 공유·연관 동작,실행·호출 순서 미검증
VR03,1843:568,1843,568,관련 네트워크의 공유·연관 동작,실행·호출 순서 미검증
VR03,1843:573,1843,573,관련 네트워크의 공유·연관 동작,실행·호출 순서 미검증
VR03,1843:578,1843,578,관련 네트워크의 공유·연관 동작,실행·호출 순서 미검증
VR03,1843:581,1843,581,관련 네트워크의 공유·연관 동작,실행·호출 순서 미검증
VR03,1843:587,1843,587,관련 네트워크의 공유·연관 동작,실행·호출 순서 미검증
VR03,1843:828,1843,828,관련 네트워크의 공유·연관 동작,실행·호출 순서 미검증
VR03,1843:837,1843,837,관련 네트워크의 공유·연관 동작,실행·호출 순서 미검증
VR03,1843:838,1843,838,관련 네트워크의 공유·연관 동작,실행·호출 순서 미검증
VR03,1844:747,1844,747,관련 네트워크의 공유·연관 동작,실행·호출 순서 미검증
VR03,1844:749,1844,749,관련 네트워크의 공유·연관 동작,실행·호출 순서 미검증
VR03,1844:757,1844,757,설비 태그 명칭 일치 후보,실행·호출 순서 미검증
VR03,1844:759,1844,759,관련 네트워크의 공유·연관 동작,실행·호출 순서 미검증
VR03,1844:761,1844,761,관련 네트워크의 공유·연관 동작,실행·호출 순서 미검증
VR03,1844:769,1844,769,관련 네트워크의 공유·연관 동작,실행·호출 순서 미검증
VR03,1844:771,1844,771,관련 네트워크의 공유·연관 동작,실행·호출 순서 미검증
VR03,1844:773,1844,773,관련 네트워크의 공유·연관 동작,실행·호출 순서 미검증
VR03,1844:780,1844,780,관련 네트워크의 공유·연관 동작,실행·호출 순서 미검증
VR03,1844:786,1844,786,관련 네트워크의 공유·연관 동작,실행·호출 순서 미검증
VR03,1844:793,1844,793,관련 네트워크의 공유·연관 동작,실행·호출 순서 미검증
VR03,1844:799,1844,799,관련 네트워크의 공유·연관 동작,실행·호출 순서 미검증
VR03,1844:805,1844,805,관련 네트워크의 공유·연관 동작,실행·호출 순서 미검증
VR03,1844:811,1844,811,관련 네트워크의 공유·연관 동작,실행·호출 순서 미검증
VR03,1844:817,1844,817,관련 네트워크의 공유·연관 동작,실행·호출 순서 미검증
VR03,1844:826,1844,826,관련 네트워크의 공유·연관 동작,실행·호출 순서 미검증
VR03,1844:829,1844,829,관련 네트워크의 공유·연관 동작,실행·호출 순서 미검증
VR03,1844:1158,1844,1158,관련 네트워크의 공유·연관 동작,실행·호출 순서 미검증
VR03,1844:1162,1844,1162,관련 네트워크의 공유·연관 동작,실행·호출 순서 미검증
VR03,1844:850,1844,850,관련 네트워크의 공유·연관 동작,실행·호출 순서 미검증
VR03,1844:852,1844,852,관련 네트워크의 공유·연관 동작,실행·호출 순서 미검증
VR03,1844:854,1844,854,관련 네트워크의 공유·연관 동작,실행·호출 순서 미검증
VR03,1844:864,1844,864,관련 네트워크의 공유·연관 동작,실행·호출 순서 미검증
VR03,1844:867,1844,867,관련 네트워크의 공유·연관 동작,실행·호출 순서 미검증
VR03,1844:878,1844,878,관련 네트워크의 공유·연관 동작,실행·호출 순서 미검증
VR03,1844:881,1844,881,관련 네트워크의 공유·연관 동작,실행·호출 순서 미검증
VR03,1844:889,1844,889,관련 네트워크의 공유·연관 동작,실행·호출 순서 미검증
VR03,1844:896,1844,896,관련 네트워크의 공유·연관 동작,실행·호출 순서 미검증
VR03,1844:898,1844,898,관련 네트워크의 공유·연관 동작,실행·호출 순서 미검증
VR03,1844:912,1844,912,관련 네트워크의 공유·연관 동작,실행·호출 순서 미검증
VR03,1844:917,1844,917,관련 네트워크의 공유·연관 동작,실행·호출 순서 미검증
VR03,1844:922,1844,922,관련 네트워크의 공유·연관 동작,실행·호출 순서 미검증
VR03,1844:925,1844,925,관련 네트워크의 공유·연관 동작,실행·호출 순서 미검증
VR03,1844:931,1844,931,관련 네트워크의 공유·연관 동작,실행·호출 순서 미검증
VR03,1847:891,1847,891,관련 네트워크의 공유·연관 동작,실행·호출 순서 미검증
VR03,1847:893,1847,893,관련 네트워크의 공유·연관 동작,실행·호출 순서 미검증
VR03,1847:897,1847,897,관련 네트워크의 공유·연관 동작,실행·호출 순서 미검증
VR03,1847:905,1847,905,관련 네트워크의 공유·연관 동작,실행·호출 순서 미검증
VR03,1847:907,1847,907,관련 네트워크의 공유·연관 동작,실행·호출 순서 미검증
VR03,1847:909,1847,909,관련 네트워크의 공유·연관 동작,실행·호출 순서 미검증
VR03,1847:917,1847,917,관련 네트워크의 공유·연관 동작,실행·호출 순서 미검증
VR03,1847:919,1847,919,관련 네트워크의 공유·연관 동작,실행·호출 순서 미검증
VR03,1847:927,1847,927,관련 네트워크의 공유·연관 동작,실행·호출 순서 미검증
VR03,1847:929,1847,929,관련 네트워크의 공유·연관 동작,실행·호출 순서 미검증
VR03,1847:931,1847,931,관련 네트워크의 공유·연관 동작,실행·호출 순서 미검증
VR03,1847:939,1847,939,관련 네트워크의 공유·연관 동작,실행·호출 순서 미검증
VR03,1847:941,1847,941,관련 네트워크의 공유·연관 동작,실행·호출 순서 미검증
VR03,1847:948,1847,948,관련 네트워크의 공유·연관 동작,실행·호출 순서 미검증
VR03,1847:954,1847,954,관련 네트워크의 공유·연관 동작,실행·호출 순서 미검증
VR03,1847:961,1847,961,설비 태그 명칭 일치 후보,실행·호출 순서 미검증
VR03,1847:963,1847,963,관련 네트워크의 공유·연관 동작,실행·호출 순서 미검증
VR03,1847:965,1847,965,관련 네트워크의 공유·연관 동작,실행·호출 순서 미검증
VR03,1847:973,1847,973,관련 네트워크의 공유·연관 동작,실행·호출 순서 미검증
VR03,1847:975,1847,975,관련 네트워크의 공유·연관 동작,실행·호출 순서 미검증
VR03,1847:982,1847,982,관련 네트워크의 공유·연관 동작,실행·호출 순서 미검증
VR03,1956:795,1956,795,관련 네트워크의 공유·연관 동작,실행·호출 순서 미검증
VR03,1956:799,1956,799,관련 네트워크의 공유·연관 동작,실행·호출 순서 미검증
VR03,1964:982,1964,982,관련 네트워크의 공유·연관 동작,실행·호출 순서 미검증
VR03,1964:985,1964,985,관련 네트워크의 공유·연관 동작,실행·호출 순서 미검증
VR03,1964:990,1964,990,관련 네트워크의 공유·연관 동작,실행·호출 순서 미검증
VR03,1966:1020,1966,1020,설비 태그 명칭 일치 후보,실행·호출 순서 미검증
VR03,1966:1024,1966,1024,관련 심볼 이름과 대상 일치,실행·호출 순서 미검증
VR04,1041:2360,1041,2360,설비 태그 명칭 일치 후보,실행·호출 순서 미검증
VR04,1041:2363,1041,2363,설비 태그 명칭 일치 후보,실행·호출 순서 미검증
VR04,1041:2366,1041,2366,관련 네트워크의 공유·연관 동작,실행·호출 순서 미검증
VR04,1053:3070,1053,3070,관련 네트워크의 공유·연관 동작,실행·호출 순서 미검증
VR04,1053:3073,1053,3073,관련 네트워크의 공유·연관 동작,실행·호출 순서 미검증
VR04,1053:3076,1053,3076,설비 태그 명칭 일치 후보,실행·호출 순서 미검증
VR04,1053:3079,1053,3079,관련 네트워크의 공유·연관 동작,실행·호출 순서 미검증
VR04,1053:3082,1053,3082,관련 네트워크의 공유·연관 동작,실행·호출 순서 미검증
VR04,1085:27,1085,27,관련 네트워크의 공유·연관 동작,실행·호출 순서 미검증
VR04,1085:34,1085,34,관련 네트워크의 공유·연관 동작,실행·호출 순서 미검증
VR04,1085:86,1085,86,관련 네트워크의 공유·연관 동작,실행·호출 순서 미검증
VR04,1085:41,1085,41,관련 네트워크의 공유·연관 동작,실행·호출 순서 미검증
VR04,1085:48,1085,48,관련 네트워크의 공유·연관 동작,실행·호출 순서 미검증
VR04,1085:51,1085,51,관련 네트워크의 공유·연관 동작,실행·호출 순서 미검증
VR04,1085:53,1085,53,관련 네트워크의 공유·연관 동작,실행·호출 순서 미검증
VR04,1085:55,1085,55,설비 태그 명칭 일치 후보,실행·호출 순서 미검증
VR04,1085:57,1085,57,관련 네트워크의 공유·연관 동작,실행·호출 순서 미검증
VR04,1085:83,1085,83,관련 네트워크의 공유·연관 동작,실행·호출 순서 미검증
VR04,1811:1123,1811,1123,관련 네트워크의 공유·연관 동작,실행·호출 순서 미검증
VR04,1811:1129,1811,1129,설비 태그 명칭 일치 후보,실행·호출 순서 미검증
VR04,1811:1134,1811,1134,설비 태그 명칭 일치 후보,실행·호출 순서 미검증
VR04,1843:410,1843,410,관련 네트워크의 공유·연관 동작,실행·호출 순서 미검증
VR04,1843:412,1843,412,관련 네트워크의 공유·연관 동작,실행·호출 순서 미검증
VR04,1843:420,1843,420,관련 네트워크의 공유·연관 동작,실행·호출 순서 미검증
VR04,1843:422,1843,422,설비 태그 명칭 일치 후보,실행·호출 순서 미검증
VR04,1843:424,1843,424,관련 네트워크의 공유·연관 동작,실행·호출 순서 미검증
VR04,1843:432,1843,432,관련 네트워크의 공유·연관 동작,실행·호출 순서 미검증
VR04,1843:434,1843,434,관련 네트워크의 공유·연관 동작,실행·호출 순서 미검증
VR04,1843:436,1843,436,관련 네트워크의 공유·연관 동작,실행·호출 순서 미검증
VR04,1843:443,1843,443,관련 네트워크의 공유·연관 동작,실행·호출 순서 미검증
VR04,1843:449,1843,449,관련 네트워크의 공유·연관 동작,실행·호출 순서 미검증
VR04,1843:456,1843,456,관련 네트워크의 공유·연관 동작,실행·호출 순서 미검증
VR04,1843:458,1843,458,관련 네트워크의 공유·연관 동작,실행·호출 순서 미검증
VR04,1843:460,1843,460,관련 네트워크의 공유·연관 동작,실행·호출 순서 미검증
VR04,1843:462,1843,462,관련 네트워크의 공유·연관 동작,실행·호출 순서 미검증
VR04,1843:469,1843,469,관련 네트워크의 공유·연관 동작,실행·호출 순서 미검증
VR04,1843:478,1843,478,관련 네트워크의 공유·연관 동작,실행·호출 순서 미검증
VR04,1843:481,1843,481,관련 네트워크의 공유·연관 동작,실행·호출 순서 미검증
VR04,1843:492,1843,492,관련 네트워크의 공유·연관 동작,실행·호출 순서 미검증
VR04,1843:102,1843,102,관련 네트워크의 공유·연관 동작,실행·호출 순서 미검증
VR04,1843:495,1843,495,관련 네트워크의 공유·연관 동작,실행·호출 순서 미검증
VR04,1843:500,1843,500,관련 네트워크의 공유·연관 동작,실행·호출 순서 미검증
VR04,1843:506,1843,506,관련 네트워크의 공유·연관 동작,실행·호출 순서 미검증
VR04,1843:34,1843,34,관련 네트워크의 공유·연관 동작,실행·호출 순서 미검증
VR04,1843:513,1843,513,관련 네트워크의 공유·연관 동작,실행·호출 순서 미검증
VR04,1843:515,1843,515,관련 네트워크의 공유·연관 동작,실행·호출 순서 미검증
VR04,1843:517,1843,517,관련 네트워크의 공유·연관 동작,실행·호출 순서 미검증
VR04,1843:527,1843,527,관련 네트워크의 공유·연관 동작,실행·호출 순서 미검증
VR04,1843:530,1843,530,관련 네트워크의 공유·연관 동작,실행·호출 순서 미검증
VR04,1843:539,1843,539,관련 네트워크의 공유·연관 동작,실행·호출 순서 미검증
VR04,1843:545,1843,545,관련 네트워크의 공유·연관 동작,실행·호출 순서 미검증
VR04,1843:552,1843,552,관련 네트워크의 공유·연관 동작,실행·호출 순서 미검증
VR04,1843:554,1843,554,관련 네트워크의 공유·연관 동작,실행·호출 순서 미검증
VR04,1843:568,1843,568,관련 네트워크의 공유·연관 동작,실행·호출 순서 미검증
VR04,1843:573,1843,573,관련 네트워크의 공유·연관 동작,실행·호출 순서 미검증
VR04,1843:578,1843,578,관련 네트워크의 공유·연관 동작,실행·호출 순서 미검증
VR04,1843:581,1843,581,관련 네트워크의 공유·연관 동작,실행·호출 순서 미검증
VR04,1843:587,1843,587,관련 네트워크의 공유·연관 동작,실행·호출 순서 미검증
VR04,1843:828,1843,828,관련 네트워크의 공유·연관 동작,실행·호출 순서 미검증
VR04,1843:837,1843,837,관련 네트워크의 공유·연관 동작,실행·호출 순서 미검증
VR04,1843:838,1843,838,관련 네트워크의 공유·연관 동작,실행·호출 순서 미검증
VR04,1844:747,1844,747,관련 네트워크의 공유·연관 동작,실행·호출 순서 미검증
VR04,1844:749,1844,749,관련 네트워크의 공유·연관 동작,실행·호출 순서 미검증
VR04,1844:757,1844,757,관련 네트워크의 공유·연관 동작,실행·호출 순서 미검증
VR04,1844:759,1844,759,설비 태그 명칭 일치 후보,실행·호출 순서 미검증
VR04,1844:761,1844,761,관련 네트워크의 공유·연관 동작,실행·호출 순서 미검증
VR04,1844:769,1844,769,관련 네트워크의 공유·연관 동작,실행·호출 순서 미검증
VR04,1844:771,1844,771,관련 네트워크의 공유·연관 동작,실행·호출 순서 미검증
VR04,1844:773,1844,773,관련 네트워크의 공유·연관 동작,실행·호출 순서 미검증
VR04,1844:780,1844,780,관련 네트워크의 공유·연관 동작,실행·호출 순서 미검증
VR04,1844:786,1844,786,관련 네트워크의 공유·연관 동작,실행·호출 순서 미검증
VR04,1844:793,1844,793,관련 네트워크의 공유·연관 동작,실행·호출 순서 미검증
VR04,1844:799,1844,799,관련 네트워크의 공유·연관 동작,실행·호출 순서 미검증
VR04,1844:805,1844,805,관련 네트워크의 공유·연관 동작,실행·호출 순서 미검증
VR04,1844:811,1844,811,관련 네트워크의 공유·연관 동작,실행·호출 순서 미검증
VR04,1844:817,1844,817,관련 네트워크의 공유·연관 동작,실행·호출 순서 미검증
VR04,1844:826,1844,826,관련 네트워크의 공유·연관 동작,실행·호출 순서 미검증
VR04,1844:829,1844,829,관련 네트워크의 공유·연관 동작,실행·호출 순서 미검증
VR04,1844:1158,1844,1158,관련 네트워크의 공유·연관 동작,실행·호출 순서 미검증
VR04,1844:1162,1844,1162,관련 네트워크의 공유·연관 동작,실행·호출 순서 미검증
VR04,1844:850,1844,850,관련 네트워크의 공유·연관 동작,실행·호출 순서 미검증
VR04,1844:852,1844,852,관련 네트워크의 공유·연관 동작,실행·호출 순서 미검증
VR04,1844:854,1844,854,관련 네트워크의 공유·연관 동작,실행·호출 순서 미검증
VR04,1844:864,1844,864,관련 네트워크의 공유·연관 동작,실행·호출 순서 미검증
VR04,1844:867,1844,867,관련 네트워크의 공유·연관 동작,실행·호출 순서 미검증
VR04,1844:878,1844,878,관련 네트워크의 공유·연관 동작,실행·호출 순서 미검증
VR04,1844:881,1844,881,관련 네트워크의 공유·연관 동작,실행·호출 순서 미검증
VR04,1844:889,1844,889,관련 네트워크의 공유·연관 동작,실행·호출 순서 미검증
VR04,1844:896,1844,896,관련 네트워크의 공유·연관 동작,실행·호출 순서 미검증
VR04,1844:898,1844,898,관련 네트워크의 공유·연관 동작,실행·호출 순서 미검증
VR04,1844:912,1844,912,관련 네트워크의 공유·연관 동작,실행·호출 순서 미검증
VR04,1844:917,1844,917,관련 네트워크의 공유·연관 동작,실행·호출 순서 미검증
VR04,1844:922,1844,922,관련 네트워크의 공유·연관 동작,실행·호출 순서 미검증
VR04,1844:925,1844,925,관련 네트워크의 공유·연관 동작,실행·호출 순서 미검증
VR04,1844:931,1844,931,관련 네트워크의 공유·연관 동작,실행·호출 순서 미검증
VR04,1847:891,1847,891,관련 네트워크의 공유·연관 동작,실행·호출 순서 미검증
VR04,1847:893,1847,893,관련 네트워크의 공유·연관 동작,실행·호출 순서 미검증
VR04,1847:897,1847,897,관련 네트워크의 공유·연관 동작,실행·호출 순서 미검증
VR04,1847:905,1847,905,관련 네트워크의 공유·연관 동작,실행·호출 순서 미검증
VR04,1847:907,1847,907,관련 네트워크의 공유·연관 동작,실행·호출 순서 미검증
VR04,1847:909,1847,909,관련 네트워크의 공유·연관 동작,실행·호출 순서 미검증
VR04,1847:917,1847,917,관련 네트워크의 공유·연관 동작,실행·호출 순서 미검증
VR04,1847:919,1847,919,관련 네트워크의 공유·연관 동작,실행·호출 순서 미검증
VR04,1847:927,1847,927,관련 네트워크의 공유·연관 동작,실행·호출 순서 미검증
VR04,1847:929,1847,929,관련 네트워크의 공유·연관 동작,실행·호출 순서 미검증
VR04,1847:931,1847,931,관련 네트워크의 공유·연관 동작,실행·호출 순서 미검증
VR04,1847:939,1847,939,관련 네트워크의 공유·연관 동작,실행·호출 순서 미검증
VR04,1847:941,1847,941,관련 네트워크의 공유·연관 동작,실행·호출 순서 미검증
VR04,1847:948,1847,948,관련 네트워크의 공유·연관 동작,실행·호출 순서 미검증
VR04,1847:954,1847,954,관련 네트워크의 공유·연관 동작,실행·호출 순서 미검증
VR04,1847:961,1847,961,관련 네트워크의 공유·연관 동작,실행·호출 순서 미검증
VR04,1847:963,1847,963,설비 태그 명칭 일치 후보,실행·호출 순서 미검증
VR04,1847:965,1847,965,관련 네트워크의 공유·연관 동작,실행·호출 순서 미검증
VR04,1847:973,1847,973,관련 네트워크의 공유·연관 동작,실행·호출 순서 미검증
VR04,1847:975,1847,975,관련 네트워크의 공유·연관 동작,실행·호출 순서 미검증
VR04,1847:982,1847,982,관련 네트워크의 공유·연관 동작,실행·호출 순서 미검증
VR04,1886:27,1886,27,관련 네트워크의 공유·연관 동작,실행·호출 순서 미검증
VR04,1886:74,1886,74,관련 네트워크의 공유·연관 동작,실행·호출 순서 미검증
VR04,1886:33,1886,33,관련 네트워크의 공유·연관 동작,실행·호출 순서 미검증
VR04,1886:78,1886,78,관련 네트워크의 공유·연관 동작,실행·호출 순서 미검증
VR04,1962:916,1962,916,관련 네트워크의 공유·연관 동작,실행·호출 순서 미검증
VR04,1962:920,1962,920,관련 네트워크의 공유·연관 동작,실행·호출 순서 미검증
VR04,1964:982,1964,982,관련 네트워크의 공유·연관 동작,실행·호출 순서 미검증
VR04,1964:985,1964,985,관련 네트워크의 공유·연관 동작,실행·호출 순서 미검증
VR04,1964:990,1964,990,관련 네트워크의 공유·연관 동작,실행·호출 순서 미검증
VR04,1967:1036,1967,1036,설비 태그 명칭 일치 후보,실행·호출 순서 미검증
VR04,1967:1040,1967,1040,관련 심볼 이름과 대상 일치,실행·호출 순서 미검증
VR05,1042:2414,1042,2414,설비 태그 명칭 일치 후보,실행·호출 순서 미검증
VR05,1042:2417,1042,2417,설비 태그 명칭 일치 후보,실행·호출 순서 미검증
VR05,1042:2420,1042,2420,관련 네트워크의 공유·연관 동작,실행·호출 순서 미검증
VR05,1053:3070,1053,3070,관련 네트워크의 공유·연관 동작,실행·호출 순서 미검증
VR05,1053:3073,1053,3073,관련 네트워크의 공유·연관 동작,실행·호출 순서 미검증
VR05,1053:3076,1053,3076,관련 네트워크의 공유·연관 동작,실행·호출 순서 미검증
VR05,1053:3079,1053,3079,설비 태그 명칭 일치 후보,실행·호출 순서 미검증
VR05,1053:3082,1053,3082,관련 네트워크의 공유·연관 동작,실행·호출 순서 미검증
VR05,1085:27,1085,27,관련 네트워크의 공유·연관 동작,실행·호출 순서 미검증
VR05,1085:34,1085,34,관련 네트워크의 공유·연관 동작,실행·호출 순서 미검증
VR05,1085:86,1085,86,관련 네트워크의 공유·연관 동작,실행·호출 순서 미검증
VR05,1085:41,1085,41,관련 네트워크의 공유·연관 동작,실행·호출 순서 미검증
VR05,1085:48,1085,48,관련 네트워크의 공유·연관 동작,실행·호출 순서 미검증
VR05,1085:51,1085,51,관련 네트워크의 공유·연관 동작,실행·호출 순서 미검증
VR05,1085:53,1085,53,관련 네트워크의 공유·연관 동작,실행·호출 순서 미검증
VR05,1085:55,1085,55,관련 네트워크의 공유·연관 동작,실행·호출 순서 미검증
VR05,1085:57,1085,57,설비 태그 명칭 일치 후보,실행·호출 순서 미검증
VR05,1085:83,1085,83,관련 네트워크의 공유·연관 동작,실행·호출 순서 미검증
VR05,1812:1157,1812,1157,관련 네트워크의 공유·연관 동작,실행·호출 순서 미검증
VR05,1812:1163,1812,1163,설비 태그 명칭 일치 후보,실행·호출 순서 미검증
VR05,1812:1168,1812,1168,설비 태그 명칭 일치 후보,실행·호출 순서 미검증
VR05,1843:410,1843,410,관련 네트워크의 공유·연관 동작,실행·호출 순서 미검증
VR05,1843:412,1843,412,관련 네트워크의 공유·연관 동작,실행·호출 순서 미검증
VR05,1843:420,1843,420,관련 네트워크의 공유·연관 동작,실행·호출 순서 미검증
VR05,1843:422,1843,422,관련 네트워크의 공유·연관 동작,실행·호출 순서 미검증
VR05,1843:424,1843,424,설비 태그 명칭 일치 후보,실행·호출 순서 미검증
VR05,1843:432,1843,432,관련 네트워크의 공유·연관 동작,실행·호출 순서 미검증
VR05,1843:434,1843,434,관련 네트워크의 공유·연관 동작,실행·호출 순서 미검증
VR05,1843:436,1843,436,관련 네트워크의 공유·연관 동작,실행·호출 순서 미검증
VR05,1843:443,1843,443,관련 네트워크의 공유·연관 동작,실행·호출 순서 미검증
VR05,1843:449,1843,449,관련 네트워크의 공유·연관 동작,실행·호출 순서 미검증
VR05,1843:456,1843,456,관련 네트워크의 공유·연관 동작,실행·호출 순서 미검증
VR05,1843:458,1843,458,관련 네트워크의 공유·연관 동작,실행·호출 순서 미검증
VR05,1843:460,1843,460,관련 네트워크의 공유·연관 동작,실행·호출 순서 미검증
VR05,1843:462,1843,462,관련 네트워크의 공유·연관 동작,실행·호출 순서 미검증
VR05,1843:469,1843,469,관련 네트워크의 공유·연관 동작,실행·호출 순서 미검증
VR05,1843:478,1843,478,관련 네트워크의 공유·연관 동작,실행·호출 순서 미검증
VR05,1843:481,1843,481,관련 네트워크의 공유·연관 동작,실행·호출 순서 미검증
VR05,1843:492,1843,492,관련 네트워크의 공유·연관 동작,실행·호출 순서 미검증
VR05,1843:102,1843,102,관련 네트워크의 공유·연관 동작,실행·호출 순서 미검증
VR05,1843:495,1843,495,관련 네트워크의 공유·연관 동작,실행·호출 순서 미검증
VR05,1843:500,1843,500,관련 네트워크의 공유·연관 동작,실행·호출 순서 미검증
VR05,1843:506,1843,506,관련 네트워크의 공유·연관 동작,실행·호출 순서 미검증
VR05,1843:34,1843,34,관련 네트워크의 공유·연관 동작,실행·호출 순서 미검증
VR05,1843:513,1843,513,관련 네트워크의 공유·연관 동작,실행·호출 순서 미검증
VR05,1843:515,1843,515,관련 네트워크의 공유·연관 동작,실행·호출 순서 미검증
VR05,1843:517,1843,517,관련 네트워크의 공유·연관 동작,실행·호출 순서 미검증
VR05,1843:527,1843,527,관련 네트워크의 공유·연관 동작,실행·호출 순서 미검증
VR05,1843:530,1843,530,관련 네트워크의 공유·연관 동작,실행·호출 순서 미검증
VR05,1843:539,1843,539,관련 네트워크의 공유·연관 동작,실행·호출 순서 미검증
VR05,1843:545,1843,545,관련 네트워크의 공유·연관 동작,실행·호출 순서 미검증
VR05,1843:552,1843,552,관련 네트워크의 공유·연관 동작,실행·호출 순서 미검증
VR05,1843:554,1843,554,관련 네트워크의 공유·연관 동작,실행·호출 순서 미검증
VR05,1843:568,1843,568,관련 네트워크의 공유·연관 동작,실행·호출 순서 미검증
VR05,1843:573,1843,573,관련 네트워크의 공유·연관 동작,실행·호출 순서 미검증
VR05,1843:578,1843,578,관련 네트워크의 공유·연관 동작,실행·호출 순서 미검증
VR05,1843:581,1843,581,관련 네트워크의 공유·연관 동작,실행·호출 순서 미검증
VR05,1843:587,1843,587,관련 네트워크의 공유·연관 동작,실행·호출 순서 미검증
VR05,1843:828,1843,828,관련 네트워크의 공유·연관 동작,실행·호출 순서 미검증
VR05,1843:837,1843,837,관련 네트워크의 공유·연관 동작,실행·호출 순서 미검증
VR05,1843:838,1843,838,관련 네트워크의 공유·연관 동작,실행·호출 순서 미검증
VR05,1844:747,1844,747,관련 네트워크의 공유·연관 동작,실행·호출 순서 미검증
VR05,1844:749,1844,749,관련 네트워크의 공유·연관 동작,실행·호출 순서 미검증
VR05,1844:757,1844,757,관련 네트워크의 공유·연관 동작,실행·호출 순서 미검증
VR05,1844:759,1844,759,관련 네트워크의 공유·연관 동작,실행·호출 순서 미검증
VR05,1844:761,1844,761,설비 태그 명칭 일치 후보,실행·호출 순서 미검증
VR05,1844:769,1844,769,관련 네트워크의 공유·연관 동작,실행·호출 순서 미검증
VR05,1844:771,1844,771,관련 네트워크의 공유·연관 동작,실행·호출 순서 미검증
VR05,1844:773,1844,773,관련 네트워크의 공유·연관 동작,실행·호출 순서 미검증
VR05,1844:780,1844,780,관련 네트워크의 공유·연관 동작,실행·호출 순서 미검증
VR05,1844:786,1844,786,관련 네트워크의 공유·연관 동작,실행·호출 순서 미검증
VR05,1844:793,1844,793,관련 네트워크의 공유·연관 동작,실행·호출 순서 미검증
VR05,1844:799,1844,799,관련 네트워크의 공유·연관 동작,실행·호출 순서 미검증
VR05,1844:805,1844,805,관련 네트워크의 공유·연관 동작,실행·호출 순서 미검증
VR05,1844:811,1844,811,관련 네트워크의 공유·연관 동작,실행·호출 순서 미검증
VR05,1844:817,1844,817,관련 네트워크의 공유·연관 동작,실행·호출 순서 미검증
VR05,1844:826,1844,826,관련 네트워크의 공유·연관 동작,실행·호출 순서 미검증
VR05,1844:829,1844,829,관련 네트워크의 공유·연관 동작,실행·호출 순서 미검증
VR05,1844:1158,1844,1158,관련 네트워크의 공유·연관 동작,실행·호출 순서 미검증
VR05,1844:1162,1844,1162,관련 네트워크의 공유·연관 동작,실행·호출 순서 미검증
VR05,1844:850,1844,850,관련 네트워크의 공유·연관 동작,실행·호출 순서 미검증
VR05,1844:852,1844,852,관련 네트워크의 공유·연관 동작,실행·호출 순서 미검증
VR05,1844:854,1844,854,관련 네트워크의 공유·연관 동작,실행·호출 순서 미검증
VR05,1844:864,1844,864,관련 네트워크의 공유·연관 동작,실행·호출 순서 미검증
VR05,1844:867,1844,867,관련 네트워크의 공유·연관 동작,실행·호출 순서 미검증
VR05,1844:878,1844,878,관련 네트워크의 공유·연관 동작,실행·호출 순서 미검증
VR05,1844:881,1844,881,관련 네트워크의 공유·연관 동작,실행·호출 순서 미검증
VR05,1844:889,1844,889,관련 네트워크의 공유·연관 동작,실행·호출 순서 미검증
VR05,1844:896,1844,896,관련 네트워크의 공유·연관 동작,실행·호출 순서 미검증
VR05,1844:898,1844,898,관련 네트워크의 공유·연관 동작,실행·호출 순서 미검증
VR05,1844:912,1844,912,관련 네트워크의 공유·연관 동작,실행·호출 순서 미검증
VR05,1844:917,1844,917,관련 네트워크의 공유·연관 동작,실행·호출 순서 미검증
VR05,1844:922,1844,922,관련 네트워크의 공유·연관 동작,실행·호출 순서 미검증
VR05,1844:925,1844,925,관련 네트워크의 공유·연관 동작,실행·호출 순서 미검증
VR05,1844:931,1844,931,관련 네트워크의 공유·연관 동작,실행·호출 순서 미검증
VR05,1847:891,1847,891,관련 네트워크의 공유·연관 동작,실행·호출 순서 미검증
VR05,1847:893,1847,893,관련 네트워크의 공유·연관 동작,실행·호출 순서 미검증
VR05,1847:897,1847,897,관련 네트워크의 공유·연관 동작,실행·호출 순서 미검증
VR05,1847:905,1847,905,관련 네트워크의 공유·연관 동작,실행·호출 순서 미검증
VR05,1847:907,1847,907,관련 네트워크의 공유·연관 동작,실행·호출 순서 미검증
VR05,1847:909,1847,909,관련 네트워크의 공유·연관 동작,실행·호출 순서 미검증
VR05,1847:917,1847,917,관련 네트워크의 공유·연관 동작,실행·호출 순서 미검증
VR05,1847:919,1847,919,관련 네트워크의 공유·연관 동작,실행·호출 순서 미검증
VR05,1847:927,1847,927,관련 네트워크의 공유·연관 동작,실행·호출 순서 미검증
VR05,1847:929,1847,929,관련 네트워크의 공유·연관 동작,실행·호출 순서 미검증
VR05,1847:931,1847,931,관련 네트워크의 공유·연관 동작,실행·호출 순서 미검증
VR05,1847:939,1847,939,관련 네트워크의 공유·연관 동작,실행·호출 순서 미검증
VR05,1847:941,1847,941,관련 네트워크의 공유·연관 동작,실행·호출 순서 미검증
VR05,1847:948,1847,948,관련 네트워크의 공유·연관 동작,실행·호출 순서 미검증
VR05,1847:954,1847,954,관련 네트워크의 공유·연관 동작,실행·호출 순서 미검증
VR05,1847:961,1847,961,관련 네트워크의 공유·연관 동작,실행·호출 순서 미검증
VR05,1847:963,1847,963,관련 네트워크의 공유·연관 동작,실행·호출 순서 미검증
VR05,1847:965,1847,965,설비 태그 명칭 일치 후보,실행·호출 순서 미검증
VR05,1847:973,1847,973,관련 네트워크의 공유·연관 동작,실행·호출 순서 미검증
VR05,1847:975,1847,975,관련 네트워크의 공유·연관 동작,실행·호출 순서 미검증
VR05,1847:982,1847,982,관련 네트워크의 공유·연관 동작,실행·호출 순서 미검증
VR05,1886:27,1886,27,관련 네트워크의 공유·연관 동작,실행·호출 순서 미검증
VR05,1886:74,1886,74,관련 네트워크의 공유·연관 동작,실행·호출 순서 미검증
VR05,1886:33,1886,33,관련 네트워크의 공유·연관 동작,실행·호출 순서 미검증
VR05,1886:78,1886,78,관련 네트워크의 공유·연관 동작,실행·호출 순서 미검증
VR05,1963:939,1963,939,관련 네트워크의 공유·연관 동작,실행·호출 순서 미검증
VR05,1963:943,1963,943,관련 네트워크의 공유·연관 동작,실행·호출 순서 미검증
VR05,1964:982,1964,982,관련 네트워크의 공유·연관 동작,실행·호출 순서 미검증
VR05,1964:985,1964,985,관련 네트워크의 공유·연관 동작,실행·호출 순서 미검증
VR05,1964:990,1964,990,관련 네트워크의 공유·연관 동작,실행·호출 순서 미검증
VR05,1968:1052,1968,1052,설비 태그 명칭 일치 후보,실행·호출 순서 미검증
VR05,1968:1056,1968,1056,관련 심볼 이름과 대상 일치,실행·호출 순서 미검증
VR06,1043:2468,1043,2468,설비 태그 명칭 일치 후보,실행·호출 순서 미검증
VR06,1043:2471,1043,2471,설비 태그 명칭 일치 후보,실행·호출 순서 미검증
VR06,1043:2474,1043,2474,관련 네트워크의 공유·연관 동작,실행·호출 순서 미검증
VR06,1053:3070,1053,3070,관련 네트워크의 공유·연관 동작,실행·호출 순서 미검증
VR06,1053:3073,1053,3073,관련 네트워크의 공유·연관 동작,실행·호출 순서 미검증
VR06,1053:3076,1053,3076,관련 네트워크의 공유·연관 동작,실행·호출 순서 미검증
VR06,1053:3079,1053,3079,관련 네트워크의 공유·연관 동작,실행·호출 순서 미검증
VR06,1053:3082,1053,3082,설비 태그 명칭 일치 후보,실행·호출 순서 미검증
VR06,1085:27,1085,27,관련 네트워크의 공유·연관 동작,실행·호출 순서 미검증
VR06,1085:34,1085,34,관련 네트워크의 공유·연관 동작,실행·호출 순서 미검증
VR06,1085:86,1085,86,관련 네트워크의 공유·연관 동작,실행·호출 순서 미검증
VR06,1085:41,1085,41,관련 네트워크의 공유·연관 동작,실행·호출 순서 미검증
VR06,1085:48,1085,48,관련 네트워크의 공유·연관 동작,실행·호출 순서 미검증
VR06,1085:51,1085,51,관련 네트워크의 공유·연관 동작,실행·호출 순서 미검증
VR06,1085:53,1085,53,관련 네트워크의 공유·연관 동작,실행·호출 순서 미검증
VR06,1085:55,1085,55,관련 네트워크의 공유·연관 동작,실행·호출 순서 미검증
VR06,1085:57,1085,57,관련 네트워크의 공유·연관 동작,실행·호출 순서 미검증
VR06,1085:83,1085,83,설비 태그 명칭 일치 후보,실행·호출 순서 미검증
VR06,1813:1191,1813,1191,관련 네트워크의 공유·연관 동작,실행·호출 순서 미검증
VR06,1813:1197,1813,1197,설비 태그 명칭 일치 후보,실행·호출 순서 미검증
VR06,1813:1202,1813,1202,설비 태그 명칭 일치 후보,실행·호출 순서 미검증
VR06,1958:836,1958,836,관련 네트워크의 공유·연관 동작,실행·호출 순서 미검증
VR06,1958:841,1958,841,관련 네트워크의 공유·연관 동작,실행·호출 순서 미검증
VR06,1961:891,1961,891,관련 네트워크의 공유·연관 동작,실행·호출 순서 미검증
VR06,1961:900,1961,900,관련 네트워크의 공유·연관 동작,실행·호출 순서 미검증
VR06,1969:1079,1969,1079,설비 태그 명칭 일치 후보,실행·호출 순서 미검증
VR06,1969:1083,1969,1083,관련 심볼 이름과 대상 일치,실행·호출 순서 미검증
SC01,1033:1928,1033,1928,설비 태그 명칭 일치 후보,실행·호출 순서 미검증
SC01,1033:1931,1033,1931,설비 태그 명칭 일치 후보,실행·호출 순서 미검증
SC01,1033:1934,1033,1934,관련 네트워크의 공유·연관 동작,실행·호출 순서 미검증
SC01,1051:2946,1051,2946,관련 네트워크의 공유·연관 동작,실행·호출 순서 미검증
SC01,1051:2949,1051,2949,관련 네트워크의 공유·연관 동작,실행·호출 순서 미검증
SC01,1051:2952,1051,2952,관련 네트워크의 공유·연관 동작,실행·호출 순서 미검증
SC01,1051:2955,1051,2955,관련 네트워크의 공유·연관 동작,실행·호출 순서 미검증
SC01,1051:2958,1051,2958,설비 태그 명칭 일치 후보,실행·호출 순서 미검증
SC01,1084:27,1084,27,관련 네트워크의 공유·연관 동작,실행·호출 순서 미검증
SC01,1084:34,1084,34,관련 네트워크의 공유·연관 동작,실행·호출 순서 미검증
SC01,1084:41,1084,41,관련 네트워크의 공유·연관 동작,실행·호출 순서 미검증
SC01,1084:44,1084,44,관련 네트워크의 공유·연관 동작,실행·호출 순서 미검증
SC01,1084:46,1084,46,관련 네트워크의 공유·연관 동작,실행·호출 순서 미검증
SC01,1084:48,1084,48,관련 네트워크의 공유·연관 동작,실행·호출 순서 미검증
SC01,1084:69,1084,69,관련 네트워크의 공유·연관 동작,실행·호출 순서 미검증
SC01,1084:76,1084,76,설비 태그 명칭 일치 후보,실행·호출 순서 미검증
SC01,1803:851,1803,851,관련 네트워크의 공유·연관 동작,실행·호출 순서 미검증
SC01,1803:857,1803,857,설비 태그 명칭 일치 후보,실행·호출 순서 미검증
SC01,1803:862,1803,862,설비 태그 명칭 일치 후보,실행·호출 순서 미검증
SC01,1843:410,1843,410,관련 네트워크의 공유·연관 동작,실행·호출 순서 미검증
SC01,1843:412,1843,412,관련 네트워크의 공유·연관 동작,실행·호출 순서 미검증
SC01,1843:420,1843,420,관련 네트워크의 공유·연관 동작,실행·호출 순서 미검증
SC01,1843:422,1843,422,관련 네트워크의 공유·연관 동작,실행·호출 순서 미검증
SC01,1843:424,1843,424,관련 네트워크의 공유·연관 동작,실행·호출 순서 미검증
SC01,1843:432,1843,432,설비 태그 명칭 일치 후보,실행·호출 순서 미검증
SC01,1843:434,1843,434,관련 네트워크의 공유·연관 동작,실행·호출 순서 미검증
SC01,1843:436,1843,436,관련 네트워크의 공유·연관 동작,실행·호출 순서 미검증
SC01,1843:443,1843,443,관련 네트워크의 공유·연관 동작,실행·호출 순서 미검증
SC01,1843:449,1843,449,관련 네트워크의 공유·연관 동작,실행·호출 순서 미검증
SC01,1843:456,1843,456,관련 네트워크의 공유·연관 동작,실행·호출 순서 미검증
SC01,1843:458,1843,458,관련 네트워크의 공유·연관 동작,실행·호출 순서 미검증
SC01,1843:460,1843,460,관련 네트워크의 공유·연관 동작,실행·호출 순서 미검증
SC01,1843:462,1843,462,관련 네트워크의 공유·연관 동작,실행·호출 순서 미검증
SC01,1843:469,1843,469,관련 네트워크의 공유·연관 동작,실행·호출 순서 미검증
SC01,1843:478,1843,478,관련 네트워크의 공유·연관 동작,실행·호출 순서 미검증
SC01,1843:481,1843,481,관련 네트워크의 공유·연관 동작,실행·호출 순서 미검증
SC01,1843:492,1843,492,관련 네트워크의 공유·연관 동작,실행·호출 순서 미검증
SC01,1843:102,1843,102,관련 네트워크의 공유·연관 동작,실행·호출 순서 미검증
SC01,1843:495,1843,495,관련 네트워크의 공유·연관 동작,실행·호출 순서 미검증
SC01,1843:500,1843,500,관련 네트워크의 공유·연관 동작,실행·호출 순서 미검증
SC01,1843:506,1843,506,관련 네트워크의 공유·연관 동작,실행·호출 순서 미검증
SC01,1843:34,1843,34,관련 네트워크의 공유·연관 동작,실행·호출 순서 미검증
SC01,1843:513,1843,513,관련 네트워크의 공유·연관 동작,실행·호출 순서 미검증
SC01,1843:515,1843,515,관련 네트워크의 공유·연관 동작,실행·호출 순서 미검증
SC01,1843:517,1843,517,관련 네트워크의 공유·연관 동작,실행·호출 순서 미검증
SC01,1843:527,1843,527,관련 네트워크의 공유·연관 동작,실행·호출 순서 미검증
SC01,1843:530,1843,530,관련 네트워크의 공유·연관 동작,실행·호출 순서 미검증
SC01,1843:539,1843,539,관련 네트워크의 공유·연관 동작,실행·호출 순서 미검증
SC01,1843:545,1843,545,관련 네트워크의 공유·연관 동작,실행·호출 순서 미검증
SC01,1843:552,1843,552,관련 네트워크의 공유·연관 동작,실행·호출 순서 미검증
SC01,1843:554,1843,554,관련 네트워크의 공유·연관 동작,실행·호출 순서 미검증
SC01,1843:568,1843,568,관련 네트워크의 공유·연관 동작,실행·호출 순서 미검증
SC01,1843:573,1843,573,관련 네트워크의 공유·연관 동작,실행·호출 순서 미검증
SC01,1843:578,1843,578,관련 네트워크의 공유·연관 동작,실행·호출 순서 미검증
SC01,1843:581,1843,581,관련 네트워크의 공유·연관 동작,실행·호출 순서 미검증
SC01,1843:587,1843,587,관련 네트워크의 공유·연관 동작,실행·호출 순서 미검증
SC01,1843:828,1843,828,관련 네트워크의 공유·연관 동작,실행·호출 순서 미검증
SC01,1843:837,1843,837,관련 네트워크의 공유·연관 동작,실행·호출 순서 미검증
SC01,1843:838,1843,838,관련 네트워크의 공유·연관 동작,실행·호출 순서 미검증
SC01,1844:747,1844,747,관련 네트워크의 공유·연관 동작,실행·호출 순서 미검증
SC01,1844:749,1844,749,관련 네트워크의 공유·연관 동작,실행·호출 순서 미검증
SC01,1844:757,1844,757,관련 네트워크의 공유·연관 동작,실행·호출 순서 미검증
SC01,1844:759,1844,759,관련 네트워크의 공유·연관 동작,실행·호출 순서 미검증
SC01,1844:761,1844,761,관련 네트워크의 공유·연관 동작,실행·호출 순서 미검증
SC01,1844:769,1844,769,설비 태그 명칭 일치 후보,실행·호출 순서 미검증
SC01,1844:771,1844,771,관련 네트워크의 공유·연관 동작,실행·호출 순서 미검증
SC01,1844:773,1844,773,관련 네트워크의 공유·연관 동작,실행·호출 순서 미검증
SC01,1844:780,1844,780,관련 네트워크의 공유·연관 동작,실행·호출 순서 미검증
SC01,1844:786,1844,786,관련 네트워크의 공유·연관 동작,실행·호출 순서 미검증
SC01,1844:793,1844,793,관련 네트워크의 공유·연관 동작,실행·호출 순서 미검증
SC01,1844:799,1844,799,관련 네트워크의 공유·연관 동작,실행·호출 순서 미검증
SC01,1844:805,1844,805,관련 네트워크의 공유·연관 동작,실행·호출 순서 미검증
SC01,1844:811,1844,811,관련 네트워크의 공유·연관 동작,실행·호출 순서 미검증
SC01,1844:817,1844,817,관련 네트워크의 공유·연관 동작,실행·호출 순서 미검증
SC01,1844:826,1844,826,관련 네트워크의 공유·연관 동작,실행·호출 순서 미검증
SC01,1844:829,1844,829,관련 네트워크의 공유·연관 동작,실행·호출 순서 미검증
SC01,1844:1158,1844,1158,관련 네트워크의 공유·연관 동작,실행·호출 순서 미검증
SC01,1844:1162,1844,1162,관련 네트워크의 공유·연관 동작,실행·호출 순서 미검증
SC01,1844:850,1844,850,관련 네트워크의 공유·연관 동작,실행·호출 순서 미검증
SC01,1844:852,1844,852,관련 네트워크의 공유·연관 동작,실행·호출 순서 미검증
SC01,1844:854,1844,854,관련 네트워크의 공유·연관 동작,실행·호출 순서 미검증
SC01,1844:864,1844,864,관련 네트워크의 공유·연관 동작,실행·호출 순서 미검증
SC01,1844:867,1844,867,관련 네트워크의 공유·연관 동작,실행·호출 순서 미검증
SC01,1844:878,1844,878,관련 네트워크의 공유·연관 동작,실행·호출 순서 미검증
SC01,1844:881,1844,881,관련 네트워크의 공유·연관 동작,실행·호출 순서 미검증
SC01,1844:889,1844,889,관련 네트워크의 공유·연관 동작,실행·호출 순서 미검증
SC01,1844:896,1844,896,관련 네트워크의 공유·연관 동작,실행·호출 순서 미검증
SC01,1844:898,1844,898,관련 네트워크의 공유·연관 동작,실행·호출 순서 미검증
SC01,1844:912,1844,912,관련 네트워크의 공유·연관 동작,실행·호출 순서 미검증
SC01,1844:917,1844,917,관련 네트워크의 공유·연관 동작,실행·호출 순서 미검증
SC01,1844:922,1844,922,관련 네트워크의 공유·연관 동작,실행·호출 순서 미검증
SC01,1844:925,1844,925,관련 네트워크의 공유·연관 동작,실행·호출 순서 미검증
SC01,1844:931,1844,931,관련 네트워크의 공유·연관 동작,실행·호출 순서 미검증
SC01,1956:795,1956,795,설비 태그 명칭 일치 후보,실행·호출 순서 미검증
SC01,1956:799,1956,799,관련 심볼 이름과 대상 일치,실행·호출 순서 미검증
SC01,1964:982,1964,982,관련 네트워크의 공유·연관 동작,실행·호출 순서 미검증
SC01,1964:985,1964,985,관련 네트워크의 공유·연관 동작,실행·호출 순서 미검증
SC01,1964:990,1964,990,관련 네트워크의 공유·연관 동작,실행·호출 순서 미검증
SC10,1037:2144,1037,2144,설비 태그 명칭 일치 후보,실행·호출 순서 미검증
SC10,1037:2147,1037,2147,설비 태그 명칭 일치 후보,실행·호출 순서 미검증
SC10,1037:2150,1037,2150,관련 네트워크의 공유·연관 동작,실행·호출 순서 미검증
SC10,1052:3008,1052,3008,관련 네트워크의 공유·연관 동작,실행·호출 순서 미검증
SC10,1052:3011,1052,3011,관련 네트워크의 공유·연관 동작,실행·호출 순서 미검증
SC10,1052:3014,1052,3014,관련 네트워크의 공유·연관 동작,실행·호출 순서 미검증
SC10,1052:3017,1052,3017,설비 태그 명칭 일치 후보,실행·호출 순서 미검증
SC10,1052:3020,1052,3020,관련 네트워크의 공유·연관 동작,실행·호출 순서 미검증
SC10,1085:27,1085,27,관련 네트워크의 공유·연관 동작,실행·호출 순서 미검증
SC10,1085:34,1085,34,관련 네트워크의 공유·연관 동작,실행·호출 순서 미검증
SC10,1085:86,1085,86,관련 네트워크의 공유·연관 동작,실행·호출 순서 미검증
SC10,1085:41,1085,41,설비 태그 명칭 일치 후보,실행·호출 순서 미검증
SC10,1085:48,1085,48,관련 네트워크의 공유·연관 동작,실행·호출 순서 미검증
SC10,1085:51,1085,51,관련 네트워크의 공유·연관 동작,실행·호출 순서 미검증
SC10,1085:53,1085,53,관련 네트워크의 공유·연관 동작,실행·호출 순서 미검증
SC10,1085:55,1085,55,관련 네트워크의 공유·연관 동작,실행·호출 순서 미검증
SC10,1085:57,1085,57,관련 네트워크의 공유·연관 동작,실행·호출 순서 미검증
SC10,1085:83,1085,83,관련 네트워크의 공유·연관 동작,실행·호출 순서 미검증
SC10,1807:987,1807,987,관련 네트워크의 공유·연관 동작,실행·호출 순서 미검증
SC10,1807:993,1807,993,설비 태그 명칭 일치 후보,실행·호출 순서 미검증
SC10,1807:998,1807,998,설비 태그 명칭 일치 후보,실행·호출 순서 미검증
SC10,1843:410,1843,410,관련 네트워크의 공유·연관 동작,실행·호출 순서 미검증
SC10,1843:412,1843,412,관련 네트워크의 공유·연관 동작,실행·호출 순서 미검증
SC10,1843:420,1843,420,관련 네트워크의 공유·연관 동작,실행·호출 순서 미검증
SC10,1843:422,1843,422,관련 네트워크의 공유·연관 동작,실행·호출 순서 미검증
SC10,1843:424,1843,424,관련 네트워크의 공유·연관 동작,실행·호출 순서 미검증
SC10,1843:432,1843,432,관련 네트워크의 공유·연관 동작,실행·호출 순서 미검증
SC10,1843:434,1843,434,설비 태그 명칭 일치 후보,실행·호출 순서 미검증
SC10,1843:436,1843,436,관련 네트워크의 공유·연관 동작,실행·호출 순서 미검증
SC10,1843:443,1843,443,관련 네트워크의 공유·연관 동작,실행·호출 순서 미검증
SC10,1843:449,1843,449,관련 네트워크의 공유·연관 동작,실행·호출 순서 미검증
SC10,1843:456,1843,456,관련 네트워크의 공유·연관 동작,실행·호출 순서 미검증
SC10,1843:458,1843,458,관련 네트워크의 공유·연관 동작,실행·호출 순서 미검증
SC10,1843:460,1843,460,관련 네트워크의 공유·연관 동작,실행·호출 순서 미검증
SC10,1843:462,1843,462,관련 네트워크의 공유·연관 동작,실행·호출 순서 미검증
SC10,1843:469,1843,469,관련 네트워크의 공유·연관 동작,실행·호출 순서 미검증
SC10,1843:478,1843,478,관련 네트워크의 공유·연관 동작,실행·호출 순서 미검증
SC10,1843:481,1843,481,관련 네트워크의 공유·연관 동작,실행·호출 순서 미검증
SC10,1843:492,1843,492,관련 네트워크의 공유·연관 동작,실행·호출 순서 미검증
SC10,1843:102,1843,102,관련 네트워크의 공유·연관 동작,실행·호출 순서 미검증
SC10,1843:495,1843,495,관련 네트워크의 공유·연관 동작,실행·호출 순서 미검증
SC10,1843:500,1843,500,관련 네트워크의 공유·연관 동작,실행·호출 순서 미검증
SC10,1843:506,1843,506,관련 네트워크의 공유·연관 동작,실행·호출 순서 미검증
SC10,1843:34,1843,34,관련 네트워크의 공유·연관 동작,실행·호출 순서 미검증
SC10,1843:513,1843,513,관련 네트워크의 공유·연관 동작,실행·호출 순서 미검증
SC10,1843:515,1843,515,관련 네트워크의 공유·연관 동작,실행·호출 순서 미검증
SC10,1843:517,1843,517,관련 네트워크의 공유·연관 동작,실행·호출 순서 미검증
SC10,1843:527,1843,527,관련 네트워크의 공유·연관 동작,실행·호출 순서 미검증
SC10,1843:530,1843,530,관련 네트워크의 공유·연관 동작,실행·호출 순서 미검증
SC10,1843:539,1843,539,관련 네트워크의 공유·연관 동작,실행·호출 순서 미검증
SC10,1843:545,1843,545,관련 네트워크의 공유·연관 동작,실행·호출 순서 미검증
SC10,1843:552,1843,552,관련 네트워크의 공유·연관 동작,실행·호출 순서 미검증
SC10,1843:554,1843,554,관련 네트워크의 공유·연관 동작,실행·호출 순서 미검증
SC10,1843:568,1843,568,관련 네트워크의 공유·연관 동작,실행·호출 순서 미검증
SC10,1843:573,1843,573,관련 네트워크의 공유·연관 동작,실행·호출 순서 미검증
SC10,1843:578,1843,578,관련 네트워크의 공유·연관 동작,실행·호출 순서 미검증
SC10,1843:581,1843,581,관련 네트워크의 공유·연관 동작,실행·호출 순서 미검증
SC10,1843:587,1843,587,관련 네트워크의 공유·연관 동작,실행·호출 순서 미검증
SC10,1843:828,1843,828,관련 네트워크의 공유·연관 동작,실행·호출 순서 미검증
SC10,1843:837,1843,837,관련 네트워크의 공유·연관 동작,실행·호출 순서 미검증
SC10,1843:838,1843,838,관련 네트워크의 공유·연관 동작,실행·호출 순서 미검증
SC10,1844:747,1844,747,관련 네트워크의 공유·연관 동작,실행·호출 순서 미검증
SC10,1844:749,1844,749,관련 네트워크의 공유·연관 동작,실행·호출 순서 미검증
SC10,1844:757,1844,757,관련 네트워크의 공유·연관 동작,실행·호출 순서 미검증
SC10,1844:759,1844,759,관련 네트워크의 공유·연관 동작,실행·호출 순서 미검증
SC10,1844:761,1844,761,관련 네트워크의 공유·연관 동작,실행·호출 순서 미검증
SC10,1844:769,1844,769,관련 네트워크의 공유·연관 동작,실행·호출 순서 미검증
SC10,1844:771,1844,771,설비 태그 명칭 일치 후보,실행·호출 순서 미검증
SC10,1844:773,1844,773,관련 네트워크의 공유·연관 동작,실행·호출 순서 미검증
SC10,1844:780,1844,780,관련 네트워크의 공유·연관 동작,실행·호출 순서 미검증
SC10,1844:786,1844,786,관련 네트워크의 공유·연관 동작,실행·호출 순서 미검증
SC10,1844:793,1844,793,관련 네트워크의 공유·연관 동작,실행·호출 순서 미검증
SC10,1844:799,1844,799,관련 네트워크의 공유·연관 동작,실행·호출 순서 미검증
SC10,1844:805,1844,805,관련 네트워크의 공유·연관 동작,실행·호출 순서 미검증
SC10,1844:811,1844,811,관련 네트워크의 공유·연관 동작,실행·호출 순서 미검증
SC10,1844:817,1844,817,관련 네트워크의 공유·연관 동작,실행·호출 순서 미검증
SC10,1844:826,1844,826,관련 네트워크의 공유·연관 동작,실행·호출 순서 미검증
SC10,1844:829,1844,829,관련 네트워크의 공유·연관 동작,실행·호출 순서 미검증
SC10,1844:1158,1844,1158,관련 네트워크의 공유·연관 동작,실행·호출 순서 미검증
SC10,1844:1162,1844,1162,관련 네트워크의 공유·연관 동작,실행·호출 순서 미검증
SC10,1844:850,1844,850,관련 네트워크의 공유·연관 동작,실행·호출 순서 미검증
SC10,1844:852,1844,852,관련 네트워크의 공유·연관 동작,실행·호출 순서 미검증
SC10,1844:854,1844,854,관련 네트워크의 공유·연관 동작,실행·호출 순서 미검증
SC10,1844:864,1844,864,관련 네트워크의 공유·연관 동작,실행·호출 순서 미검증
SC10,1844:867,1844,867,관련 네트워크의 공유·연관 동작,실행·호출 순서 미검증
SC10,1844:878,1844,878,관련 네트워크의 공유·연관 동작,실행·호출 순서 미검증
SC10,1844:881,1844,881,관련 네트워크의 공유·연관 동작,실행·호출 순서 미검증
SC10,1844:889,1844,889,관련 네트워크의 공유·연관 동작,실행·호출 순서 미검증
SC10,1844:896,1844,896,관련 네트워크의 공유·연관 동작,실행·호출 순서 미검증
SC10,1844:898,1844,898,관련 네트워크의 공유·연관 동작,실행·호출 순서 미검증
SC10,1844:912,1844,912,관련 네트워크의 공유·연관 동작,실행·호출 순서 미검증
SC10,1844:917,1844,917,관련 네트워크의 공유·연관 동작,실행·호출 순서 미검증
SC10,1844:922,1844,922,관련 네트워크의 공유·연관 동작,실행·호출 순서 미검증
SC10,1844:925,1844,925,관련 네트워크의 공유·연관 동작,실행·호출 순서 미검증
SC10,1844:931,1844,931,관련 네트워크의 공유·연관 동작,실행·호출 순서 미검증
SC10,1886:27,1886,27,관련 네트워크의 공유·연관 동작,실행·호출 순서 미검증
SC10,1886:74,1886,74,관련 네트워크의 공유·연관 동작,실행·호출 순서 미검증
SC10,1886:33,1886,33,관련 네트워크의 공유·연관 동작,실행·호출 순서 미검증
SC10,1886:78,1886,78,관련 네트워크의 공유·연관 동작,실행·호출 순서 미검증
SC10,1888:547,1888,547,관련 네트워크의 공유·연관 동작,실행·호출 순서 미검증
SC10,1888:553,1888,553,관련 네트워크의 공유·연관 동작,실행·호출 순서 미검증
SC10,1888:559,1888,559,관련 네트워크의 공유·연관 동작,실행·호출 순서 미검증
SC10,1888:566,1888,566,관련 네트워크의 공유·연관 동작,실행·호출 순서 미검증
SC10,1962:916,1962,916,설비 태그 명칭 일치 후보,실행·호출 순서 미검증
SC10,1962:920,1962,920,관련 심볼 이름과 대상 일치,실행·호출 순서 미검증
SC10,1964:982,1964,982,관련 네트워크의 공유·연관 동작,실행·호출 순서 미검증
SC10,1964:985,1964,985,관련 네트워크의 공유·연관 동작,실행·호출 순서 미검증
SC10,1964:990,1964,990,관련 네트워크의 공유·연관 동작,실행·호출 순서 미검증
SC11,1038:2198,1038,2198,설비 태그 명칭 일치 후보,실행·호출 순서 미검증
SC11,1038:2201,1038,2201,설비 태그 명칭 일치 후보,실행·호출 순서 미검증
SC11,1038:2204,1038,2204,관련 네트워크의 공유·연관 동작,실행·호출 순서 미검증
SC11,1052:3008,1052,3008,관련 네트워크의 공유·연관 동작,실행·호출 순서 미검증
SC11,1052:3011,1052,3011,관련 네트워크의 공유·연관 동작,실행·호출 순서 미검증
SC11,1052:3014,1052,3014,관련 네트워크의 공유·연관 동작,실행·호출 순서 미검증
SC11,1052:3017,1052,3017,관련 네트워크의 공유·연관 동작,실행·호출 순서 미검증
SC11,1052:3020,1052,3020,설비 태그 명칭 일치 후보,실행·호출 순서 미검증
SC11,1085:27,1085,27,관련 네트워크의 공유·연관 동작,실행·호출 순서 미검증
SC11,1085:34,1085,34,관련 네트워크의 공유·연관 동작,실행·호출 순서 미검증
SC11,1085:86,1085,86,관련 네트워크의 공유·연관 동작,실행·호출 순서 미검증
SC11,1085:41,1085,41,관련 네트워크의 공유·연관 동작,실행·호출 순서 미검증
SC11,1085:48,1085,48,설비 태그 명칭 일치 후보,실행·호출 순서 미검증
SC11,1085:51,1085,51,관련 네트워크의 공유·연관 동작,실행·호출 순서 미검증
SC11,1085:53,1085,53,관련 네트워크의 공유·연관 동작,실행·호출 순서 미검증
SC11,1085:55,1085,55,관련 네트워크의 공유·연관 동작,실행·호출 순서 미검증
SC11,1085:57,1085,57,관련 네트워크의 공유·연관 동작,실행·호출 순서 미검증
SC11,1085:83,1085,83,관련 네트워크의 공유·연관 동작,실행·호출 순서 미검증
SC11,1808:1021,1808,1021,관련 네트워크의 공유·연관 동작,실행·호출 순서 미검증
SC11,1808:1027,1808,1027,설비 태그 명칭 일치 후보,실행·호출 순서 미검증
SC11,1808:1032,1808,1032,설비 태그 명칭 일치 후보,실행·호출 순서 미검증
SC11,1843:410,1843,410,관련 네트워크의 공유·연관 동작,실행·호출 순서 미검증
SC11,1843:412,1843,412,관련 네트워크의 공유·연관 동작,실행·호출 순서 미검증
SC11,1843:420,1843,420,관련 네트워크의 공유·연관 동작,실행·호출 순서 미검증
SC11,1843:422,1843,422,관련 네트워크의 공유·연관 동작,실행·호출 순서 미검증
SC11,1843:424,1843,424,관련 네트워크의 공유·연관 동작,실행·호출 순서 미검증
SC11,1843:432,1843,432,관련 네트워크의 공유·연관 동작,실행·호출 순서 미검증
SC11,1843:434,1843,434,관련 네트워크의 공유·연관 동작,실행·호출 순서 미검증
SC11,1843:436,1843,436,설비 태그 명칭 일치 후보,실행·호출 순서 미검증
SC11,1843:443,1843,443,관련 네트워크의 공유·연관 동작,실행·호출 순서 미검증
SC11,1843:449,1843,449,관련 네트워크의 공유·연관 동작,실행·호출 순서 미검증
SC11,1843:456,1843,456,관련 네트워크의 공유·연관 동작,실행·호출 순서 미검증
SC11,1843:458,1843,458,관련 네트워크의 공유·연관 동작,실행·호출 순서 미검증
SC11,1843:460,1843,460,관련 네트워크의 공유·연관 동작,실행·호출 순서 미검증
SC11,1843:462,1843,462,관련 네트워크의 공유·연관 동작,실행·호출 순서 미검증
SC11,1843:469,1843,469,관련 네트워크의 공유·연관 동작,실행·호출 순서 미검증
SC11,1843:478,1843,478,관련 네트워크의 공유·연관 동작,실행·호출 순서 미검증
SC11,1843:481,1843,481,관련 네트워크의 공유·연관 동작,실행·호출 순서 미검증
SC11,1843:492,1843,492,관련 네트워크의 공유·연관 동작,실행·호출 순서 미검증
SC11,1843:102,1843,102,관련 네트워크의 공유·연관 동작,실행·호출 순서 미검증
SC11,1843:495,1843,495,관련 네트워크의 공유·연관 동작,실행·호출 순서 미검증
SC11,1843:500,1843,500,관련 네트워크의 공유·연관 동작,실행·호출 순서 미검증
SC11,1843:506,1843,506,관련 네트워크의 공유·연관 동작,실행·호출 순서 미검증
SC11,1843:34,1843,34,관련 네트워크의 공유·연관 동작,실행·호출 순서 미검증
SC11,1843:513,1843,513,관련 네트워크의 공유·연관 동작,실행·호출 순서 미검증
SC11,1843:515,1843,515,관련 네트워크의 공유·연관 동작,실행·호출 순서 미검증
SC11,1843:517,1843,517,관련 네트워크의 공유·연관 동작,실행·호출 순서 미검증
SC11,1843:527,1843,527,관련 네트워크의 공유·연관 동작,실행·호출 순서 미검증
SC11,1843:530,1843,530,관련 네트워크의 공유·연관 동작,실행·호출 순서 미검증
SC11,1843:539,1843,539,관련 네트워크의 공유·연관 동작,실행·호출 순서 미검증
SC11,1843:545,1843,545,관련 네트워크의 공유·연관 동작,실행·호출 순서 미검증
SC11,1843:552,1843,552,관련 네트워크의 공유·연관 동작,실행·호출 순서 미검증
SC11,1843:554,1843,554,관련 네트워크의 공유·연관 동작,실행·호출 순서 미검증
SC11,1843:568,1843,568,관련 네트워크의 공유·연관 동작,실행·호출 순서 미검증
SC11,1843:573,1843,573,관련 네트워크의 공유·연관 동작,실행·호출 순서 미검증
SC11,1843:578,1843,578,관련 네트워크의 공유·연관 동작,실행·호출 순서 미검증
SC11,1843:581,1843,581,관련 네트워크의 공유·연관 동작,실행·호출 순서 미검증
SC11,1843:587,1843,587,관련 네트워크의 공유·연관 동작,실행·호출 순서 미검증
SC11,1843:828,1843,828,관련 네트워크의 공유·연관 동작,실행·호출 순서 미검증
SC11,1843:837,1843,837,관련 네트워크의 공유·연관 동작,실행·호출 순서 미검증
SC11,1843:838,1843,838,관련 네트워크의 공유·연관 동작,실행·호출 순서 미검증
SC11,1844:747,1844,747,관련 네트워크의 공유·연관 동작,실행·호출 순서 미검증
SC11,1844:749,1844,749,관련 네트워크의 공유·연관 동작,실행·호출 순서 미검증
SC11,1844:757,1844,757,관련 네트워크의 공유·연관 동작,실행·호출 순서 미검증
SC11,1844:759,1844,759,관련 네트워크의 공유·연관 동작,실행·호출 순서 미검증
SC11,1844:761,1844,761,관련 네트워크의 공유·연관 동작,실행·호출 순서 미검증
SC11,1844:769,1844,769,관련 네트워크의 공유·연관 동작,실행·호출 순서 미검증
SC11,1844:771,1844,771,관련 네트워크의 공유·연관 동작,실행·호출 순서 미검증
SC11,1844:773,1844,773,설비 태그 명칭 일치 후보,실행·호출 순서 미검증
SC11,1844:780,1844,780,관련 네트워크의 공유·연관 동작,실행·호출 순서 미검증
SC11,1844:786,1844,786,관련 네트워크의 공유·연관 동작,실행·호출 순서 미검증
SC11,1844:793,1844,793,관련 네트워크의 공유·연관 동작,실행·호출 순서 미검증
SC11,1844:799,1844,799,관련 네트워크의 공유·연관 동작,실행·호출 순서 미검증
SC11,1844:805,1844,805,관련 네트워크의 공유·연관 동작,실행·호출 순서 미검증
SC11,1844:811,1844,811,관련 네트워크의 공유·연관 동작,실행·호출 순서 미검증
SC11,1844:817,1844,817,관련 네트워크의 공유·연관 동작,실행·호출 순서 미검증
SC11,1844:826,1844,826,관련 네트워크의 공유·연관 동작,실행·호출 순서 미검증
SC11,1844:829,1844,829,관련 네트워크의 공유·연관 동작,실행·호출 순서 미검증
SC11,1844:1158,1844,1158,관련 네트워크의 공유·연관 동작,실행·호출 순서 미검증
SC11,1844:1162,1844,1162,관련 네트워크의 공유·연관 동작,실행·호출 순서 미검증
SC11,1844:850,1844,850,관련 네트워크의 공유·연관 동작,실행·호출 순서 미검증
SC11,1844:852,1844,852,관련 네트워크의 공유·연관 동작,실행·호출 순서 미검증
SC11,1844:854,1844,854,관련 네트워크의 공유·연관 동작,실행·호출 순서 미검증
SC11,1844:864,1844,864,관련 네트워크의 공유·연관 동작,실행·호출 순서 미검증
SC11,1844:867,1844,867,관련 네트워크의 공유·연관 동작,실행·호출 순서 미검증
SC11,1844:878,1844,878,관련 네트워크의 공유·연관 동작,실행·호출 순서 미검증
SC11,1844:881,1844,881,관련 네트워크의 공유·연관 동작,실행·호출 순서 미검증
SC11,1844:889,1844,889,관련 네트워크의 공유·연관 동작,실행·호출 순서 미검증
SC11,1844:896,1844,896,관련 네트워크의 공유·연관 동작,실행·호출 순서 미검증
SC11,1844:898,1844,898,관련 네트워크의 공유·연관 동작,실행·호출 순서 미검증
SC11,1844:912,1844,912,관련 네트워크의 공유·연관 동작,실행·호출 순서 미검증
SC11,1844:917,1844,917,관련 네트워크의 공유·연관 동작,실행·호출 순서 미검증
SC11,1844:922,1844,922,관련 네트워크의 공유·연관 동작,실행·호출 순서 미검증
SC11,1844:925,1844,925,관련 네트워크의 공유·연관 동작,실행·호출 순서 미검증
SC11,1844:931,1844,931,관련 네트워크의 공유·연관 동작,실행·호출 순서 미검증
SC11,1886:27,1886,27,관련 네트워크의 공유·연관 동작,실행·호출 순서 미검증
SC11,1886:74,1886,74,관련 네트워크의 공유·연관 동작,실행·호출 순서 미검증
SC11,1886:33,1886,33,관련 네트워크의 공유·연관 동작,실행·호출 순서 미검증
SC11,1886:78,1886,78,관련 네트워크의 공유·연관 동작,실행·호출 순서 미검증
SC11,1888:547,1888,547,관련 네트워크의 공유·연관 동작,실행·호출 순서 미검증
SC11,1888:553,1888,553,관련 네트워크의 공유·연관 동작,실행·호출 순서 미검증
SC11,1888:559,1888,559,관련 네트워크의 공유·연관 동작,실행·호출 순서 미검증
SC11,1888:566,1888,566,관련 네트워크의 공유·연관 동작,실행·호출 순서 미검증
SC11,1963:939,1963,939,설비 태그 명칭 일치 후보,실행·호출 순서 미검증
SC11,1963:943,1963,943,관련 심볼 이름과 대상 일치,실행·호출 순서 미검증
SC11,1964:982,1964,982,관련 네트워크의 공유·연관 동작,실행·호출 순서 미검증
SC11,1964:985,1964,985,관련 네트워크의 공유·연관 동작,실행·호출 순서 미검증
SC11,1964:990,1964,990,관련 네트워크의 공유·연관 동작,실행·호출 순서 미검증
BF01,1886:27,1886,27,설비 태그 명칭 일치 후보,실행·호출 순서 미검증
BF01,1886:74,1886,74,관련 심볼 이름과 대상 일치,실행·호출 순서 미검증
BF01,1886:33,1886,33,관련 네트워크의 공유·연관 동작,실행·호출 순서 미검증
BF01,1886:78,1886,78,관련 네트워크의 공유·연관 동작,실행·호출 순서 미검증
BF01,1887:457,1887,457,관련 네트워크의 공유·연관 동작,실행·호출 순서 미검증
BF01,1887:462,1887,462,관련 네트워크의 공유·연관 동작,실행·호출 순서 미검증
BF01,1887:468,1887,468,관련 네트워크의 공유·연관 동작,실행·호출 순서 미검증
BF01,1887:473,1887,473,관련 네트워크의 공유·연관 동작,실행·호출 순서 미검증
BF01,1891:891,1891,891,관련 심볼 이름과 대상 일치,실행·호출 순서 미검증
BF01,1891:898,1891,898,관련 심볼 이름과 대상 일치,실행·호출 순서 미검증
BF01,1891:905,1891,905,관련 네트워크의 공유·연관 동작,실행·호출 순서 미검증
BF01,1891:912,1891,912,관련 네트워크의 공유·연관 동작,실행·호출 순서 미검증
BF01,1891:919,1891,919,관련 네트워크의 공유·연관 동작,실행·호출 순서 미검증
BF01,1891:926,1891,926,관련 네트워크의 공유·연관 동작,실행·호출 순서 미검증
BF01,1891:933,1891,933,관련 네트워크의 공유·연관 동작,실행·호출 순서 미검증
BF01,1891:940,1891,940,관련 네트워크의 공유·연관 동작,실행·호출 순서 미검증
BF01,1891:947,1891,947,관련 네트워크의 공유·연관 동작,실행·호출 순서 미검증
BF01,1891:954,1891,954,관련 네트워크의 공유·연관 동작,실행·호출 순서 미검증
BF01,1892:1027,1892,1027,관련 네트워크의 공유·연관 동작,실행·호출 순서 미검증
BF01,1892:1034,1892,1034,관련 네트워크의 공유·연관 동작,실행·호출 순서 미검증
BF01,1892:1041,1892,1041,관련 네트워크의 공유·연관 동작,실행·호출 순서 미검증
BF01,1892:1048,1892,1048,관련 네트워크의 공유·연관 동작,실행·호출 순서 미검증
BF01,1892:1055,1892,1055,관련 네트워크의 공유·연관 동작,실행·호출 순서 미검증
BF01,1892:1062,1892,1062,관련 네트워크의 공유·연관 동작,실행·호출 순서 미검증
BF01,1892:1069,1892,1069,관련 심볼 이름과 대상 일치,실행·호출 순서 미검증
BF01,1892:1076,1892,1076,관련 심볼 이름과 대상 일치,실행·호출 순서 미검증
BF01,1892:1083,1892,1083,관련 네트워크의 공유·연관 동작,실행·호출 순서 미검증
BF01,1892:1090,1892,1090,관련 네트워크의 공유·연관 동작,실행·호출 순서 미검증
BF01,1893:1163,1893,1163,관련 네트워크의 공유·연관 동작,실행·호출 순서 미검증
BF01,1893:1170,1893,1170,관련 네트워크의 공유·연관 동작,실행·호출 순서 미검증
BF01,1893:1177,1893,1177,관련 네트워크의 공유·연관 동작,실행·호출 순서 미검증
BF01,1893:1184,1893,1184,관련 네트워크의 공유·연관 동작,실행·호출 순서 미검증
BF01,1893:1191,1893,1191,관련 네트워크의 공유·연관 동작,실행·호출 순서 미검증
BF01,1893:1198,1893,1198,관련 네트워크의 공유·연관 동작,실행·호출 순서 미검증
BF01,1893:1205,1893,1205,관련 네트워크의 공유·연관 동작,실행·호출 순서 미검증
BF01,1893:1212,1893,1212,관련 네트워크의 공유·연관 동작,실행·호출 순서 미검증
BF01,1893:1219,1893,1219,관련 네트워크의 공유·연관 동작,실행·호출 순서 미검증
BF01,1893:1226,1893,1226,관련 네트워크의 공유·연관 동작,실행·호출 순서 미검증
BF01,1894:1299,1894,1299,관련 네트워크의 공유·연관 동작,실행·호출 순서 미검증
BF01,1894:1306,1894,1306,관련 네트워크의 공유·연관 동작,실행·호출 순서 미검증
BF01,1894:1313,1894,1313,관련 심볼 이름과 대상 일치,실행·호출 순서 미검증
BF01,1894:1320,1894,1320,관련 심볼 이름과 대상 일치,실행·호출 순서 미검증
BF01,1894:1327,1894,1327,관련 네트워크의 공유·연관 동작,실행·호출 순서 미검증
BF01,1894:1334,1894,1334,관련 네트워크의 공유·연관 동작,실행·호출 순서 미검증
BF01,1894:1341,1894,1341,관련 네트워크의 공유·연관 동작,실행·호출 순서 미검증
BF01,1894:1348,1894,1348,관련 네트워크의 공유·연관 동작,실행·호출 순서 미검증
BF01,1894:1355,1894,1355,관련 네트워크의 공유·연관 동작,실행·호출 순서 미검증
BF01,1894:1362,1894,1362,관련 네트워크의 공유·연관 동작,실행·호출 순서 미검증
BF01,1895:1435,1895,1435,관련 네트워크의 공유·연관 동작,실행·호출 순서 미검증
BF01,1895:1442,1895,1442,관련 네트워크의 공유·연관 동작,실행·호출 순서 미검증
BF01,1895:1449,1895,1449,관련 네트워크의 공유·연관 동작,실행·호출 순서 미검증
BF01,1895:1456,1895,1456,관련 네트워크의 공유·연관 동작,실행·호출 순서 미검증
BF01,1895:1463,1895,1463,관련 네트워크의 공유·연관 동작,실행·호출 순서 미검증
BF01,1895:1470,1895,1470,관련 네트워크의 공유·연관 동작,실행·호출 순서 미검증
BF01,1895:1477,1895,1477,관련 네트워크의 공유·연관 동작,실행·호출 순서 미검증
BF01,1895:1484,1895,1484,관련 네트워크의 공유·연관 동작,실행·호출 순서 미검증
BF01,1895:1491,1895,1491,관련 심볼 이름과 대상 일치,실행·호출 순서 미검증
BF01,1895:1498,1895,1498,관련 심볼 이름과 대상 일치,실행·호출 순서 미검증
BF01,1896:1571,1896,1571,관련 네트워크의 공유·연관 동작,실행·호출 순서 미검증
BF01,1896:1578,1896,1578,관련 네트워크의 공유·연관 동작,실행·호출 순서 미검증
BF01,1896:1585,1896,1585,관련 네트워크의 공유·연관 동작,실행·호출 순서 미검증
BF01,1896:1592,1896,1592,관련 네트워크의 공유·연관 동작,실행·호출 순서 미검증
BF01,1896:1599,1896,1599,관련 네트워크의 공유·연관 동작,실행·호출 순서 미검증
BF01,1896:1606,1896,1606,관련 네트워크의 공유·연관 동작,실행·호출 순서 미검증
BF01,1896:1613,1896,1613,관련 네트워크의 공유·연관 동작,실행·호출 순서 미검증
BF01,1896:1620,1896,1620,관련 네트워크의 공유·연관 동작,실행·호출 순서 미검증
BF01,1896:1627,1896,1627,관련 네트워크의 공유·연관 동작,실행·호출 순서 미검증
BF01,1896:1634,1896,1634,관련 네트워크의 공유·연관 동작,실행·호출 순서 미검증
BF01,1897:1707,1897,1707,관련 네트워크의 공유·연관 동작,실행·호출 순서 미검증
BF01,1897:1714,1897,1714,관련 네트워크의 공유·연관 동작,실행·호출 순서 미검증
BF01,1897:1721,1897,1721,관련 네트워크의 공유·연관 동작,실행·호출 순서 미검증
BF01,1897:1728,1897,1728,관련 네트워크의 공유·연관 동작,실행·호출 순서 미검증
BF01,1897:1735,1897,1735,관련 심볼 이름과 대상 일치,실행·호출 순서 미검증
BF01,1897:1742,1897,1742,관련 심볼 이름과 대상 일치,실행·호출 순서 미검증
BF01,1897:1749,1897,1749,관련 네트워크의 공유·연관 동작,실행·호출 순서 미검증
BF01,1897:1756,1897,1756,관련 네트워크의 공유·연관 동작,실행·호출 순서 미검증
BF01,1897:1763,1897,1763,관련 네트워크의 공유·연관 동작,실행·호출 순서 미검증
BF01,1897:1770,1897,1770,관련 네트워크의 공유·연관 동작,실행·호출 순서 미검증
BF01,1898:1843,1898,1843,관련 네트워크의 공유·연관 동작,실행·호출 순서 미검증
BF01,1898:1850,1898,1850,관련 네트워크의 공유·연관 동작,실행·호출 순서 미검증
BF01,1898:1857,1898,1857,관련 네트워크의 공유·연관 동작,실행·호출 순서 미검증
BF01,1898:1864,1898,1864,관련 네트워크의 공유·연관 동작,실행·호출 순서 미검증
BF01,1898:1871,1898,1871,관련 네트워크의 공유·연관 동작,실행·호출 순서 미검증
BF01,1898:1878,1898,1878,관련 네트워크의 공유·연관 동작,실행·호출 순서 미검증
BF01,1898:1885,1898,1885,관련 네트워크의 공유·연관 동작,실행·호출 순서 미검증
BF01,1898:1892,1898,1892,관련 네트워크의 공유·연관 동작,실행·호출 순서 미검증
BF01,1898:1899,1898,1899,관련 네트워크의 공유·연관 동작,실행·호출 순서 미검증
BF01,1898:1906,1898,1906,관련 네트워크의 공유·연관 동작,실행·호출 순서 미검증
BF02,1886:27,1886,27,관련 네트워크의 공유·연관 동작,실행·호출 순서 미검증
BF02,1886:74,1886,74,관련 네트워크의 공유·연관 동작,실행·호출 순서 미검증
BF02,1886:33,1886,33,설비 태그 명칭 일치 후보,실행·호출 순서 미검증
BF02,1886:78,1886,78,관련 심볼 이름과 대상 일치,실행·호출 순서 미검증
BF02,1887:457,1887,457,관련 네트워크의 공유·연관 동작,실행·호출 순서 미검증
BF02,1887:462,1887,462,관련 네트워크의 공유·연관 동작,실행·호출 순서 미검증
BF02,1887:468,1887,468,관련 네트워크의 공유·연관 동작,실행·호출 순서 미검증
BF02,1887:473,1887,473,관련 네트워크의 공유·연관 동작,실행·호출 순서 미검증
BF02,1891:891,1891,891,관련 네트워크의 공유·연관 동작,실행·호출 순서 미검증
BF02,1891:898,1891,898,관련 네트워크의 공유·연관 동작,실행·호출 순서 미검증
BF02,1891:905,1891,905,관련 심볼 이름과 대상 일치,실행·호출 순서 미검증
BF02,1891:912,1891,912,관련 심볼 이름과 대상 일치,실행·호출 순서 미검증
BF02,1891:919,1891,919,관련 네트워크의 공유·연관 동작,실행·호출 순서 미검증
BF02,1891:926,1891,926,관련 네트워크의 공유·연관 동작,실행·호출 순서 미검증
BF02,1891:933,1891,933,관련 네트워크의 공유·연관 동작,실행·호출 순서 미검증
BF02,1891:940,1891,940,관련 네트워크의 공유·연관 동작,실행·호출 순서 미검증
BF02,1891:947,1891,947,관련 네트워크의 공유·연관 동작,실행·호출 순서 미검증
BF02,1891:954,1891,954,관련 네트워크의 공유·연관 동작,실행·호출 순서 미검증
BF02,1892:1027,1892,1027,관련 네트워크의 공유·연관 동작,실행·호출 순서 미검증
BF02,1892:1034,1892,1034,관련 네트워크의 공유·연관 동작,실행·호출 순서 미검증
BF02,1892:1041,1892,1041,관련 네트워크의 공유·연관 동작,실행·호출 순서 미검증
BF02,1892:1048,1892,1048,관련 네트워크의 공유·연관 동작,실행·호출 순서 미검증
BF02,1892:1055,1892,1055,관련 네트워크의 공유·연관 동작,실행·호출 순서 미검증
BF02,1892:1062,1892,1062,관련 네트워크의 공유·연관 동작,실행·호출 순서 미검증
BF02,1892:1069,1892,1069,관련 네트워크의 공유·연관 동작,실행·호출 순서 미검증
BF02,1892:1076,1892,1076,관련 네트워크의 공유·연관 동작,실행·호출 순서 미검증
BF02,1892:1083,1892,1083,관련 심볼 이름과 대상 일치,실행·호출 순서 미검증
BF02,1892:1090,1892,1090,관련 심볼 이름과 대상 일치,실행·호출 순서 미검증
BF02,1893:1163,1893,1163,관련 네트워크의 공유·연관 동작,실행·호출 순서 미검증
BF02,1893:1170,1893,1170,관련 네트워크의 공유·연관 동작,실행·호출 순서 미검증
BF02,1893:1177,1893,1177,관련 네트워크의 공유·연관 동작,실행·호출 순서 미검증
BF02,1893:1184,1893,1184,관련 네트워크의 공유·연관 동작,실행·호출 순서 미검증
BF02,1893:1191,1893,1191,관련 네트워크의 공유·연관 동작,실행·호출 순서 미검증
BF02,1893:1198,1893,1198,관련 네트워크의 공유·연관 동작,실행·호출 순서 미검증
BF02,1893:1205,1893,1205,관련 네트워크의 공유·연관 동작,실행·호출 순서 미검증
BF02,1893:1212,1893,1212,관련 네트워크의 공유·연관 동작,실행·호출 순서 미검증
BF02,1893:1219,1893,1219,관련 네트워크의 공유·연관 동작,실행·호출 순서 미검증
BF02,1893:1226,1893,1226,관련 네트워크의 공유·연관 동작,실행·호출 순서 미검증
BF02,1894:1299,1894,1299,관련 네트워크의 공유·연관 동작,실행·호출 순서 미검증
BF02,1894:1306,1894,1306,관련 네트워크의 공유·연관 동작,실행·호출 순서 미검증
BF02,1894:1313,1894,1313,관련 네트워크의 공유·연관 동작,실행·호출 순서 미검증
BF02,1894:1320,1894,1320,관련 네트워크의 공유·연관 동작,실행·호출 순서 미검증
BF02,1894:1327,1894,1327,관련 심볼 이름과 대상 일치,실행·호출 순서 미검증
BF02,1894:1334,1894,1334,관련 심볼 이름과 대상 일치,실행·호출 순서 미검증
BF02,1894:1341,1894,1341,관련 네트워크의 공유·연관 동작,실행·호출 순서 미검증
BF02,1894:1348,1894,1348,관련 네트워크의 공유·연관 동작,실행·호출 순서 미검증
BF02,1894:1355,1894,1355,관련 네트워크의 공유·연관 동작,실행·호출 순서 미검증
BF02,1894:1362,1894,1362,관련 네트워크의 공유·연관 동작,실행·호출 순서 미검증
BF02,1895:1435,1895,1435,관련 네트워크의 공유·연관 동작,실행·호출 순서 미검증
BF02,1895:1442,1895,1442,관련 네트워크의 공유·연관 동작,실행·호출 순서 미검증
BF02,1895:1449,1895,1449,관련 네트워크의 공유·연관 동작,실행·호출 순서 미검증
BF02,1895:1456,1895,1456,관련 네트워크의 공유·연관 동작,실행·호출 순서 미검증
BF02,1895:1463,1895,1463,관련 네트워크의 공유·연관 동작,실행·호출 순서 미검증
BF02,1895:1470,1895,1470,관련 네트워크의 공유·연관 동작,실행·호출 순서 미검증
BF02,1895:1477,1895,1477,관련 네트워크의 공유·연관 동작,실행·호출 순서 미검증
BF02,1895:1484,1895,1484,관련 네트워크의 공유·연관 동작,실행·호출 순서 미검증
BF02,1895:1491,1895,1491,관련 네트워크의 공유·연관 동작,실행·호출 순서 미검증
BF02,1895:1498,1895,1498,관련 네트워크의 공유·연관 동작,실행·호출 순서 미검증
BF02,1896:1571,1896,1571,관련 심볼 이름과 대상 일치,실행·호출 순서 미검증
BF02,1896:1578,1896,1578,관련 심볼 이름과 대상 일치,실행·호출 순서 미검증
BF02,1896:1585,1896,1585,관련 네트워크의 공유·연관 동작,실행·호출 순서 미검증
BF02,1896:1592,1896,1592,관련 네트워크의 공유·연관 동작,실행·호출 순서 미검증
BF02,1896:1599,1896,1599,관련 네트워크의 공유·연관 동작,실행·호출 순서 미검증
BF02,1896:1606,1896,1606,관련 네트워크의 공유·연관 동작,실행·호출 순서 미검증
BF02,1896:1613,1896,1613,관련 네트워크의 공유·연관 동작,실행·호출 순서 미검증
BF02,1896:1620,1896,1620,관련 네트워크의 공유·연관 동작,실행·호출 순서 미검증
BF02,1896:1627,1896,1627,관련 네트워크의 공유·연관 동작,실행·호출 순서 미검증
BF02,1896:1634,1896,1634,관련 네트워크의 공유·연관 동작,실행·호출 순서 미검증
BF02,1897:1707,1897,1707,관련 네트워크의 공유·연관 동작,실행·호출 순서 미검증
BF02,1897:1714,1897,1714,관련 네트워크의 공유·연관 동작,실행·호출 순서 미검증
BF02,1897:1721,1897,1721,관련 네트워크의 공유·연관 동작,실행·호출 순서 미검증
BF02,1897:1728,1897,1728,관련 네트워크의 공유·연관 동작,실행·호출 순서 미검증
BF02,1897:1735,1897,1735,관련 네트워크의 공유·연관 동작,실행·호출 순서 미검증
BF02,1897:1742,1897,1742,관련 네트워크의 공유·연관 동작,실행·호출 순서 미검증
BF02,1897:1749,1897,1749,관련 심볼 이름과 대상 일치,실행·호출 순서 미검증
BF02,1897:1756,1897,1756,관련 심볼 이름과 대상 일치,실행·호출 순서 미검증
BF02,1897:1763,1897,1763,관련 네트워크의 공유·연관 동작,실행·호출 순서 미검증
BF02,1897:1770,1897,1770,관련 네트워크의 공유·연관 동작,실행·호출 순서 미검증
BF02,1898:1843,1898,1843,관련 네트워크의 공유·연관 동작,실행·호출 순서 미검증
BF02,1898:1850,1898,1850,관련 네트워크의 공유·연관 동작,실행·호출 순서 미검증
BF02,1898:1857,1898,1857,관련 네트워크의 공유·연관 동작,실행·호출 순서 미검증
BF02,1898:1864,1898,1864,관련 네트워크의 공유·연관 동작,실행·호출 순서 미검증
BF02,1898:1871,1898,1871,관련 네트워크의 공유·연관 동작,실행·호출 순서 미검증
BF02,1898:1878,1898,1878,관련 네트워크의 공유·연관 동작,실행·호출 순서 미검증
BF02,1898:1885,1898,1885,관련 네트워크의 공유·연관 동작,실행·호출 순서 미검증
BF02,1898:1892,1898,1892,관련 네트워크의 공유·연관 동작,실행·호출 순서 미검증
BF02,1898:1899,1898,1899,관련 네트워크의 공유·연관 동작,실행·호출 순서 미검증
BF02,1898:1906,1898,1906,관련 네트워크의 공유·연관 동작,실행·호출 순서 미검증
LD01,1035:2036,1035,2036,설비 태그 명칭 일치 후보,실행·호출 순서 미검증
LD01,1035:2039,1035,2039,설비 태그 명칭 일치 후보,실행·호출 순서 미검증
LD01,1035:2042,1035,2042,관련 네트워크의 공유·연관 동작,실행·호출 순서 미검증
LD01,1036:2090,1036,2090,설비 태그 명칭 일치 후보,실행·호출 순서 미검증
LD01,1036:2093,1036,2093,설비 태그 명칭 일치 후보,실행·호출 순서 미검증
LD01,1036:2096,1036,2096,관련 네트워크의 공유·연관 동작,실행·호출 순서 미검증
LD01,1052:3008,1052,3008,관련 네트워크의 공유·연관 동작,실행·호출 순서 미검증
LD01,1052:3011,1052,3011,설비 태그 명칭 일치 후보,실행·호출 순서 미검증
LD01,1052:3014,1052,3014,설비 태그 명칭 일치 후보,실행·호출 순서 미검증
LD01,1052:3017,1052,3017,관련 네트워크의 공유·연관 동작,실행·호출 순서 미검증
LD01,1052:3020,1052,3020,관련 네트워크의 공유·연관 동작,실행·호출 순서 미검증
LD01,1070:22,1070,22,관련 네트워크의 공유·연관 동작,실행·호출 순서 미검증
LD01,1070:27,1070,27,관련 네트워크의 공유·연관 동작,실행·호출 순서 미검증
LD01,1070:35,1070,35,관련 네트워크의 공유·연관 동작,실행·호출 순서 미검증
LD01,1070:42,1070,42,관련 네트워크의 공유·연관 동작,실행·호출 순서 미검증
LD01,1070:43,1070,43,관련 네트워크의 공유·연관 동작,실행·호출 순서 미검증
LD01,1070:44,1070,44,관련 네트워크의 공유·연관 동작,실행·호출 순서 미검증
LD01,1070:60,1070,60,관련 네트워크의 공유·연관 동작,실행·호출 순서 미검증
LD01,1070:61,1070,61,관련 네트워크의 공유·연관 동작,실행·호출 순서 미검증
LD01,1070:62,1070,62,관련 네트워크의 공유·연관 동작,실행·호출 순서 미검증
LD01,1070:78,1070,78,관련 네트워크의 공유·연관 동작,실행·호출 순서 미검증
LD01,1070:79,1070,79,관련 네트워크의 공유·연관 동작,실행·호출 순서 미검증
LD01,1070:105,1070,105,관련 네트워크의 공유·연관 동작,실행·호출 순서 미검증
LD01,1070:112,1070,112,관련 네트워크의 공유·연관 동작,실행·호출 순서 미검증
LD01,1070:118,1070,118,관련 네트워크의 공유·연관 동작,실행·호출 순서 미검증
LD01,1070:120,1070,120,관련 네트워크의 공유·연관 동작,실행·호출 순서 미검증
LD01,1070:125,1070,125,관련 네트워크의 공유·연관 동작,실행·호출 순서 미검증
LD01,1070:130,1070,130,설비 태그 명칭 일치 후보,실행·호출 순서 미검증
LD01,1070:135,1070,135,설비 태그 명칭 일치 후보,실행·호출 순서 미검증
LD01,1070:140,1070,140,설비 태그 명칭 일치 후보,실행·호출 순서 미검증
LD01,1070:147,1070,147,관련 네트워크의 공유·연관 동작,실행·호출 순서 미검증
LD01,1070:151,1070,151,관련 네트워크의 공유·연관 동작,실행·호출 순서 미검증
LD01,1080:27,1080,27,관련 네트워크의 공유·연관 동작,실행·호출 순서 미검증
LD01,1080:33,1080,33,관련 네트워크의 공유·연관 동작,실행·호출 순서 미검증
LD01,1080:36,1080,36,설비 태그 명칭 일치 후보,실행·호출 순서 미검증
LD01,1080:39,1080,39,관련 네트워크의 공유·연관 동작,실행·호출 순서 미검증
LD01,1080:42,1080,42,관련 네트워크의 공유·연관 동작,실행·호출 순서 미검증
LD01,1080:45,1080,45,관련 네트워크의 공유·연관 동작,실행·호출 순서 미검증
LD01,1085:27,1085,27,설비 태그 명칭 일치 후보,실행·호출 순서 미검증
LD01,1085:34,1085,34,관련 네트워크의 공유·연관 동작,실행·호출 순서 미검증
LD01,1085:86,1085,86,설비 태그 명칭 일치 후보,실행·호출 순서 미검증
LD01,1085:41,1085,41,관련 네트워크의 공유·연관 동작,실행·호출 순서 미검증
LD01,1085:48,1085,48,관련 네트워크의 공유·연관 동작,실행·호출 순서 미검증
LD01,1085:51,1085,51,관련 네트워크의 공유·연관 동작,실행·호출 순서 미검증
LD01,1085:53,1085,53,관련 네트워크의 공유·연관 동작,실행·호출 순서 미검증
LD01,1085:55,1085,55,관련 네트워크의 공유·연관 동작,실행·호출 순서 미검증
LD01,1085:57,1085,57,관련 네트워크의 공유·연관 동작,실행·호출 순서 미검증
LD01,1085:83,1085,83,관련 네트워크의 공유·연관 동작,실행·호출 순서 미검증
LD01,1228:282,1228,282,설비 태그 명칭 일치 후보,실행·호출 순서 미검증
LD01,1228:288,1228,288,설비 태그 명칭 일치 후보,실행·호출 순서 미검증
LD01,1805:919,1805,919,관련 네트워크의 공유·연관 동작,실행·호출 순서 미검증
LD01,1805:925,1805,925,설비 태그 명칭 일치 후보,실행·호출 순서 미검증
LD01,1805:930,1805,930,설비 태그 명칭 일치 후보,실행·호출 순서 미검증
LD01,1806:953,1806,953,관련 네트워크의 공유·연관 동작,실행·호출 순서 미검증
LD01,1806:959,1806,959,설비 태그 명칭 일치 후보,실행·호출 순서 미검증
LD01,1806:964,1806,964,설비 태그 명칭 일치 후보,실행·호출 순서 미검증
LD01,1958:836,1958,836,설비 태그 명칭 일치 후보,실행·호출 순서 미검증
LD01,1958:841,1958,841,관련 심볼 이름과 대상 일치,실행·호출 순서 미검증
LD01,1960:861,1960,861,관련 네트워크의 공유·연관 동작,실행·호출 순서 미검증
LD01,1960:866,1960,866,관련 네트워크의 공유·연관 동작,실행·호출 순서 미검증
LD01,1960:871,1960,871,관련 네트워크의 공유·연관 동작,실행·호출 순서 미검증
LD01,1961:891,1961,891,설비 태그 명칭 일치 후보,실행·호출 순서 미검증
LD01,1961:900,1961,900,관련 심볼 이름과 대상 일치,실행·호출 순서 미검증
LD01A,1036:2090,1036,2090,관련 네트워크의 공유·연관 동작,실행·호출 순서 미검증
LD01A,1036:2093,1036,2093,관련 네트워크의 공유·연관 동작,실행·호출 순서 미검증
LD01A,1036:2096,1036,2096,관련 네트워크의 공유·연관 동작,실행·호출 순서 미검증
LD01A,1052:3008,1052,3008,관련 네트워크의 공유·연관 동작,실행·호출 순서 미검증
LD01A,1052:3011,1052,3011,관련 네트워크의 공유·연관 동작,실행·호출 순서 미검증
LD01A,1052:3014,1052,3014,관련 네트워크의 공유·연관 동작,실행·호출 순서 미검증
LD01A,1052:3017,1052,3017,관련 네트워크의 공유·연관 동작,실행·호출 순서 미검증
LD01A,1052:3020,1052,3020,관련 네트워크의 공유·연관 동작,실행·호출 순서 미검증
LD01A,1085:27,1085,27,관련 네트워크의 공유·연관 동작,실행·호출 순서 미검증
LD01A,1085:34,1085,34,설비 태그 명칭 일치 후보,실행·호출 순서 미검증
LD01A,1085:86,1085,86,관련 네트워크의 공유·연관 동작,실행·호출 순서 미검증
LD01A,1085:41,1085,41,관련 네트워크의 공유·연관 동작,실행·호출 순서 미검증
LD01A,1085:48,1085,48,관련 네트워크의 공유·연관 동작,실행·호출 순서 미검증
LD01A,1085:51,1085,51,관련 네트워크의 공유·연관 동작,실행·호출 순서 미검증
LD01A,1085:53,1085,53,관련 네트워크의 공유·연관 동작,실행·호출 순서 미검증
LD01A,1085:55,1085,55,관련 네트워크의 공유·연관 동작,실행·호출 순서 미검증
LD01A,1085:57,1085,57,관련 네트워크의 공유·연관 동작,실행·호출 순서 미검증
LD01A,1085:83,1085,83,관련 네트워크의 공유·연관 동작,실행·호출 순서 미검증
LD01A,1806:953,1806,953,관련 네트워크의 공유·연관 동작,실행·호출 순서 미검증
LD01A,1806:959,1806,959,관련 네트워크의 공유·연관 동작,실행·호출 순서 미검증
LD01A,1806:964,1806,964,관련 네트워크의 공유·연관 동작,실행·호출 순서 미검증
LD01A,1961:891,1961,891,관련 네트워크의 공유·연관 동작,실행·호출 순서 미검증
LD01A,1961:900,1961,900,관련 심볼 이름과 대상 일치,실행·호출 순서 미검증
ER01,1086:34,1086,34,관련 네트워크의 공유·연관 동작,실행·호출 순서 미검증
ER01,1086:41,1086,41,설비 태그 명칭 일치 후보,실행·호출 순서 미검증
ER01,1086:44,1086,44,관련 네트워크의 공유·연관 동작,실행·호출 순서 미검증
ER01,1086:24,1086,24,관련 네트워크의 공유·연관 동작,실행·호출 순서 미검증
ER01,1086:46,1086,46,관련 네트워크의 공유·연관 동작,실행·호출 순서 미검증
ER01,1086:28,1086,28,관련 네트워크의 공유·연관 동작,실행·호출 순서 미검증
ER01,1822:24,1822,24,설비 태그 명칭 일치 후보,실행·호출 순서 미검증
ER01,1822:32,1822,32,설비 태그 명칭 일치 후보,실행·호출 순서 미검증
ER01,1847:891,1847,891,관련 네트워크의 공유·연관 동작,실행·호출 순서 미검증
ER01,1847:893,1847,893,관련 네트워크의 공유·연관 동작,실행·호출 순서 미검증
ER01,1847:897,1847,897,관련 네트워크의 공유·연관 동작,실행·호출 순서 미검증
ER01,1847:905,1847,905,관련 네트워크의 공유·연관 동작,실행·호출 순서 미검증
ER01,1847:907,1847,907,관련 네트워크의 공유·연관 동작,실행·호출 순서 미검증
ER01,1847:909,1847,909,관련 네트워크의 공유·연관 동작,실행·호출 순서 미검증
ER01,1847:917,1847,917,관련 네트워크의 공유·연관 동작,실행·호출 순서 미검증
ER01,1847:919,1847,919,관련 네트워크의 공유·연관 동작,실행·호출 순서 미검증
ER01,1847:927,1847,927,관련 네트워크의 공유·연관 동작,실행·호출 순서 미검증
ER01,1847:929,1847,929,관련 네트워크의 공유·연관 동작,실행·호출 순서 미검증
ER01,1847:931,1847,931,설비 태그 명칭 일치 후보,실행·호출 순서 미검증
ER01,1847:939,1847,939,관련 네트워크의 공유·연관 동작,실행·호출 순서 미검증
ER01,1847:941,1847,941,관련 네트워크의 공유·연관 동작,실행·호출 순서 미검증
ER01,1847:948,1847,948,관련 네트워크의 공유·연관 동작,실행·호출 순서 미검증
ER01,1847:954,1847,954,관련 네트워크의 공유·연관 동작,실행·호출 순서 미검증
ER01,1847:961,1847,961,관련 네트워크의 공유·연관 동작,실행·호출 순서 미검증
ER01,1847:963,1847,963,관련 네트워크의 공유·연관 동작,실행·호출 순서 미검증
ER01,1847:965,1847,965,관련 네트워크의 공유·연관 동작,실행·호출 순서 미검증
ER01,1847:973,1847,973,관련 네트워크의 공유·연관 동작,실행·호출 순서 미검증
ER01,1847:975,1847,975,관련 네트워크의 공유·연관 동작,실행·호출 순서 미검증
ER01,1847:982,1847,982,관련 네트워크의 공유·연관 동작,실행·호출 순서 미검증
ER01,1969:1079,1969,1079,관련 네트워크의 공유·연관 동작,실행·호출 순서 미검증
ER01,1969:1083,1969,1083,관련 네트워크의 공유·연관 동작,실행·호출 순서 미검증
ER01,1971:1125,1971,1125,설비 태그 명칭 일치 후보,실행·호출 순서 미검증
ER01,1971:1129,1971,1129,관련 심볼 이름과 대상 일치,실행·호출 순서 미검증
BWF01,935:311,935,311,설비 태그 명칭 일치 후보,실행·호출 순서 미검증
BWF01,935:316,935,316,관련 네트워크의 공유·연관 동작,실행·호출 순서 미검증
BWF01,1071:22,1071,22,관련 네트워크의 공유·연관 동작,실행·호출 순서 미검증
BWF01,1071:27,1071,27,관련 네트워크의 공유·연관 동작,실행·호출 순서 미검증
BWF01,1071:34,1071,34,설비 태그 명칭 일치 후보,실행·호출 순서 미검증
BWF01,1071:41,1071,41,관련 네트워크의 공유·연관 동작,실행·호출 순서 미검증
BWF01,1071:48,1071,48,설비 태그 명칭 일치 후보,실행·호출 순서 미검증
BWF01,1071:49,1071,49,관련 네트워크의 공유·연관 동작,실행·호출 순서 미검증
BWF01,1071:50,1071,50,관련 네트워크의 공유·연관 동작,실행·호출 순서 미검증
BWF01,1071:51,1071,51,관련 네트워크의 공유·연관 동작,실행·호출 순서 미검증
BWF01,1071:72,1071,72,관련 네트워크의 공유·연관 동작,실행·호출 순서 미검증
BWF01,1071:73,1071,73,관련 네트워크의 공유·연관 동작,실행·호출 순서 미검증
BWF01,1071:74,1071,74,관련 네트워크의 공유·연관 동작,실행·호출 순서 미검증
BWF01,1071:75,1071,75,관련 네트워크의 공유·연관 동작,실행·호출 순서 미검증
BWF01,1071:96,1071,96,관련 네트워크의 공유·연관 동작,실행·호출 순서 미검증
BWF01,1071:97,1071,97,관련 네트워크의 공유·연관 동작,실행·호출 순서 미검증
BWF01,1071:98,1071,98,관련 네트워크의 공유·연관 동작,실행·호출 순서 미검증
BWF01,1071:99,1071,99,관련 네트워크의 공유·연관 동작,실행·호출 순서 미검증
BWF01,1071:122,1071,122,관련 네트워크의 공유·연관 동작,실행·호출 순서 미검증
BWF01,1071:123,1071,123,관련 네트워크의 공유·연관 동작,실행·호출 순서 미검증
BWF01,1071:144,1071,144,관련 네트워크의 공유·연관 동작,실행·호출 순서 미검증
BWF01,1071:145,1071,145,관련 네트워크의 공유·연관 동작,실행·호출 순서 미검증
BWF01,1071:146,1071,146,관련 네트워크의 공유·연관 동작,실행·호출 순서 미검증
BWF01,1071:147,1071,147,관련 네트워크의 공유·연관 동작,실행·호출 순서 미검증
BWF01,1071:168,1071,168,관련 네트워크의 공유·연관 동작,실행·호출 순서 미검증
BWF01,1071:169,1071,169,관련 네트워크의 공유·연관 동작,실행·호출 순서 미검증
BWF01,1071:170,1071,170,관련 네트워크의 공유·연관 동작,실행·호출 순서 미검증
BWF01,1071:171,1071,171,관련 네트워크의 공유·연관 동작,실행·호출 순서 미검증
BWF01,1071:84,1071,84,관련 네트워크의 공유·연관 동작,실행·호출 순서 미검증
BWF01,1071:194,1071,194,관련 네트워크의 공유·연관 동작,실행·호출 순서 미검증
BWF01,1086:34,1086,34,관련 네트워크의 공유·연관 동작,실행·호출 순서 미검증
BWF01,1086:41,1086,41,관련 네트워크의 공유·연관 동작,실행·호출 순서 미검증
BWF01,1086:44,1086,44,설비 태그 명칭 일치 후보,실행·호출 순서 미검증
BWF01,1086:24,1086,24,설비 태그 명칭 일치 후보,실행·호출 순서 미검증
BWF01,1086:46,1086,46,관련 네트워크의 공유·연관 동작,실행·호출 순서 미검증
BWF01,1086:28,1086,28,관련 네트워크의 공유·연관 동작,실행·호출 순서 미검증
BWF01,1213:51,1213,51,관련 네트워크의 공유·연관 동작,실행·호출 순서 미검증
BWF01,1213:55,1213,55,관련 네트워크의 공유·연관 동작,실행·호출 순서 미검증
BWF01,1213:47,1213,47,관련 네트워크의 공유·연관 동작,실행·호출 순서 미검증
BWF01,1679:68,1679,68,관련 네트워크의 공유·연관 동작,실행·호출 순서 미검증
BWF01,1679:76,1679,76,관련 네트워크의 공유·연관 동작,실행·호출 순서 미검증
BWF01,1679:107,1679,107,설비 태그 명칭 일치 후보,실행·호출 순서 미검증
BWF01,1679:169,1679,169,관련 네트워크의 공유·연관 동작,실행·호출 순서 미검증
BWF01,1680:121,1680,121,설비 태그 명칭 일치 후보,실행·호출 순서 미검증
BWF01,1680:129,1680,129,설비 태그 명칭 일치 후보,실행·호출 순서 미검증
BWF01,1681:210,1681,210,관련 네트워크의 공유·연관 동작,실행·호출 순서 미검증
BWF01,1681:215,1681,215,관련 네트워크의 공유·연관 동작,실행·호출 순서 미검증
BWF01,1681:350,1681,350,관련 네트워크의 공유·연관 동작,실행·호출 순서 미검증
BWF01,1681:240,1681,240,관련 심볼 이름과 대상 일치,실행·호출 순서 미검증
BWF01,1681:323,1681,323,관련 심볼 이름과 대상 일치,실행·호출 순서 미검증
BWF01,1735:209,1735,209,관련 네트워크의 공유·연관 동작,실행·호출 순서 미검증
BWF01,1781:71,1781,71,관련 네트워크의 공유·연관 동작,실행·호출 순서 미검증
BWF01,1781:80,1781,80,설비 태그 명칭 일치 후보,실행·호출 순서 미검증
BWF01,1781:86,1781,86,설비 태그 명칭 일치 후보,실행·호출 순서 미검증
BWF01,1782:105,1782,105,설비 태그 명칭 일치 후보,실행·호출 순서 미검증
BWF01,1782:109,1782,109,설비 태그 명칭 일치 후보,실행·호출 순서 미검증
BWF01,1782:117,1782,117,설비 태그 명칭 일치 후보,실행·호출 순서 미검증
BWF01,1782:121,1782,121,설비 태그 명칭 일치 후보,실행·호출 순서 미검증
BWF01,1820:1775,1820,1775,관련 네트워크의 공유·연관 동작,실행·호출 순서 미검증
BWF01,1820:1780,1820,1780,설비 태그 명칭 일치 후보,실행·호출 순서 미검증
BWF01,1820:1787,1820,1787,관련 네트워크의 공유·연관 동작,실행·호출 순서 미검증
BWF01,1820:1792,1820,1792,관련 네트워크의 공유·연관 동작,실행·호출 순서 미검증
BWF01,1820:1801,1820,1801,설비 태그 명칭 일치 후보,실행·호출 순서 미검증
BWF01,1820:1806,1820,1806,관련 네트워크의 공유·연관 동작,실행·호출 순서 미검증
BWF01,1849:69,1849,69,관련 네트워크의 공유·연관 동작,실행·호출 순서 미검증
BWF01,1849:80,1849,80,관련 네트워크의 공유·연관 동작,실행·호출 순서 미검증
BWF01,1932:109,1932,109,설비 태그 명칭 일치 후보,실행·호출 순서 미검증
BWF01,1932:113,1932,113,관련 심볼 이름과 대상 일치,실행·호출 순서 미검증
BWF01,1934:164,1934,164,관련 네트워크의 공유·연관 동작,실행·호출 순서 미검증
BWF01,1934:170,1934,170,설비 태그 명칭 일치 후보,실행·호출 순서 미검증
BWF01,1934:172,1934,172,관련 네트워크의 공유·연관 동작,실행·호출 순서 미검증
BWF01,1934:228,1934,228,관련 네트워크의 공유·연관 동작,실행·호출 순서 미검증
BWF01,1934:210,1934,210,설비 태그 명칭 일치 후보,실행·호출 순서 미검증
BWF01,1973:1196,1973,1196,관련 네트워크의 공유·연관 동작,실행·호출 순서 미검증
BWF01,1973:1201,1973,1201,관련 네트워크의 공유·연관 동작,실행·호출 순서 미검증
BWF01,1973:1210,1973,1210,관련 네트워크의 공유·연관 동작,실행·호출 순서 미검증
BWF01,1973:1215,1973,1215,관련 네트워크의 공유·연관 동작,실행·호출 순서 미검증
BWF01,1980:342,1980,342,관련 네트워크의 공유·연관 동작,실행·호출 순서 미검증
BWF01,1980:347,1980,347,관련 네트워크의 공유·연관 동작,실행·호출 순서 미검증
BWF01,1980:27,1980,27,관련 네트워크의 공유·연관 동작,실행·호출 순서 미검증
BWF01,1980:360,1980,360,관련 네트워크의 공유·연관 동작,실행·호출 순서 미검증
BWF01,1980:362,1980,362,관련 네트워크의 공유·연관 동작,실행·호출 순서 미검증
BWF01,1980:372,1980,372,관련 네트워크의 공유·연관 동작,실행·호출 순서 미검증
BWF01,1980:377,1980,377,관련 네트워크의 공유·연관 동작,실행·호출 순서 미검증
BWF01,1980:390,1980,390,관련 네트워크의 공유·연관 동작,실행·호출 순서 미검증
BWF01,1980:392,1980,392,관련 네트워크의 공유·연관 동작,실행·호출 순서 미검증
BWF01,1980:415,1980,415,관련 네트워크의 공유·연관 동작,실행·호출 순서 미검증
BWF01,1980:420,1980,420,관련 네트워크의 공유·연관 동작,실행·호출 순서 미검증
BWF01,1980:425,1980,425,관련 네트워크의 공유·연관 동작,실행·호출 순서 미검증
BWF01,1993:1184,1993,1184,관련 네트워크의 공유·연관 동작,실행·호출 순서 미검증
BWF01,1993:1189,1993,1189,관련 네트워크의 공유·연관 동작,실행·호출 순서 미검증
BWF01,1993:1194,1993,1194,관련 네트워크의 공유·연관 동작,실행·호출 순서 미검증
BWF02,425:352,425,352,관련 네트워크의 공유·연관 동작,실행·호출 순서 미검증
BWF02,425:357,425,357,관련 네트워크의 공유·연관 동작,실행·호출 순서 미검증
BWF02,935:311,935,311,관련 네트워크의 공유·연관 동작,실행·호출 순서 미검증
BWF02,935:316,935,316,설비 태그 명칭 일치 후보,실행·호출 순서 미검증
BWF02,1071:22,1071,22,관련 네트워크의 공유·연관 동작,실행·호출 순서 미검증
BWF02,1071:27,1071,27,관련 네트워크의 공유·연관 동작,실행·호출 순서 미검증
BWF02,1071:34,1071,34,관련 네트워크의 공유·연관 동작,실행·호출 순서 미검증
BWF02,1071:41,1071,41,설비 태그 명칭 일치 후보,실행·호출 순서 미검증
BWF02,1071:48,1071,48,관련 네트워크의 공유·연관 동작,실행·호출 순서 미검증
BWF02,1071:49,1071,49,설비 태그 명칭 일치 후보,실행·호출 순서 미검증
BWF02,1071:50,1071,50,관련 네트워크의 공유·연관 동작,실행·호출 순서 미검증
BWF02,1071:51,1071,51,관련 네트워크의 공유·연관 동작,실행·호출 순서 미검증
BWF02,1071:72,1071,72,관련 네트워크의 공유·연관 동작,실행·호출 순서 미검증
BWF02,1071:73,1071,73,관련 네트워크의 공유·연관 동작,실행·호출 순서 미검증
BWF02,1071:74,1071,74,관련 네트워크의 공유·연관 동작,실행·호출 순서 미검증
BWF02,1071:75,1071,75,관련 네트워크의 공유·연관 동작,실행·호출 순서 미검증
BWF02,1071:96,1071,96,관련 네트워크의 공유·연관 동작,실행·호출 순서 미검증
BWF02,1071:97,1071,97,관련 네트워크의 공유·연관 동작,실행·호출 순서 미검증
BWF02,1071:98,1071,98,관련 네트워크의 공유·연관 동작,실행·호출 순서 미검증
BWF02,1071:99,1071,99,관련 네트워크의 공유·연관 동작,실행·호출 순서 미검증
BWF02,1071:122,1071,122,관련 네트워크의 공유·연관 동작,실행·호출 순서 미검증
BWF02,1071:123,1071,123,관련 네트워크의 공유·연관 동작,실행·호출 순서 미검증
BWF02,1071:144,1071,144,관련 네트워크의 공유·연관 동작,실행·호출 순서 미검증
BWF02,1071:145,1071,145,관련 네트워크의 공유·연관 동작,실행·호출 순서 미검증
BWF02,1071:146,1071,146,관련 네트워크의 공유·연관 동작,실행·호출 순서 미검증
BWF02,1071:147,1071,147,관련 네트워크의 공유·연관 동작,실행·호출 순서 미검증
BWF02,1071:168,1071,168,관련 네트워크의 공유·연관 동작,실행·호출 순서 미검증
BWF02,1071:169,1071,169,관련 네트워크의 공유·연관 동작,실행·호출 순서 미검증
BWF02,1071:170,1071,170,관련 네트워크의 공유·연관 동작,실행·호출 순서 미검증
BWF02,1071:171,1071,171,관련 네트워크의 공유·연관 동작,실행·호출 순서 미검증
BWF02,1071:84,1071,84,관련 네트워크의 공유·연관 동작,실행·호출 순서 미검증
BWF02,1071:194,1071,194,관련 네트워크의 공유·연관 동작,실행·호출 순서 미검증
BWF02,1086:34,1086,34,관련 네트워크의 공유·연관 동작,실행·호출 순서 미검증
BWF02,1086:41,1086,41,관련 네트워크의 공유·연관 동작,실행·호출 순서 미검증
BWF02,1086:44,1086,44,관련 네트워크의 공유·연관 동작,실행·호출 순서 미검증
BWF02,1086:24,1086,24,관련 네트워크의 공유·연관 동작,실행·호출 순서 미검증
BWF02,1086:46,1086,46,설비 태그 명칭 일치 후보,실행·호출 순서 미검증
BWF02,1086:28,1086,28,설비 태그 명칭 일치 후보,실행·호출 순서 미검증
BWF02,1214:23,1214,23,관련 네트워크의 공유·연관 동작,실행·호출 순서 미검증
BWF02,1214:25,1214,25,관련 네트워크의 공유·연관 동작,실행·호출 순서 미검증
BWF02,1214:31,1214,31,관련 네트워크의 공유·연관 동작,실행·호출 순서 미검증
BWF02,1679:68,1679,68,관련 네트워크의 공유·연관 동작,실행·호출 순서 미검증
BWF02,1679:76,1679,76,관련 네트워크의 공유·연관 동작,실행·호출 순서 미검증
BWF02,1679:107,1679,107,관련 네트워크의 공유·연관 동작,실행·호출 순서 미검증
BWF02,1679:169,1679,169,설비 태그 명칭 일치 후보,실행·호출 순서 미검증
BWF02,1682:266,1682,266,설비 태그 명칭 일치 후보,실행·호출 순서 미검증
BWF02,1682:274,1682,274,설비 태그 명칭 일치 후보,실행·호출 순서 미검증
BWF02,1683:355,1683,355,관련 네트워크의 공유·연관 동작,실행·호출 순서 미검증
BWF02,1683:360,1683,360,관련 네트워크의 공유·연관 동작,실행·호출 순서 미검증
BWF02,1683:365,1683,365,관련 네트워크의 공유·연관 동작,실행·호출 순서 미검증
BWF02,1683:385,1683,385,관련 심볼 이름과 대상 일치,실행·호출 순서 미검증
BWF02,1736:284,1736,284,관련 네트워크의 공유·연관 동작,실행·호출 순서 미검증
BWF02,1783:147,1783,147,관련 네트워크의 공유·연관 동작,실행·호출 순서 미검증
BWF02,1783:156,1783,156,설비 태그 명칭 일치 후보,실행·호출 순서 미검증
BWF02,1783:162,1783,162,설비 태그 명칭 일치 후보,실행·호출 순서 미검증
BWF02,1784:181,1784,181,설비 태그 명칭 일치 후보,실행·호출 순서 미검증
BWF02,1784:185,1784,185,설비 태그 명칭 일치 후보,실행·호출 순서 미검증
BWF02,1784:193,1784,193,설비 태그 명칭 일치 후보,실행·호출 순서 미검증
BWF02,1784:197,1784,197,설비 태그 명칭 일치 후보,실행·호출 순서 미검증
BWF02,1820:1775,1820,1775,관련 네트워크의 공유·연관 동작,실행·호출 순서 미검증
BWF02,1820:1780,1820,1780,관련 네트워크의 공유·연관 동작,실행·호출 순서 미검증
BWF02,1820:1787,1820,1787,관련 네트워크의 공유·연관 동작,실행·호출 순서 미검증
BWF02,1820:1792,1820,1792,설비 태그 명칭 일치 후보,실행·호출 순서 미검증
BWF02,1820:1801,1820,1801,관련 네트워크의 공유·연관 동작,실행·호출 순서 미검증
BWF02,1820:1806,1820,1806,설비 태그 명칭 일치 후보,실행·호출 순서 미검증
BWF02,1849:69,1849,69,관련 네트워크의 공유·연관 동작,실행·호출 순서 미검증
BWF02,1849:80,1849,80,관련 네트워크의 공유·연관 동작,실행·호출 순서 미검증
BWF02,1933:147,1933,147,설비 태그 명칭 일치 후보,실행·호출 순서 미검증
BWF02,1933:151,1933,151,관련 심볼 이름과 대상 일치,실행·호출 순서 미검증
BWF02,1934:164,1934,164,관련 네트워크의 공유·연관 동작,실행·호출 순서 미검증
BWF02,1934:170,1934,170,관련 네트워크의 공유·연관 동작,실행·호출 순서 미검증
BWF02,1934:172,1934,172,설비 태그 명칭 일치 후보,실행·호출 순서 미검증
BWF02,1934:228,1934,228,설비 태그 명칭 일치 후보,실행·호출 순서 미검증
BWF02,1934:210,1934,210,관련 네트워크의 공유·연관 동작,실행·호출 순서 미검증
BWF02,1973:1196,1973,1196,관련 네트워크의 공유·연관 동작,실행·호출 순서 미검증
BWF02,1973:1201,1973,1201,관련 네트워크의 공유·연관 동작,실행·호출 순서 미검증
BWF02,1973:1210,1973,1210,관련 네트워크의 공유·연관 동작,실행·호출 순서 미검증
BWF02,1973:1215,1973,1215,관련 네트워크의 공유·연관 동작,실행·호출 순서 미검증
BWF02,1980:342,1980,342,관련 네트워크의 공유·연관 동작,실행·호출 순서 미검증
BWF02,1980:347,1980,347,관련 네트워크의 공유·연관 동작,실행·호출 순서 미검증
BWF02,1980:27,1980,27,관련 네트워크의 공유·연관 동작,실행·호출 순서 미검증
BWF02,1980:360,1980,360,관련 네트워크의 공유·연관 동작,실행·호출 순서 미검증
BWF02,1980:362,1980,362,관련 네트워크의 공유·연관 동작,실행·호출 순서 미검증
BWF02,1980:372,1980,372,관련 네트워크의 공유·연관 동작,실행·호출 순서 미검증
BWF02,1980:377,1980,377,관련 네트워크의 공유·연관 동작,실행·호출 순서 미검증
BWF02,1980:390,1980,390,관련 네트워크의 공유·연관 동작,실행·호출 순서 미검증
BWF02,1980:392,1980,392,관련 네트워크의 공유·연관 동작,실행·호출 순서 미검증
BWF02,1980:415,1980,415,관련 네트워크의 공유·연관 동작,실행·호출 순서 미검증
BWF02,1980:420,1980,420,관련 네트워크의 공유·연관 동작,실행·호출 순서 미검증
BWF02,1980:425,1980,425,관련 네트워크의 공유·연관 동작,실행·호출 순서 미검증
BWF02,1993:1184,1993,1184,관련 네트워크의 공유·연관 동작,실행·호출 순서 미검증
BWF02,1993:1189,1993,1189,관련 네트워크의 공유·연관 동작,실행·호출 순서 미검증
BWF02,1993:1194,1993,1194,관련 네트워크의 공유·연관 동작,실행·호출 순서 미검증
LIW,1016:956,1016,956,관련 네트워크의 공유·연관 동작,실행·호출 순서 미검증
LIW,1016:959,1016,959,관련 네트워크의 공유·연관 동작,실행·호출 순서 미검증
LIW,1016:962,1016,962,관련 네트워크의 공유·연관 동작,실행·호출 순서 미검증
LIW,1691:899,1691,899,관련 네트워크의 공유·연관 동작,실행·호출 순서 미검증
LIW,1691:909,1691,909,관련 심볼 이름과 대상 일치,실행·호출 순서 미검증
LIW,1973:1196,1973,1196,관련 네트워크의 공유·연관 동작,실행·호출 순서 미검증
LIW,1973:1201,1973,1201,관련 심볼 이름과 대상 일치,실행·호출 순서 미검증
LIW,1973:1210,1973,1210,관련 네트워크의 공유·연관 동작,실행·호출 순서 미검증
LIW,1973:1215,1973,1215,관련 심볼 이름과 대상 일치,실행·호출 순서 미검증
CLIENT-CL01,410:46,410,46,관련 네트워크의 공유·연관 동작,실행·호출 순서 미검증
CLIENT-CL01,410:51,410,51,관련 네트워크의 공유·연관 동작,실행·호출 순서 미검증
CLIENT-CL01,1002:92,1002,92,관련 네트워크의 공유·연관 동작,실행·호출 순서 미검증
CLIENT-CL01,1002:95,1002,95,관련 네트워크의 공유·연관 동작,실행·호출 순서 미검증
CLIENT-CL01,1002:98,1002,98,관련 네트워크의 공유·연관 동작,실행·호출 순서 미검증
CLIENT-CL02,411:64,411,64,관련 네트워크의 공유·연관 동작,실행·호출 순서 미검증
CLIENT-CL02,411:69,411,69,관련 네트워크의 공유·연관 동작,실행·호출 순서 미검증
CLIENT-CL02,1003:146,1003,146,관련 네트워크의 공유·연관 동작,실행·호출 순서 미검증
CLIENT-CL02,1003:149,1003,149,관련 네트워크의 공유·연관 동작,실행·호출 순서 미검증
CLIENT-CL02,1003:152,1003,152,관련 네트워크의 공유·연관 동작,실행·호출 순서 미검증
CLIENT-CL03,412:82,412,82,관련 네트워크의 공유·연관 동작,실행·호출 순서 미검증
CLIENT-CL03,412:87,412,87,관련 네트워크의 공유·연관 동작,실행·호출 순서 미검증
CLIENT-CL03,1004:200,1004,200,관련 네트워크의 공유·연관 동작,실행·호출 순서 미검증
CLIENT-CL03,1004:203,1004,203,관련 네트워크의 공유·연관 동작,실행·호출 순서 미검증
CLIENT-CL03,1004:206,1004,206,관련 네트워크의 공유·연관 동작,실행·호출 순서 미검증
CLIENT-CL04,413:100,413,100,관련 네트워크의 공유·연관 동작,실행·호출 순서 미검증
CLIENT-CL04,413:105,413,105,관련 네트워크의 공유·연관 동작,실행·호출 순서 미검증
CLIENT-CL04,1005:254,1005,254,관련 네트워크의 공유·연관 동작,실행·호출 순서 미검증
CLIENT-CL04,1005:257,1005,257,관련 네트워크의 공유·연관 동작,실행·호출 순서 미검증
CLIENT-CL04,1005:260,1005,260,관련 네트워크의 공유·연관 동작,실행·호출 순서 미검증
CLIENT-CL05,414:118,414,118,관련 네트워크의 공유·연관 동작,실행·호출 순서 미검증
CLIENT-CL05,414:123,414,123,관련 네트워크의 공유·연관 동작,실행·호출 순서 미검증
CLIENT-CL05,1006:308,1006,308,관련 네트워크의 공유·연관 동작,실행·호출 순서 미검증
CLIENT-CL05,1006:311,1006,311,관련 네트워크의 공유·연관 동작,실행·호출 순서 미검증
CLIENT-CL05,1006:314,1006,314,관련 네트워크의 공유·연관 동작,실행·호출 순서 미검증
CLIENT-CL06,415:136,415,136,관련 네트워크의 공유·연관 동작,실행·호출 순서 미검증
CLIENT-CL06,415:141,415,141,관련 네트워크의 공유·연관 동작,실행·호출 순서 미검증
CLIENT-CL06,1007:362,1007,362,관련 네트워크의 공유·연관 동작,실행·호출 순서 미검증
CLIENT-CL06,1007:365,1007,365,관련 네트워크의 공유·연관 동작,실행·호출 순서 미검증
CLIENT-CL06,1007:368,1007,368,관련 네트워크의 공유·연관 동작,실행·호출 순서 미검증
CLIENT-CL07,416:154,416,154,관련 네트워크의 공유·연관 동작,실행·호출 순서 미검증
CLIENT-CL07,416:159,416,159,관련 네트워크의 공유·연관 동작,실행·호출 순서 미검증
CLIENT-CL07,1008:416,1008,416,관련 네트워크의 공유·연관 동작,실행·호출 순서 미검증
CLIENT-CL07,1008:419,1008,419,관련 네트워크의 공유·연관 동작,실행·호출 순서 미검증
CLIENT-CL07,1008:422,1008,422,관련 네트워크의 공유·연관 동작,실행·호출 순서 미검증
CLIENT-CL08,417:172,417,172,관련 네트워크의 공유·연관 동작,실행·호출 순서 미검증
CLIENT-CL08,417:177,417,177,관련 네트워크의 공유·연관 동작,실행·호출 순서 미검증
CLIENT-CL08,1009:470,1009,470,관련 네트워크의 공유·연관 동작,실행·호출 순서 미검증
CLIENT-CL08,1009:473,1009,473,관련 네트워크의 공유·연관 동작,실행·호출 순서 미검증
CLIENT-CL08,1009:476,1009,476,관련 네트워크의 공유·연관 동작,실행·호출 순서 미검증
CLIENT-CL09,418:190,418,190,관련 네트워크의 공유·연관 동작,실행·호출 순서 미검증
CLIENT-CL09,418:195,418,195,관련 네트워크의 공유·연관 동작,실행·호출 순서 미검증
CLIENT-CL09,1010:524,1010,524,관련 네트워크의 공유·연관 동작,실행·호출 순서 미검증
CLIENT-CL09,1010:527,1010,527,관련 네트워크의 공유·연관 동작,실행·호출 순서 미검증
CLIENT-CL09,1010:530,1010,530,관련 네트워크의 공유·연관 동작,실행·호출 순서 미검증
CLIENT-CL10,419:208,419,208,관련 네트워크의 공유·연관 동작,실행·호출 순서 미검증
CLIENT-CL10,419:213,419,213,관련 네트워크의 공유·연관 동작,실행·호출 순서 미검증
CLIENT-CL10,1011:578,1011,578,관련 네트워크의 공유·연관 동작,실행·호출 순서 미검증
CLIENT-CL10,1011:581,1011,581,관련 네트워크의 공유·연관 동작,실행·호출 순서 미검증
CLIENT-CL10,1011:584,1011,584,관련 네트워크의 공유·연관 동작,실행·호출 순서 미검증
CLIENT-CL13,420:262,420,262,관련 네트워크의 공유·연관 동작,실행·호출 순서 미검증
CLIENT-CL13,420:267,420,267,관련 네트워크의 공유·연관 동작,실행·호출 순서 미검증
CLIENT-CL13,1012:740,1012,740,관련 네트워크의 공유·연관 동작,실행·호출 순서 미검증
CLIENT-CL13,1012:743,1012,743,관련 네트워크의 공유·연관 동작,실행·호출 순서 미검증
CLIENT-CL13,1012:746,1012,746,관련 네트워크의 공유·연관 동작,실행·호출 순서 미검증
CLIENT-CL14,421:280,421,280,관련 네트워크의 공유·연관 동작,실행·호출 순서 미검증
CLIENT-CL14,421:285,421,285,관련 네트워크의 공유·연관 동작,실행·호출 순서 미검증
CLIENT-CL14,1013:794,1013,794,관련 네트워크의 공유·연관 동작,실행·호출 순서 미검증
CLIENT-CL14,1013:797,1013,797,관련 네트워크의 공유·연관 동작,실행·호출 순서 미검증
CLIENT-CL14,1013:800,1013,800,관련 네트워크의 공유·연관 동작,실행·호출 순서 미검증
CLIENT-CL15,422:298,422,298,관련 네트워크의 공유·연관 동작,실행·호출 순서 미검증
CLIENT-CL15,422:303,422,303,관련 네트워크의 공유·연관 동작,실행·호출 순서 미검증
CLIENT-CL15,1014:848,1014,848,관련 네트워크의 공유·연관 동작,실행·호출 순서 미검증
CLIENT-CL15,1014:851,1014,851,관련 네트워크의 공유·연관 동작,실행·호출 순서 미검증
CLIENT-CL15,1014:854,1014,854,관련 네트워크의 공유·연관 동작,실행·호출 순서 미검증
CLIENT-CL16,423:316,423,316,관련 네트워크의 공유·연관 동작,실행·호출 순서 미검증
CLIENT-CL16,423:321,423,321,관련 네트워크의 공유·연관 동작,실행·호출 순서 미검증
CLIENT-CL16,1015:902,1015,902,관련 네트워크의 공유·연관 동작,실행·호출 순서 미검증
CLIENT-CL16,1015:905,1015,905,관련 네트워크의 공유·연관 동작,실행·호출 순서 미검증
CLIENT-CL16,1015:908,1015,908,관련 네트워크의 공유·연관 동작,실행·호출 순서 미검증
CLIENT-CL17,424:334,424,334,관련 네트워크의 공유·연관 동작,실행·호출 순서 미검증
CLIENT-CL17,424:339,424,339,관련 네트워크의 공유·연관 동작,실행·호출 순서 미검증
CLIENT-CL17,1016:956,1016,956,관련 네트워크의 공유·연관 동작,실행·호출 순서 미검증
CLIENT-CL17,1016:959,1016,959,관련 네트워크의 공유·연관 동작,실행·호출 순서 미검증
CLIENT-CL17,1016:962,1016,962,관련 네트워크의 공유·연관 동작,실행·호출 순서 미검증
CLIENT-CL18,425:352,425,352,관련 네트워크의 공유·연관 동작,실행·호출 순서 미검증
CLIENT-CL18,425:357,425,357,관련 네트워크의 공유·연관 동작,실행·호출 순서 미검증
CLIENT-CL19,426:370,426,370,관련 네트워크의 공유·연관 동작,실행·호출 순서 미검증
CLIENT-CL19,426:375,426,375,관련 네트워크의 공유·연관 동작,실행·호출 순서 미검증
CLIENT-CL19,1017:1064,1017,1064,관련 네트워크의 공유·연관 동작,실행·호출 순서 미검증
CLIENT-CL19,1017:1067,1017,1067,관련 네트워크의 공유·연관 동작,실행·호출 순서 미검증
CLIENT-CL19,1017:1070,1017,1070,관련 네트워크의 공유·연관 동작,실행·호출 순서 미검증
TC01,1071:22,1071,22,관련 네트워크의 공유·연관 동작,실행·호출 순서 미검증
TC01,1071:27,1071,27,관련 네트워크의 공유·연관 동작,실행·호출 순서 미검증
TC01,1071:34,1071,34,관련 네트워크의 공유·연관 동작,실행·호출 순서 미검증
TC01,1071:41,1071,41,관련 네트워크의 공유·연관 동작,실행·호출 순서 미검증
TC01,1071:48,1071,48,관련 네트워크의 공유·연관 동작,실행·호출 순서 미검증
TC01,1071:49,1071,49,관련 네트워크의 공유·연관 동작,실행·호출 순서 미검증
TC01,1071:50,1071,50,설비 태그 명칭 일치 후보,실행·호출 순서 미검증
TC01,1071:51,1071,51,관련 네트워크의 공유·연관 동작,실행·호출 순서 미검증
TC01,1071:72,1071,72,관련 네트워크의 공유·연관 동작,실행·호출 순서 미검증
TC01,1071:73,1071,73,관련 네트워크의 공유·연관 동작,실행·호출 순서 미검증
TC01,1071:74,1071,74,관련 네트워크의 공유·연관 동작,실행·호출 순서 미검증
TC01,1071:75,1071,75,관련 네트워크의 공유·연관 동작,실행·호출 순서 미검증
TC01,1071:96,1071,96,관련 네트워크의 공유·연관 동작,실행·호출 순서 미검증
TC01,1071:97,1071,97,관련 네트워크의 공유·연관 동작,실행·호출 순서 미검증
TC01,1071:98,1071,98,관련 네트워크의 공유·연관 동작,실행·호출 순서 미검증
TC01,1071:99,1071,99,관련 네트워크의 공유·연관 동작,실행·호출 순서 미검증
TC01,1071:122,1071,122,관련 네트워크의 공유·연관 동작,실행·호출 순서 미검증
TC01,1071:123,1071,123,관련 네트워크의 공유·연관 동작,실행·호출 순서 미검증
TC01,1071:144,1071,144,관련 네트워크의 공유·연관 동작,실행·호출 순서 미검증
TC01,1071:145,1071,145,관련 네트워크의 공유·연관 동작,실행·호출 순서 미검증
TC01,1071:146,1071,146,관련 네트워크의 공유·연관 동작,실행·호출 순서 미검증
TC01,1071:147,1071,147,관련 네트워크의 공유·연관 동작,실행·호출 순서 미검증
TC01,1071:168,1071,168,관련 네트워크의 공유·연관 동작,실행·호출 순서 미검증
TC01,1071:169,1071,169,관련 네트워크의 공유·연관 동작,실행·호출 순서 미검증
TC01,1071:170,1071,170,관련 네트워크의 공유·연관 동작,실행·호출 순서 미검증
TC01,1071:171,1071,171,관련 네트워크의 공유·연관 동작,실행·호출 순서 미검증
TC01,1071:84,1071,84,관련 네트워크의 공유·연관 동작,실행·호출 순서 미검증
TC01,1071:194,1071,194,관련 네트워크의 공유·연관 동작,실행·호출 순서 미검증
TC01,1092:27,1092,27,관련 네트워크의 공유·연관 동작,실행·호출 순서 미검증
TC01,1092:31,1092,31,관련 네트워크의 공유·연관 동작,실행·호출 순서 미검증
TC01,1092:33,1092,33,관련 네트워크의 공유·연관 동작,실행·호출 순서 미검증
TC01,1092:36,1092,36,관련 네트워크의 공유·연관 동작,실행·호출 순서 미검증
TC01,1843:410,1843,410,관련 네트워크의 공유·연관 동작,실행·호출 순서 미검증
TC01,1843:412,1843,412,관련 네트워크의 공유·연관 동작,실행·호출 순서 미검증
TC01,1843:420,1843,420,관련 네트워크의 공유·연관 동작,실행·호출 순서 미검증
TC01,1843:422,1843,422,관련 네트워크의 공유·연관 동작,실행·호출 순서 미검증
TC01,1843:424,1843,424,관련 네트워크의 공유·연관 동작,실행·호출 순서 미검증
TC01,1843:432,1843,432,관련 네트워크의 공유·연관 동작,실행·호출 순서 미검증
TC01,1843:434,1843,434,관련 네트워크의 공유·연관 동작,실행·호출 순서 미검증
TC01,1843:436,1843,436,관련 네트워크의 공유·연관 동작,실행·호출 순서 미검증
TC01,1843:443,1843,443,관련 네트워크의 공유·연관 동작,실행·호출 순서 미검증
TC01,1843:449,1843,449,관련 네트워크의 공유·연관 동작,실행·호출 순서 미검증
TC01,1843:456,1843,456,관련 네트워크의 공유·연관 동작,실행·호출 순서 미검증
TC01,1843:458,1843,458,관련 네트워크의 공유·연관 동작,실행·호출 순서 미검증
TC01,1843:460,1843,460,관련 네트워크의 공유·연관 동작,실행·호출 순서 미검증
TC01,1843:462,1843,462,관련 네트워크의 공유·연관 동작,실행·호출 순서 미검증
TC01,1843:469,1843,469,관련 네트워크의 공유·연관 동작,실행·호출 순서 미검증
TC01,1843:478,1843,478,관련 네트워크의 공유·연관 동작,실행·호출 순서 미검증
TC01,1843:481,1843,481,관련 네트워크의 공유·연관 동작,실행·호출 순서 미검증
TC01,1843:492,1843,492,관련 네트워크의 공유·연관 동작,실행·호출 순서 미검증
TC01,1843:102,1843,102,관련 네트워크의 공유·연관 동작,실행·호출 순서 미검증
TC01,1843:495,1843,495,관련 네트워크의 공유·연관 동작,실행·호출 순서 미검증
TC01,1843:500,1843,500,관련 네트워크의 공유·연관 동작,실행·호출 순서 미검증
TC01,1843:506,1843,506,관련 네트워크의 공유·연관 동작,실행·호출 순서 미검증
TC01,1843:34,1843,34,관련 네트워크의 공유·연관 동작,실행·호출 순서 미검증
TC01,1843:513,1843,513,관련 네트워크의 공유·연관 동작,실행·호출 순서 미검증
TC01,1843:515,1843,515,관련 네트워크의 공유·연관 동작,실행·호출 순서 미검증
TC01,1843:517,1843,517,관련 네트워크의 공유·연관 동작,실행·호출 순서 미검증
TC01,1843:527,1843,527,관련 네트워크의 공유·연관 동작,실행·호출 순서 미검증
TC01,1843:530,1843,530,관련 네트워크의 공유·연관 동작,실행·호출 순서 미검증
TC01,1843:539,1843,539,관련 네트워크의 공유·연관 동작,실행·호출 순서 미검증
TC01,1843:545,1843,545,관련 네트워크의 공유·연관 동작,실행·호출 순서 미검증
TC01,1843:552,1843,552,관련 네트워크의 공유·연관 동작,실행·호출 순서 미검증
TC01,1843:554,1843,554,관련 네트워크의 공유·연관 동작,실행·호출 순서 미검증
TC01,1843:568,1843,568,설비 태그 명칭 일치 후보,실행·호출 순서 미검증
TC01,1843:573,1843,573,관련 네트워크의 공유·연관 동작,실행·호출 순서 미검증
TC01,1843:578,1843,578,관련 네트워크의 공유·연관 동작,실행·호출 순서 미검증
TC01,1843:581,1843,581,관련 네트워크의 공유·연관 동작,실행·호출 순서 미검증
TC01,1843:587,1843,587,관련 네트워크의 공유·연관 동작,실행·호출 순서 미검증
TC01,1843:828,1843,828,관련 네트워크의 공유·연관 동작,실행·호출 순서 미검증
TC01,1843:837,1843,837,관련 네트워크의 공유·연관 동작,실행·호출 순서 미검증
TC01,1843:838,1843,838,관련 네트워크의 공유·연관 동작,실행·호출 순서 미검증
TC01,1844:747,1844,747,관련 네트워크의 공유·연관 동작,실행·호출 순서 미검증
TC01,1844:749,1844,749,관련 네트워크의 공유·연관 동작,실행·호출 순서 미검증
TC01,1844:757,1844,757,관련 네트워크의 공유·연관 동작,실행·호출 순서 미검증
TC01,1844:759,1844,759,관련 네트워크의 공유·연관 동작,실행·호출 순서 미검증
TC01,1844:761,1844,761,관련 네트워크의 공유·연관 동작,실행·호출 순서 미검증
TC01,1844:769,1844,769,관련 네트워크의 공유·연관 동작,실행·호출 순서 미검증
TC01,1844:771,1844,771,관련 네트워크의 공유·연관 동작,실행·호출 순서 미검증
TC01,1844:773,1844,773,관련 네트워크의 공유·연관 동작,실행·호출 순서 미검증
TC01,1844:780,1844,780,관련 네트워크의 공유·연관 동작,실행·호출 순서 미검증
TC01,1844:786,1844,786,관련 네트워크의 공유·연관 동작,실행·호출 순서 미검증
TC01,1844:793,1844,793,관련 네트워크의 공유·연관 동작,실행·호출 순서 미검증
TC01,1844:799,1844,799,관련 네트워크의 공유·연관 동작,실행·호출 순서 미검증
TC01,1844:805,1844,805,관련 네트워크의 공유·연관 동작,실행·호출 순서 미검증
TC01,1844:811,1844,811,관련 네트워크의 공유·연관 동작,실행·호출 순서 미검증
TC01,1844:817,1844,817,관련 네트워크의 공유·연관 동작,실행·호출 순서 미검증
TC01,1844:826,1844,826,관련 네트워크의 공유·연관 동작,실행·호출 순서 미검증
TC01,1844:829,1844,829,관련 네트워크의 공유·연관 동작,실행·호출 순서 미검증
TC01,1844:1158,1844,1158,관련 네트워크의 공유·연관 동작,실행·호출 순서 미검증
TC01,1844:1162,1844,1162,관련 네트워크의 공유·연관 동작,실행·호출 순서 미검증
TC01,1844:850,1844,850,관련 네트워크의 공유·연관 동작,실행·호출 순서 미검증
TC01,1844:852,1844,852,관련 네트워크의 공유·연관 동작,실행·호출 순서 미검증
TC01,1844:854,1844,854,관련 네트워크의 공유·연관 동작,실행·호출 순서 미검증
TC01,1844:864,1844,864,관련 네트워크의 공유·연관 동작,실행·호출 순서 미검증
TC01,1844:867,1844,867,관련 네트워크의 공유·연관 동작,실행·호출 순서 미검증
TC01,1844:878,1844,878,관련 네트워크의 공유·연관 동작,실행·호출 순서 미검증
TC01,1844:881,1844,881,관련 네트워크의 공유·연관 동작,실행·호출 순서 미검증
TC01,1844:889,1844,889,관련 네트워크의 공유·연관 동작,실행·호출 순서 미검증
TC01,1844:896,1844,896,관련 네트워크의 공유·연관 동작,실행·호출 순서 미검증
TC01,1844:898,1844,898,관련 네트워크의 공유·연관 동작,실행·호출 순서 미검증
TC01,1844:912,1844,912,설비 태그 명칭 일치 후보,실행·호출 순서 미검증
TC01,1844:917,1844,917,관련 네트워크의 공유·연관 동작,실행·호출 순서 미검증
TC01,1844:922,1844,922,관련 네트워크의 공유·연관 동작,실행·호출 순서 미검증
TC01,1844:925,1844,925,관련 네트워크의 공유·연관 동작,실행·호출 순서 미검증
TC01,1844:931,1844,931,관련 네트워크의 공유·연관 동작,실행·호출 순서 미검증
TC01,1845:60,1845,60,관련 네트워크의 공유·연관 동작,실행·호출 순서 미검증
TC01,1845:65,1845,65,관련 네트워크의 공유·연관 동작,실행·호출 순서 미검증
TC01,1845:70,1845,70,관련 네트워크의 공유·연관 동작,실행·호출 순서 미검증
TC01,1845:74,1845,74,관련 네트워크의 공유·연관 동작,실행·호출 순서 미검증
TC01,1845:78,1845,78,관련 네트워크의 공유·연관 동작,실행·호출 순서 미검증
TC01,1856:150,1856,150,관련 네트워크의 공유·연관 동작,실행·호출 순서 미검증
TC01,1858:232,1858,232,관련 네트워크의 공유·연관 동작,실행·호출 순서 미검증
TC01,1862:422,1862,422,관련 네트워크의 공유·연관 동작,실행·호출 순서 미검증
TC01,1862:441,1862,441,관련 네트워크의 공유·연관 동작,실행·호출 순서 미검증
TC01,1862:448,1862,448,관련 네트워크의 공유·연관 동작,실행·호출 순서 미검증
TC01,1862:453,1862,453,관련 네트워크의 공유·연관 동작,실행·호출 순서 미검증
TC01,1862:465,1862,465,관련 네트워크의 공유·연관 동작,실행·호출 순서 미검증
TC01,1862:470,1862,470,관련 네트워크의 공유·연관 동작,실행·호출 순서 미검증
TC01,1864:536,1864,536,관련 네트워크의 공유·연관 동작,실행·호출 순서 미검증
TC01,1864:542,1864,542,관련 네트워크의 공유·연관 동작,실행·호출 순서 미검증
TC01,1865:579,1865,579,관련 네트워크의 공유·연관 동작,실행·호출 순서 미검증
TC01,1865:588,1865,588,관련 네트워크의 공유·연관 동작,실행·호출 순서 미검증
TC01,1868:1122,1868,1122,관련 네트워크의 공유·연관 동작,실행·호출 순서 미검증
TC01,1868:1127,1868,1127,관련 네트워크의 공유·연관 동작,실행·호출 순서 미검증
TC01,1868:1669,1868,1669,관련 네트워크의 공유·연관 동작,실행·호출 순서 미검증
TC01,1868:1130,1868,1130,관련 네트워크의 공유·연관 동작,실행·호출 순서 미검증
TC01,1868:1146,1868,1146,관련 네트워크의 공유·연관 동작,실행·호출 순서 미검증
TC01,1868:1154,1868,1154,관련 네트워크의 공유·연관 동작,실행·호출 순서 미검증
TC01,1868:1159,1868,1159,관련 네트워크의 공유·연관 동작,실행·호출 순서 미검증
TC01,1868:1171,1868,1171,관련 네트워크의 공유·연관 동작,실행·호출 순서 미검증
TC01,1868:1176,1868,1176,관련 네트워크의 공유·연관 동작,실행·호출 순서 미검증
TC01,1868:1179,1868,1179,관련 네트워크의 공유·연관 동작,실행·호출 순서 미검증
TC01,1868:1188,1868,1188,관련 네트워크의 공유·연관 동작,실행·호출 순서 미검증
TC01,1868:1199,1868,1199,관련 네트워크의 공유·연관 동작,실행·호출 순서 미검증
TC01,1868:1215,1868,1215,관련 네트워크의 공유·연관 동작,실행·호출 순서 미검증
TC01,1868:1220,1868,1220,관련 네트워크의 공유·연관 동작,실행·호출 순서 미검증
TC01,1868:1232,1868,1232,관련 네트워크의 공유·연관 동작,실행·호출 순서 미검증
TC01,1868:1237,1868,1237,관련 네트워크의 공유·연관 동작,실행·호출 순서 미검증
TC01,1868:1240,1868,1240,관련 네트워크의 공유·연관 동작,실행·호출 순서 미검증
TC01,1868:1251,1868,1251,관련 네트워크의 공유·연관 동작,실행·호출 순서 미검증
TC01,1868:1262,1868,1262,관련 네트워크의 공유·연관 동작,실행·호출 순서 미검증
TC01,1868:1267,1868,1267,관련 네트워크의 공유·연관 동작,실행·호출 순서 미검증
TC01,1868:1281,1868,1281,관련 네트워크의 공유·연관 동작,실행·호출 순서 미검증
TC01,1868:1289,1868,1289,관련 네트워크의 공유·연관 동작,실행·호출 순서 미검증
TC01,1868:1300,1868,1300,관련 네트워크의 공유·연관 동작,실행·호출 순서 미검증
TC01,1868:1303,1868,1303,관련 네트워크의 공유·연관 동작,실행·호출 순서 미검증
TC01,1868:1306,1868,1306,관련 네트워크의 공유·연관 동작,실행·호출 순서 미검증
TC01,1868:1309,1868,1309,관련 네트워크의 공유·연관 동작,실행·호출 순서 미검증
TC01,1868:1318,1868,1318,관련 네트워크의 공유·연관 동작,실행·호출 순서 미검증
TC01,1868:1329,1868,1329,관련 네트워크의 공유·연관 동작,실행·호출 순서 미검증
TC01,1868:1334,1868,1334,관련 네트워크의 공유·연관 동작,실행·호출 순서 미검증
TC01,1868:1342,1868,1342,관련 네트워크의 공유·연관 동작,실행·호출 순서 미검증
TC01,1868:1354,1868,1354,관련 네트워크의 공유·연관 동작,실행·호출 순서 미검증
TC01,1868:1358,1868,1358,관련 네트워크의 공유·연관 동작,실행·호출 순서 미검증
TC01,1868:1363,1868,1363,관련 네트워크의 공유·연관 동작,실행·호출 순서 미검증
TC01,1870:1172,1870,1172,관련 네트워크의 공유·연관 동작,실행·호출 순서 미검증
TC01,1870:1181,1870,1181,관련 네트워크의 공유·연관 동작,실행·호출 순서 미검증
TC01,1875:1505,1875,1505,설비 태그 명칭 일치 후보,실행·호출 순서 미검증
TC01,1875:1513,1875,1513,설비 태그 명칭 일치 후보,실행·호출 순서 미검증
TC01,1875:1521,1875,1521,설비 태그 명칭 일치 후보,실행·호출 순서 미검증
TC01,1875:1529,1875,1529,설비 태그 명칭 일치 후보,실행·호출 순서 미검증
TC01,1875:1537,1875,1537,설비 태그 명칭 일치 후보,실행·호출 순서 미검증
TC01,1875:1545,1875,1545,설비 태그 명칭 일치 후보,실행·호출 순서 미검증
TC01,1875:1553,1875,1553,설비 태그 명칭 일치 후보,실행·호출 순서 미검증
TC01,1875:1561,1875,1561,설비 태그 명칭 일치 후보,실행·호출 순서 미검증
TC01,1875:1569,1875,1569,설비 태그 명칭 일치 후보,실행·호출 순서 미검증
TC01,1875:1577,1875,1577,설비 태그 명칭 일치 후보,실행·호출 순서 미검증
TC01,1875:1585,1875,1585,설비 태그 명칭 일치 후보,실행·호출 순서 미검증
TC01,1876:1577,1876,1577,설비 태그 명칭 일치 후보,실행·호출 순서 미검증
TC01,1876:1585,1876,1585,설비 태그 명칭 일치 후보,실행·호출 순서 미검증
TC01,1876:1593,1876,1593,설비 태그 명칭 일치 후보,실행·호출 순서 미검증
TC01,1876:1601,1876,1601,설비 태그 명칭 일치 후보,실행·호출 순서 미검증
TC01,1877:1683,1877,1683,설비 태그 명칭 일치 후보,실행·호출 순서 미검증
TC01,1877:1691,1877,1691,설비 태그 명칭 일치 후보,실행·호출 순서 미검증
TC01,1877:1699,1877,1699,설비 태그 명칭 일치 후보,실행·호출 순서 미검증
TC01,1877:1707,1877,1707,설비 태그 명칭 일치 후보,실행·호출 순서 미검증
TC01,1877:1715,1877,1715,설비 태그 명칭 일치 후보,실행·호출 순서 미검증
TC01,1877:1723,1877,1723,설비 태그 명칭 일치 후보,실행·호출 순서 미검증
TC01,1979:155,1979,155,관련 네트워크의 공유·연관 동작,실행·호출 순서 미검증
TC01,1979:160,1979,160,설비 태그 명칭 일치 후보,실행·호출 순서 미검증
TC01,1979:173,1979,173,설비 태그 명칭 일치 후보,실행·호출 순서 미검증
TC01,1979:175,1979,175,관련 네트워크의 공유·연관 동작,실행·호출 순서 미검증
TC01,1979:198,1979,198,관련 네트워크의 공유·연관 동작,실행·호출 순서 미검증
TC01,1979:203,1979,203,설비 태그 명칭 일치 후보,실행·호출 순서 미검증
TC01,1979:208,1979,208,설비 태그 명칭 일치 후보,실행·호출 순서 미검증
TC01,1984:599,1984,599,관련 네트워크의 공유·연관 동작,실행·호출 순서 미검증
TC01,1984:604,1984,604,관련 네트워크의 공유·연관 동작,실행·호출 순서 미검증
TC01,1984:616,1984,616,관련 네트워크의 공유·연관 동작,실행·호출 순서 미검증
TC01,1985:685,1985,685,관련 네트워크의 공유·연관 동작,실행·호출 순서 미검증
TC01,1985:690,1985,690,관련 네트워크의 공유·연관 동작,실행·호출 순서 미검증
TC01,1985:695,1985,695,관련 네트워크의 공유·연관 동작,실행·호출 순서 미검증
TC01,1986:770,1986,770,관련 네트워크의 공유·연관 동작,실행·호출 순서 미검증
TC01,1986:775,1986,775,설비 태그 명칭 일치 후보,실행·호출 순서 미검증
TC01,1986:780,1986,780,설비 태그 명칭 일치 후보,실행·호출 순서 미검증
TC02,1071:22,1071,22,관련 네트워크의 공유·연관 동작,실행·호출 순서 미검증
TC02,1071:27,1071,27,관련 네트워크의 공유·연관 동작,실행·호출 순서 미검증
TC02,1071:34,1071,34,관련 네트워크의 공유·연관 동작,실행·호출 순서 미검증
TC02,1071:41,1071,41,관련 네트워크의 공유·연관 동작,실행·호출 순서 미검증
TC02,1071:48,1071,48,관련 네트워크의 공유·연관 동작,실행·호출 순서 미검증
TC02,1071:49,1071,49,관련 네트워크의 공유·연관 동작,실행·호출 순서 미검증
TC02,1071:50,1071,50,관련 네트워크의 공유·연관 동작,실행·호출 순서 미검증
TC02,1071:51,1071,51,설비 태그 명칭 일치 후보,실행·호출 순서 미검증
TC02,1071:72,1071,72,관련 네트워크의 공유·연관 동작,실행·호출 순서 미검증
TC02,1071:73,1071,73,관련 네트워크의 공유·연관 동작,실행·호출 순서 미검증
TC02,1071:74,1071,74,관련 네트워크의 공유·연관 동작,실행·호출 순서 미검증
TC02,1071:75,1071,75,관련 네트워크의 공유·연관 동작,실행·호출 순서 미검증
TC02,1071:96,1071,96,관련 네트워크의 공유·연관 동작,실행·호출 순서 미검증
TC02,1071:97,1071,97,관련 네트워크의 공유·연관 동작,실행·호출 순서 미검증
TC02,1071:98,1071,98,관련 네트워크의 공유·연관 동작,실행·호출 순서 미검증
TC02,1071:99,1071,99,관련 네트워크의 공유·연관 동작,실행·호출 순서 미검증
TC02,1071:122,1071,122,관련 네트워크의 공유·연관 동작,실행·호출 순서 미검증
TC02,1071:123,1071,123,관련 네트워크의 공유·연관 동작,실행·호출 순서 미검증
TC02,1071:144,1071,144,관련 네트워크의 공유·연관 동작,실행·호출 순서 미검증
TC02,1071:145,1071,145,관련 네트워크의 공유·연관 동작,실행·호출 순서 미검증
TC02,1071:146,1071,146,관련 네트워크의 공유·연관 동작,실행·호출 순서 미검증
TC02,1071:147,1071,147,관련 네트워크의 공유·연관 동작,실행·호출 순서 미검증
TC02,1071:168,1071,168,관련 네트워크의 공유·연관 동작,실행·호출 순서 미검증
TC02,1071:169,1071,169,관련 네트워크의 공유·연관 동작,실행·호출 순서 미검증
TC02,1071:170,1071,170,관련 네트워크의 공유·연관 동작,실행·호출 순서 미검증
TC02,1071:171,1071,171,관련 네트워크의 공유·연관 동작,실행·호출 순서 미검증
TC02,1071:84,1071,84,관련 네트워크의 공유·연관 동작,실행·호출 순서 미검증
TC02,1071:194,1071,194,관련 네트워크의 공유·연관 동작,실행·호출 순서 미검증
TC02,1092:27,1092,27,관련 네트워크의 공유·연관 동작,실행·호출 순서 미검증
TC02,1092:31,1092,31,관련 네트워크의 공유·연관 동작,실행·호출 순서 미검증
TC02,1092:33,1092,33,관련 네트워크의 공유·연관 동작,실행·호출 순서 미검증
TC02,1092:36,1092,36,관련 네트워크의 공유·연관 동작,실행·호출 순서 미검증
TC02,1858:232,1858,232,관련 네트워크의 공유·연관 동작,실행·호출 순서 미검증
TC02,1986:770,1986,770,관련 네트워크의 공유·연관 동작,실행·호출 순서 미검증
TC02,1986:775,1986,775,설비 태그 명칭 일치 후보,실행·호출 순서 미검증
TC02,1986:780,1986,780,설비 태그 명칭 일치 후보,실행·호출 순서 미검증
TC03,1071:22,1071,22,관련 네트워크의 공유·연관 동작,실행·호출 순서 미검증
TC03,1071:27,1071,27,관련 네트워크의 공유·연관 동작,실행·호출 순서 미검증
TC03,1071:34,1071,34,관련 네트워크의 공유·연관 동작,실행·호출 순서 미검증
TC03,1071:41,1071,41,관련 네트워크의 공유·연관 동작,실행·호출 순서 미검증
TC03,1071:48,1071,48,관련 네트워크의 공유·연관 동작,실행·호출 순서 미검증
TC03,1071:49,1071,49,관련 네트워크의 공유·연관 동작,실행·호출 순서 미검증
TC03,1071:50,1071,50,관련 네트워크의 공유·연관 동작,실행·호출 순서 미검증
TC03,1071:51,1071,51,관련 네트워크의 공유·연관 동작,실행·호출 순서 미검증
TC03,1071:72,1071,72,설비 태그 명칭 일치 후보,실행·호출 순서 미검증
TC03,1071:73,1071,73,관련 네트워크의 공유·연관 동작,실행·호출 순서 미검증
TC03,1071:74,1071,74,관련 네트워크의 공유·연관 동작,실행·호출 순서 미검증
TC03,1071:75,1071,75,관련 네트워크의 공유·연관 동작,실행·호출 순서 미검증
TC03,1071:96,1071,96,관련 네트워크의 공유·연관 동작,실행·호출 순서 미검증
TC03,1071:97,1071,97,관련 네트워크의 공유·연관 동작,실행·호출 순서 미검증
TC03,1071:98,1071,98,관련 네트워크의 공유·연관 동작,실행·호출 순서 미검증
TC03,1071:99,1071,99,관련 네트워크의 공유·연관 동작,실행·호출 순서 미검증
TC03,1071:122,1071,122,관련 네트워크의 공유·연관 동작,실행·호출 순서 미검증
TC03,1071:123,1071,123,관련 네트워크의 공유·연관 동작,실행·호출 순서 미검증
TC03,1071:144,1071,144,관련 네트워크의 공유·연관 동작,실행·호출 순서 미검증
TC03,1071:145,1071,145,관련 네트워크의 공유·연관 동작,실행·호출 순서 미검증
TC03,1071:146,1071,146,관련 네트워크의 공유·연관 동작,실행·호출 순서 미검증
TC03,1071:147,1071,147,관련 네트워크의 공유·연관 동작,실행·호출 순서 미검증
TC03,1071:168,1071,168,관련 네트워크의 공유·연관 동작,실행·호출 순서 미검증
TC03,1071:169,1071,169,관련 네트워크의 공유·연관 동작,실행·호출 순서 미검증
TC03,1071:170,1071,170,관련 네트워크의 공유·연관 동작,실행·호출 순서 미검증
TC03,1071:171,1071,171,관련 네트워크의 공유·연관 동작,실행·호출 순서 미검증
TC03,1071:84,1071,84,관련 네트워크의 공유·연관 동작,실행·호출 순서 미검증
TC03,1071:194,1071,194,관련 네트워크의 공유·연관 동작,실행·호출 순서 미검증
TC03,1702:119,1702,119,관련 네트워크의 공유·연관 동작,실행·호출 순서 미검증
TC03,1702:126,1702,126,관련 네트워크의 공유·연관 동작,실행·호출 순서 미검증
TC03,1702:143,1702,143,관련 네트워크의 공유·연관 동작,실행·호출 순서 미검증
TC03,1702:156,1702,156,관련 네트워크의 공유·연관 동작,실행·호출 순서 미검증
TC03,1843:410,1843,410,관련 네트워크의 공유·연관 동작,실행·호출 순서 미검증
TC03,1843:412,1843,412,관련 네트워크의 공유·연관 동작,실행·호출 순서 미검증
TC03,1843:420,1843,420,관련 네트워크의 공유·연관 동작,실행·호출 순서 미검증
TC03,1843:422,1843,422,관련 네트워크의 공유·연관 동작,실행·호출 순서 미검증
TC03,1843:424,1843,424,관련 네트워크의 공유·연관 동작,실행·호출 순서 미검증
TC03,1843:432,1843,432,관련 네트워크의 공유·연관 동작,실행·호출 순서 미검증
TC03,1843:434,1843,434,관련 네트워크의 공유·연관 동작,실행·호출 순서 미검증
TC03,1843:436,1843,436,관련 네트워크의 공유·연관 동작,실행·호출 순서 미검증
TC03,1843:443,1843,443,관련 네트워크의 공유·연관 동작,실행·호출 순서 미검증
TC03,1843:449,1843,449,관련 네트워크의 공유·연관 동작,실행·호출 순서 미검증
TC03,1843:456,1843,456,관련 네트워크의 공유·연관 동작,실행·호출 순서 미검증
TC03,1843:458,1843,458,관련 네트워크의 공유·연관 동작,실행·호출 순서 미검증
TC03,1843:460,1843,460,관련 네트워크의 공유·연관 동작,실행·호출 순서 미검증
TC03,1843:462,1843,462,관련 네트워크의 공유·연관 동작,실행·호출 순서 미검증
TC03,1843:469,1843,469,관련 네트워크의 공유·연관 동작,실행·호출 순서 미검증
TC03,1843:478,1843,478,관련 네트워크의 공유·연관 동작,실행·호출 순서 미검증
TC03,1843:481,1843,481,관련 네트워크의 공유·연관 동작,실행·호출 순서 미검증
TC03,1843:492,1843,492,관련 네트워크의 공유·연관 동작,실행·호출 순서 미검증
TC03,1843:102,1843,102,관련 네트워크의 공유·연관 동작,실행·호출 순서 미검증
TC03,1843:495,1843,495,관련 네트워크의 공유·연관 동작,실행·호출 순서 미검증
TC03,1843:500,1843,500,관련 네트워크의 공유·연관 동작,실행·호출 순서 미검증
TC03,1843:506,1843,506,관련 네트워크의 공유·연관 동작,실행·호출 순서 미검증
TC03,1843:34,1843,34,관련 네트워크의 공유·연관 동작,실행·호출 순서 미검증
TC03,1843:513,1843,513,관련 네트워크의 공유·연관 동작,실행·호출 순서 미검증
TC03,1843:515,1843,515,관련 네트워크의 공유·연관 동작,실행·호출 순서 미검증
TC03,1843:517,1843,517,관련 네트워크의 공유·연관 동작,실행·호출 순서 미검증
TC03,1843:527,1843,527,관련 네트워크의 공유·연관 동작,실행·호출 순서 미검증
TC03,1843:530,1843,530,관련 네트워크의 공유·연관 동작,실행·호출 순서 미검증
TC03,1843:539,1843,539,관련 네트워크의 공유·연관 동작,실행·호출 순서 미검증
TC03,1843:545,1843,545,관련 네트워크의 공유·연관 동작,실행·호출 순서 미검증
TC03,1843:552,1843,552,관련 네트워크의 공유·연관 동작,실행·호출 순서 미검증
TC03,1843:554,1843,554,관련 네트워크의 공유·연관 동작,실행·호출 순서 미검증
TC03,1843:568,1843,568,관련 네트워크의 공유·연관 동작,실행·호출 순서 미검증
TC03,1843:573,1843,573,설비 태그 명칭 일치 후보,실행·호출 순서 미검증
TC03,1843:578,1843,578,관련 네트워크의 공유·연관 동작,실행·호출 순서 미검증
TC03,1843:581,1843,581,관련 네트워크의 공유·연관 동작,실행·호출 순서 미검증
TC03,1843:587,1843,587,관련 네트워크의 공유·연관 동작,실행·호출 순서 미검증
TC03,1843:828,1843,828,관련 네트워크의 공유·연관 동작,실행·호출 순서 미검증
TC03,1843:837,1843,837,관련 네트워크의 공유·연관 동작,실행·호출 순서 미검증
TC03,1843:838,1843,838,관련 네트워크의 공유·연관 동작,실행·호출 순서 미검증
TC03,1844:747,1844,747,관련 네트워크의 공유·연관 동작,실행·호출 순서 미검증
TC03,1844:749,1844,749,관련 네트워크의 공유·연관 동작,실행·호출 순서 미검증
TC03,1844:757,1844,757,관련 네트워크의 공유·연관 동작,실행·호출 순서 미검증
TC03,1844:759,1844,759,관련 네트워크의 공유·연관 동작,실행·호출 순서 미검증
TC03,1844:761,1844,761,관련 네트워크의 공유·연관 동작,실행·호출 순서 미검증
TC03,1844:769,1844,769,관련 네트워크의 공유·연관 동작,실행·호출 순서 미검증
TC03,1844:771,1844,771,관련 네트워크의 공유·연관 동작,실행·호출 순서 미검증
TC03,1844:773,1844,773,관련 네트워크의 공유·연관 동작,실행·호출 순서 미검증
TC03,1844:780,1844,780,관련 네트워크의 공유·연관 동작,실행·호출 순서 미검증
TC03,1844:786,1844,786,관련 네트워크의 공유·연관 동작,실행·호출 순서 미검증
TC03,1844:793,1844,793,관련 네트워크의 공유·연관 동작,실행·호출 순서 미검증
TC03,1844:799,1844,799,관련 네트워크의 공유·연관 동작,실행·호출 순서 미검증
TC03,1844:805,1844,805,관련 네트워크의 공유·연관 동작,실행·호출 순서 미검증
TC03,1844:811,1844,811,관련 네트워크의 공유·연관 동작,실행·호출 순서 미검증
TC03,1844:817,1844,817,관련 네트워크의 공유·연관 동작,실행·호출 순서 미검증
TC03,1844:826,1844,826,관련 네트워크의 공유·연관 동작,실행·호출 순서 미검증
TC03,1844:829,1844,829,관련 네트워크의 공유·연관 동작,실행·호출 순서 미검증
TC03,1844:1158,1844,1158,관련 네트워크의 공유·연관 동작,실행·호출 순서 미검증
TC03,1844:1162,1844,1162,관련 네트워크의 공유·연관 동작,실행·호출 순서 미검증
TC03,1844:850,1844,850,관련 네트워크의 공유·연관 동작,실행·호출 순서 미검증
TC03,1844:852,1844,852,관련 네트워크의 공유·연관 동작,실행·호출 순서 미검증
TC03,1844:854,1844,854,관련 네트워크의 공유·연관 동작,실행·호출 순서 미검증
TC03,1844:864,1844,864,관련 네트워크의 공유·연관 동작,실행·호출 순서 미검증
TC03,1844:867,1844,867,관련 네트워크의 공유·연관 동작,실행·호출 순서 미검증
TC03,1844:878,1844,878,관련 네트워크의 공유·연관 동작,실행·호출 순서 미검증
TC03,1844:881,1844,881,관련 네트워크의 공유·연관 동작,실행·호출 순서 미검증
TC03,1844:889,1844,889,관련 네트워크의 공유·연관 동작,실행·호출 순서 미검증
TC03,1844:896,1844,896,관련 네트워크의 공유·연관 동작,실행·호출 순서 미검증
TC03,1844:898,1844,898,관련 네트워크의 공유·연관 동작,실행·호출 순서 미검증
TC03,1844:912,1844,912,관련 네트워크의 공유·연관 동작,실행·호출 순서 미검증
TC03,1844:917,1844,917,설비 태그 명칭 일치 후보,실행·호출 순서 미검증
TC03,1844:922,1844,922,관련 네트워크의 공유·연관 동작,실행·호출 순서 미검증
TC03,1844:925,1844,925,관련 네트워크의 공유·연관 동작,실행·호출 순서 미검증
TC03,1844:931,1844,931,관련 네트워크의 공유·연관 동작,실행·호출 순서 미검증
TC03,1858:232,1858,232,관련 네트워크의 공유·연관 동작,실행·호출 순서 미검증
TC03,1862:422,1862,422,관련 네트워크의 공유·연관 동작,실행·호출 순서 미검증
TC03,1862:441,1862,441,관련 네트워크의 공유·연관 동작,실행·호출 순서 미검증
TC03,1862:448,1862,448,관련 네트워크의 공유·연관 동작,실행·호출 순서 미검증
TC03,1862:453,1862,453,관련 네트워크의 공유·연관 동작,실행·호출 순서 미검증
TC03,1862:465,1862,465,관련 네트워크의 공유·연관 동작,실행·호출 순서 미검증
TC03,1862:470,1862,470,관련 네트워크의 공유·연관 동작,실행·호출 순서 미검증
TC03,1865:579,1865,579,관련 네트워크의 공유·연관 동작,실행·호출 순서 미검증
TC03,1865:588,1865,588,관련 네트워크의 공유·연관 동작,실행·호출 순서 미검증
TC03,1870:1172,1870,1172,관련 네트워크의 공유·연관 동작,실행·호출 순서 미검증
TC03,1870:1181,1870,1181,관련 네트워크의 공유·연관 동작,실행·호출 순서 미검증
TC03,1931:66,1931,66,관련 네트워크의 공유·연관 동작,실행·호출 순서 미검증
TC03,1980:342,1980,342,관련 네트워크의 공유·연관 동작,실행·호출 순서 미검증
TC03,1980:347,1980,347,설비 태그 명칭 일치 후보,실행·호출 순서 미검증
TC03,1980:27,1980,27,설비 태그 명칭 일치 후보,실행·호출 순서 미검증
TC03,1980:360,1980,360,설비 태그 명칭 일치 후보,실행·호출 순서 미검증
TC03,1980:362,1980,362,관련 네트워크의 공유·연관 동작,실행·호출 순서 미검증
TC03,1980:372,1980,372,관련 네트워크의 공유·연관 동작,실행·호출 순서 미검증
TC03,1980:377,1980,377,설비 태그 명칭 일치 후보,실행·호출 순서 미검증
TC03,1980:390,1980,390,설비 태그 명칭 일치 후보,실행·호출 순서 미검증
TC03,1980:392,1980,392,관련 네트워크의 공유·연관 동작,실행·호출 순서 미검증
TC03,1980:415,1980,415,관련 네트워크의 공유·연관 동작,실행·호출 순서 미검증
TC03,1980:420,1980,420,설비 태그 명칭 일치 후보,실행·호출 순서 미검증
TC03,1980:425,1980,425,설비 태그 명칭 일치 후보,실행·호출 순서 미검증
TC03,8:32,8,32,설비 태그 명칭 일치 후보,실행·호출 순서 미검증
TC04,1071:22,1071,22,설비 태그 명칭 일치 후보,실행·호출 순서 미검증
TC04,1071:27,1071,27,관련 네트워크의 공유·연관 동작,실행·호출 순서 미검증
TC04,1071:34,1071,34,관련 네트워크의 공유·연관 동작,실행·호출 순서 미검증
TC04,1071:41,1071,41,관련 네트워크의 공유·연관 동작,실행·호출 순서 미검증
TC04,1071:48,1071,48,관련 네트워크의 공유·연관 동작,실행·호출 순서 미검증
TC04,1071:49,1071,49,관련 네트워크의 공유·연관 동작,실행·호출 순서 미검증
TC04,1071:50,1071,50,관련 네트워크의 공유·연관 동작,실행·호출 순서 미검증
TC04,1071:51,1071,51,관련 네트워크의 공유·연관 동작,실행·호출 순서 미검증
TC04,1071:72,1071,72,관련 네트워크의 공유·연관 동작,실행·호출 순서 미검증
TC04,1071:73,1071,73,관련 네트워크의 공유·연관 동작,실행·호출 순서 미검증
TC04,1071:74,1071,74,관련 네트워크의 공유·연관 동작,실행·호출 순서 미검증
TC04,1071:75,1071,75,관련 네트워크의 공유·연관 동작,실행·호출 순서 미검증
TC04,1071:96,1071,96,관련 네트워크의 공유·연관 동작,실행·호출 순서 미검증
TC04,1071:97,1071,97,관련 네트워크의 공유·연관 동작,실행·호출 순서 미검증
TC04,1071:98,1071,98,관련 네트워크의 공유·연관 동작,실행·호출 순서 미검증
TC04,1071:99,1071,99,관련 네트워크의 공유·연관 동작,실행·호출 순서 미검증
TC04,1071:122,1071,122,관련 네트워크의 공유·연관 동작,실행·호출 순서 미검증
TC04,1071:123,1071,123,관련 네트워크의 공유·연관 동작,실행·호출 순서 미검증
TC04,1071:144,1071,144,관련 네트워크의 공유·연관 동작,실행·호출 순서 미검증
TC04,1071:145,1071,145,관련 네트워크의 공유·연관 동작,실행·호출 순서 미검증
TC04,1071:146,1071,146,관련 네트워크의 공유·연관 동작,실행·호출 순서 미검증
TC04,1071:147,1071,147,관련 네트워크의 공유·연관 동작,실행·호출 순서 미검증
TC04,1071:168,1071,168,관련 네트워크의 공유·연관 동작,실행·호출 순서 미검증
TC04,1071:169,1071,169,관련 네트워크의 공유·연관 동작,실행·호출 순서 미검증
TC04,1071:170,1071,170,관련 네트워크의 공유·연관 동작,실행·호출 순서 미검증
TC04,1071:171,1071,171,관련 네트워크의 공유·연관 동작,실행·호출 순서 미검증
TC04,1071:84,1071,84,관련 네트워크의 공유·연관 동작,실행·호출 순서 미검증
TC04,1071:194,1071,194,관련 네트워크의 공유·연관 동작,실행·호출 순서 미검증
TC04,1858:232,1858,232,관련 네트워크의 공유·연관 동작,실행·호출 순서 미검증
TC04,1950:653,1950,653,관련 네트워크의 공유·연관 동작,실행·호출 순서 미검증
TC04,1950:656,1950,656,관련 네트워크의 공유·연관 동작,실행·호출 순서 미검증
TC04,1950:661,1950,661,관련 네트워크의 공유·연관 동작,실행·호출 순서 미검증
TC04,1981:450,1981,450,관련 네트워크의 공유·연관 동작,실행·호출 순서 미검증
TC04,1981:455,1981,455,설비 태그 명칭 일치 후보,실행·호출 순서 미검증
TC04,1981:471,1981,471,관련 네트워크의 공유·연관 동작,실행·호출 순서 미검증
TC04,1981:476,1981,476,관련 네트워크의 공유·연관 동작,실행·호출 순서 미검증
TC04,1981:484,1981,484,설비 태그 명칭 일치 후보,실행·호출 순서 미검증
TC04,1981:488,1981,488,관련 네트워크의 공유·연관 동작,실행·호출 순서 미검증
TC05,1071:22,1071,22,관련 네트워크의 공유·연관 동작,실행·호출 순서 미검증
TC05,1071:27,1071,27,설비 태그 명칭 일치 후보,실행·호출 순서 미검증
TC05,1071:34,1071,34,관련 네트워크의 공유·연관 동작,실행·호출 순서 미검증
TC05,1071:41,1071,41,관련 네트워크의 공유·연관 동작,실행·호출 순서 미검증
TC05,1071:48,1071,48,관련 네트워크의 공유·연관 동작,실행·호출 순서 미검증
TC05,1071:49,1071,49,관련 네트워크의 공유·연관 동작,실행·호출 순서 미검증
TC05,1071:50,1071,50,관련 네트워크의 공유·연관 동작,실행·호출 순서 미검증
TC05,1071:51,1071,51,관련 네트워크의 공유·연관 동작,실행·호출 순서 미검증
TC05,1071:72,1071,72,관련 네트워크의 공유·연관 동작,실행·호출 순서 미검증
TC05,1071:73,1071,73,관련 네트워크의 공유·연관 동작,실행·호출 순서 미검증
TC05,1071:74,1071,74,관련 네트워크의 공유·연관 동작,실행·호출 순서 미검증
TC05,1071:75,1071,75,관련 네트워크의 공유·연관 동작,실행·호출 순서 미검증
TC05,1071:96,1071,96,관련 네트워크의 공유·연관 동작,실행·호출 순서 미검증
TC05,1071:97,1071,97,관련 네트워크의 공유·연관 동작,실행·호출 순서 미검증
TC05,1071:98,1071,98,관련 네트워크의 공유·연관 동작,실행·호출 순서 미검증
TC05,1071:99,1071,99,관련 네트워크의 공유·연관 동작,실행·호출 순서 미검증
TC05,1071:122,1071,122,관련 네트워크의 공유·연관 동작,실행·호출 순서 미검증
TC05,1071:123,1071,123,관련 네트워크의 공유·연관 동작,실행·호출 순서 미검증
TC05,1071:144,1071,144,관련 네트워크의 공유·연관 동작,실행·호출 순서 미검증
TC05,1071:145,1071,145,관련 네트워크의 공유·연관 동작,실행·호출 순서 미검증
TC05,1071:146,1071,146,관련 네트워크의 공유·연관 동작,실행·호출 순서 미검증
TC05,1071:147,1071,147,관련 네트워크의 공유·연관 동작,실행·호출 순서 미검증
TC05,1071:168,1071,168,관련 네트워크의 공유·연관 동작,실행·호출 순서 미검증
TC05,1071:169,1071,169,관련 네트워크의 공유·연관 동작,실행·호출 순서 미검증
TC05,1071:170,1071,170,관련 네트워크의 공유·연관 동작,실행·호출 순서 미검증
TC05,1071:171,1071,171,관련 네트워크의 공유·연관 동작,실행·호출 순서 미검증
TC05,1071:84,1071,84,관련 네트워크의 공유·연관 동작,실행·호출 순서 미검증
TC05,1071:194,1071,194,관련 네트워크의 공유·연관 동작,실행·호출 순서 미검증
TC05,1858:232,1858,232,관련 네트워크의 공유·연관 동작,실행·호출 순서 미검증
TC05,1950:653,1950,653,관련 네트워크의 공유·연관 동작,실행·호출 순서 미검증
TC05,1950:656,1950,656,관련 네트워크의 공유·연관 동작,실행·호출 순서 미검증
TC05,1950:661,1950,661,관련 네트워크의 공유·연관 동작,실행·호출 순서 미검증
TC05,1981:450,1981,450,관련 네트워크의 공유·연관 동작,실행·호출 순서 미검증
TC05,1981:455,1981,455,관련 네트워크의 공유·연관 동작,실행·호출 순서 미검증
TC05,1981:471,1981,471,관련 네트워크의 공유·연관 동작,실행·호출 순서 미검증
TC05,1981:476,1981,476,설비 태그 명칭 일치 후보,실행·호출 순서 미검증
TC05,1981:484,1981,484,관련 네트워크의 공유·연관 동작,실행·호출 순서 미검증
TC05,1981:488,1981,488,설비 태그 명칭 일치 후보,실행·호출 순서 미검증
TC06,1071:22,1071,22,관련 네트워크의 공유·연관 동작,실행·호출 순서 미검증
TC06,1071:27,1071,27,관련 네트워크의 공유·연관 동작,실행·호출 순서 미검증
TC06,1071:34,1071,34,관련 네트워크의 공유·연관 동작,실행·호출 순서 미검증
TC06,1071:41,1071,41,관련 네트워크의 공유·연관 동작,실행·호출 순서 미검증
TC06,1071:48,1071,48,관련 네트워크의 공유·연관 동작,실행·호출 순서 미검증
TC06,1071:49,1071,49,관련 네트워크의 공유·연관 동작,실행·호출 순서 미검증
TC06,1071:50,1071,50,관련 네트워크의 공유·연관 동작,실행·호출 순서 미검증
TC06,1071:51,1071,51,관련 네트워크의 공유·연관 동작,실행·호출 순서 미검증
TC06,1071:72,1071,72,관련 네트워크의 공유·연관 동작,실행·호출 순서 미검증
TC06,1071:73,1071,73,설비 태그 명칭 일치 후보,실행·호출 순서 미검증
TC06,1071:74,1071,74,관련 네트워크의 공유·연관 동작,실행·호출 순서 미검증
TC06,1071:75,1071,75,관련 네트워크의 공유·연관 동작,실행·호출 순서 미검증
TC06,1071:96,1071,96,관련 네트워크의 공유·연관 동작,실행·호출 순서 미검증
TC06,1071:97,1071,97,관련 네트워크의 공유·연관 동작,실행·호출 순서 미검증
TC06,1071:98,1071,98,관련 네트워크의 공유·연관 동작,실행·호출 순서 미검증
TC06,1071:99,1071,99,관련 네트워크의 공유·연관 동작,실행·호출 순서 미검증
TC06,1071:122,1071,122,관련 네트워크의 공유·연관 동작,실행·호출 순서 미검증
TC06,1071:123,1071,123,관련 네트워크의 공유·연관 동작,실행·호출 순서 미검증
TC06,1071:144,1071,144,관련 네트워크의 공유·연관 동작,실행·호출 순서 미검증
TC06,1071:145,1071,145,관련 네트워크의 공유·연관 동작,실행·호출 순서 미검증
TC06,1071:146,1071,146,관련 네트워크의 공유·연관 동작,실행·호출 순서 미검증
TC06,1071:147,1071,147,관련 네트워크의 공유·연관 동작,실행·호출 순서 미검증
TC06,1071:168,1071,168,관련 네트워크의 공유·연관 동작,실행·호출 순서 미검증
TC06,1071:169,1071,169,관련 네트워크의 공유·연관 동작,실행·호출 순서 미검증
TC06,1071:170,1071,170,관련 네트워크의 공유·연관 동작,실행·호출 순서 미검증
TC06,1071:171,1071,171,관련 네트워크의 공유·연관 동작,실행·호출 순서 미검증
TC06,1071:84,1071,84,관련 네트워크의 공유·연관 동작,실행·호출 순서 미검증
TC06,1071:194,1071,194,관련 네트워크의 공유·연관 동작,실행·호출 순서 미검증
TC07,1071:22,1071,22,관련 네트워크의 공유·연관 동작,실행·호출 순서 미검증
TC07,1071:27,1071,27,관련 네트워크의 공유·연관 동작,실행·호출 순서 미검증
TC07,1071:34,1071,34,관련 네트워크의 공유·연관 동작,실행·호출 순서 미검증
TC07,1071:41,1071,41,관련 네트워크의 공유·연관 동작,실행·호출 순서 미검증
TC07,1071:48,1071,48,관련 네트워크의 공유·연관 동작,실행·호출 순서 미검증
TC07,1071:49,1071,49,관련 네트워크의 공유·연관 동작,실행·호출 순서 미검증
TC07,1071:50,1071,50,관련 네트워크의 공유·연관 동작,실행·호출 순서 미검증
TC07,1071:51,1071,51,관련 네트워크의 공유·연관 동작,실행·호출 순서 미검증
TC07,1071:72,1071,72,관련 네트워크의 공유·연관 동작,실행·호출 순서 미검증
TC07,1071:73,1071,73,관련 네트워크의 공유·연관 동작,실행·호출 순서 미검증
TC07,1071:74,1071,74,설비 태그 명칭 일치 후보,실행·호출 순서 미검증
TC07,1071:75,1071,75,관련 네트워크의 공유·연관 동작,실행·호출 순서 미검증
TC07,1071:96,1071,96,관련 네트워크의 공유·연관 동작,실행·호출 순서 미검증
TC07,1071:97,1071,97,관련 네트워크의 공유·연관 동작,실행·호출 순서 미검증
TC07,1071:98,1071,98,관련 네트워크의 공유·연관 동작,실행·호출 순서 미검증
TC07,1071:99,1071,99,관련 네트워크의 공유·연관 동작,실행·호출 순서 미검증
TC07,1071:122,1071,122,관련 네트워크의 공유·연관 동작,실행·호출 순서 미검증
TC07,1071:123,1071,123,관련 네트워크의 공유·연관 동작,실행·호출 순서 미검증
TC07,1071:144,1071,144,관련 네트워크의 공유·연관 동작,실행·호출 순서 미검증
TC07,1071:145,1071,145,관련 네트워크의 공유·연관 동작,실행·호출 순서 미검증
TC07,1071:146,1071,146,관련 네트워크의 공유·연관 동작,실행·호출 순서 미검증
TC07,1071:147,1071,147,관련 네트워크의 공유·연관 동작,실행·호출 순서 미검증
TC07,1071:168,1071,168,관련 네트워크의 공유·연관 동작,실행·호출 순서 미검증
TC07,1071:169,1071,169,관련 네트워크의 공유·연관 동작,실행·호출 순서 미검증
TC07,1071:170,1071,170,관련 네트워크의 공유·연관 동작,실행·호출 순서 미검증
TC07,1071:171,1071,171,관련 네트워크의 공유·연관 동작,실행·호출 순서 미검증
TC07,1071:84,1071,84,관련 네트워크의 공유·연관 동작,실행·호출 순서 미검증
TC07,1071:194,1071,194,관련 네트워크의 공유·연관 동작,실행·호출 순서 미검증
TC09,1856:150,1856,150,관련 네트워크의 공유·연관 동작,실행·호출 순서 미검증
TC09,1857:182,1857,182,관련 네트워크의 공유·연관 동작,실행·호출 순서 미검증
TC09,1858:232,1858,232,관련 네트워크의 공유·연관 동작,실행·호출 순서 미검증
TC09,1903:2004,1903,2004,관련 네트워크의 공유·연관 동작,실행·호출 순서 미검증
TC09,1903:2012,1903,2012,관련 네트워크의 공유·연관 동작,실행·호출 순서 미검증
TC09,1931:66,1931,66,관련 네트워크의 공유·연관 동작,실행·호출 순서 미검증
TC09,1965:1010,1965,1010,관련 네트워크의 공유·연관 동작,실행·호출 순서 미검증
TC09,1965:1014,1965,1014,관련 네트워크의 공유·연관 동작,실행·호출 순서 미검증
TC09,1991:1049,1991,1049,관련 네트워크의 공유·연관 동작,실행·호출 순서 미검증
TC09,1991:1060,1991,1060,설비 태그 명칭 일치 후보,실행·호출 순서 미검증
TC09,1991:1076,1991,1076,설비 태그 명칭 일치 후보,실행·호출 순서 미검증
TC09,1991:1078,1991,1078,관련 네트워크의 공유·연관 동작,실행·호출 순서 미검증
TC09,1991:1082,1991,1082,관련 네트워크의 공유·연관 동작,실행·호출 순서 미검증
TC09,1991:1095,1991,1095,설비 태그 명칭 일치 후보,실행·호출 순서 미검증
TC09,1991:1100,1991,1100,설비 태그 명칭 일치 후보,실행·호출 순서 미검증
RO01,1071:22,1071,22,관련 네트워크의 공유·연관 동작,실행·호출 순서 미검증
RO01,1071:27,1071,27,관련 네트워크의 공유·연관 동작,실행·호출 순서 미검증
RO01,1071:34,1071,34,관련 네트워크의 공유·연관 동작,실행·호출 순서 미검증
RO01,1071:41,1071,41,관련 네트워크의 공유·연관 동작,실행·호출 순서 미검증
RO01,1071:48,1071,48,관련 네트워크의 공유·연관 동작,실행·호출 순서 미검증
RO01,1071:49,1071,49,관련 네트워크의 공유·연관 동작,실행·호출 순서 미검증
RO01,1071:50,1071,50,관련 네트워크의 공유·연관 동작,실행·호출 순서 미검증
RO01,1071:51,1071,51,관련 네트워크의 공유·연관 동작,실행·호출 순서 미검증
RO01,1071:72,1071,72,관련 네트워크의 공유·연관 동작,실행·호출 순서 미검증
RO01,1071:73,1071,73,관련 네트워크의 공유·연관 동작,실행·호출 순서 미검증
RO01,1071:74,1071,74,관련 네트워크의 공유·연관 동작,실행·호출 순서 미검증
RO01,1071:75,1071,75,관련 네트워크의 공유·연관 동작,실행·호출 순서 미검증
RO01,1071:96,1071,96,관련 네트워크의 공유·연관 동작,실행·호출 순서 미검증
RO01,1071:97,1071,97,관련 네트워크의 공유·연관 동작,실행·호출 순서 미검증
RO01,1071:98,1071,98,관련 네트워크의 공유·연관 동작,실행·호출 순서 미검증
RO01,1071:99,1071,99,관련 네트워크의 공유·연관 동작,실행·호출 순서 미검증
RO01,1071:122,1071,122,관련 네트워크의 공유·연관 동작,실행·호출 순서 미검증
RO01,1071:123,1071,123,관련 네트워크의 공유·연관 동작,실행·호출 순서 미검증
RO01,1071:144,1071,144,관련 네트워크의 공유·연관 동작,실행·호출 순서 미검증
RO01,1071:145,1071,145,관련 네트워크의 공유·연관 동작,실행·호출 순서 미검증
RO01,1071:146,1071,146,설비 태그 명칭 일치 후보,실행·호출 순서 미검증
RO01,1071:147,1071,147,관련 네트워크의 공유·연관 동작,실행·호출 순서 미검증
RO01,1071:168,1071,168,관련 네트워크의 공유·연관 동작,실행·호출 순서 미검증
RO01,1071:169,1071,169,관련 네트워크의 공유·연관 동작,실행·호출 순서 미검증
RO01,1071:170,1071,170,관련 네트워크의 공유·연관 동작,실행·호출 순서 미검증
RO01,1071:171,1071,171,관련 네트워크의 공유·연관 동작,실행·호출 순서 미검증
RO01,1071:84,1071,84,관련 네트워크의 공유·연관 동작,실행·호출 순서 미검증
RO01,1071:194,1071,194,관련 네트워크의 공유·연관 동작,실행·호출 순서 미검증
RO01,1708:535,1708,535,관련 네트워크의 공유·연관 동작,실행·호출 순서 미검증
RO01,1708:542,1708,542,관련 네트워크의 공유·연관 동작,실행·호출 순서 미검증
RO01,1708:561,1708,561,관련 네트워크의 공유·연관 동작,실행·호출 순서 미검증
RO01,1708:576,1708,576,관련 네트워크의 공유·연관 동작,실행·호출 순서 미검증
RO01,1858:232,1858,232,관련 네트워크의 공유·연관 동작,실행·호출 순서 미검증
RO01,1868:1122,1868,1122,관련 네트워크의 공유·연관 동작,실행·호출 순서 미검증
RO01,1868:1127,1868,1127,관련 네트워크의 공유·연관 동작,실행·호출 순서 미검증
RO01,1868:1669,1868,1669,관련 네트워크의 공유·연관 동작,실행·호출 순서 미검증
RO01,1868:1130,1868,1130,관련 네트워크의 공유·연관 동작,실행·호출 순서 미검증
RO01,1868:1146,1868,1146,관련 네트워크의 공유·연관 동작,실행·호출 순서 미검증
RO01,1868:1154,1868,1154,관련 네트워크의 공유·연관 동작,실행·호출 순서 미검증
RO01,1868:1159,1868,1159,관련 네트워크의 공유·연관 동작,실행·호출 순서 미검증
RO01,1868:1171,1868,1171,관련 네트워크의 공유·연관 동작,실행·호출 순서 미검증
RO01,1868:1176,1868,1176,관련 네트워크의 공유·연관 동작,실행·호출 순서 미검증
RO01,1868:1179,1868,1179,관련 네트워크의 공유·연관 동작,실행·호출 순서 미검증
RO01,1868:1188,1868,1188,관련 네트워크의 공유·연관 동작,실행·호출 순서 미검증
RO01,1868:1199,1868,1199,관련 네트워크의 공유·연관 동작,실행·호출 순서 미검증
RO01,1868:1215,1868,1215,관련 네트워크의 공유·연관 동작,실행·호출 순서 미검증
RO01,1868:1220,1868,1220,관련 네트워크의 공유·연관 동작,실행·호출 순서 미검증
RO01,1868:1232,1868,1232,관련 네트워크의 공유·연관 동작,실행·호출 순서 미검증
RO01,1868:1237,1868,1237,관련 네트워크의 공유·연관 동작,실행·호출 순서 미검증
RO01,1868:1240,1868,1240,관련 네트워크의 공유·연관 동작,실행·호출 순서 미검증
RO01,1868:1251,1868,1251,관련 네트워크의 공유·연관 동작,실행·호출 순서 미검증
RO01,1868:1262,1868,1262,관련 네트워크의 공유·연관 동작,실행·호출 순서 미검증
RO01,1868:1267,1868,1267,관련 네트워크의 공유·연관 동작,실행·호출 순서 미검증
RO01,1868:1281,1868,1281,관련 네트워크의 공유·연관 동작,실행·호출 순서 미검증
RO01,1868:1289,1868,1289,관련 네트워크의 공유·연관 동작,실행·호출 순서 미검증
RO01,1868:1300,1868,1300,관련 네트워크의 공유·연관 동작,실행·호출 순서 미검증
RO01,1868:1303,1868,1303,관련 네트워크의 공유·연관 동작,실행·호출 순서 미검증
RO01,1868:1306,1868,1306,관련 네트워크의 공유·연관 동작,실행·호출 순서 미검증
RO01,1868:1309,1868,1309,관련 네트워크의 공유·연관 동작,실행·호출 순서 미검증
RO01,1868:1318,1868,1318,관련 네트워크의 공유·연관 동작,실행·호출 순서 미검증
RO01,1868:1329,1868,1329,관련 네트워크의 공유·연관 동작,실행·호출 순서 미검증
RO01,1868:1334,1868,1334,관련 네트워크의 공유·연관 동작,실행·호출 순서 미검증
RO01,1868:1342,1868,1342,관련 네트워크의 공유·연관 동작,실행·호출 순서 미검증
RO01,1868:1354,1868,1354,관련 네트워크의 공유·연관 동작,실행·호출 순서 미검증
RO01,1868:1358,1868,1358,관련 네트워크의 공유·연관 동작,실행·호출 순서 미검증
RO01,1868:1363,1868,1363,관련 네트워크의 공유·연관 동작,실행·호출 순서 미검증
RO01,1982:490,1982,490,관련 네트워크의 공유·연관 동작,실행·호출 순서 미검증
RO01,1982:501,1982,501,관련 네트워크의 공유·연관 동작,실행·호출 순서 미검증
RO01,1982:503,1982,503,관련 네트워크의 공유·연관 동작,실행·호출 순서 미검증
RO01,1983:32,1983,32,설비 태그 명칭 일치 후보,실행·호출 순서 미검증
RO01,1983:628,1983,628,관련 네트워크의 공유·연관 동작,실행·호출 순서 미검증
RO01,1983:632,1983,632,관련 네트워크의 공유·연관 동작,실행·호출 순서 미검증
RO01,1983:633,1983,633,관련 네트워크의 공유·연관 동작,실행·호출 순서 미검증
RO01,1984:599,1984,599,관련 네트워크의 공유·연관 동작,실행·호출 순서 미검증
RO01,1984:604,1984,604,관련 네트워크의 공유·연관 동작,실행·호출 순서 미검증
RO01,1984:616,1984,616,관련 네트워크의 공유·연관 동작,실행·호출 순서 미검증
RO01,1985:685,1985,685,관련 네트워크의 공유·연관 동작,실행·호출 순서 미검증
RO01,1985:690,1985,690,설비 태그 명칭 일치 후보,실행·호출 순서 미검증
RO01,1985:695,1985,695,설비 태그 명칭 일치 후보,실행·호출 순서 미검증
RO02,1071:22,1071,22,관련 네트워크의 공유·연관 동작,실행·호출 순서 미검증
RO02,1071:27,1071,27,관련 네트워크의 공유·연관 동작,실행·호출 순서 미검증
RO02,1071:34,1071,34,관련 네트워크의 공유·연관 동작,실행·호출 순서 미검증
RO02,1071:41,1071,41,관련 네트워크의 공유·연관 동작,실행·호출 순서 미검증
RO02,1071:48,1071,48,관련 네트워크의 공유·연관 동작,실행·호출 순서 미검증
RO02,1071:49,1071,49,관련 네트워크의 공유·연관 동작,실행·호출 순서 미검증
RO02,1071:50,1071,50,관련 네트워크의 공유·연관 동작,실행·호출 순서 미검증
RO02,1071:51,1071,51,관련 네트워크의 공유·연관 동작,실행·호출 순서 미검증
RO02,1071:72,1071,72,관련 네트워크의 공유·연관 동작,실행·호출 순서 미검증
RO02,1071:73,1071,73,관련 네트워크의 공유·연관 동작,실행·호출 순서 미검증
RO02,1071:74,1071,74,관련 네트워크의 공유·연관 동작,실행·호출 순서 미검증
RO02,1071:75,1071,75,관련 네트워크의 공유·연관 동작,실행·호출 순서 미검증
RO02,1071:96,1071,96,관련 네트워크의 공유·연관 동작,실행·호출 순서 미검증
RO02,1071:97,1071,97,관련 네트워크의 공유·연관 동작,실행·호출 순서 미검증
RO02,1071:98,1071,98,관련 네트워크의 공유·연관 동작,실행·호출 순서 미검증
RO02,1071:99,1071,99,관련 네트워크의 공유·연관 동작,실행·호출 순서 미검증
RO02,1071:122,1071,122,관련 네트워크의 공유·연관 동작,실행·호출 순서 미검증
RO02,1071:123,1071,123,관련 네트워크의 공유·연관 동작,실행·호출 순서 미검증
RO02,1071:144,1071,144,관련 네트워크의 공유·연관 동작,실행·호출 순서 미검증
RO02,1071:145,1071,145,관련 네트워크의 공유·연관 동작,실행·호출 순서 미검증
RO02,1071:146,1071,146,관련 네트워크의 공유·연관 동작,실행·호출 순서 미검증
RO02,1071:147,1071,147,설비 태그 명칭 일치 후보,실행·호출 순서 미검증
RO02,1071:168,1071,168,관련 네트워크의 공유·연관 동작,실행·호출 순서 미검증
RO02,1071:169,1071,169,관련 네트워크의 공유·연관 동작,실행·호출 순서 미검증
RO02,1071:170,1071,170,관련 네트워크의 공유·연관 동작,실행·호출 순서 미검증
RO02,1071:171,1071,171,관련 네트워크의 공유·연관 동작,실행·호출 순서 미검증
RO02,1071:84,1071,84,관련 네트워크의 공유·연관 동작,실행·호출 순서 미검증
RO02,1071:194,1071,194,관련 네트워크의 공유·연관 동작,실행·호출 순서 미검증
RO02,1985:685,1985,685,관련 네트워크의 공유·연관 동작,실행·호출 순서 미검증
RO02,1985:690,1985,690,관련 네트워크의 공유·연관 동작,실행·호출 순서 미검증
RO02,1985:695,1985,695,관련 네트워크의 공유·연관 동작,실행·호출 순서 미검증
RO03,1071:22,1071,22,관련 네트워크의 공유·연관 동작,실행·호출 순서 미검증
RO03,1071:27,1071,27,관련 네트워크의 공유·연관 동작,실행·호출 순서 미검증
RO03,1071:34,1071,34,관련 네트워크의 공유·연관 동작,실행·호출 순서 미검증
RO03,1071:41,1071,41,관련 네트워크의 공유·연관 동작,실행·호출 순서 미검증
RO03,1071:48,1071,48,관련 네트워크의 공유·연관 동작,실행·호출 순서 미검증
RO03,1071:49,1071,49,관련 네트워크의 공유·연관 동작,실행·호출 순서 미검증
RO03,1071:50,1071,50,관련 네트워크의 공유·연관 동작,실행·호출 순서 미검증
RO03,1071:51,1071,51,관련 네트워크의 공유·연관 동작,실행·호출 순서 미검증
RO03,1071:72,1071,72,관련 네트워크의 공유·연관 동작,실행·호출 순서 미검증
RO03,1071:73,1071,73,관련 네트워크의 공유·연관 동작,실행·호출 순서 미검증
RO03,1071:74,1071,74,관련 네트워크의 공유·연관 동작,실행·호출 순서 미검증
RO03,1071:75,1071,75,관련 네트워크의 공유·연관 동작,실행·호출 순서 미검증
RO03,1071:96,1071,96,관련 네트워크의 공유·연관 동작,실행·호출 순서 미검증
RO03,1071:97,1071,97,관련 네트워크의 공유·연관 동작,실행·호출 순서 미검증
RO03,1071:98,1071,98,관련 네트워크의 공유·연관 동작,실행·호출 순서 미검증
RO03,1071:99,1071,99,관련 네트워크의 공유·연관 동작,실행·호출 순서 미검증
RO03,1071:122,1071,122,관련 네트워크의 공유·연관 동작,실행·호출 순서 미검증
RO03,1071:123,1071,123,관련 네트워크의 공유·연관 동작,실행·호출 순서 미검증
RO03,1071:144,1071,144,관련 네트워크의 공유·연관 동작,실행·호출 순서 미검증
RO03,1071:145,1071,145,관련 네트워크의 공유·연관 동작,실행·호출 순서 미검증
RO03,1071:146,1071,146,관련 네트워크의 공유·연관 동작,실행·호출 순서 미검증
RO03,1071:147,1071,147,관련 네트워크의 공유·연관 동작,실행·호출 순서 미검증
RO03,1071:168,1071,168,설비 태그 명칭 일치 후보,실행·호출 순서 미검증
RO03,1071:169,1071,169,관련 네트워크의 공유·연관 동작,실행·호출 순서 미검증
RO03,1071:170,1071,170,관련 네트워크의 공유·연관 동작,실행·호출 순서 미검증
RO03,1071:171,1071,171,관련 네트워크의 공유·연관 동작,실행·호출 순서 미검증
RO03,1071:84,1071,84,관련 네트워크의 공유·연관 동작,실행·호출 순서 미검증
RO03,1071:194,1071,194,관련 네트워크의 공유·연관 동작,실행·호출 순서 미검증
RO03,1995:41,1995,41,설비 태그 명칭 일치 후보,실행·호출 순서 미검증
RO03,1995:70,1995,70,설비 태그 명칭 일치 후보,실행·호출 순서 미검증
RO03,1995:114,1995,114,설비 태그 명칭 일치 후보,실행·호출 순서 미검증
RO03,1995:116,1995,116,설비 태그 명칭 일치 후보,실행·호출 순서 미검증
RO04,1071:22,1071,22,관련 네트워크의 공유·연관 동작,실행·호출 순서 미검증
RO04,1071:27,1071,27,관련 네트워크의 공유·연관 동작,실행·호출 순서 미검증
RO04,1071:34,1071,34,관련 네트워크의 공유·연관 동작,실행·호출 순서 미검증
RO04,1071:41,1071,41,관련 네트워크의 공유·연관 동작,실행·호출 순서 미검증
RO04,1071:48,1071,48,관련 네트워크의 공유·연관 동작,실행·호출 순서 미검증
RO04,1071:49,1071,49,관련 네트워크의 공유·연관 동작,실행·호출 순서 미검증
RO04,1071:50,1071,50,관련 네트워크의 공유·연관 동작,실행·호출 순서 미검증
RO04,1071:51,1071,51,관련 네트워크의 공유·연관 동작,실행·호출 순서 미검증
RO04,1071:72,1071,72,관련 네트워크의 공유·연관 동작,실행·호출 순서 미검증
RO04,1071:73,1071,73,관련 네트워크의 공유·연관 동작,실행·호출 순서 미검증
RO04,1071:74,1071,74,관련 네트워크의 공유·연관 동작,실행·호출 순서 미검증
RO04,1071:75,1071,75,관련 네트워크의 공유·연관 동작,실행·호출 순서 미검증
RO04,1071:96,1071,96,관련 네트워크의 공유·연관 동작,실행·호출 순서 미검증
RO04,1071:97,1071,97,관련 네트워크의 공유·연관 동작,실행·호출 순서 미검증
RO04,1071:98,1071,98,관련 네트워크의 공유·연관 동작,실행·호출 순서 미검증
RO04,1071:99,1071,99,관련 네트워크의 공유·연관 동작,실행·호출 순서 미검증
RO04,1071:122,1071,122,관련 네트워크의 공유·연관 동작,실행·호출 순서 미검증
RO04,1071:123,1071,123,관련 네트워크의 공유·연관 동작,실행·호출 순서 미검증
RO04,1071:144,1071,144,관련 네트워크의 공유·연관 동작,실행·호출 순서 미검증
RO04,1071:145,1071,145,관련 네트워크의 공유·연관 동작,실행·호출 순서 미검증
RO04,1071:146,1071,146,관련 네트워크의 공유·연관 동작,실행·호출 순서 미검증
RO04,1071:147,1071,147,관련 네트워크의 공유·연관 동작,실행·호출 순서 미검증
RO04,1071:168,1071,168,관련 네트워크의 공유·연관 동작,실행·호출 순서 미검증
RO04,1071:169,1071,169,설비 태그 명칭 일치 후보,실행·호출 순서 미검증
RO04,1071:170,1071,170,관련 네트워크의 공유·연관 동작,실행·호출 순서 미검증
RO04,1071:171,1071,171,관련 네트워크의 공유·연관 동작,실행·호출 순서 미검증
RO04,1071:84,1071,84,관련 네트워크의 공유·연관 동작,실행·호출 순서 미검증
RO04,1071:194,1071,194,관련 네트워크의 공유·연관 동작,실행·호출 순서 미검증
PSH01,1071:22,1071,22,관련 네트워크의 공유·연관 동작,실행·호출 순서 미검증
PSH01,1071:27,1071,27,관련 네트워크의 공유·연관 동작,실행·호출 순서 미검증
PSH01,1071:34,1071,34,관련 네트워크의 공유·연관 동작,실행·호출 순서 미검증
PSH01,1071:41,1071,41,관련 네트워크의 공유·연관 동작,실행·호출 순서 미검증
PSH01,1071:48,1071,48,관련 네트워크의 공유·연관 동작,실행·호출 순서 미검증
PSH01,1071:49,1071,49,관련 네트워크의 공유·연관 동작,실행·호출 순서 미검증
PSH01,1071:50,1071,50,관련 네트워크의 공유·연관 동작,실행·호출 순서 미검증
PSH01,1071:51,1071,51,관련 네트워크의 공유·연관 동작,실행·호출 순서 미검증
PSH01,1071:72,1071,72,관련 네트워크의 공유·연관 동작,실행·호출 순서 미검증
PSH01,1071:73,1071,73,관련 네트워크의 공유·연관 동작,실행·호출 순서 미검증
PSH01,1071:74,1071,74,관련 네트워크의 공유·연관 동작,실행·호출 순서 미검증
PSH01,1071:75,1071,75,관련 네트워크의 공유·연관 동작,실행·호출 순서 미검증
PSH01,1071:96,1071,96,설비 태그 명칭 일치 후보,실행·호출 순서 미검증
PSH01,1071:97,1071,97,관련 네트워크의 공유·연관 동작,실행·호출 순서 미검증
PSH01,1071:98,1071,98,관련 네트워크의 공유·연관 동작,실행·호출 순서 미검증
PSH01,1071:99,1071,99,관련 네트워크의 공유·연관 동작,실행·호출 순서 미검증
PSH01,1071:122,1071,122,관련 네트워크의 공유·연관 동작,실행·호출 순서 미검증
PSH01,1071:123,1071,123,관련 네트워크의 공유·연관 동작,실행·호출 순서 미검증
PSH01,1071:144,1071,144,관련 네트워크의 공유·연관 동작,실행·호출 순서 미검증
PSH01,1071:145,1071,145,관련 네트워크의 공유·연관 동작,실행·호출 순서 미검증
PSH01,1071:146,1071,146,관련 네트워크의 공유·연관 동작,실행·호출 순서 미검증
PSH01,1071:147,1071,147,관련 네트워크의 공유·연관 동작,실행·호출 순서 미검증
PSH01,1071:168,1071,168,관련 네트워크의 공유·연관 동작,실행·호출 순서 미검증
PSH01,1071:169,1071,169,관련 네트워크의 공유·연관 동작,실행·호출 순서 미검증
PSH01,1071:170,1071,170,관련 네트워크의 공유·연관 동작,실행·호출 순서 미검증
PSH01,1071:171,1071,171,관련 네트워크의 공유·연관 동작,실행·호출 순서 미검증
PSH01,1071:84,1071,84,관련 네트워크의 공유·연관 동작,실행·호출 순서 미검증
PSH01,1071:194,1071,194,관련 네트워크의 공유·연관 동작,실행·호출 순서 미검증
PSH01,1704:203,1704,203,관련 네트워크의 공유·연관 동작,실행·호출 순서 미검증
PSH01,1704:210,1704,210,관련 네트워크의 공유·연관 동작,실행·호출 순서 미검증
PSH01,1704:227,1704,227,관련 네트워크의 공유·연관 동작,실행·호출 순서 미검증
PSH01,1704:240,1704,240,관련 네트워크의 공유·연관 동작,실행·호출 순서 미검증
PSH02,1071:22,1071,22,관련 네트워크의 공유·연관 동작,실행·호출 순서 미검증
PSH02,1071:27,1071,27,관련 네트워크의 공유·연관 동작,실행·호출 순서 미검증
PSH02,1071:34,1071,34,관련 네트워크의 공유·연관 동작,실행·호출 순서 미검증
PSH02,1071:41,1071,41,관련 네트워크의 공유·연관 동작,실행·호출 순서 미검증
PSH02,1071:48,1071,48,관련 네트워크의 공유·연관 동작,실행·호출 순서 미검증
PSH02,1071:49,1071,49,관련 네트워크의 공유·연관 동작,실행·호출 순서 미검증
PSH02,1071:50,1071,50,관련 네트워크의 공유·연관 동작,실행·호출 순서 미검증
PSH02,1071:51,1071,51,관련 네트워크의 공유·연관 동작,실행·호출 순서 미검증
PSH02,1071:72,1071,72,관련 네트워크의 공유·연관 동작,실행·호출 순서 미검증
PSH02,1071:73,1071,73,관련 네트워크의 공유·연관 동작,실행·호출 순서 미검증
PSH02,1071:74,1071,74,관련 네트워크의 공유·연관 동작,실행·호출 순서 미검증
PSH02,1071:75,1071,75,관련 네트워크의 공유·연관 동작,실행·호출 순서 미검증
PSH02,1071:96,1071,96,관련 네트워크의 공유·연관 동작,실행·호출 순서 미검증
PSH02,1071:97,1071,97,설비 태그 명칭 일치 후보,실행·호출 순서 미검증
PSH02,1071:98,1071,98,관련 네트워크의 공유·연관 동작,실행·호출 순서 미검증
PSH02,1071:99,1071,99,관련 네트워크의 공유·연관 동작,실행·호출 순서 미검증
PSH02,1071:122,1071,122,관련 네트워크의 공유·연관 동작,실행·호출 순서 미검증
PSH02,1071:123,1071,123,관련 네트워크의 공유·연관 동작,실행·호출 순서 미검증
PSH02,1071:144,1071,144,관련 네트워크의 공유·연관 동작,실행·호출 순서 미검증
PSH02,1071:145,1071,145,관련 네트워크의 공유·연관 동작,실행·호출 순서 미검증
PSH02,1071:146,1071,146,관련 네트워크의 공유·연관 동작,실행·호출 순서 미검증
PSH02,1071:147,1071,147,관련 네트워크의 공유·연관 동작,실행·호출 순서 미검증
PSH02,1071:168,1071,168,관련 네트워크의 공유·연관 동작,실행·호출 순서 미검증
PSH02,1071:169,1071,169,관련 네트워크의 공유·연관 동작,실행·호출 순서 미검증
PSH02,1071:170,1071,170,관련 네트워크의 공유·연관 동작,실행·호출 순서 미검증
PSH02,1071:171,1071,171,관련 네트워크의 공유·연관 동작,실행·호출 순서 미검증
PSH02,1071:84,1071,84,관련 네트워크의 공유·연관 동작,실행·호출 순서 미검증
PSH02,1071:194,1071,194,관련 네트워크의 공유·연관 동작,실행·호출 순서 미검증
PSH02,1709:605,1709,605,관련 네트워크의 공유·연관 동작,실행·호출 순서 미검증
PSH02,1709:610,1709,610,관련 네트워크의 공유·연관 동작,실행·호출 순서 미검증
PSH02,1709:621,1709,621,관련 네트워크의 공유·연관 동작,실행·호출 순서 미검증
PSH02,1709:627,1709,627,관련 네트워크의 공유·연관 동작,실행·호출 순서 미검증
PSH02,1710:707,1710,707,관련 네트워크의 공유·연관 동작,실행·호출 순서 미검증
PSH02,1710:712,1710,712,관련 네트워크의 공유·연관 동작,실행·호출 순서 미검증
PSH02,1710:721,1710,721,관련 네트워크의 공유·연관 동작,실행·호출 순서 미검증
PSH02,1710:726,1710,726,관련 네트워크의 공유·연관 동작,실행·호출 순서 미검증
PSH02,1710:735,1710,735,관련 네트워크의 공유·연관 동작,실행·호출 순서 미검증
PSH02,1710:741,1710,741,관련 네트워크의 공유·연관 동작,실행·호출 순서 미검증
PSH02,1710:743,1710,743,관련 네트워크의 공유·연관 동작,실행·호출 순서 미검증
PSH02,1711:794,1711,794,관련 네트워크의 공유·연관 동작,실행·호출 순서 미검증
PSH02,1711:801,1711,801,관련 네트워크의 공유·연관 동작,실행·호출 순서 미검증
PSH02,1711:821,1711,821,관련 네트워크의 공유·연관 동작,실행·호출 순서 미검증
PSH02,1711:837,1711,837,관련 네트워크의 공유·연관 동작,실행·호출 순서 미검증
PSH02,1989:914,1989,914,관련 네트워크의 공유·연관 동작,실행·호출 순서 미검증
PSH02,1989:919,1989,919,설비 태그 명칭 일치 후보,실행·호출 순서 미검증
PSH02,1989:936,1989,936,설비 태그 명칭 일치 후보,실행·호출 순서 미검증
PSH02,1989:938,1989,938,관련 네트워크의 공유·연관 동작,실행·호출 순서 미검증
PSH03,1071:22,1071,22,관련 네트워크의 공유·연관 동작,실행·호출 순서 미검증
PSH03,1071:27,1071,27,관련 네트워크의 공유·연관 동작,실행·호출 순서 미검증
PSH03,1071:34,1071,34,관련 네트워크의 공유·연관 동작,실행·호출 순서 미검증
PSH03,1071:41,1071,41,관련 네트워크의 공유·연관 동작,실행·호출 순서 미검증
PSH03,1071:48,1071,48,관련 네트워크의 공유·연관 동작,실행·호출 순서 미검증
PSH03,1071:49,1071,49,관련 네트워크의 공유·연관 동작,실행·호출 순서 미검증
PSH03,1071:50,1071,50,관련 네트워크의 공유·연관 동작,실행·호출 순서 미검증
PSH03,1071:51,1071,51,관련 네트워크의 공유·연관 동작,실행·호출 순서 미검증
PSH03,1071:72,1071,72,관련 네트워크의 공유·연관 동작,실행·호출 순서 미검증
PSH03,1071:73,1071,73,관련 네트워크의 공유·연관 동작,실행·호출 순서 미검증
PSH03,1071:74,1071,74,관련 네트워크의 공유·연관 동작,실행·호출 순서 미검증
PSH03,1071:75,1071,75,관련 네트워크의 공유·연관 동작,실행·호출 순서 미검증
PSH03,1071:96,1071,96,관련 네트워크의 공유·연관 동작,실행·호출 순서 미검증
PSH03,1071:97,1071,97,관련 네트워크의 공유·연관 동작,실행·호출 순서 미검증
PSH03,1071:98,1071,98,설비 태그 명칭 일치 후보,실행·호출 순서 미검증
PSH03,1071:99,1071,99,관련 네트워크의 공유·연관 동작,실행·호출 순서 미검증
PSH03,1071:122,1071,122,관련 네트워크의 공유·연관 동작,실행·호출 순서 미검증
PSH03,1071:123,1071,123,관련 네트워크의 공유·연관 동작,실행·호출 순서 미검증
PSH03,1071:144,1071,144,관련 네트워크의 공유·연관 동작,실행·호출 순서 미검증
PSH03,1071:145,1071,145,관련 네트워크의 공유·연관 동작,실행·호출 순서 미검증
PSH03,1071:146,1071,146,관련 네트워크의 공유·연관 동작,실행·호출 순서 미검증
PSH03,1071:147,1071,147,관련 네트워크의 공유·연관 동작,실행·호출 순서 미검증
PSH03,1071:168,1071,168,관련 네트워크의 공유·연관 동작,실행·호출 순서 미검증
PSH03,1071:169,1071,169,관련 네트워크의 공유·연관 동작,실행·호출 순서 미검증
PSH03,1071:170,1071,170,관련 네트워크의 공유·연관 동작,실행·호출 순서 미검증
PSH03,1071:171,1071,171,관련 네트워크의 공유·연관 동작,실행·호출 순서 미검증
PSH03,1071:84,1071,84,관련 네트워크의 공유·연관 동작,실행·호출 순서 미검증
PSH03,1071:194,1071,194,관련 네트워크의 공유·연관 동작,실행·호출 순서 미검증
PSH03,1705:263,1705,263,관련 네트워크의 공유·연관 동작,실행·호출 순서 미검증
PSH03,1705:268,1705,268,관련 네트워크의 공유·연관 동작,실행·호출 순서 미검증
PSH03,1705:279,1705,279,관련 네트워크의 공유·연관 동작,실행·호출 순서 미검증
PSH03,1705:285,1705,285,관련 네트워크의 공유·연관 동작,실행·호출 순서 미검증
PSH03,1706:362,1706,362,관련 네트워크의 공유·연관 동작,실행·호출 순서 미검증
PSH03,1706:369,1706,369,관련 네트워크의 공유·연관 동작,실행·호출 순서 미검증
PSH03,1706:46,1706,46,관련 네트워크의 공유·연관 동작,실행·호출 순서 미검증
PSH03,1706:390,1706,390,관련 네트워크의 공유·연관 동작,실행·호출 순서 미검증
PSH03,1706:407,1706,407,관련 네트워크의 공유·연관 동작,실행·호출 순서 미검증
PC01,1071:22,1071,22,관련 네트워크의 공유·연관 동작,실행·호출 순서 미검증
PC01,1071:27,1071,27,관련 네트워크의 공유·연관 동작,실행·호출 순서 미검증
PC01,1071:34,1071,34,관련 네트워크의 공유·연관 동작,실행·호출 순서 미검증
PC01,1071:41,1071,41,관련 네트워크의 공유·연관 동작,실행·호출 순서 미검증
PC01,1071:48,1071,48,관련 네트워크의 공유·연관 동작,실행·호출 순서 미검증
PC01,1071:49,1071,49,관련 네트워크의 공유·연관 동작,실행·호출 순서 미검증
PC01,1071:50,1071,50,관련 네트워크의 공유·연관 동작,실행·호출 순서 미검증
PC01,1071:51,1071,51,관련 네트워크의 공유·연관 동작,실행·호출 순서 미검증
PC01,1071:72,1071,72,관련 네트워크의 공유·연관 동작,실행·호출 순서 미검증
PC01,1071:73,1071,73,관련 네트워크의 공유·연관 동작,실행·호출 순서 미검증
PC01,1071:74,1071,74,관련 네트워크의 공유·연관 동작,실행·호출 순서 미검증
PC01,1071:75,1071,75,관련 네트워크의 공유·연관 동작,실행·호출 순서 미검증
PC01,1071:96,1071,96,관련 네트워크의 공유·연관 동작,실행·호출 순서 미검증
PC01,1071:97,1071,97,관련 네트워크의 공유·연관 동작,실행·호출 순서 미검증
PC01,1071:98,1071,98,관련 네트워크의 공유·연관 동작,실행·호출 순서 미검증
PC01,1071:99,1071,99,설비 태그 명칭 일치 후보,실행·호출 순서 미검증
PC01,1071:122,1071,122,관련 네트워크의 공유·연관 동작,실행·호출 순서 미검증
PC01,1071:123,1071,123,관련 네트워크의 공유·연관 동작,실행·호출 순서 미검증
PC01,1071:144,1071,144,관련 네트워크의 공유·연관 동작,실행·호출 순서 미검증
PC01,1071:145,1071,145,관련 네트워크의 공유·연관 동작,실행·호출 순서 미검증
PC01,1071:146,1071,146,관련 네트워크의 공유·연관 동작,실행·호출 순서 미검증
PC01,1071:147,1071,147,관련 네트워크의 공유·연관 동작,실행·호출 순서 미검증
PC01,1071:168,1071,168,관련 네트워크의 공유·연관 동작,실행·호출 순서 미검증
PC01,1071:169,1071,169,관련 네트워크의 공유·연관 동작,실행·호출 순서 미검증
PC01,1071:170,1071,170,관련 네트워크의 공유·연관 동작,실행·호출 순서 미검증
PC01,1071:171,1071,171,관련 네트워크의 공유·연관 동작,실행·호출 순서 미검증
PC01,1071:84,1071,84,관련 네트워크의 공유·연관 동작,실행·호출 순서 미검증
PC01,1071:194,1071,194,관련 네트워크의 공유·연관 동작,실행·호출 순서 미검증
PC01,1901:1970,1901,1970,관련 네트워크의 공유·연관 동작,실행·호출 순서 미검증
PC01,1987:809,1987,809,관련 네트워크의 공유·연관 동작,실행·호출 순서 미검증
PC01,1987:814,1987,814,관련 네트워크의 공유·연관 동작,실행·호출 순서 미검증
PC01,1987:819,1987,819,관련 네트워크의 공유·연관 동작,실행·호출 순서 미검증
DP01,1883:216,1883,216,관련 네트워크의 공유·연관 동작,실행·호출 순서 미검증
DP01,1883:219,1883,219,관련 네트워크의 공유·연관 동작,실행·호출 순서 미검증
DP01,1883:231,1883,231,관련 네트워크의 공유·연관 동작,실행·호출 순서 미검증
DP01,1883:234,1883,234,관련 네트워크의 공유·연관 동작,실행·호출 순서 미검증
DP01,1883:246,1883,246,관련 네트워크의 공유·연관 동작,실행·호출 순서 미검증
DP01,1883:249,1883,249,관련 네트워크의 공유·연관 동작,실행·호출 순서 미검증
DP01,1883:261,1883,261,관련 네트워크의 공유·연관 동작,실행·호출 순서 미검증
DP01,1883:264,1883,264,관련 네트워크의 공유·연관 동작,실행·호출 순서 미검증
DP01,1883:273,1883,273,관련 네트워크의 공유·연관 동작,실행·호출 순서 미검증
DP01,1883:276,1883,276,관련 네트워크의 공유·연관 동작,실행·호출 순서 미검증
DP01,1886:27,1886,27,관련 네트워크의 공유·연관 동작,실행·호출 순서 미검증
DP01,1886:74,1886,74,관련 네트워크의 공유·연관 동작,실행·호출 순서 미검증
DP01,1886:33,1886,33,관련 네트워크의 공유·연관 동작,실행·호출 순서 미검증
DP01,1886:78,1886,78,관련 네트워크의 공유·연관 동작,실행·호출 순서 미검증
DP01,1887:457,1887,457,관련 네트워크의 공유·연관 동작,실행·호출 순서 미검증
DP01,1887:462,1887,462,관련 네트워크의 공유·연관 동작,실행·호출 순서 미검증
DP01,1887:468,1887,468,관련 네트워크의 공유·연관 동작,실행·호출 순서 미검증
DP01,1887:473,1887,473,관련 네트워크의 공유·연관 동작,실행·호출 순서 미검증
DP01,1901:1970,1901,1970,관련 네트워크의 공유·연관 동작,실행·호출 순서 미검증
DP01,1992:1136,1992,1136,관련 네트워크의 공유·연관 동작,실행·호출 순서 미검증
DP01,1992:1141,1992,1141,관련 네트워크의 공유·연관 동작,실행·호출 순서 미검증
DP01,1992:1152,1992,1152,관련 네트워크의 공유·연관 동작,실행·호출 순서 미검증
DP02,1884:398,1884,398,관련 네트워크의 공유·연관 동작,실행·호출 순서 미검증
DP02,1884:401,1884,401,관련 네트워크의 공유·연관 동작,실행·호출 순서 미검증
DP02,1884:413,1884,413,관련 네트워크의 공유·연관 동작,실행·호출 순서 미검증
DP02,1884:416,1884,416,관련 네트워크의 공유·연관 동작,실행·호출 순서 미검증
DP02,1884:428,1884,428,관련 네트워크의 공유·연관 동작,실행·호출 순서 미검증
DP02,1884:431,1884,431,관련 네트워크의 공유·연관 동작,실행·호출 순서 미검증
DP02,1884:443,1884,443,관련 네트워크의 공유·연관 동작,실행·호출 순서 미검증
DP02,1884:446,1884,446,관련 네트워크의 공유·연관 동작,실행·호출 순서 미검증
DP02,1884:455,1884,455,관련 네트워크의 공유·연관 동작,실행·호출 순서 미검증
DP02,1884:458,1884,458,관련 네트워크의 공유·연관 동작,실행·호출 순서 미검증
DP02,1886:27,1886,27,관련 네트워크의 공유·연관 동작,실행·호출 순서 미검증
DP02,1886:74,1886,74,관련 네트워크의 공유·연관 동작,실행·호출 순서 미검증
DP02,1886:33,1886,33,관련 네트워크의 공유·연관 동작,실행·호출 순서 미검증
DP02,1886:78,1886,78,관련 네트워크의 공유·연관 동작,실행·호출 순서 미검증
DP02,1992:1136,1992,1136,관련 네트워크의 공유·연관 동작,실행·호출 순서 미검증
DP02,1992:1141,1992,1141,관련 네트워크의 공유·연관 동작,실행·호출 순서 미검증
DP02,1992:1152,1992,1152,관련 네트워크의 공유·연관 동작,실행·호출 순서 미검증
ZT01,1071:22,1071,22,관련 네트워크의 공유·연관 동작,실행·호출 순서 미검증
ZT01,1071:27,1071,27,관련 네트워크의 공유·연관 동작,실행·호출 순서 미검증
ZT01,1071:34,1071,34,관련 네트워크의 공유·연관 동작,실행·호출 순서 미검증
ZT01,1071:41,1071,41,관련 네트워크의 공유·연관 동작,실행·호출 순서 미검증
ZT01,1071:48,1071,48,관련 네트워크의 공유·연관 동작,실행·호출 순서 미검증
ZT01,1071:49,1071,49,관련 네트워크의 공유·연관 동작,실행·호출 순서 미검증
ZT01,1071:50,1071,50,관련 네트워크의 공유·연관 동작,실행·호출 순서 미검증
ZT01,1071:51,1071,51,관련 네트워크의 공유·연관 동작,실행·호출 순서 미검증
ZT01,1071:72,1071,72,관련 네트워크의 공유·연관 동작,실행·호출 순서 미검증
ZT01,1071:73,1071,73,관련 네트워크의 공유·연관 동작,실행·호출 순서 미검증
ZT01,1071:74,1071,74,관련 네트워크의 공유·연관 동작,실행·호출 순서 미검증
ZT01,1071:75,1071,75,설비 태그 명칭 일치 후보,실행·호출 순서 미검증
ZT01,1071:96,1071,96,관련 네트워크의 공유·연관 동작,실행·호출 순서 미검증
ZT01,1071:97,1071,97,관련 네트워크의 공유·연관 동작,실행·호출 순서 미검증
ZT01,1071:98,1071,98,관련 네트워크의 공유·연관 동작,실행·호출 순서 미검증
ZT01,1071:99,1071,99,관련 네트워크의 공유·연관 동작,실행·호출 순서 미검증
ZT01,1071:122,1071,122,관련 네트워크의 공유·연관 동작,실행·호출 순서 미검증
ZT01,1071:123,1071,123,관련 네트워크의 공유·연관 동작,실행·호출 순서 미검증
ZT01,1071:144,1071,144,관련 네트워크의 공유·연관 동작,실행·호출 순서 미검증
ZT01,1071:145,1071,145,관련 네트워크의 공유·연관 동작,실행·호출 순서 미검증
ZT01,1071:146,1071,146,관련 네트워크의 공유·연관 동작,실행·호출 순서 미검증
ZT01,1071:147,1071,147,관련 네트워크의 공유·연관 동작,실행·호출 순서 미검증
ZT01,1071:168,1071,168,관련 네트워크의 공유·연관 동작,실행·호출 순서 미검증
ZT01,1071:169,1071,169,관련 네트워크의 공유·연관 동작,실행·호출 순서 미검증
ZT01,1071:170,1071,170,관련 네트워크의 공유·연관 동작,실행·호출 순서 미검증
ZT01,1071:171,1071,171,관련 네트워크의 공유·연관 동작,실행·호출 순서 미검증
ZT01,1071:84,1071,84,관련 네트워크의 공유·연관 동작,실행·호출 순서 미검증
ZT01,1071:194,1071,194,관련 네트워크의 공유·연관 동작,실행·호출 순서 미검증
ZT01,1950:653,1950,653,관련 네트워크의 공유·연관 동작,실행·호출 순서 미검증
ZT01,1950:656,1950,656,관련 네트워크의 공유·연관 동작,실행·호출 순서 미검증
ZT01,1950:661,1950,661,관련 네트워크의 공유·연관 동작,실행·호출 순서 미검증
ZT01,1988:857,1988,857,관련 네트워크의 공유·연관 동작,실행·호출 순서 미검증
ZT01,1988:862,1988,862,설비 태그 명칭 일치 후보,실행·호출 순서 미검증
ZT01,1988:869,1988,869,설비 태그 명칭 일치 후보,실행·호출 순서 미검증
LT01,1070:22,1070,22,관련 네트워크의 공유·연관 동작,실행·호출 순서 미검증
LT01,1070:27,1070,27,관련 네트워크의 공유·연관 동작,실행·호출 순서 미검증
LT01,1070:35,1070,35,관련 네트워크의 공유·연관 동작,실행·호출 순서 미검증
LT01,1070:42,1070,42,관련 네트워크의 공유·연관 동작,실행·호출 순서 미검증
LT01,1070:43,1070,43,관련 네트워크의 공유·연관 동작,실행·호출 순서 미검증
LT01,1070:44,1070,44,관련 네트워크의 공유·연관 동작,실행·호출 순서 미검증
LT01,1070:60,1070,60,관련 네트워크의 공유·연관 동작,실행·호출 순서 미검증
LT01,1070:61,1070,61,관련 네트워크의 공유·연관 동작,실행·호출 순서 미검증
LT01,1070:62,1070,62,관련 네트워크의 공유·연관 동작,실행·호출 순서 미검증
LT01,1070:78,1070,78,관련 네트워크의 공유·연관 동작,실행·호출 순서 미검증
LT01,1070:79,1070,79,관련 네트워크의 공유·연관 동작,실행·호출 순서 미검증
LT01,1070:105,1070,105,관련 네트워크의 공유·연관 동작,실행·호출 순서 미검증
LT01,1070:112,1070,112,관련 네트워크의 공유·연관 동작,실행·호출 순서 미검증
LT01,1070:118,1070,118,관련 네트워크의 공유·연관 동작,실행·호출 순서 미검증
LT01,1070:120,1070,120,관련 네트워크의 공유·연관 동작,실행·호출 순서 미검증
LT01,1070:125,1070,125,관련 네트워크의 공유·연관 동작,실행·호출 순서 미검증
LT01,1070:130,1070,130,관련 네트워크의 공유·연관 동작,실행·호출 순서 미검증
LT01,1070:135,1070,135,관련 네트워크의 공유·연관 동작,실행·호출 순서 미검증
LT01,1070:140,1070,140,관련 네트워크의 공유·연관 동작,실행·호출 순서 미검증
LT01,1070:147,1070,147,관련 네트워크의 공유·연관 동작,실행·호출 순서 미검증
LT01,1070:151,1070,151,관련 네트워크의 공유·연관 동작,실행·호출 순서 미검증
LT01,1228:282,1228,282,관련 네트워크의 공유·연관 동작,실행·호출 순서 미검증
LT01,1228:288,1228,288,관련 네트워크의 공유·연관 동작,실행·호출 순서 미검증
PSL05,1080:27,1080,27,관련 네트워크의 공유·연관 동작,실행·호출 순서 미검증
PSL05,1080:33,1080,33,관련 네트워크의 공유·연관 동작,실행·호출 순서 미검증
PSL05,1080:36,1080,36,관련 네트워크의 공유·연관 동작,실행·호출 순서 미검증
PSL05,1080:39,1080,39,관련 네트워크의 공유·연관 동작,실행·호출 순서 미검증
PSL05,1080:42,1080,42,관련 네트워크의 공유·연관 동작,실행·호출 순서 미검증
PSL05,1080:45,1080,45,관련 네트워크의 공유·연관 동작,실행·호출 순서 미검증
PSL05,1227:262,1227,262,관련 네트워크의 공유·연관 동작,실행·호출 순서 미검증
PSL05,1227:268,1227,268,관련 네트워크의 공유·연관 동작,실행·호출 순서 미검증
EV01,1914:343,1914,343,관련 네트워크의 공유·연관 동작,실행·호출 순서 미검증
EV01,1914:347,1914,347,관련 네트워크의 공유·연관 동작,실행·호출 순서 미검증
EV01,1921:26,1921,26,관련 네트워크의 공유·연관 동작,실행·호출 순서 미검증
EV01,1921:28,1921,28,관련 네트워크의 공유·연관 동작,실행·호출 순서 미검증
EV01,1921:33,1921,33,관련 네트워크의 공유·연관 동작,실행·호출 순서 미검증
EV01,1921:35,1921,35,관련 네트워크의 공유·연관 동작,실행·호출 순서 미검증
EV02,1914:343,1914,343,관련 네트워크의 공유·연관 동작,실행·호출 순서 미검증
EV02,1914:347,1914,347,관련 네트워크의 공유·연관 동작,실행·호출 순서 미검증
EV02,1915:377,1915,377,관련 심볼 이름과 대상 일치,실행·호출 순서 미검증
EV02,1915:384,1915,384,관련 네트워크의 공유·연관 동작,실행·호출 순서 미검증
EV02,1922:28,1922,28,관련 네트워크의 공유·연관 동작,실행·호출 순서 미검증
EV02,1922:30,1922,30,관련 네트워크의 공유·연관 동작,실행·호출 순서 미검증
EV02,1922:35,1922,35,관련 네트워크의 공유·연관 동작,실행·호출 순서 미검증
EV02,1922:37,1922,37,관련 네트워크의 공유·연관 동작,실행·호출 순서 미검증
EV03,1220:27,1220,27,관련 네트워크의 공유·연관 동작,실행·호출 순서 미검증
EV03,1220:30,1220,30,관련 네트워크의 공유·연관 동작,실행·호출 순서 미검증
EV03,1938:257,1938,257,관련 네트워크의 공유·연관 동작,실행·호출 순서 미검증
EV03,1938:262,1938,262,관련 네트워크의 공유·연관 동작,실행·호출 순서 미검증
EV03,1938:268,1938,268,관련 심볼 이름과 대상 일치,실행·호출 순서 미검증
EV04,1923:26,1923,26,관련 네트워크의 공유·연관 동작,실행·호출 순서 미검증
EV04,1923:28,1923,28,관련 네트워크의 공유·연관 동작,실행·호출 순서 미검증
EV04,1923:33,1923,33,관련 네트워크의 공유·연관 동작,실행·호출 순서 미검증
EV04,1923:35,1923,35,관련 네트워크의 공유·연관 동작,실행·호출 순서 미검증
EV05,1920:717,1920,717,관련 심볼 이름과 대상 일치,실행·호출 순서 미검증
EV05,1920:724,1920,724,관련 네트워크의 공유·연관 동작,실행·호출 순서 미검증
EV05,1924:26,1924,26,관련 네트워크의 공유·연관 동작,실행·호출 순서 미검증
EV05,1924:28,1924,28,관련 네트워크의 공유·연관 동작,실행·호출 순서 미검증
EV05,1924:33,1924,33,관련 네트워크의 공유·연관 동작,실행·호출 순서 미검증
EV05,1924:35,1924,35,관련 네트워크의 공유·연관 동작,실행·호출 순서 미검증
EV11,1891:891,1891,891,관련 심볼 이름과 대상 일치,실행·호출 순서 미검증
EV11,1891:898,1891,898,관련 네트워크의 공유·연관 동작,실행·호출 순서 미검증
EV11,1891:905,1891,905,관련 네트워크의 공유·연관 동작,실행·호출 순서 미검증
EV11,1891:912,1891,912,관련 네트워크의 공유·연관 동작,실행·호출 순서 미검증
EV11,1891:919,1891,919,관련 네트워크의 공유·연관 동작,실행·호출 순서 미검증
EV11,1891:926,1891,926,관련 네트워크의 공유·연관 동작,실행·호출 순서 미검증
EV11,1891:933,1891,933,관련 네트워크의 공유·연관 동작,실행·호출 순서 미검증
EV11,1891:940,1891,940,관련 네트워크의 공유·연관 동작,실행·호출 순서 미검증
EV11,1891:947,1891,947,관련 네트워크의 공유·연관 동작,실행·호출 순서 미검증
EV11,1891:954,1891,954,관련 네트워크의 공유·연관 동작,실행·호출 순서 미검증
EV12,1891:891,1891,891,관련 네트워크의 공유·연관 동작,실행·호출 순서 미검증
EV12,1891:898,1891,898,관련 네트워크의 공유·연관 동작,실행·호출 순서 미검증
EV12,1891:905,1891,905,관련 심볼 이름과 대상 일치,실행·호출 순서 미검증
EV12,1891:912,1891,912,관련 네트워크의 공유·연관 동작,실행·호출 순서 미검증
EV12,1891:919,1891,919,관련 네트워크의 공유·연관 동작,실행·호출 순서 미검증
EV12,1891:926,1891,926,관련 네트워크의 공유·연관 동작,실행·호출 순서 미검증
EV12,1891:933,1891,933,관련 네트워크의 공유·연관 동작,실행·호출 순서 미검증
EV12,1891:940,1891,940,관련 네트워크의 공유·연관 동작,실행·호출 순서 미검증
EV12,1891:947,1891,947,관련 네트워크의 공유·연관 동작,실행·호출 순서 미검증
EV12,1891:954,1891,954,관련 네트워크의 공유·연관 동작,실행·호출 순서 미검증
EV13,1891:891,1891,891,관련 네트워크의 공유·연관 동작,실행·호출 순서 미검증
EV13,1891:898,1891,898,관련 네트워크의 공유·연관 동작,실행·호출 순서 미검증
EV13,1891:905,1891,905,관련 네트워크의 공유·연관 동작,실행·호출 순서 미검증
EV13,1891:912,1891,912,관련 네트워크의 공유·연관 동작,실행·호출 순서 미검증
EV13,1891:919,1891,919,관련 심볼 이름과 대상 일치,실행·호출 순서 미검증
EV13,1891:926,1891,926,관련 네트워크의 공유·연관 동작,실행·호출 순서 미검증
EV13,1891:933,1891,933,관련 네트워크의 공유·연관 동작,실행·호출 순서 미검증
EV13,1891:940,1891,940,관련 네트워크의 공유·연관 동작,실행·호출 순서 미검증
EV13,1891:947,1891,947,관련 네트워크의 공유·연관 동작,실행·호출 순서 미검증
EV13,1891:954,1891,954,관련 네트워크의 공유·연관 동작,실행·호출 순서 미검증
EV14,1891:891,1891,891,관련 네트워크의 공유·연관 동작,실행·호출 순서 미검증
EV14,1891:898,1891,898,관련 네트워크의 공유·연관 동작,실행·호출 순서 미검증
EV14,1891:905,1891,905,관련 네트워크의 공유·연관 동작,실행·호출 순서 미검증
EV14,1891:912,1891,912,관련 네트워크의 공유·연관 동작,실행·호출 순서 미검증
EV14,1891:919,1891,919,관련 네트워크의 공유·연관 동작,실행·호출 순서 미검증
EV14,1891:926,1891,926,관련 네트워크의 공유·연관 동작,실행·호출 순서 미검증
EV14,1891:933,1891,933,관련 심볼 이름과 대상 일치,실행·호출 순서 미검증
EV14,1891:940,1891,940,관련 네트워크의 공유·연관 동작,실행·호출 순서 미검증
EV14,1891:947,1891,947,관련 네트워크의 공유·연관 동작,실행·호출 순서 미검증
EV14,1891:954,1891,954,관련 네트워크의 공유·연관 동작,실행·호출 순서 미검증
EV15,1891:891,1891,891,관련 네트워크의 공유·연관 동작,실행·호출 순서 미검증
EV15,1891:898,1891,898,관련 네트워크의 공유·연관 동작,실행·호출 순서 미검증
EV15,1891:905,1891,905,관련 네트워크의 공유·연관 동작,실행·호출 순서 미검증
EV15,1891:912,1891,912,관련 네트워크의 공유·연관 동작,실행·호출 순서 미검증
EV15,1891:919,1891,919,관련 네트워크의 공유·연관 동작,실행·호출 순서 미검증
EV15,1891:926,1891,926,관련 네트워크의 공유·연관 동작,실행·호출 순서 미검증
EV15,1891:933,1891,933,관련 네트워크의 공유·연관 동작,실행·호출 순서 미검증
EV15,1891:940,1891,940,관련 네트워크의 공유·연관 동작,실행·호출 순서 미검증
EV15,1891:947,1891,947,관련 심볼 이름과 대상 일치,실행·호출 순서 미검증
EV15,1891:954,1891,954,관련 네트워크의 공유·연관 동작,실행·호출 순서 미검증
EV16,1892:1027,1892,1027,관련 심볼 이름과 대상 일치,실행·호출 순서 미검증
EV16,1892:1034,1892,1034,관련 네트워크의 공유·연관 동작,실행·호출 순서 미검증
EV16,1892:1041,1892,1041,관련 네트워크의 공유·연관 동작,실행·호출 순서 미검증
EV16,1892:1048,1892,1048,관련 네트워크의 공유·연관 동작,실행·호출 순서 미검증
EV16,1892:1055,1892,1055,관련 네트워크의 공유·연관 동작,실행·호출 순서 미검증
EV16,1892:1062,1892,1062,관련 네트워크의 공유·연관 동작,실행·호출 순서 미검증
EV16,1892:1069,1892,1069,관련 네트워크의 공유·연관 동작,실행·호출 순서 미검증
EV16,1892:1076,1892,1076,관련 네트워크의 공유·연관 동작,실행·호출 순서 미검증
EV16,1892:1083,1892,1083,관련 네트워크의 공유·연관 동작,실행·호출 순서 미검증
EV16,1892:1090,1892,1090,관련 네트워크의 공유·연관 동작,실행·호출 순서 미검증
EV17,1892:1027,1892,1027,관련 네트워크의 공유·연관 동작,실행·호출 순서 미검증
EV17,1892:1034,1892,1034,관련 네트워크의 공유·연관 동작,실행·호출 순서 미검증
EV17,1892:1041,1892,1041,관련 심볼 이름과 대상 일치,실행·호출 순서 미검증
EV17,1892:1048,1892,1048,관련 네트워크의 공유·연관 동작,실행·호출 순서 미검증
EV17,1892:1055,1892,1055,관련 네트워크의 공유·연관 동작,실행·호출 순서 미검증
EV17,1892:1062,1892,1062,관련 네트워크의 공유·연관 동작,실행·호출 순서 미검증
EV17,1892:1069,1892,1069,관련 네트워크의 공유·연관 동작,실행·호출 순서 미검증
EV17,1892:1076,1892,1076,관련 네트워크의 공유·연관 동작,실행·호출 순서 미검증
EV17,1892:1083,1892,1083,관련 네트워크의 공유·연관 동작,실행·호출 순서 미검증
EV17,1892:1090,1892,1090,관련 네트워크의 공유·연관 동작,실행·호출 순서 미검증
EV18,1892:1027,1892,1027,관련 네트워크의 공유·연관 동작,실행·호출 순서 미검증
EV18,1892:1034,1892,1034,관련 네트워크의 공유·연관 동작,실행·호출 순서 미검증
EV18,1892:1041,1892,1041,관련 네트워크의 공유·연관 동작,실행·호출 순서 미검증
EV18,1892:1048,1892,1048,관련 네트워크의 공유·연관 동작,실행·호출 순서 미검증
EV18,1892:1055,1892,1055,관련 심볼 이름과 대상 일치,실행·호출 순서 미검증
EV18,1892:1062,1892,1062,관련 네트워크의 공유·연관 동작,실행·호출 순서 미검증
EV18,1892:1069,1892,1069,관련 네트워크의 공유·연관 동작,실행·호출 순서 미검증
EV18,1892:1076,1892,1076,관련 네트워크의 공유·연관 동작,실행·호출 순서 미검증
EV18,1892:1083,1892,1083,관련 네트워크의 공유·연관 동작,실행·호출 순서 미검증
EV18,1892:1090,1892,1090,관련 네트워크의 공유·연관 동작,실행·호출 순서 미검증
EV19,1892:1027,1892,1027,관련 네트워크의 공유·연관 동작,실행·호출 순서 미검증
EV19,1892:1034,1892,1034,관련 네트워크의 공유·연관 동작,실행·호출 순서 미검증
EV19,1892:1041,1892,1041,관련 네트워크의 공유·연관 동작,실행·호출 순서 미검증
EV19,1892:1048,1892,1048,관련 네트워크의 공유·연관 동작,실행·호출 순서 미검증
EV19,1892:1055,1892,1055,관련 네트워크의 공유·연관 동작,실행·호출 순서 미검증
EV19,1892:1062,1892,1062,관련 네트워크의 공유·연관 동작,실행·호출 순서 미검증
EV19,1892:1069,1892,1069,관련 심볼 이름과 대상 일치,실행·호출 순서 미검증
EV19,1892:1076,1892,1076,관련 네트워크의 공유·연관 동작,실행·호출 순서 미검증
EV19,1892:1083,1892,1083,관련 네트워크의 공유·연관 동작,실행·호출 순서 미검증
EV19,1892:1090,1892,1090,관련 네트워크의 공유·연관 동작,실행·호출 순서 미검증
EV20,1892:1027,1892,1027,관련 네트워크의 공유·연관 동작,실행·호출 순서 미검증
EV20,1892:1034,1892,1034,관련 네트워크의 공유·연관 동작,실행·호출 순서 미검증
EV20,1892:1041,1892,1041,관련 네트워크의 공유·연관 동작,실행·호출 순서 미검증
EV20,1892:1048,1892,1048,관련 네트워크의 공유·연관 동작,실행·호출 순서 미검증
EV20,1892:1055,1892,1055,관련 네트워크의 공유·연관 동작,실행·호출 순서 미검증
EV20,1892:1062,1892,1062,관련 네트워크의 공유·연관 동작,실행·호출 순서 미검증
EV20,1892:1069,1892,1069,관련 네트워크의 공유·연관 동작,실행·호출 순서 미검증
EV20,1892:1076,1892,1076,관련 네트워크의 공유·연관 동작,실행·호출 순서 미검증
EV20,1892:1083,1892,1083,관련 심볼 이름과 대상 일치,실행·호출 순서 미검증
EV20,1892:1090,1892,1090,관련 네트워크의 공유·연관 동작,실행·호출 순서 미검증
EV21,1893:1163,1893,1163,관련 심볼 이름과 대상 일치,실행·호출 순서 미검증
EV21,1893:1170,1893,1170,관련 네트워크의 공유·연관 동작,실행·호출 순서 미검증
EV21,1893:1177,1893,1177,관련 네트워크의 공유·연관 동작,실행·호출 순서 미검증
EV21,1893:1184,1893,1184,관련 네트워크의 공유·연관 동작,실행·호출 순서 미검증
EV21,1893:1191,1893,1191,관련 네트워크의 공유·연관 동작,실행·호출 순서 미검증
EV21,1893:1198,1893,1198,관련 네트워크의 공유·연관 동작,실행·호출 순서 미검증
EV21,1893:1205,1893,1205,관련 네트워크의 공유·연관 동작,실행·호출 순서 미검증
EV21,1893:1212,1893,1212,관련 네트워크의 공유·연관 동작,실행·호출 순서 미검증
EV21,1893:1219,1893,1219,관련 네트워크의 공유·연관 동작,실행·호출 순서 미검증
EV21,1893:1226,1893,1226,관련 네트워크의 공유·연관 동작,실행·호출 순서 미검증
EV22,1893:1163,1893,1163,관련 네트워크의 공유·연관 동작,실행·호출 순서 미검증
EV22,1893:1170,1893,1170,관련 네트워크의 공유·연관 동작,실행·호출 순서 미검증
EV22,1893:1177,1893,1177,관련 심볼 이름과 대상 일치,실행·호출 순서 미검증
EV22,1893:1184,1893,1184,관련 네트워크의 공유·연관 동작,실행·호출 순서 미검증
EV22,1893:1191,1893,1191,관련 네트워크의 공유·연관 동작,실행·호출 순서 미검증
EV22,1893:1198,1893,1198,관련 네트워크의 공유·연관 동작,실행·호출 순서 미검증
EV22,1893:1205,1893,1205,관련 네트워크의 공유·연관 동작,실행·호출 순서 미검증
EV22,1893:1212,1893,1212,관련 네트워크의 공유·연관 동작,실행·호출 순서 미검증
EV22,1893:1219,1893,1219,관련 네트워크의 공유·연관 동작,실행·호출 순서 미검증
EV22,1893:1226,1893,1226,관련 네트워크의 공유·연관 동작,실행·호출 순서 미검증
EV23,1893:1163,1893,1163,관련 네트워크의 공유·연관 동작,실행·호출 순서 미검증
EV23,1893:1170,1893,1170,관련 네트워크의 공유·연관 동작,실행·호출 순서 미검증
EV23,1893:1177,1893,1177,관련 네트워크의 공유·연관 동작,실행·호출 순서 미검증
EV23,1893:1184,1893,1184,관련 네트워크의 공유·연관 동작,실행·호출 순서 미검증
EV23,1893:1191,1893,1191,관련 심볼 이름과 대상 일치,실행·호출 순서 미검증
EV23,1893:1198,1893,1198,관련 네트워크의 공유·연관 동작,실행·호출 순서 미검증
EV23,1893:1205,1893,1205,관련 네트워크의 공유·연관 동작,실행·호출 순서 미검증
EV23,1893:1212,1893,1212,관련 네트워크의 공유·연관 동작,실행·호출 순서 미검증
EV23,1893:1219,1893,1219,관련 네트워크의 공유·연관 동작,실행·호출 순서 미검증
EV23,1893:1226,1893,1226,관련 네트워크의 공유·연관 동작,실행·호출 순서 미검증
EV24,1893:1163,1893,1163,관련 네트워크의 공유·연관 동작,실행·호출 순서 미검증
EV24,1893:1170,1893,1170,관련 네트워크의 공유·연관 동작,실행·호출 순서 미검증
EV24,1893:1177,1893,1177,관련 네트워크의 공유·연관 동작,실행·호출 순서 미검증
EV24,1893:1184,1893,1184,관련 네트워크의 공유·연관 동작,실행·호출 순서 미검증
EV24,1893:1191,1893,1191,관련 네트워크의 공유·연관 동작,실행·호출 순서 미검증
EV24,1893:1198,1893,1198,관련 네트워크의 공유·연관 동작,실행·호출 순서 미검증
EV24,1893:1205,1893,1205,관련 심볼 이름과 대상 일치,실행·호출 순서 미검증
EV24,1893:1212,1893,1212,관련 네트워크의 공유·연관 동작,실행·호출 순서 미검증
EV24,1893:1219,1893,1219,관련 네트워크의 공유·연관 동작,실행·호출 순서 미검증
EV24,1893:1226,1893,1226,관련 네트워크의 공유·연관 동작,실행·호출 순서 미검증
EV25,1893:1163,1893,1163,관련 네트워크의 공유·연관 동작,실행·호출 순서 미검증
EV25,1893:1170,1893,1170,관련 네트워크의 공유·연관 동작,실행·호출 순서 미검증
EV25,1893:1177,1893,1177,관련 네트워크의 공유·연관 동작,실행·호출 순서 미검증
EV25,1893:1184,1893,1184,관련 네트워크의 공유·연관 동작,실행·호출 순서 미검증
EV25,1893:1191,1893,1191,관련 네트워크의 공유·연관 동작,실행·호출 순서 미검증
EV25,1893:1198,1893,1198,관련 네트워크의 공유·연관 동작,실행·호출 순서 미검증
EV25,1893:1205,1893,1205,관련 네트워크의 공유·연관 동작,실행·호출 순서 미검증
EV25,1893:1212,1893,1212,관련 네트워크의 공유·연관 동작,실행·호출 순서 미검증
EV25,1893:1219,1893,1219,관련 심볼 이름과 대상 일치,실행·호출 순서 미검증
EV25,1893:1226,1893,1226,관련 네트워크의 공유·연관 동작,실행·호출 순서 미검증
EV26,1894:1299,1894,1299,관련 심볼 이름과 대상 일치,실행·호출 순서 미검증
EV26,1894:1306,1894,1306,관련 네트워크의 공유·연관 동작,실행·호출 순서 미검증
EV26,1894:1313,1894,1313,관련 네트워크의 공유·연관 동작,실행·호출 순서 미검증
EV26,1894:1320,1894,1320,관련 네트워크의 공유·연관 동작,실행·호출 순서 미검증
EV26,1894:1327,1894,1327,관련 네트워크의 공유·연관 동작,실행·호출 순서 미검증
EV26,1894:1334,1894,1334,관련 네트워크의 공유·연관 동작,실행·호출 순서 미검증
EV26,1894:1341,1894,1341,관련 네트워크의 공유·연관 동작,실행·호출 순서 미검증
EV26,1894:1348,1894,1348,관련 네트워크의 공유·연관 동작,실행·호출 순서 미검증
EV26,1894:1355,1894,1355,관련 네트워크의 공유·연관 동작,실행·호출 순서 미검증
EV26,1894:1362,1894,1362,관련 네트워크의 공유·연관 동작,실행·호출 순서 미검증
EV27,1894:1299,1894,1299,관련 네트워크의 공유·연관 동작,실행·호출 순서 미검증
EV27,1894:1306,1894,1306,관련 네트워크의 공유·연관 동작,실행·호출 순서 미검증
EV27,1894:1313,1894,1313,관련 심볼 이름과 대상 일치,실행·호출 순서 미검증
EV27,1894:1320,1894,1320,관련 네트워크의 공유·연관 동작,실행·호출 순서 미검증
EV27,1894:1327,1894,1327,관련 네트워크의 공유·연관 동작,실행·호출 순서 미검증
EV27,1894:1334,1894,1334,관련 네트워크의 공유·연관 동작,실행·호출 순서 미검증
EV27,1894:1341,1894,1341,관련 네트워크의 공유·연관 동작,실행·호출 순서 미검증
EV27,1894:1348,1894,1348,관련 네트워크의 공유·연관 동작,실행·호출 순서 미검증
EV27,1894:1355,1894,1355,관련 네트워크의 공유·연관 동작,실행·호출 순서 미검증
EV27,1894:1362,1894,1362,관련 네트워크의 공유·연관 동작,실행·호출 순서 미검증
EV28,1894:1299,1894,1299,관련 네트워크의 공유·연관 동작,실행·호출 순서 미검증
EV28,1894:1306,1894,1306,관련 네트워크의 공유·연관 동작,실행·호출 순서 미검증
EV28,1894:1313,1894,1313,관련 네트워크의 공유·연관 동작,실행·호출 순서 미검증
EV28,1894:1320,1894,1320,관련 네트워크의 공유·연관 동작,실행·호출 순서 미검증
EV28,1894:1327,1894,1327,관련 심볼 이름과 대상 일치,실행·호출 순서 미검증
EV28,1894:1334,1894,1334,관련 네트워크의 공유·연관 동작,실행·호출 순서 미검증
EV28,1894:1341,1894,1341,관련 네트워크의 공유·연관 동작,실행·호출 순서 미검증
EV28,1894:1348,1894,1348,관련 네트워크의 공유·연관 동작,실행·호출 순서 미검증
EV28,1894:1355,1894,1355,관련 네트워크의 공유·연관 동작,실행·호출 순서 미검증
EV28,1894:1362,1894,1362,관련 네트워크의 공유·연관 동작,실행·호출 순서 미검증
EV29,1894:1299,1894,1299,관련 네트워크의 공유·연관 동작,실행·호출 순서 미검증
EV29,1894:1306,1894,1306,관련 네트워크의 공유·연관 동작,실행·호출 순서 미검증
EV29,1894:1313,1894,1313,관련 네트워크의 공유·연관 동작,실행·호출 순서 미검증
EV29,1894:1320,1894,1320,관련 네트워크의 공유·연관 동작,실행·호출 순서 미검증
EV29,1894:1327,1894,1327,관련 네트워크의 공유·연관 동작,실행·호출 순서 미검증
EV29,1894:1334,1894,1334,관련 네트워크의 공유·연관 동작,실행·호출 순서 미검증
EV29,1894:1341,1894,1341,관련 심볼 이름과 대상 일치,실행·호출 순서 미검증
EV29,1894:1348,1894,1348,관련 네트워크의 공유·연관 동작,실행·호출 순서 미검증
EV29,1894:1355,1894,1355,관련 네트워크의 공유·연관 동작,실행·호출 순서 미검증
EV29,1894:1362,1894,1362,관련 네트워크의 공유·연관 동작,실행·호출 순서 미검증
EV30,1894:1299,1894,1299,관련 네트워크의 공유·연관 동작,실행·호출 순서 미검증
EV30,1894:1306,1894,1306,관련 네트워크의 공유·연관 동작,실행·호출 순서 미검증
EV30,1894:1313,1894,1313,관련 네트워크의 공유·연관 동작,실행·호출 순서 미검증
EV30,1894:1320,1894,1320,관련 네트워크의 공유·연관 동작,실행·호출 순서 미검증
EV30,1894:1327,1894,1327,관련 네트워크의 공유·연관 동작,실행·호출 순서 미검증
EV30,1894:1334,1894,1334,관련 네트워크의 공유·연관 동작,실행·호출 순서 미검증
EV30,1894:1341,1894,1341,관련 네트워크의 공유·연관 동작,실행·호출 순서 미검증
EV30,1894:1348,1894,1348,관련 네트워크의 공유·연관 동작,실행·호출 순서 미검증
EV30,1894:1355,1894,1355,관련 심볼 이름과 대상 일치,실행·호출 순서 미검증
EV30,1894:1362,1894,1362,관련 네트워크의 공유·연관 동작,실행·호출 순서 미검증
EV31,1895:1435,1895,1435,관련 심볼 이름과 대상 일치,실행·호출 순서 미검증
EV31,1895:1442,1895,1442,관련 네트워크의 공유·연관 동작,실행·호출 순서 미검증
EV31,1895:1449,1895,1449,관련 네트워크의 공유·연관 동작,실행·호출 순서 미검증
EV31,1895:1456,1895,1456,관련 네트워크의 공유·연관 동작,실행·호출 순서 미검증
EV31,1895:1463,1895,1463,관련 네트워크의 공유·연관 동작,실행·호출 순서 미검증
EV31,1895:1470,1895,1470,관련 네트워크의 공유·연관 동작,실행·호출 순서 미검증
EV31,1895:1477,1895,1477,관련 네트워크의 공유·연관 동작,실행·호출 순서 미검증
EV31,1895:1484,1895,1484,관련 네트워크의 공유·연관 동작,실행·호출 순서 미검증
EV31,1895:1491,1895,1491,관련 네트워크의 공유·연관 동작,실행·호출 순서 미검증
EV31,1895:1498,1895,1498,관련 네트워크의 공유·연관 동작,실행·호출 순서 미검증
EV32,1895:1435,1895,1435,관련 네트워크의 공유·연관 동작,실행·호출 순서 미검증
EV32,1895:1442,1895,1442,관련 네트워크의 공유·연관 동작,실행·호출 순서 미검증
EV32,1895:1449,1895,1449,관련 심볼 이름과 대상 일치,실행·호출 순서 미검증
EV32,1895:1456,1895,1456,관련 네트워크의 공유·연관 동작,실행·호출 순서 미검증
EV32,1895:1463,1895,1463,관련 네트워크의 공유·연관 동작,실행·호출 순서 미검증
EV32,1895:1470,1895,1470,관련 네트워크의 공유·연관 동작,실행·호출 순서 미검증
EV32,1895:1477,1895,1477,관련 네트워크의 공유·연관 동작,실행·호출 순서 미검증
EV32,1895:1484,1895,1484,관련 네트워크의 공유·연관 동작,실행·호출 순서 미검증
EV32,1895:1491,1895,1491,관련 네트워크의 공유·연관 동작,실행·호출 순서 미검증
EV32,1895:1498,1895,1498,관련 네트워크의 공유·연관 동작,실행·호출 순서 미검증
EV33,1895:1435,1895,1435,관련 네트워크의 공유·연관 동작,실행·호출 순서 미검증
EV33,1895:1442,1895,1442,관련 네트워크의 공유·연관 동작,실행·호출 순서 미검증
EV33,1895:1449,1895,1449,관련 네트워크의 공유·연관 동작,실행·호출 순서 미검증
EV33,1895:1456,1895,1456,관련 네트워크의 공유·연관 동작,실행·호출 순서 미검증
EV33,1895:1463,1895,1463,관련 심볼 이름과 대상 일치,실행·호출 순서 미검증
EV33,1895:1470,1895,1470,관련 네트워크의 공유·연관 동작,실행·호출 순서 미검증
EV33,1895:1477,1895,1477,관련 네트워크의 공유·연관 동작,실행·호출 순서 미검증
EV33,1895:1484,1895,1484,관련 네트워크의 공유·연관 동작,실행·호출 순서 미검증
EV33,1895:1491,1895,1491,관련 네트워크의 공유·연관 동작,실행·호출 순서 미검증
EV33,1895:1498,1895,1498,관련 네트워크의 공유·연관 동작,실행·호출 순서 미검증
EV34,1895:1435,1895,1435,관련 네트워크의 공유·연관 동작,실행·호출 순서 미검증
EV34,1895:1442,1895,1442,관련 네트워크의 공유·연관 동작,실행·호출 순서 미검증
EV34,1895:1449,1895,1449,관련 네트워크의 공유·연관 동작,실행·호출 순서 미검증
EV34,1895:1456,1895,1456,관련 네트워크의 공유·연관 동작,실행·호출 순서 미검증
EV34,1895:1463,1895,1463,관련 네트워크의 공유·연관 동작,실행·호출 순서 미검증
EV34,1895:1470,1895,1470,관련 네트워크의 공유·연관 동작,실행·호출 순서 미검증
EV34,1895:1477,1895,1477,관련 심볼 이름과 대상 일치,실행·호출 순서 미검증
EV34,1895:1484,1895,1484,관련 네트워크의 공유·연관 동작,실행·호출 순서 미검증
EV34,1895:1491,1895,1491,관련 네트워크의 공유·연관 동작,실행·호출 순서 미검증
EV34,1895:1498,1895,1498,관련 네트워크의 공유·연관 동작,실행·호출 순서 미검증
EV35,1895:1435,1895,1435,관련 네트워크의 공유·연관 동작,실행·호출 순서 미검증
EV35,1895:1442,1895,1442,관련 네트워크의 공유·연관 동작,실행·호출 순서 미검증
EV35,1895:1449,1895,1449,관련 네트워크의 공유·연관 동작,실행·호출 순서 미검증
EV35,1895:1456,1895,1456,관련 네트워크의 공유·연관 동작,실행·호출 순서 미검증
EV35,1895:1463,1895,1463,관련 네트워크의 공유·연관 동작,실행·호출 순서 미검증
EV35,1895:1470,1895,1470,관련 네트워크의 공유·연관 동작,실행·호출 순서 미검증
EV35,1895:1477,1895,1477,관련 네트워크의 공유·연관 동작,실행·호출 순서 미검증
EV35,1895:1484,1895,1484,관련 네트워크의 공유·연관 동작,실행·호출 순서 미검증
EV35,1895:1491,1895,1491,관련 심볼 이름과 대상 일치,실행·호출 순서 미검증
EV35,1895:1498,1895,1498,관련 네트워크의 공유·연관 동작,실행·호출 순서 미검증
EV36,1896:1571,1896,1571,관련 심볼 이름과 대상 일치,실행·호출 순서 미검증
EV36,1896:1578,1896,1578,관련 네트워크의 공유·연관 동작,실행·호출 순서 미검증
EV36,1896:1585,1896,1585,관련 네트워크의 공유·연관 동작,실행·호출 순서 미검증
EV36,1896:1592,1896,1592,관련 네트워크의 공유·연관 동작,실행·호출 순서 미검증
EV36,1896:1599,1896,1599,관련 네트워크의 공유·연관 동작,실행·호출 순서 미검증
EV36,1896:1606,1896,1606,관련 네트워크의 공유·연관 동작,실행·호출 순서 미검증
EV36,1896:1613,1896,1613,관련 네트워크의 공유·연관 동작,실행·호출 순서 미검증
EV36,1896:1620,1896,1620,관련 네트워크의 공유·연관 동작,실행·호출 순서 미검증
EV36,1896:1627,1896,1627,관련 네트워크의 공유·연관 동작,실행·호출 순서 미검증
EV36,1896:1634,1896,1634,관련 네트워크의 공유·연관 동작,실행·호출 순서 미검증
EV37,1896:1571,1896,1571,관련 네트워크의 공유·연관 동작,실행·호출 순서 미검증
EV37,1896:1578,1896,1578,관련 네트워크의 공유·연관 동작,실행·호출 순서 미검증
EV37,1896:1585,1896,1585,관련 심볼 이름과 대상 일치,실행·호출 순서 미검증
EV37,1896:1592,1896,1592,관련 네트워크의 공유·연관 동작,실행·호출 순서 미검증
EV37,1896:1599,1896,1599,관련 네트워크의 공유·연관 동작,실행·호출 순서 미검증
EV37,1896:1606,1896,1606,관련 네트워크의 공유·연관 동작,실행·호출 순서 미검증
EV37,1896:1613,1896,1613,관련 네트워크의 공유·연관 동작,실행·호출 순서 미검증
EV37,1896:1620,1896,1620,관련 네트워크의 공유·연관 동작,실행·호출 순서 미검증
EV37,1896:1627,1896,1627,관련 네트워크의 공유·연관 동작,실행·호출 순서 미검증
EV37,1896:1634,1896,1634,관련 네트워크의 공유·연관 동작,실행·호출 순서 미검증
EV38,1896:1571,1896,1571,관련 네트워크의 공유·연관 동작,실행·호출 순서 미검증
EV38,1896:1578,1896,1578,관련 네트워크의 공유·연관 동작,실행·호출 순서 미검증
EV38,1896:1585,1896,1585,관련 네트워크의 공유·연관 동작,실행·호출 순서 미검증
EV38,1896:1592,1896,1592,관련 네트워크의 공유·연관 동작,실행·호출 순서 미검증
EV38,1896:1599,1896,1599,관련 심볼 이름과 대상 일치,실행·호출 순서 미검증
EV38,1896:1606,1896,1606,관련 네트워크의 공유·연관 동작,실행·호출 순서 미검증
EV38,1896:1613,1896,1613,관련 네트워크의 공유·연관 동작,실행·호출 순서 미검증
EV38,1896:1620,1896,1620,관련 네트워크의 공유·연관 동작,실행·호출 순서 미검증
EV38,1896:1627,1896,1627,관련 네트워크의 공유·연관 동작,실행·호출 순서 미검증
EV38,1896:1634,1896,1634,관련 네트워크의 공유·연관 동작,실행·호출 순서 미검증
EV39,1896:1571,1896,1571,관련 네트워크의 공유·연관 동작,실행·호출 순서 미검증
EV39,1896:1578,1896,1578,관련 네트워크의 공유·연관 동작,실행·호출 순서 미검증
EV39,1896:1585,1896,1585,관련 네트워크의 공유·연관 동작,실행·호출 순서 미검증
EV39,1896:1592,1896,1592,관련 네트워크의 공유·연관 동작,실행·호출 순서 미검증
EV39,1896:1599,1896,1599,관련 네트워크의 공유·연관 동작,실행·호출 순서 미검증
EV39,1896:1606,1896,1606,관련 네트워크의 공유·연관 동작,실행·호출 순서 미검증
EV39,1896:1613,1896,1613,관련 심볼 이름과 대상 일치,실행·호출 순서 미검증
EV39,1896:1620,1896,1620,관련 네트워크의 공유·연관 동작,실행·호출 순서 미검증
EV39,1896:1627,1896,1627,관련 네트워크의 공유·연관 동작,실행·호출 순서 미검증
EV39,1896:1634,1896,1634,관련 네트워크의 공유·연관 동작,실행·호출 순서 미검증
EV40,1896:1571,1896,1571,관련 네트워크의 공유·연관 동작,실행·호출 순서 미검증
EV40,1896:1578,1896,1578,관련 네트워크의 공유·연관 동작,실행·호출 순서 미검증
EV40,1896:1585,1896,1585,관련 네트워크의 공유·연관 동작,실행·호출 순서 미검증
EV40,1896:1592,1896,1592,관련 네트워크의 공유·연관 동작,실행·호출 순서 미검증
EV40,1896:1599,1896,1599,관련 네트워크의 공유·연관 동작,실행·호출 순서 미검증
EV40,1896:1606,1896,1606,관련 네트워크의 공유·연관 동작,실행·호출 순서 미검증
EV40,1896:1613,1896,1613,관련 네트워크의 공유·연관 동작,실행·호출 순서 미검증
EV40,1896:1620,1896,1620,관련 네트워크의 공유·연관 동작,실행·호출 순서 미검증
EV40,1896:1627,1896,1627,관련 심볼 이름과 대상 일치,실행·호출 순서 미검증
EV40,1896:1634,1896,1634,관련 네트워크의 공유·연관 동작,실행·호출 순서 미검증
EV41,1897:1707,1897,1707,관련 심볼 이름과 대상 일치,실행·호출 순서 미검증
EV41,1897:1714,1897,1714,관련 네트워크의 공유·연관 동작,실행·호출 순서 미검증
EV41,1897:1721,1897,1721,관련 네트워크의 공유·연관 동작,실행·호출 순서 미검증
EV41,1897:1728,1897,1728,관련 네트워크의 공유·연관 동작,실행·호출 순서 미검증
EV41,1897:1735,1897,1735,관련 네트워크의 공유·연관 동작,실행·호출 순서 미검증
EV41,1897:1742,1897,1742,관련 네트워크의 공유·연관 동작,실행·호출 순서 미검증
EV41,1897:1749,1897,1749,관련 네트워크의 공유·연관 동작,실행·호출 순서 미검증
EV41,1897:1756,1897,1756,관련 네트워크의 공유·연관 동작,실행·호출 순서 미검증
EV41,1897:1763,1897,1763,관련 네트워크의 공유·연관 동작,실행·호출 순서 미검증
EV41,1897:1770,1897,1770,관련 네트워크의 공유·연관 동작,실행·호출 순서 미검증
EV42,1897:1707,1897,1707,관련 네트워크의 공유·연관 동작,실행·호출 순서 미검증
EV42,1897:1714,1897,1714,관련 네트워크의 공유·연관 동작,실행·호출 순서 미검증
EV42,1897:1721,1897,1721,관련 심볼 이름과 대상 일치,실행·호출 순서 미검증
EV42,1897:1728,1897,1728,관련 네트워크의 공유·연관 동작,실행·호출 순서 미검증
EV42,1897:1735,1897,1735,관련 네트워크의 공유·연관 동작,실행·호출 순서 미검증
EV42,1897:1742,1897,1742,관련 네트워크의 공유·연관 동작,실행·호출 순서 미검증
EV42,1897:1749,1897,1749,관련 네트워크의 공유·연관 동작,실행·호출 순서 미검증
EV42,1897:1756,1897,1756,관련 네트워크의 공유·연관 동작,실행·호출 순서 미검증
EV42,1897:1763,1897,1763,관련 네트워크의 공유·연관 동작,실행·호출 순서 미검증
EV42,1897:1770,1897,1770,관련 네트워크의 공유·연관 동작,실행·호출 순서 미검증
EV43,1897:1707,1897,1707,관련 네트워크의 공유·연관 동작,실행·호출 순서 미검증
EV43,1897:1714,1897,1714,관련 네트워크의 공유·연관 동작,실행·호출 순서 미검증
EV43,1897:1721,1897,1721,관련 네트워크의 공유·연관 동작,실행·호출 순서 미검증
EV43,1897:1728,1897,1728,관련 네트워크의 공유·연관 동작,실행·호출 순서 미검증
EV43,1897:1735,1897,1735,관련 심볼 이름과 대상 일치,실행·호출 순서 미검증
EV43,1897:1742,1897,1742,관련 네트워크의 공유·연관 동작,실행·호출 순서 미검증
EV43,1897:1749,1897,1749,관련 네트워크의 공유·연관 동작,실행·호출 순서 미검증
EV43,1897:1756,1897,1756,관련 네트워크의 공유·연관 동작,실행·호출 순서 미검증
EV43,1897:1763,1897,1763,관련 네트워크의 공유·연관 동작,실행·호출 순서 미검증
EV43,1897:1770,1897,1770,관련 네트워크의 공유·연관 동작,실행·호출 순서 미검증
EV44,1897:1707,1897,1707,관련 네트워크의 공유·연관 동작,실행·호출 순서 미검증
EV44,1897:1714,1897,1714,관련 네트워크의 공유·연관 동작,실행·호출 순서 미검증
EV44,1897:1721,1897,1721,관련 네트워크의 공유·연관 동작,실행·호출 순서 미검증
EV44,1897:1728,1897,1728,관련 네트워크의 공유·연관 동작,실행·호출 순서 미검증
EV44,1897:1735,1897,1735,관련 네트워크의 공유·연관 동작,실행·호출 순서 미검증
EV44,1897:1742,1897,1742,관련 네트워크의 공유·연관 동작,실행·호출 순서 미검증
EV44,1897:1749,1897,1749,관련 심볼 이름과 대상 일치,실행·호출 순서 미검증
EV44,1897:1756,1897,1756,관련 네트워크의 공유·연관 동작,실행·호출 순서 미검증
EV44,1897:1763,1897,1763,관련 네트워크의 공유·연관 동작,실행·호출 순서 미검증
EV44,1897:1770,1897,1770,관련 네트워크의 공유·연관 동작,실행·호출 순서 미검증
EV45,1897:1707,1897,1707,관련 네트워크의 공유·연관 동작,실행·호출 순서 미검증
EV45,1897:1714,1897,1714,관련 네트워크의 공유·연관 동작,실행·호출 순서 미검증
EV45,1897:1721,1897,1721,관련 네트워크의 공유·연관 동작,실행·호출 순서 미검증
EV45,1897:1728,1897,1728,관련 네트워크의 공유·연관 동작,실행·호출 순서 미검증
EV45,1897:1735,1897,1735,관련 네트워크의 공유·연관 동작,실행·호출 순서 미검증
EV45,1897:1742,1897,1742,관련 네트워크의 공유·연관 동작,실행·호출 순서 미검증
EV45,1897:1749,1897,1749,관련 네트워크의 공유·연관 동작,실행·호출 순서 미검증
EV45,1897:1756,1897,1756,관련 네트워크의 공유·연관 동작,실행·호출 순서 미검증
EV45,1897:1763,1897,1763,관련 심볼 이름과 대상 일치,실행·호출 순서 미검증
EV45,1897:1770,1897,1770,관련 네트워크의 공유·연관 동작,실행·호출 순서 미검증
EV46,1898:1843,1898,1843,관련 심볼 이름과 대상 일치,실행·호출 순서 미검증
EV46,1898:1850,1898,1850,관련 네트워크의 공유·연관 동작,실행·호출 순서 미검증
EV46,1898:1857,1898,1857,관련 네트워크의 공유·연관 동작,실행·호출 순서 미검증
EV46,1898:1864,1898,1864,관련 네트워크의 공유·연관 동작,실행·호출 순서 미검증
EV46,1898:1871,1898,1871,관련 네트워크의 공유·연관 동작,실행·호출 순서 미검증
EV46,1898:1878,1898,1878,관련 네트워크의 공유·연관 동작,실행·호출 순서 미검증
EV46,1898:1885,1898,1885,관련 네트워크의 공유·연관 동작,실행·호출 순서 미검증
EV46,1898:1892,1898,1892,관련 네트워크의 공유·연관 동작,실행·호출 순서 미검증
EV46,1898:1899,1898,1899,관련 네트워크의 공유·연관 동작,실행·호출 순서 미검증
EV46,1898:1906,1898,1906,관련 네트워크의 공유·연관 동작,실행·호출 순서 미검증
EV47,1898:1843,1898,1843,관련 네트워크의 공유·연관 동작,실행·호출 순서 미검증
EV47,1898:1850,1898,1850,관련 네트워크의 공유·연관 동작,실행·호출 순서 미검증
EV47,1898:1857,1898,1857,관련 심볼 이름과 대상 일치,실행·호출 순서 미검증
EV47,1898:1864,1898,1864,관련 네트워크의 공유·연관 동작,실행·호출 순서 미검증
EV47,1898:1871,1898,1871,관련 네트워크의 공유·연관 동작,실행·호출 순서 미검증
EV47,1898:1878,1898,1878,관련 네트워크의 공유·연관 동작,실행·호출 순서 미검증
EV47,1898:1885,1898,1885,관련 네트워크의 공유·연관 동작,실행·호출 순서 미검증
EV47,1898:1892,1898,1892,관련 네트워크의 공유·연관 동작,실행·호출 순서 미검증
EV47,1898:1899,1898,1899,관련 네트워크의 공유·연관 동작,실행·호출 순서 미검증
EV47,1898:1906,1898,1906,관련 네트워크의 공유·연관 동작,실행·호출 순서 미검증
EV48,1898:1843,1898,1843,관련 네트워크의 공유·연관 동작,실행·호출 순서 미검증
EV48,1898:1850,1898,1850,관련 네트워크의 공유·연관 동작,실행·호출 순서 미검증
EV48,1898:1857,1898,1857,관련 네트워크의 공유·연관 동작,실행·호출 순서 미검증
EV48,1898:1864,1898,1864,관련 네트워크의 공유·연관 동작,실행·호출 순서 미검증
EV48,1898:1871,1898,1871,관련 심볼 이름과 대상 일치,실행·호출 순서 미검증
EV48,1898:1878,1898,1878,관련 네트워크의 공유·연관 동작,실행·호출 순서 미검증
EV48,1898:1885,1898,1885,관련 네트워크의 공유·연관 동작,실행·호출 순서 미검증
EV48,1898:1892,1898,1892,관련 네트워크의 공유·연관 동작,실행·호출 순서 미검증
EV48,1898:1899,1898,1899,관련 네트워크의 공유·연관 동작,실행·호출 순서 미검증
EV48,1898:1906,1898,1906,관련 네트워크의 공유·연관 동작,실행·호출 순서 미검증
EV49,1898:1843,1898,1843,관련 네트워크의 공유·연관 동작,실행·호출 순서 미검증
EV49,1898:1850,1898,1850,관련 네트워크의 공유·연관 동작,실행·호출 순서 미검증
EV49,1898:1857,1898,1857,관련 네트워크의 공유·연관 동작,실행·호출 순서 미검증
EV49,1898:1864,1898,1864,관련 네트워크의 공유·연관 동작,실행·호출 순서 미검증
EV49,1898:1871,1898,1871,관련 네트워크의 공유·연관 동작,실행·호출 순서 미검증
EV49,1898:1878,1898,1878,관련 네트워크의 공유·연관 동작,실행·호출 순서 미검증
EV49,1898:1885,1898,1885,관련 심볼 이름과 대상 일치,실행·호출 순서 미검증
EV49,1898:1892,1898,1892,관련 네트워크의 공유·연관 동작,실행·호출 순서 미검증
EV49,1898:1899,1898,1899,관련 네트워크의 공유·연관 동작,실행·호출 순서 미검증
EV49,1898:1906,1898,1906,관련 네트워크의 공유·연관 동작,실행·호출 순서 미검증
EV50,1898:1843,1898,1843,관련 네트워크의 공유·연관 동작,실행·호출 순서 미검증
EV50,1898:1850,1898,1850,관련 네트워크의 공유·연관 동작,실행·호출 순서 미검증
EV50,1898:1857,1898,1857,관련 네트워크의 공유·연관 동작,실행·호출 순서 미검증
EV50,1898:1864,1898,1864,관련 네트워크의 공유·연관 동작,실행·호출 순서 미검증
EV50,1898:1871,1898,1871,관련 네트워크의 공유·연관 동작,실행·호출 순서 미검증
EV50,1898:1878,1898,1878,관련 네트워크의 공유·연관 동작,실행·호출 순서 미검증
EV50,1898:1885,1898,1885,관련 네트워크의 공유·연관 동작,실행·호출 순서 미검증
EV50,1898:1892,1898,1892,관련 네트워크의 공유·연관 동작,실행·호출 순서 미검증
EV50,1898:1899,1898,1899,관련 심볼 이름과 대상 일치,실행·호출 순서 미검증
EV50,1898:1906,1898,1906,관련 네트워크의 공유·연관 동작,실행·호출 순서 미검증
EV51,1891:891,1891,891,관련 네트워크의 공유·연관 동작,실행·호출 순서 미검증
EV51,1891:898,1891,898,관련 심볼 이름과 대상 일치,실행·호출 순서 미검증
EV51,1891:905,1891,905,관련 네트워크의 공유·연관 동작,실행·호출 순서 미검증
EV51,1891:912,1891,912,관련 네트워크의 공유·연관 동작,실행·호출 순서 미검증
EV51,1891:919,1891,919,관련 네트워크의 공유·연관 동작,실행·호출 순서 미검증
EV51,1891:926,1891,926,관련 네트워크의 공유·연관 동작,실행·호출 순서 미검증
EV51,1891:933,1891,933,관련 네트워크의 공유·연관 동작,실행·호출 순서 미검증
EV51,1891:940,1891,940,관련 네트워크의 공유·연관 동작,실행·호출 순서 미검증
EV51,1891:947,1891,947,관련 네트워크의 공유·연관 동작,실행·호출 순서 미검증
EV51,1891:954,1891,954,관련 네트워크의 공유·연관 동작,실행·호출 순서 미검증
EV52,1891:891,1891,891,관련 네트워크의 공유·연관 동작,실행·호출 순서 미검증
EV52,1891:898,1891,898,관련 네트워크의 공유·연관 동작,실행·호출 순서 미검증
EV52,1891:905,1891,905,관련 네트워크의 공유·연관 동작,실행·호출 순서 미검증
EV52,1891:912,1891,912,관련 심볼 이름과 대상 일치,실행·호출 순서 미검증
EV52,1891:919,1891,919,관련 네트워크의 공유·연관 동작,실행·호출 순서 미검증
EV52,1891:926,1891,926,관련 네트워크의 공유·연관 동작,실행·호출 순서 미검증
EV52,1891:933,1891,933,관련 네트워크의 공유·연관 동작,실행·호출 순서 미검증
EV52,1891:940,1891,940,관련 네트워크의 공유·연관 동작,실행·호출 순서 미검증
EV52,1891:947,1891,947,관련 네트워크의 공유·연관 동작,실행·호출 순서 미검증
EV52,1891:954,1891,954,관련 네트워크의 공유·연관 동작,실행·호출 순서 미검증
EV53,1891:891,1891,891,관련 네트워크의 공유·연관 동작,실행·호출 순서 미검증
EV53,1891:898,1891,898,관련 네트워크의 공유·연관 동작,실행·호출 순서 미검증
EV53,1891:905,1891,905,관련 네트워크의 공유·연관 동작,실행·호출 순서 미검증
EV53,1891:912,1891,912,관련 네트워크의 공유·연관 동작,실행·호출 순서 미검증
EV53,1891:919,1891,919,관련 네트워크의 공유·연관 동작,실행·호출 순서 미검증
EV53,1891:926,1891,926,관련 심볼 이름과 대상 일치,실행·호출 순서 미검증
EV53,1891:933,1891,933,관련 네트워크의 공유·연관 동작,실행·호출 순서 미검증
EV53,1891:940,1891,940,관련 네트워크의 공유·연관 동작,실행·호출 순서 미검증
EV53,1891:947,1891,947,관련 네트워크의 공유·연관 동작,실행·호출 순서 미검증
EV53,1891:954,1891,954,관련 네트워크의 공유·연관 동작,실행·호출 순서 미검증
EV54,1891:891,1891,891,관련 네트워크의 공유·연관 동작,실행·호출 순서 미검증
EV54,1891:898,1891,898,관련 네트워크의 공유·연관 동작,실행·호출 순서 미검증
EV54,1891:905,1891,905,관련 네트워크의 공유·연관 동작,실행·호출 순서 미검증
EV54,1891:912,1891,912,관련 네트워크의 공유·연관 동작,실행·호출 순서 미검증
EV54,1891:919,1891,919,관련 네트워크의 공유·연관 동작,실행·호출 순서 미검증
EV54,1891:926,1891,926,관련 네트워크의 공유·연관 동작,실행·호출 순서 미검증
EV54,1891:933,1891,933,관련 네트워크의 공유·연관 동작,실행·호출 순서 미검증
EV54,1891:940,1891,940,관련 심볼 이름과 대상 일치,실행·호출 순서 미검증
EV54,1891:947,1891,947,관련 네트워크의 공유·연관 동작,실행·호출 순서 미검증
EV54,1891:954,1891,954,관련 네트워크의 공유·연관 동작,실행·호출 순서 미검증
EV55,1891:891,1891,891,관련 네트워크의 공유·연관 동작,실행·호출 순서 미검증
EV55,1891:898,1891,898,관련 네트워크의 공유·연관 동작,실행·호출 순서 미검증
EV55,1891:905,1891,905,관련 네트워크의 공유·연관 동작,실행·호출 순서 미검증
EV55,1891:912,1891,912,관련 네트워크의 공유·연관 동작,실행·호출 순서 미검증
EV55,1891:919,1891,919,관련 네트워크의 공유·연관 동작,실행·호출 순서 미검증
EV55,1891:926,1891,926,관련 네트워크의 공유·연관 동작,실행·호출 순서 미검증
EV55,1891:933,1891,933,관련 네트워크의 공유·연관 동작,실행·호출 순서 미검증
EV55,1891:940,1891,940,관련 네트워크의 공유·연관 동작,실행·호출 순서 미검증
EV55,1891:947,1891,947,관련 네트워크의 공유·연관 동작,실행·호출 순서 미검증
EV55,1891:954,1891,954,관련 심볼 이름과 대상 일치,실행·호출 순서 미검증
EV56,1892:1027,1892,1027,관련 네트워크의 공유·연관 동작,실행·호출 순서 미검증
EV56,1892:1034,1892,1034,관련 심볼 이름과 대상 일치,실행·호출 순서 미검증
EV56,1892:1041,1892,1041,관련 네트워크의 공유·연관 동작,실행·호출 순서 미검증
EV56,1892:1048,1892,1048,관련 네트워크의 공유·연관 동작,실행·호출 순서 미검증
EV56,1892:1055,1892,1055,관련 네트워크의 공유·연관 동작,실행·호출 순서 미검증
EV56,1892:1062,1892,1062,관련 네트워크의 공유·연관 동작,실행·호출 순서 미검증
EV56,1892:1069,1892,1069,관련 네트워크의 공유·연관 동작,실행·호출 순서 미검증
EV56,1892:1076,1892,1076,관련 네트워크의 공유·연관 동작,실행·호출 순서 미검증
EV56,1892:1083,1892,1083,관련 네트워크의 공유·연관 동작,실행·호출 순서 미검증
EV56,1892:1090,1892,1090,관련 네트워크의 공유·연관 동작,실행·호출 순서 미검증
EV57,1892:1027,1892,1027,관련 네트워크의 공유·연관 동작,실행·호출 순서 미검증
EV57,1892:1034,1892,1034,관련 네트워크의 공유·연관 동작,실행·호출 순서 미검증
EV57,1892:1041,1892,1041,관련 네트워크의 공유·연관 동작,실행·호출 순서 미검증
EV57,1892:1048,1892,1048,관련 심볼 이름과 대상 일치,실행·호출 순서 미검증
EV57,1892:1055,1892,1055,관련 네트워크의 공유·연관 동작,실행·호출 순서 미검증
EV57,1892:1062,1892,1062,관련 네트워크의 공유·연관 동작,실행·호출 순서 미검증
EV57,1892:1069,1892,1069,관련 네트워크의 공유·연관 동작,실행·호출 순서 미검증
EV57,1892:1076,1892,1076,관련 네트워크의 공유·연관 동작,실행·호출 순서 미검증
EV57,1892:1083,1892,1083,관련 네트워크의 공유·연관 동작,실행·호출 순서 미검증
EV57,1892:1090,1892,1090,관련 네트워크의 공유·연관 동작,실행·호출 순서 미검증
EV58,1892:1027,1892,1027,관련 네트워크의 공유·연관 동작,실행·호출 순서 미검증
EV58,1892:1034,1892,1034,관련 네트워크의 공유·연관 동작,실행·호출 순서 미검증
EV58,1892:1041,1892,1041,관련 네트워크의 공유·연관 동작,실행·호출 순서 미검증
EV58,1892:1048,1892,1048,관련 네트워크의 공유·연관 동작,실행·호출 순서 미검증
EV58,1892:1055,1892,1055,관련 네트워크의 공유·연관 동작,실행·호출 순서 미검증
EV58,1892:1062,1892,1062,관련 심볼 이름과 대상 일치,실행·호출 순서 미검증
EV58,1892:1069,1892,1069,관련 네트워크의 공유·연관 동작,실행·호출 순서 미검증
EV58,1892:1076,1892,1076,관련 네트워크의 공유·연관 동작,실행·호출 순서 미검증
EV58,1892:1083,1892,1083,관련 네트워크의 공유·연관 동작,실행·호출 순서 미검증
EV58,1892:1090,1892,1090,관련 네트워크의 공유·연관 동작,실행·호출 순서 미검증
EV59,1892:1027,1892,1027,관련 네트워크의 공유·연관 동작,실행·호출 순서 미검증
EV59,1892:1034,1892,1034,관련 네트워크의 공유·연관 동작,실행·호출 순서 미검증
EV59,1892:1041,1892,1041,관련 네트워크의 공유·연관 동작,실행·호출 순서 미검증
EV59,1892:1048,1892,1048,관련 네트워크의 공유·연관 동작,실행·호출 순서 미검증
EV59,1892:1055,1892,1055,관련 네트워크의 공유·연관 동작,실행·호출 순서 미검증
EV59,1892:1062,1892,1062,관련 네트워크의 공유·연관 동작,실행·호출 순서 미검증
EV59,1892:1069,1892,1069,관련 네트워크의 공유·연관 동작,실행·호출 순서 미검증
EV59,1892:1076,1892,1076,관련 심볼 이름과 대상 일치,실행·호출 순서 미검증
EV59,1892:1083,1892,1083,관련 네트워크의 공유·연관 동작,실행·호출 순서 미검증
EV59,1892:1090,1892,1090,관련 네트워크의 공유·연관 동작,실행·호출 순서 미검증
EV60,1892:1027,1892,1027,관련 네트워크의 공유·연관 동작,실행·호출 순서 미검증
EV60,1892:1034,1892,1034,관련 네트워크의 공유·연관 동작,실행·호출 순서 미검증
EV60,1892:1041,1892,1041,관련 네트워크의 공유·연관 동작,실행·호출 순서 미검증
EV60,1892:1048,1892,1048,관련 네트워크의 공유·연관 동작,실행·호출 순서 미검증
EV60,1892:1055,1892,1055,관련 네트워크의 공유·연관 동작,실행·호출 순서 미검증
EV60,1892:1062,1892,1062,관련 네트워크의 공유·연관 동작,실행·호출 순서 미검증
EV60,1892:1069,1892,1069,관련 네트워크의 공유·연관 동작,실행·호출 순서 미검증
EV60,1892:1076,1892,1076,관련 네트워크의 공유·연관 동작,실행·호출 순서 미검증
EV60,1892:1083,1892,1083,관련 네트워크의 공유·연관 동작,실행·호출 순서 미검증
EV60,1892:1090,1892,1090,관련 심볼 이름과 대상 일치,실행·호출 순서 미검증
EV61,1893:1163,1893,1163,관련 네트워크의 공유·연관 동작,실행·호출 순서 미검증
EV61,1893:1170,1893,1170,관련 심볼 이름과 대상 일치,실행·호출 순서 미검증
EV61,1893:1177,1893,1177,관련 네트워크의 공유·연관 동작,실행·호출 순서 미검증
EV61,1893:1184,1893,1184,관련 네트워크의 공유·연관 동작,실행·호출 순서 미검증
EV61,1893:1191,1893,1191,관련 네트워크의 공유·연관 동작,실행·호출 순서 미검증
EV61,1893:1198,1893,1198,관련 네트워크의 공유·연관 동작,실행·호출 순서 미검증
EV61,1893:1205,1893,1205,관련 네트워크의 공유·연관 동작,실행·호출 순서 미검증
EV61,1893:1212,1893,1212,관련 네트워크의 공유·연관 동작,실행·호출 순서 미검증
EV61,1893:1219,1893,1219,관련 네트워크의 공유·연관 동작,실행·호출 순서 미검증
EV61,1893:1226,1893,1226,관련 네트워크의 공유·연관 동작,실행·호출 순서 미검증
EV62,1893:1163,1893,1163,관련 네트워크의 공유·연관 동작,실행·호출 순서 미검증
EV62,1893:1170,1893,1170,관련 네트워크의 공유·연관 동작,실행·호출 순서 미검증
EV62,1893:1177,1893,1177,관련 네트워크의 공유·연관 동작,실행·호출 순서 미검증
EV62,1893:1184,1893,1184,관련 심볼 이름과 대상 일치,실행·호출 순서 미검증
EV62,1893:1191,1893,1191,관련 네트워크의 공유·연관 동작,실행·호출 순서 미검증
EV62,1893:1198,1893,1198,관련 네트워크의 공유·연관 동작,실행·호출 순서 미검증
EV62,1893:1205,1893,1205,관련 네트워크의 공유·연관 동작,실행·호출 순서 미검증
EV62,1893:1212,1893,1212,관련 네트워크의 공유·연관 동작,실행·호출 순서 미검증
EV62,1893:1219,1893,1219,관련 네트워크의 공유·연관 동작,실행·호출 순서 미검증
EV62,1893:1226,1893,1226,관련 네트워크의 공유·연관 동작,실행·호출 순서 미검증
EV63,1893:1163,1893,1163,관련 네트워크의 공유·연관 동작,실행·호출 순서 미검증
EV63,1893:1170,1893,1170,관련 네트워크의 공유·연관 동작,실행·호출 순서 미검증
EV63,1893:1177,1893,1177,관련 네트워크의 공유·연관 동작,실행·호출 순서 미검증
EV63,1893:1184,1893,1184,관련 네트워크의 공유·연관 동작,실행·호출 순서 미검증
EV63,1893:1191,1893,1191,관련 네트워크의 공유·연관 동작,실행·호출 순서 미검증
EV63,1893:1198,1893,1198,관련 심볼 이름과 대상 일치,실행·호출 순서 미검증
EV63,1893:1205,1893,1205,관련 네트워크의 공유·연관 동작,실행·호출 순서 미검증
EV63,1893:1212,1893,1212,관련 네트워크의 공유·연관 동작,실행·호출 순서 미검증
EV63,1893:1219,1893,1219,관련 네트워크의 공유·연관 동작,실행·호출 순서 미검증
EV63,1893:1226,1893,1226,관련 네트워크의 공유·연관 동작,실행·호출 순서 미검증
EV64,1893:1163,1893,1163,관련 네트워크의 공유·연관 동작,실행·호출 순서 미검증
EV64,1893:1170,1893,1170,관련 네트워크의 공유·연관 동작,실행·호출 순서 미검증
EV64,1893:1177,1893,1177,관련 네트워크의 공유·연관 동작,실행·호출 순서 미검증
EV64,1893:1184,1893,1184,관련 네트워크의 공유·연관 동작,실행·호출 순서 미검증
EV64,1893:1191,1893,1191,관련 네트워크의 공유·연관 동작,실행·호출 순서 미검증
EV64,1893:1198,1893,1198,관련 네트워크의 공유·연관 동작,실행·호출 순서 미검증
EV64,1893:1205,1893,1205,관련 네트워크의 공유·연관 동작,실행·호출 순서 미검증
EV64,1893:1212,1893,1212,관련 심볼 이름과 대상 일치,실행·호출 순서 미검증
EV64,1893:1219,1893,1219,관련 네트워크의 공유·연관 동작,실행·호출 순서 미검증
EV64,1893:1226,1893,1226,관련 네트워크의 공유·연관 동작,실행·호출 순서 미검증
EV65,1893:1163,1893,1163,관련 네트워크의 공유·연관 동작,실행·호출 순서 미검증
EV65,1893:1170,1893,1170,관련 네트워크의 공유·연관 동작,실행·호출 순서 미검증
EV65,1893:1177,1893,1177,관련 네트워크의 공유·연관 동작,실행·호출 순서 미검증
EV65,1893:1184,1893,1184,관련 네트워크의 공유·연관 동작,실행·호출 순서 미검증
EV65,1893:1191,1893,1191,관련 네트워크의 공유·연관 동작,실행·호출 순서 미검증
EV65,1893:1198,1893,1198,관련 네트워크의 공유·연관 동작,실행·호출 순서 미검증
EV65,1893:1205,1893,1205,관련 네트워크의 공유·연관 동작,실행·호출 순서 미검증
EV65,1893:1212,1893,1212,관련 네트워크의 공유·연관 동작,실행·호출 순서 미검증
EV65,1893:1219,1893,1219,관련 네트워크의 공유·연관 동작,실행·호출 순서 미검증
EV65,1893:1226,1893,1226,관련 심볼 이름과 대상 일치,실행·호출 순서 미검증
EV66,1894:1299,1894,1299,관련 네트워크의 공유·연관 동작,실행·호출 순서 미검증
EV66,1894:1306,1894,1306,관련 심볼 이름과 대상 일치,실행·호출 순서 미검증
EV66,1894:1313,1894,1313,관련 네트워크의 공유·연관 동작,실행·호출 순서 미검증
EV66,1894:1320,1894,1320,관련 네트워크의 공유·연관 동작,실행·호출 순서 미검증
EV66,1894:1327,1894,1327,관련 네트워크의 공유·연관 동작,실행·호출 순서 미검증
EV66,1894:1334,1894,1334,관련 네트워크의 공유·연관 동작,실행·호출 순서 미검증
EV66,1894:1341,1894,1341,관련 네트워크의 공유·연관 동작,실행·호출 순서 미검증
EV66,1894:1348,1894,1348,관련 네트워크의 공유·연관 동작,실행·호출 순서 미검증
EV66,1894:1355,1894,1355,관련 네트워크의 공유·연관 동작,실행·호출 순서 미검증
EV66,1894:1362,1894,1362,관련 네트워크의 공유·연관 동작,실행·호출 순서 미검증
EV67,1894:1299,1894,1299,관련 네트워크의 공유·연관 동작,실행·호출 순서 미검증
EV67,1894:1306,1894,1306,관련 네트워크의 공유·연관 동작,실행·호출 순서 미검증
EV67,1894:1313,1894,1313,관련 네트워크의 공유·연관 동작,실행·호출 순서 미검증
EV67,1894:1320,1894,1320,관련 심볼 이름과 대상 일치,실행·호출 순서 미검증
EV67,1894:1327,1894,1327,관련 네트워크의 공유·연관 동작,실행·호출 순서 미검증
EV67,1894:1334,1894,1334,관련 네트워크의 공유·연관 동작,실행·호출 순서 미검증
EV67,1894:1341,1894,1341,관련 네트워크의 공유·연관 동작,실행·호출 순서 미검증
EV67,1894:1348,1894,1348,관련 네트워크의 공유·연관 동작,실행·호출 순서 미검증
EV67,1894:1355,1894,1355,관련 네트워크의 공유·연관 동작,실행·호출 순서 미검증
EV67,1894:1362,1894,1362,관련 네트워크의 공유·연관 동작,실행·호출 순서 미검증
EV68,1894:1299,1894,1299,관련 네트워크의 공유·연관 동작,실행·호출 순서 미검증
EV68,1894:1306,1894,1306,관련 네트워크의 공유·연관 동작,실행·호출 순서 미검증
EV68,1894:1313,1894,1313,관련 네트워크의 공유·연관 동작,실행·호출 순서 미검증
EV68,1894:1320,1894,1320,관련 네트워크의 공유·연관 동작,실행·호출 순서 미검증
EV68,1894:1327,1894,1327,관련 네트워크의 공유·연관 동작,실행·호출 순서 미검증
EV68,1894:1334,1894,1334,관련 심볼 이름과 대상 일치,실행·호출 순서 미검증
EV68,1894:1341,1894,1341,관련 네트워크의 공유·연관 동작,실행·호출 순서 미검증
EV68,1894:1348,1894,1348,관련 네트워크의 공유·연관 동작,실행·호출 순서 미검증
EV68,1894:1355,1894,1355,관련 네트워크의 공유·연관 동작,실행·호출 순서 미검증
EV68,1894:1362,1894,1362,관련 네트워크의 공유·연관 동작,실행·호출 순서 미검증
EV69,1894:1299,1894,1299,관련 네트워크의 공유·연관 동작,실행·호출 순서 미검증
EV69,1894:1306,1894,1306,관련 네트워크의 공유·연관 동작,실행·호출 순서 미검증
EV69,1894:1313,1894,1313,관련 네트워크의 공유·연관 동작,실행·호출 순서 미검증
EV69,1894:1320,1894,1320,관련 네트워크의 공유·연관 동작,실행·호출 순서 미검증
EV69,1894:1327,1894,1327,관련 네트워크의 공유·연관 동작,실행·호출 순서 미검증
EV69,1894:1334,1894,1334,관련 네트워크의 공유·연관 동작,실행·호출 순서 미검증
EV69,1894:1341,1894,1341,관련 네트워크의 공유·연관 동작,실행·호출 순서 미검증
EV69,1894:1348,1894,1348,관련 심볼 이름과 대상 일치,실행·호출 순서 미검증
EV69,1894:1355,1894,1355,관련 네트워크의 공유·연관 동작,실행·호출 순서 미검증
EV69,1894:1362,1894,1362,관련 네트워크의 공유·연관 동작,실행·호출 순서 미검증
EV70,1894:1299,1894,1299,관련 네트워크의 공유·연관 동작,실행·호출 순서 미검증
EV70,1894:1306,1894,1306,관련 네트워크의 공유·연관 동작,실행·호출 순서 미검증
EV70,1894:1313,1894,1313,관련 네트워크의 공유·연관 동작,실행·호출 순서 미검증
EV70,1894:1320,1894,1320,관련 네트워크의 공유·연관 동작,실행·호출 순서 미검증
EV70,1894:1327,1894,1327,관련 네트워크의 공유·연관 동작,실행·호출 순서 미검증
EV70,1894:1334,1894,1334,관련 네트워크의 공유·연관 동작,실행·호출 순서 미검증
EV70,1894:1341,1894,1341,관련 네트워크의 공유·연관 동작,실행·호출 순서 미검증
EV70,1894:1348,1894,1348,관련 네트워크의 공유·연관 동작,실행·호출 순서 미검증
EV70,1894:1355,1894,1355,관련 네트워크의 공유·연관 동작,실행·호출 순서 미검증
EV70,1894:1362,1894,1362,관련 심볼 이름과 대상 일치,실행·호출 순서 미검증
EV71,1895:1435,1895,1435,관련 네트워크의 공유·연관 동작,실행·호출 순서 미검증
EV71,1895:1442,1895,1442,관련 심볼 이름과 대상 일치,실행·호출 순서 미검증
EV71,1895:1449,1895,1449,관련 네트워크의 공유·연관 동작,실행·호출 순서 미검증
EV71,1895:1456,1895,1456,관련 네트워크의 공유·연관 동작,실행·호출 순서 미검증
EV71,1895:1463,1895,1463,관련 네트워크의 공유·연관 동작,실행·호출 순서 미검증
EV71,1895:1470,1895,1470,관련 네트워크의 공유·연관 동작,실행·호출 순서 미검증
EV71,1895:1477,1895,1477,관련 네트워크의 공유·연관 동작,실행·호출 순서 미검증
EV71,1895:1484,1895,1484,관련 네트워크의 공유·연관 동작,실행·호출 순서 미검증
EV71,1895:1491,1895,1491,관련 네트워크의 공유·연관 동작,실행·호출 순서 미검증
EV71,1895:1498,1895,1498,관련 네트워크의 공유·연관 동작,실행·호출 순서 미검증
EV72,1895:1435,1895,1435,관련 네트워크의 공유·연관 동작,실행·호출 순서 미검증
EV72,1895:1442,1895,1442,관련 네트워크의 공유·연관 동작,실행·호출 순서 미검증
EV72,1895:1449,1895,1449,관련 네트워크의 공유·연관 동작,실행·호출 순서 미검증
EV72,1895:1456,1895,1456,관련 심볼 이름과 대상 일치,실행·호출 순서 미검증
EV72,1895:1463,1895,1463,관련 네트워크의 공유·연관 동작,실행·호출 순서 미검증
EV72,1895:1470,1895,1470,관련 네트워크의 공유·연관 동작,실행·호출 순서 미검증
EV72,1895:1477,1895,1477,관련 네트워크의 공유·연관 동작,실행·호출 순서 미검증
EV72,1895:1484,1895,1484,관련 네트워크의 공유·연관 동작,실행·호출 순서 미검증
EV72,1895:1491,1895,1491,관련 네트워크의 공유·연관 동작,실행·호출 순서 미검증
EV72,1895:1498,1895,1498,관련 네트워크의 공유·연관 동작,실행·호출 순서 미검증
EV73,1895:1435,1895,1435,관련 네트워크의 공유·연관 동작,실행·호출 순서 미검증
EV73,1895:1442,1895,1442,관련 네트워크의 공유·연관 동작,실행·호출 순서 미검증
EV73,1895:1449,1895,1449,관련 네트워크의 공유·연관 동작,실행·호출 순서 미검증
EV73,1895:1456,1895,1456,관련 네트워크의 공유·연관 동작,실행·호출 순서 미검증
EV73,1895:1463,1895,1463,관련 네트워크의 공유·연관 동작,실행·호출 순서 미검증
EV73,1895:1470,1895,1470,관련 심볼 이름과 대상 일치,실행·호출 순서 미검증
EV73,1895:1477,1895,1477,관련 네트워크의 공유·연관 동작,실행·호출 순서 미검증
EV73,1895:1484,1895,1484,관련 네트워크의 공유·연관 동작,실행·호출 순서 미검증
EV73,1895:1491,1895,1491,관련 네트워크의 공유·연관 동작,실행·호출 순서 미검증
EV73,1895:1498,1895,1498,관련 네트워크의 공유·연관 동작,실행·호출 순서 미검증
EV74,1895:1435,1895,1435,관련 네트워크의 공유·연관 동작,실행·호출 순서 미검증
EV74,1895:1442,1895,1442,관련 네트워크의 공유·연관 동작,실행·호출 순서 미검증
EV74,1895:1449,1895,1449,관련 네트워크의 공유·연관 동작,실행·호출 순서 미검증
EV74,1895:1456,1895,1456,관련 네트워크의 공유·연관 동작,실행·호출 순서 미검증
EV74,1895:1463,1895,1463,관련 네트워크의 공유·연관 동작,실행·호출 순서 미검증
EV74,1895:1470,1895,1470,관련 네트워크의 공유·연관 동작,실행·호출 순서 미검증
EV74,1895:1477,1895,1477,관련 네트워크의 공유·연관 동작,실행·호출 순서 미검증
EV74,1895:1484,1895,1484,관련 심볼 이름과 대상 일치,실행·호출 순서 미검증
EV74,1895:1491,1895,1491,관련 네트워크의 공유·연관 동작,실행·호출 순서 미검증
EV74,1895:1498,1895,1498,관련 네트워크의 공유·연관 동작,실행·호출 순서 미검증
EV75,1895:1435,1895,1435,관련 네트워크의 공유·연관 동작,실행·호출 순서 미검증
EV75,1895:1442,1895,1442,관련 네트워크의 공유·연관 동작,실행·호출 순서 미검증
EV75,1895:1449,1895,1449,관련 네트워크의 공유·연관 동작,실행·호출 순서 미검증
EV75,1895:1456,1895,1456,관련 네트워크의 공유·연관 동작,실행·호출 순서 미검증
EV75,1895:1463,1895,1463,관련 네트워크의 공유·연관 동작,실행·호출 순서 미검증
EV75,1895:1470,1895,1470,관련 네트워크의 공유·연관 동작,실행·호출 순서 미검증
EV75,1895:1477,1895,1477,관련 네트워크의 공유·연관 동작,실행·호출 순서 미검증
EV75,1895:1484,1895,1484,관련 네트워크의 공유·연관 동작,실행·호출 순서 미검증
EV75,1895:1491,1895,1491,관련 네트워크의 공유·연관 동작,실행·호출 순서 미검증
EV75,1895:1498,1895,1498,관련 심볼 이름과 대상 일치,실행·호출 순서 미검증
EV76,1896:1571,1896,1571,관련 네트워크의 공유·연관 동작,실행·호출 순서 미검증
EV76,1896:1578,1896,1578,관련 심볼 이름과 대상 일치,실행·호출 순서 미검증
EV76,1896:1585,1896,1585,관련 네트워크의 공유·연관 동작,실행·호출 순서 미검증
EV76,1896:1592,1896,1592,관련 네트워크의 공유·연관 동작,실행·호출 순서 미검증
EV76,1896:1599,1896,1599,관련 네트워크의 공유·연관 동작,실행·호출 순서 미검증
EV76,1896:1606,1896,1606,관련 네트워크의 공유·연관 동작,실행·호출 순서 미검증
EV76,1896:1613,1896,1613,관련 네트워크의 공유·연관 동작,실행·호출 순서 미검증
EV76,1896:1620,1896,1620,관련 네트워크의 공유·연관 동작,실행·호출 순서 미검증
EV76,1896:1627,1896,1627,관련 네트워크의 공유·연관 동작,실행·호출 순서 미검증
EV76,1896:1634,1896,1634,관련 네트워크의 공유·연관 동작,실행·호출 순서 미검증
EV77,1896:1571,1896,1571,관련 네트워크의 공유·연관 동작,실행·호출 순서 미검증
EV77,1896:1578,1896,1578,관련 네트워크의 공유·연관 동작,실행·호출 순서 미검증
EV77,1896:1585,1896,1585,관련 네트워크의 공유·연관 동작,실행·호출 순서 미검증
EV77,1896:1592,1896,1592,관련 심볼 이름과 대상 일치,실행·호출 순서 미검증
EV77,1896:1599,1896,1599,관련 네트워크의 공유·연관 동작,실행·호출 순서 미검증
EV77,1896:1606,1896,1606,관련 네트워크의 공유·연관 동작,실행·호출 순서 미검증
EV77,1896:1613,1896,1613,관련 네트워크의 공유·연관 동작,실행·호출 순서 미검증
EV77,1896:1620,1896,1620,관련 네트워크의 공유·연관 동작,실행·호출 순서 미검증
EV77,1896:1627,1896,1627,관련 네트워크의 공유·연관 동작,실행·호출 순서 미검증
EV77,1896:1634,1896,1634,관련 네트워크의 공유·연관 동작,실행·호출 순서 미검증
EV78,1896:1571,1896,1571,관련 네트워크의 공유·연관 동작,실행·호출 순서 미검증
EV78,1896:1578,1896,1578,관련 네트워크의 공유·연관 동작,실행·호출 순서 미검증
EV78,1896:1585,1896,1585,관련 네트워크의 공유·연관 동작,실행·호출 순서 미검증
EV78,1896:1592,1896,1592,관련 네트워크의 공유·연관 동작,실행·호출 순서 미검증
EV78,1896:1599,1896,1599,관련 네트워크의 공유·연관 동작,실행·호출 순서 미검증
EV78,1896:1606,1896,1606,관련 심볼 이름과 대상 일치,실행·호출 순서 미검증
EV78,1896:1613,1896,1613,관련 네트워크의 공유·연관 동작,실행·호출 순서 미검증
EV78,1896:1620,1896,1620,관련 네트워크의 공유·연관 동작,실행·호출 순서 미검증
EV78,1896:1627,1896,1627,관련 네트워크의 공유·연관 동작,실행·호출 순서 미검증
EV78,1896:1634,1896,1634,관련 네트워크의 공유·연관 동작,실행·호출 순서 미검증
EV79,1896:1571,1896,1571,관련 네트워크의 공유·연관 동작,실행·호출 순서 미검증
EV79,1896:1578,1896,1578,관련 네트워크의 공유·연관 동작,실행·호출 순서 미검증
EV79,1896:1585,1896,1585,관련 네트워크의 공유·연관 동작,실행·호출 순서 미검증
EV79,1896:1592,1896,1592,관련 네트워크의 공유·연관 동작,실행·호출 순서 미검증
EV79,1896:1599,1896,1599,관련 네트워크의 공유·연관 동작,실행·호출 순서 미검증
EV79,1896:1606,1896,1606,관련 네트워크의 공유·연관 동작,실행·호출 순서 미검증
EV79,1896:1613,1896,1613,관련 네트워크의 공유·연관 동작,실행·호출 순서 미검증
EV79,1896:1620,1896,1620,관련 심볼 이름과 대상 일치,실행·호출 순서 미검증
EV79,1896:1627,1896,1627,관련 네트워크의 공유·연관 동작,실행·호출 순서 미검증
EV79,1896:1634,1896,1634,관련 네트워크의 공유·연관 동작,실행·호출 순서 미검증
EV80,1896:1571,1896,1571,관련 네트워크의 공유·연관 동작,실행·호출 순서 미검증
EV80,1896:1578,1896,1578,관련 네트워크의 공유·연관 동작,실행·호출 순서 미검증
EV80,1896:1585,1896,1585,관련 네트워크의 공유·연관 동작,실행·호출 순서 미검증
EV80,1896:1592,1896,1592,관련 네트워크의 공유·연관 동작,실행·호출 순서 미검증
EV80,1896:1599,1896,1599,관련 네트워크의 공유·연관 동작,실행·호출 순서 미검증
EV80,1896:1606,1896,1606,관련 네트워크의 공유·연관 동작,실행·호출 순서 미검증
EV80,1896:1613,1896,1613,관련 네트워크의 공유·연관 동작,실행·호출 순서 미검증
EV80,1896:1620,1896,1620,관련 네트워크의 공유·연관 동작,실행·호출 순서 미검증
EV80,1896:1627,1896,1627,관련 네트워크의 공유·연관 동작,실행·호출 순서 미검증
EV80,1896:1634,1896,1634,관련 심볼 이름과 대상 일치,실행·호출 순서 미검증
EV81,1897:1707,1897,1707,관련 네트워크의 공유·연관 동작,실행·호출 순서 미검증
EV81,1897:1714,1897,1714,관련 심볼 이름과 대상 일치,실행·호출 순서 미검증
EV81,1897:1721,1897,1721,관련 네트워크의 공유·연관 동작,실행·호출 순서 미검증
EV81,1897:1728,1897,1728,관련 네트워크의 공유·연관 동작,실행·호출 순서 미검증
EV81,1897:1735,1897,1735,관련 네트워크의 공유·연관 동작,실행·호출 순서 미검증
EV81,1897:1742,1897,1742,관련 네트워크의 공유·연관 동작,실행·호출 순서 미검증
EV81,1897:1749,1897,1749,관련 네트워크의 공유·연관 동작,실행·호출 순서 미검증
EV81,1897:1756,1897,1756,관련 네트워크의 공유·연관 동작,실행·호출 순서 미검증
EV81,1897:1763,1897,1763,관련 네트워크의 공유·연관 동작,실행·호출 순서 미검증
EV81,1897:1770,1897,1770,관련 네트워크의 공유·연관 동작,실행·호출 순서 미검증
EV82,1897:1707,1897,1707,관련 네트워크의 공유·연관 동작,실행·호출 순서 미검증
EV82,1897:1714,1897,1714,관련 네트워크의 공유·연관 동작,실행·호출 순서 미검증
EV82,1897:1721,1897,1721,관련 네트워크의 공유·연관 동작,실행·호출 순서 미검증
EV82,1897:1728,1897,1728,관련 심볼 이름과 대상 일치,실행·호출 순서 미검증
EV82,1897:1735,1897,1735,관련 네트워크의 공유·연관 동작,실행·호출 순서 미검증
EV82,1897:1742,1897,1742,관련 네트워크의 공유·연관 동작,실행·호출 순서 미검증
EV82,1897:1749,1897,1749,관련 네트워크의 공유·연관 동작,실행·호출 순서 미검증
EV82,1897:1756,1897,1756,관련 네트워크의 공유·연관 동작,실행·호출 순서 미검증
EV82,1897:1763,1897,1763,관련 네트워크의 공유·연관 동작,실행·호출 순서 미검증
EV82,1897:1770,1897,1770,관련 네트워크의 공유·연관 동작,실행·호출 순서 미검증
EV83,1897:1707,1897,1707,관련 네트워크의 공유·연관 동작,실행·호출 순서 미검증
EV83,1897:1714,1897,1714,관련 네트워크의 공유·연관 동작,실행·호출 순서 미검증
EV83,1897:1721,1897,1721,관련 네트워크의 공유·연관 동작,실행·호출 순서 미검증
EV83,1897:1728,1897,1728,관련 네트워크의 공유·연관 동작,실행·호출 순서 미검증
EV83,1897:1735,1897,1735,관련 네트워크의 공유·연관 동작,실행·호출 순서 미검증
EV83,1897:1742,1897,1742,관련 심볼 이름과 대상 일치,실행·호출 순서 미검증
EV83,1897:1749,1897,1749,관련 네트워크의 공유·연관 동작,실행·호출 순서 미검증
EV83,1897:1756,1897,1756,관련 네트워크의 공유·연관 동작,실행·호출 순서 미검증
EV83,1897:1763,1897,1763,관련 네트워크의 공유·연관 동작,실행·호출 순서 미검증
EV83,1897:1770,1897,1770,관련 네트워크의 공유·연관 동작,실행·호출 순서 미검증
EV84,1897:1707,1897,1707,관련 네트워크의 공유·연관 동작,실행·호출 순서 미검증
EV84,1897:1714,1897,1714,관련 네트워크의 공유·연관 동작,실행·호출 순서 미검증
EV84,1897:1721,1897,1721,관련 네트워크의 공유·연관 동작,실행·호출 순서 미검증
EV84,1897:1728,1897,1728,관련 네트워크의 공유·연관 동작,실행·호출 순서 미검증
EV84,1897:1735,1897,1735,관련 네트워크의 공유·연관 동작,실행·호출 순서 미검증
EV84,1897:1742,1897,1742,관련 네트워크의 공유·연관 동작,실행·호출 순서 미검증
EV84,1897:1749,1897,1749,관련 네트워크의 공유·연관 동작,실행·호출 순서 미검증
EV84,1897:1756,1897,1756,관련 심볼 이름과 대상 일치,실행·호출 순서 미검증
EV84,1897:1763,1897,1763,관련 네트워크의 공유·연관 동작,실행·호출 순서 미검증
EV84,1897:1770,1897,1770,관련 네트워크의 공유·연관 동작,실행·호출 순서 미검증
EV85,1897:1707,1897,1707,관련 네트워크의 공유·연관 동작,실행·호출 순서 미검증
EV85,1897:1714,1897,1714,관련 네트워크의 공유·연관 동작,실행·호출 순서 미검증
EV85,1897:1721,1897,1721,관련 네트워크의 공유·연관 동작,실행·호출 순서 미검증
EV85,1897:1728,1897,1728,관련 네트워크의 공유·연관 동작,실행·호출 순서 미검증
EV85,1897:1735,1897,1735,관련 네트워크의 공유·연관 동작,실행·호출 순서 미검증
EV85,1897:1742,1897,1742,관련 네트워크의 공유·연관 동작,실행·호출 순서 미검증
EV85,1897:1749,1897,1749,관련 네트워크의 공유·연관 동작,실행·호출 순서 미검증
EV85,1897:1756,1897,1756,관련 네트워크의 공유·연관 동작,실행·호출 순서 미검증
EV85,1897:1763,1897,1763,관련 네트워크의 공유·연관 동작,실행·호출 순서 미검증
EV85,1897:1770,1897,1770,관련 심볼 이름과 대상 일치,실행·호출 순서 미검증
EV86,1898:1843,1898,1843,관련 네트워크의 공유·연관 동작,실행·호출 순서 미검증
EV86,1898:1850,1898,1850,관련 심볼 이름과 대상 일치,실행·호출 순서 미검증
EV86,1898:1857,1898,1857,관련 네트워크의 공유·연관 동작,실행·호출 순서 미검증
EV86,1898:1864,1898,1864,관련 네트워크의 공유·연관 동작,실행·호출 순서 미검증
EV86,1898:1871,1898,1871,관련 네트워크의 공유·연관 동작,실행·호출 순서 미검증
EV86,1898:1878,1898,1878,관련 네트워크의 공유·연관 동작,실행·호출 순서 미검증
EV86,1898:1885,1898,1885,관련 네트워크의 공유·연관 동작,실행·호출 순서 미검증
EV86,1898:1892,1898,1892,관련 네트워크의 공유·연관 동작,실행·호출 순서 미검증
EV86,1898:1899,1898,1899,관련 네트워크의 공유·연관 동작,실행·호출 순서 미검증
EV86,1898:1906,1898,1906,관련 네트워크의 공유·연관 동작,실행·호출 순서 미검증
EV87,1898:1843,1898,1843,관련 네트워크의 공유·연관 동작,실행·호출 순서 미검증
EV87,1898:1850,1898,1850,관련 네트워크의 공유·연관 동작,실행·호출 순서 미검증
EV87,1898:1857,1898,1857,관련 네트워크의 공유·연관 동작,실행·호출 순서 미검증
EV87,1898:1864,1898,1864,관련 심볼 이름과 대상 일치,실행·호출 순서 미검증
EV87,1898:1871,1898,1871,관련 네트워크의 공유·연관 동작,실행·호출 순서 미검증
EV87,1898:1878,1898,1878,관련 네트워크의 공유·연관 동작,실행·호출 순서 미검증
EV87,1898:1885,1898,1885,관련 네트워크의 공유·연관 동작,실행·호출 순서 미검증
EV87,1898:1892,1898,1892,관련 네트워크의 공유·연관 동작,실행·호출 순서 미검증
EV87,1898:1899,1898,1899,관련 네트워크의 공유·연관 동작,실행·호출 순서 미검증
EV87,1898:1906,1898,1906,관련 네트워크의 공유·연관 동작,실행·호출 순서 미검증
EV88,1898:1843,1898,1843,관련 네트워크의 공유·연관 동작,실행·호출 순서 미검증
EV88,1898:1850,1898,1850,관련 네트워크의 공유·연관 동작,실행·호출 순서 미검증
EV88,1898:1857,1898,1857,관련 네트워크의 공유·연관 동작,실행·호출 순서 미검증
EV88,1898:1864,1898,1864,관련 네트워크의 공유·연관 동작,실행·호출 순서 미검증
EV88,1898:1871,1898,1871,관련 네트워크의 공유·연관 동작,실행·호출 순서 미검증
EV88,1898:1878,1898,1878,관련 심볼 이름과 대상 일치,실행·호출 순서 미검증
EV88,1898:1885,1898,1885,관련 네트워크의 공유·연관 동작,실행·호출 순서 미검증
EV88,1898:1892,1898,1892,관련 네트워크의 공유·연관 동작,실행·호출 순서 미검증
EV88,1898:1899,1898,1899,관련 네트워크의 공유·연관 동작,실행·호출 순서 미검증
EV88,1898:1906,1898,1906,관련 네트워크의 공유·연관 동작,실행·호출 순서 미검증
EV89,1898:1843,1898,1843,관련 네트워크의 공유·연관 동작,실행·호출 순서 미검증
EV89,1898:1850,1898,1850,관련 네트워크의 공유·연관 동작,실행·호출 순서 미검증
EV89,1898:1857,1898,1857,관련 네트워크의 공유·연관 동작,실행·호출 순서 미검증
EV89,1898:1864,1898,1864,관련 네트워크의 공유·연관 동작,실행·호출 순서 미검증
EV89,1898:1871,1898,1871,관련 네트워크의 공유·연관 동작,실행·호출 순서 미검증
EV89,1898:1878,1898,1878,관련 네트워크의 공유·연관 동작,실행·호출 순서 미검증
EV89,1898:1885,1898,1885,관련 네트워크의 공유·연관 동작,실행·호출 순서 미검증
EV89,1898:1892,1898,1892,관련 심볼 이름과 대상 일치,실행·호출 순서 미검증
EV89,1898:1899,1898,1899,관련 네트워크의 공유·연관 동작,실행·호출 순서 미검증
EV89,1898:1906,1898,1906,관련 네트워크의 공유·연관 동작,실행·호출 순서 미검증
EV90,1898:1843,1898,1843,관련 네트워크의 공유·연관 동작,실행·호출 순서 미검증
EV90,1898:1850,1898,1850,관련 네트워크의 공유·연관 동작,실행·호출 순서 미검증
EV90,1898:1857,1898,1857,관련 네트워크의 공유·연관 동작,실행·호출 순서 미검증
EV90,1898:1864,1898,1864,관련 네트워크의 공유·연관 동작,실행·호출 순서 미검증
EV90,1898:1871,1898,1871,관련 네트워크의 공유·연관 동작,실행·호출 순서 미검증
EV90,1898:1878,1898,1878,관련 네트워크의 공유·연관 동작,실행·호출 순서 미검증
EV90,1898:1885,1898,1885,관련 네트워크의 공유·연관 동작,실행·호출 순서 미검증
EV90,1898:1892,1898,1892,관련 네트워크의 공유·연관 동작,실행·호출 순서 미검증
EV90,1898:1899,1898,1899,관련 네트워크의 공유·연관 동작,실행·호출 순서 미검증
EV90,1898:1906,1898,1906,관련 심볼 이름과 대상 일치,실행·호출 순서 미검증
LS02,1090:27,1090,27,관련 네트워크의 공유·연관 동작,실행·호출 순서 미검증
LS02,1090:36,1090,36,관련 네트워크의 공유·연관 동작,실행·호출 순서 미검증
LS02,1090:39,1090,39,관련 네트워크의 공유·연관 동작,실행·호출 순서 미검증
LS02,1090:41,1090,41,관련 네트워크의 공유·연관 동작,실행·호출 순서 미검증
LS02,1921:26,1921,26,관련 네트워크의 공유·연관 동작,실행·호출 순서 미검증
LS02,1921:28,1921,28,관련 네트워크의 공유·연관 동작,실행·호출 순서 미검증
LS02,1921:33,1921,33,관련 네트워크의 공유·연관 동작,실행·호출 순서 미검증
LS02,1921:35,1921,35,관련 네트워크의 공유·연관 동작,실행·호출 순서 미검증
LS06,1090:27,1090,27,관련 네트워크의 공유·연관 동작,실행·호출 순서 미검증
LS06,1090:36,1090,36,관련 네트워크의 공유·연관 동작,실행·호출 순서 미검증
LS06,1090:39,1090,39,관련 네트워크의 공유·연관 동작,실행·호출 순서 미검증
LS06,1090:41,1090,41,관련 네트워크의 공유·연관 동작,실행·호출 순서 미검증
LS06,1922:28,1922,28,관련 네트워크의 공유·연관 동작,실행·호출 순서 미검증
LS06,1922:30,1922,30,관련 네트워크의 공유·연관 동작,실행·호출 순서 미검증
LS06,1922:35,1922,35,관련 네트워크의 공유·연관 동작,실행·호출 순서 미검증
LS06,1922:37,1922,37,관련 네트워크의 공유·연관 동작,실행·호출 순서 미검증
SYS-POWER,1823:27,1823,27,관련 네트워크의 공유·연관 동작,실행·호출 순서 미검증
SYS-POWER,1823:37,1823,37,관련 네트워크의 공유·연관 동작,실행·호출 순서 미검증
SYS-SAFETY,402:138,402,138,관련 네트워크의 공유·연관 동작,실행·호출 순서 미검증
SYS-SAFETY,402:141,402,141,관련 네트워크의 공유·연관 동작,실행·호출 순서 미검증
SYS-SAFETY,402:144,402,144,관련 네트워크의 공유·연관 동작,실행·호출 순서 미검증
SYS-SAFETY,402:147,402,147,관련 네트워크의 공유·연관 동작,실행·호출 순서 미검증
SYS-SAFETY,402:155,402,155,관련 네트워크의 공유·연관 동작,실행·호출 순서 미검증
SYS-SAFETY,402:158,402,158,관련 네트워크의 공유·연관 동작,실행·호출 순서 미검증
SYS-SAFETY,402:161,402,161,관련 네트워크의 공유·연관 동작,실행·호출 순서 미검증
SYS-SAFETY,402:164,402,164,관련 네트워크의 공유·연관 동작,실행·호출 순서 미검증
SYS-SAFETY,403:250,403,250,관련 네트워크의 공유·연관 동작,실행·호출 순서 미검증
SYS-SAFETY,403:253,403,253,관련 네트워크의 공유·연관 동작,실행·호출 순서 미검증
SYS-SAFETY,403:256,403,256,관련 네트워크의 공유·연관 동작,실행·호출 순서 미검증
SYS-SAFETY,403:259,403,259,관련 네트워크의 공유·연관 동작,실행·호출 순서 미검증
SYS-SAFETY,403:267,403,267,관련 네트워크의 공유·연관 동작,실행·호출 순서 미검증
SYS-SAFETY,403:270,403,270,관련 네트워크의 공유·연관 동작,실행·호출 순서 미검증
SYS-SAFETY,403:273,403,273,관련 네트워크의 공유·연관 동작,실행·호출 순서 미검증
SYS-SAFETY,403:276,403,276,관련 네트워크의 공유·연관 동작,실행·호출 순서 미검증
SYS-SAFETY,403:281,403,281,관련 네트워크의 공유·연관 동작,실행·호출 순서 미검증
SYS-SAFETY,404:293,404,293,관련 네트워크의 공유·연관 동작,실행·호출 순서 미검증
SYS-SAFETY,404:297,404,297,관련 네트워크의 공유·연관 동작,실행·호출 순서 미검증
SYS-SAFETY,404:300,404,300,관련 네트워크의 공유·연관 동작,실행·호출 순서 미검증
SYS-SAFETY,404:304,404,304,관련 네트워크의 공유·연관 동작,실행·호출 순서 미검증
SYS-SAFETY,404:307,404,307,관련 네트워크의 공유·연관 동작,실행·호출 순서 미검증
SYS-SAFETY,404:310,404,310,관련 네트워크의 공유·연관 동작,실행·호출 순서 미검증
SYS-SAFETY,404:313,404,313,관련 네트워크의 공유·연관 동작,실행·호출 순서 미검증
SYS-SAFETY,405:303,405,303,관련 네트워크의 공유·연관 동작,실행·호출 순서 미검증
SYS-SAFETY,405:305,405,305,관련 네트워크의 공유·연관 동작,실행·호출 순서 미검증
SYS-SAFETY,405:307,405,307,관련 네트워크의 공유·연관 동작,실행·호출 순서 미검증
SYS-SAFETY,405:309,405,309,관련 네트워크의 공유·연관 동작,실행·호출 순서 미검증
SYS-SAFETY,405:311,405,311,관련 네트워크의 공유·연관 동작,실행·호출 순서 미검증
SYS-SAFETY,1070:22,1070,22,관련 네트워크의 공유·연관 동작,실행·호출 순서 미검증
SYS-SAFETY,1070:27,1070,27,관련 네트워크의 공유·연관 동작,실행·호출 순서 미검증
SYS-SAFETY,1070:35,1070,35,관련 네트워크의 공유·연관 동작,실행·호출 순서 미검증
SYS-SAFETY,1070:42,1070,42,관련 네트워크의 공유·연관 동작,실행·호출 순서 미검증
SYS-SAFETY,1070:43,1070,43,관련 네트워크의 공유·연관 동작,실행·호출 순서 미검증
SYS-SAFETY,1070:44,1070,44,관련 네트워크의 공유·연관 동작,실행·호출 순서 미검증
SYS-SAFETY,1070:60,1070,60,관련 네트워크의 공유·연관 동작,실행·호출 순서 미검증
SYS-SAFETY,1070:61,1070,61,관련 네트워크의 공유·연관 동작,실행·호출 순서 미검증
SYS-SAFETY,1070:62,1070,62,관련 네트워크의 공유·연관 동작,실행·호출 순서 미검증
SYS-SAFETY,1070:78,1070,78,관련 네트워크의 공유·연관 동작,실행·호출 순서 미검증
SYS-SAFETY,1070:79,1070,79,관련 네트워크의 공유·연관 동작,실행·호출 순서 미검증
SYS-SAFETY,1070:105,1070,105,관련 네트워크의 공유·연관 동작,실행·호출 순서 미검증
SYS-SAFETY,1070:112,1070,112,관련 네트워크의 공유·연관 동작,실행·호출 순서 미검증
SYS-SAFETY,1070:118,1070,118,관련 네트워크의 공유·연관 동작,실행·호출 순서 미검증
SYS-SAFETY,1070:120,1070,120,관련 네트워크의 공유·연관 동작,실행·호출 순서 미검증
SYS-SAFETY,1070:125,1070,125,관련 네트워크의 공유·연관 동작,실행·호출 순서 미검증
SYS-SAFETY,1070:130,1070,130,관련 네트워크의 공유·연관 동작,실행·호출 순서 미검증
SYS-SAFETY,1070:135,1070,135,관련 네트워크의 공유·연관 동작,실행·호출 순서 미검증
SYS-SAFETY,1070:140,1070,140,관련 네트워크의 공유·연관 동작,실행·호출 순서 미검증
SYS-SAFETY,1070:147,1070,147,관련 네트워크의 공유·연관 동작,실행·호출 순서 미검증
SYS-SAFETY,1070:151,1070,151,관련 네트워크의 공유·연관 동작,실행·호출 순서 미검증
SYS-SAFETY,1080:27,1080,27,관련 네트워크의 공유·연관 동작,실행·호출 순서 미검증
SYS-SAFETY,1080:33,1080,33,관련 네트워크의 공유·연관 동작,실행·호출 순서 미검증
SYS-SAFETY,1080:36,1080,36,관련 네트워크의 공유·연관 동작,실행·호출 순서 미검증
SYS-SAFETY,1080:39,1080,39,관련 네트워크의 공유·연관 동작,실행·호출 순서 미검증
SYS-SAFETY,1080:42,1080,42,관련 네트워크의 공유·연관 동작,실행·호출 순서 미검증
SYS-SAFETY,1080:45,1080,45,관련 네트워크의 공유·연관 동작,실행·호출 순서 미검증
SYS-SAFETY,1614:69,1614,69,관련 네트워크의 공유·연관 동작,실행·호출 순서 미검증
SYS-SAFETY,1614:73,1614,73,관련 네트워크의 공유·연관 동작,실행·호출 순서 미검증
SYS-SAFETY,1614:76,1614,76,관련 네트워크의 공유·연관 동작,실행·호출 순서 미검증
SYS-SAFETY,1614:79,1614,79,관련 네트워크의 공유·연관 동작,실행·호출 순서 미검증
SYS-SAFETY,1615:99,1615,99,관련 네트워크의 공유·연관 동작,실행·호출 순서 미검증
SYS-SAFETY,1615:103,1615,103,관련 네트워크의 공유·연관 동작,실행·호출 순서 미검증
SYS-SAFETY,1615:106,1615,106,관련 네트워크의 공유·연관 동작,실행·호출 순서 미검증
SYS-SAFETY,1616:144,1616,144,관련 네트워크의 공유·연관 동작,실행·호출 순서 미검증
SYS-SAFETY,1616:148,1616,148,관련 네트워크의 공유·연관 동작,실행·호출 순서 미검증
SYS-SAFETY,1616:151,1616,151,관련 네트워크의 공유·연관 동작,실행·호출 순서 미검증
SYS-SAFETY,1616:154,1616,154,관련 네트워크의 공유·연관 동작,실행·호출 순서 미검증
SYS-SAFETY,1617:188,1617,188,관련 네트워크의 공유·연관 동작,실행·호출 순서 미검증
SYS-SAFETY,1617:192,1617,192,관련 네트워크의 공유·연관 동작,실행·호출 순서 미검증
SYS-SAFETY,1617:195,1617,195,관련 네트워크의 공유·연관 동작,실행·호출 순서 미검증
SYS-SAFETY,1617:198,1617,198,관련 네트워크의 공유·연관 동작,실행·호출 순서 미검증
SYS-SAFETY,1618:218,1618,218,관련 네트워크의 공유·연관 동작,실행·호출 순서 미검증
SYS-SAFETY,1618:222,1618,222,관련 네트워크의 공유·연관 동작,실행·호출 순서 미검증
SYS-SAFETY,1618:225,1618,225,관련 네트워크의 공유·연관 동작,실행·호출 순서 미검증
SYS-SAFETY,1624:400,1624,400,관련 네트워크의 공유·연관 동작,실행·호출 순서 미검증
SYS-SAFETY,1624:405,1624,405,관련 네트워크의 공유·연관 동작,실행·호출 순서 미검증
SYS-SAFETY,1626:441,1626,441,관련 네트워크의 공유·연관 동작,실행·호출 순서 미검증
SYS-SAFETY,1761:917,1761,917,관련 네트워크의 공유·연관 동작,실행·호출 순서 미검증
SYS-SAFETY,1761:922,1761,922,관련 네트워크의 공유·연관 동작,실행·호출 순서 미검증
SYS-SAFETY,1761:927,1761,927,관련 네트워크의 공유·연관 동작,실행·호출 순서 미검증
SYS-SAFETY,1761:932,1761,932,관련 네트워크의 공유·연관 동작,실행·호출 순서 미검증
SYS-SAFETY,1761:937,1761,937,관련 네트워크의 공유·연관 동작,실행·호출 순서 미검증
SYS-SAFETY,1762:1025,1762,1025,관련 네트워크의 공유·연관 동작,실행·호출 순서 미검증
SYS-SAFETY,1762:1038,1762,1038,관련 네트워크의 공유·연관 동작,실행·호출 순서 미검증
SYS-SAFETY,1762:1047,1762,1047,관련 네트워크의 공유·연관 동작,실행·호출 순서 미검증
SYS-SAFETY,1762:1052,1762,1052,관련 네트워크의 공유·연관 동작,실행·호출 순서 미검증
SYS-SAFETY,1763:23,1763,23,관련 네트워크의 공유·연관 동작,실행·호출 순서 미검증
SYS-SAFETY,1763:26,1763,26,관련 네트워크의 공유·연관 동작,실행·호출 순서 미검증
SYS-SAFETY,1763:28,1763,28,관련 네트워크의 공유·연관 동작,실행·호출 순서 미검증
SYS-SAFETY,1763:29,1763,29,관련 네트워크의 공유·연관 동작,실행·호출 순서 미검증
SYS-SAFETY,1764:1129,1764,1129,관련 네트워크의 공유·연관 동작,실행·호출 순서 미검증
SYS-SAFETY,1764:1142,1764,1142,관련 네트워크의 공유·연관 동작,실행·호출 순서 미검증
SYS-SAFETY,1764:1151,1764,1151,관련 네트워크의 공유·연관 동작,실행·호출 순서 미검증
SYS-SAFETY,1764:1156,1764,1156,관련 네트워크의 공유·연관 동작,실행·호출 순서 미검증
SYS-SAFETY,1765:1233,1765,1233,관련 네트워크의 공유·연관 동작,실행·호출 순서 미검증
SYS-SAFETY,1765:1246,1765,1246,관련 네트워크의 공유·연관 동작,실행·호출 순서 미검증
SYS-SAFETY,1765:1255,1765,1255,관련 네트워크의 공유·연관 동작,실행·호출 순서 미검증
SYS-SAFETY,1765:1260,1765,1260,관련 네트워크의 공유·연관 동작,실행·호출 순서 미검증
SYS-SAFETY,1766:1441,1766,1441,관련 네트워크의 공유·연관 동작,실행·호출 순서 미검증
SYS-SAFETY,1766:1454,1766,1454,관련 네트워크의 공유·연관 동작,실행·호출 순서 미검증
SYS-SAFETY,1766:1463,1766,1463,관련 네트워크의 공유·연관 동작,실행·호출 순서 미검증
SYS-SAFETY,1766:1468,1766,1468,관련 네트워크의 공유·연관 동작,실행·호출 순서 미검증
SYS-SAFETY,1824:31,1824,31,관련 네트워크의 공유·연관 동작,실행·호출 순서 미검증
SYS-SAFETY,1824:38,1824,38,관련 네트워크의 공유·연관 동작,실행·호출 순서 미검증
SYS-SAFETY,1843:410,1843,410,관련 네트워크의 공유·연관 동작,실행·호출 순서 미검증
SYS-SAFETY,1843:412,1843,412,관련 네트워크의 공유·연관 동작,실행·호출 순서 미검증
SYS-SAFETY,1843:420,1843,420,관련 네트워크의 공유·연관 동작,실행·호출 순서 미검증
SYS-SAFETY,1843:422,1843,422,관련 네트워크의 공유·연관 동작,실행·호출 순서 미검증
SYS-SAFETY,1843:424,1843,424,관련 네트워크의 공유·연관 동작,실행·호출 순서 미검증
SYS-SAFETY,1843:432,1843,432,관련 네트워크의 공유·연관 동작,실행·호출 순서 미검증
SYS-SAFETY,1843:434,1843,434,관련 네트워크의 공유·연관 동작,실행·호출 순서 미검증
SYS-SAFETY,1843:436,1843,436,관련 네트워크의 공유·연관 동작,실행·호출 순서 미검증
SYS-SAFETY,1843:443,1843,443,관련 네트워크의 공유·연관 동작,실행·호출 순서 미검증
SYS-SAFETY,1843:449,1843,449,관련 네트워크의 공유·연관 동작,실행·호출 순서 미검증
SYS-SAFETY,1843:456,1843,456,관련 네트워크의 공유·연관 동작,실행·호출 순서 미검증
SYS-SAFETY,1843:458,1843,458,관련 네트워크의 공유·연관 동작,실행·호출 순서 미검증
SYS-SAFETY,1843:460,1843,460,관련 네트워크의 공유·연관 동작,실행·호출 순서 미검증
SYS-SAFETY,1843:462,1843,462,관련 네트워크의 공유·연관 동작,실행·호출 순서 미검증
SYS-SAFETY,1843:469,1843,469,관련 네트워크의 공유·연관 동작,실행·호출 순서 미검증
SYS-SAFETY,1843:478,1843,478,관련 네트워크의 공유·연관 동작,실행·호출 순서 미검증
SYS-SAFETY,1843:481,1843,481,관련 네트워크의 공유·연관 동작,실행·호출 순서 미검증
SYS-SAFETY,1843:492,1843,492,관련 네트워크의 공유·연관 동작,실행·호출 순서 미검증
SYS-SAFETY,1843:102,1843,102,관련 네트워크의 공유·연관 동작,실행·호출 순서 미검증
SYS-SAFETY,1843:495,1843,495,관련 네트워크의 공유·연관 동작,실행·호출 순서 미검증
SYS-SAFETY,1843:500,1843,500,관련 네트워크의 공유·연관 동작,실행·호출 순서 미검증
SYS-SAFETY,1843:506,1843,506,관련 네트워크의 공유·연관 동작,실행·호출 순서 미검증
SYS-SAFETY,1843:34,1843,34,관련 네트워크의 공유·연관 동작,실행·호출 순서 미검증
SYS-SAFETY,1843:513,1843,513,관련 네트워크의 공유·연관 동작,실행·호출 순서 미검증
SYS-SAFETY,1843:515,1843,515,관련 네트워크의 공유·연관 동작,실행·호출 순서 미검증
SYS-SAFETY,1843:517,1843,517,관련 네트워크의 공유·연관 동작,실행·호출 순서 미검증
SYS-SAFETY,1843:527,1843,527,관련 네트워크의 공유·연관 동작,실행·호출 순서 미검증
SYS-SAFETY,1843:530,1843,530,관련 네트워크의 공유·연관 동작,실행·호출 순서 미검증
SYS-SAFETY,1843:539,1843,539,관련 네트워크의 공유·연관 동작,실행·호출 순서 미검증
SYS-SAFETY,1843:545,1843,545,관련 네트워크의 공유·연관 동작,실행·호출 순서 미검증
SYS-SAFETY,1843:552,1843,552,관련 네트워크의 공유·연관 동작,실행·호출 순서 미검증
SYS-SAFETY,1843:554,1843,554,관련 네트워크의 공유·연관 동작,실행·호출 순서 미검증
SYS-SAFETY,1843:568,1843,568,관련 네트워크의 공유·연관 동작,실행·호출 순서 미검증
SYS-SAFETY,1843:573,1843,573,관련 네트워크의 공유·연관 동작,실행·호출 순서 미검증
SYS-SAFETY,1843:578,1843,578,관련 네트워크의 공유·연관 동작,실행·호출 순서 미검증
SYS-SAFETY,1843:581,1843,581,관련 네트워크의 공유·연관 동작,실행·호출 순서 미검증
SYS-SAFETY,1843:587,1843,587,관련 네트워크의 공유·연관 동작,실행·호출 순서 미검증
SYS-SAFETY,1843:828,1843,828,관련 네트워크의 공유·연관 동작,실행·호출 순서 미검증
SYS-SAFETY,1843:837,1843,837,관련 네트워크의 공유·연관 동작,실행·호출 순서 미검증
SYS-SAFETY,1843:838,1843,838,관련 네트워크의 공유·연관 동작,실행·호출 순서 미검증
SYS-SAFETY,1844:747,1844,747,관련 네트워크의 공유·연관 동작,실행·호출 순서 미검증
SYS-SAFETY,1844:749,1844,749,관련 네트워크의 공유·연관 동작,실행·호출 순서 미검증
SYS-SAFETY,1844:757,1844,757,관련 네트워크의 공유·연관 동작,실행·호출 순서 미검증
SYS-SAFETY,1844:759,1844,759,관련 네트워크의 공유·연관 동작,실행·호출 순서 미검증
SYS-SAFETY,1844:761,1844,761,관련 네트워크의 공유·연관 동작,실행·호출 순서 미검증
SYS-SAFETY,1844:769,1844,769,관련 네트워크의 공유·연관 동작,실행·호출 순서 미검증
SYS-SAFETY,1844:771,1844,771,관련 네트워크의 공유·연관 동작,실행·호출 순서 미검증
SYS-SAFETY,1844:773,1844,773,관련 네트워크의 공유·연관 동작,실행·호출 순서 미검증
SYS-SAFETY,1844:780,1844,780,관련 네트워크의 공유·연관 동작,실행·호출 순서 미검증
SYS-SAFETY,1844:786,1844,786,관련 네트워크의 공유·연관 동작,실행·호출 순서 미검증
SYS-SAFETY,1844:793,1844,793,관련 네트워크의 공유·연관 동작,실행·호출 순서 미검증
SYS-SAFETY,1844:799,1844,799,관련 네트워크의 공유·연관 동작,실행·호출 순서 미검증
SYS-SAFETY,1844:805,1844,805,관련 네트워크의 공유·연관 동작,실행·호출 순서 미검증
SYS-SAFETY,1844:811,1844,811,관련 네트워크의 공유·연관 동작,실행·호출 순서 미검증
SYS-SAFETY,1844:817,1844,817,관련 네트워크의 공유·연관 동작,실행·호출 순서 미검증
SYS-SAFETY,1844:826,1844,826,관련 네트워크의 공유·연관 동작,실행·호출 순서 미검증
SYS-SAFETY,1844:829,1844,829,관련 네트워크의 공유·연관 동작,실행·호출 순서 미검증
SYS-SAFETY,1844:1158,1844,1158,관련 네트워크의 공유·연관 동작,실행·호출 순서 미검증
SYS-SAFETY,1844:1162,1844,1162,관련 네트워크의 공유·연관 동작,실행·호출 순서 미검증
SYS-SAFETY,1844:850,1844,850,관련 네트워크의 공유·연관 동작,실행·호출 순서 미검증
SYS-SAFETY,1844:852,1844,852,관련 네트워크의 공유·연관 동작,실행·호출 순서 미검증
SYS-SAFETY,1844:854,1844,854,관련 네트워크의 공유·연관 동작,실행·호출 순서 미검증
SYS-SAFETY,1844:864,1844,864,관련 네트워크의 공유·연관 동작,실행·호출 순서 미검증
SYS-SAFETY,1844:867,1844,867,관련 네트워크의 공유·연관 동작,실행·호출 순서 미검증
SYS-SAFETY,1844:878,1844,878,관련 네트워크의 공유·연관 동작,실행·호출 순서 미검증
SYS-SAFETY,1844:881,1844,881,관련 네트워크의 공유·연관 동작,실행·호출 순서 미검증
SYS-SAFETY,1844:889,1844,889,관련 네트워크의 공유·연관 동작,실행·호출 순서 미검증
SYS-SAFETY,1844:896,1844,896,관련 네트워크의 공유·연관 동작,실행·호출 순서 미검증
SYS-SAFETY,1844:898,1844,898,관련 네트워크의 공유·연관 동작,실행·호출 순서 미검증
SYS-SAFETY,1844:912,1844,912,관련 네트워크의 공유·연관 동작,실행·호출 순서 미검증
SYS-SAFETY,1844:917,1844,917,관련 네트워크의 공유·연관 동작,실행·호출 순서 미검증
SYS-SAFETY,1844:922,1844,922,관련 네트워크의 공유·연관 동작,실행·호출 순서 미검증
SYS-SAFETY,1844:925,1844,925,관련 네트워크의 공유·연관 동작,실행·호출 순서 미검증
SYS-SAFETY,1844:931,1844,931,관련 네트워크의 공유·연관 동작,실행·호출 순서 미검증
SYS-SAFETY,1845:60,1845,60,관련 네트워크의 공유·연관 동작,실행·호출 순서 미검증
SYS-SAFETY,1845:65,1845,65,관련 네트워크의 공유·연관 동작,실행·호출 순서 미검증
SYS-SAFETY,1845:70,1845,70,관련 네트워크의 공유·연관 동작,실행·호출 순서 미검증
SYS-SAFETY,1845:74,1845,74,관련 네트워크의 공유·연관 동작,실행·호출 순서 미검증
SYS-SAFETY,1845:78,1845,78,관련 네트워크의 공유·연관 동작,실행·호출 순서 미검증
SYS-SAFETY,1846:22,1846,22,관련 네트워크의 공유·연관 동작,실행·호출 순서 미검증
SYS-SAFETY,1846:23,1846,23,관련 네트워크의 공유·연관 동작,실행·호출 순서 미검증
SYS-SAFETY,1846:24,1846,24,관련 네트워크의 공유·연관 동작,실행·호출 순서 미검증
SYS-SAFETY,1847:891,1847,891,관련 네트워크의 공유·연관 동작,실행·호출 순서 미검증
SYS-SAFETY,1847:893,1847,893,관련 네트워크의 공유·연관 동작,실행·호출 순서 미검증
SYS-SAFETY,1847:897,1847,897,관련 네트워크의 공유·연관 동작,실행·호출 순서 미검증
SYS-SAFETY,1847:905,1847,905,관련 네트워크의 공유·연관 동작,실행·호출 순서 미검증
SYS-SAFETY,1847:907,1847,907,관련 네트워크의 공유·연관 동작,실행·호출 순서 미검증
SYS-SAFETY,1847:909,1847,909,관련 네트워크의 공유·연관 동작,실행·호출 순서 미검증
SYS-SAFETY,1847:917,1847,917,관련 네트워크의 공유·연관 동작,실행·호출 순서 미검증
SYS-SAFETY,1847:919,1847,919,관련 네트워크의 공유·연관 동작,실행·호출 순서 미검증
SYS-SAFETY,1847:927,1847,927,관련 네트워크의 공유·연관 동작,실행·호출 순서 미검증
SYS-SAFETY,1847:929,1847,929,관련 네트워크의 공유·연관 동작,실행·호출 순서 미검증
SYS-SAFETY,1847:931,1847,931,관련 네트워크의 공유·연관 동작,실행·호출 순서 미검증
SYS-SAFETY,1847:939,1847,939,관련 네트워크의 공유·연관 동작,실행·호출 순서 미검증
SYS-SAFETY,1847:941,1847,941,관련 네트워크의 공유·연관 동작,실행·호출 순서 미검증
SYS-SAFETY,1847:948,1847,948,관련 네트워크의 공유·연관 동작,실행·호출 순서 미검증
SYS-SAFETY,1847:954,1847,954,관련 네트워크의 공유·연관 동작,실행·호출 순서 미검증
SYS-SAFETY,1847:961,1847,961,관련 네트워크의 공유·연관 동작,실행·호출 순서 미검증
SYS-SAFETY,1847:963,1847,963,관련 네트워크의 공유·연관 동작,실행·호출 순서 미검증
SYS-SAFETY,1847:965,1847,965,관련 네트워크의 공유·연관 동작,실행·호출 순서 미검증
SYS-SAFETY,1847:973,1847,973,관련 네트워크의 공유·연관 동작,실행·호출 순서 미검증
SYS-SAFETY,1847:975,1847,975,관련 네트워크의 공유·연관 동작,실행·호출 순서 미검증
SYS-SAFETY,1847:982,1847,982,관련 네트워크의 공유·연관 동작,실행·호출 순서 미검증
SYS-SAFETY,1856:150,1856,150,관련 심볼 이름과 대상 일치,실행·호출 순서 미검증
SYS-SAFETY,1903:2004,1903,2004,관련 네트워크의 공유·연관 동작,실행·호출 순서 미검증
SYS-SAFETY,1903:2012,1903,2012,관련 네트워크의 공유·연관 동작,실행·호출 순서 미검증
SYS-SAFETY,1971:1125,1971,1125,관련 네트워크의 공유·연관 동작,실행·호출 순서 미검증
SYS-SAFETY,1971:1129,1971,1129,관련 네트워크의 공유·연관 동작,실행·호출 순서 미검증
SYS-PLC-IO,356:22,356,22,관련 네트워크의 공유·연관 동작,실행·호출 순서 미검증
SYS-PLC-IO,356:23,356,23,관련 네트워크의 공유·연관 동작,실행·호출 순서 미검증
SYS-PLC-IO,356:24,356,24,관련 네트워크의 공유·연관 동작,실행·호출 순서 미검증
SYS-PLC-IO,356:25,356,25,관련 네트워크의 공유·연관 동작,실행·호출 순서 미검증
SYS-PLC-IO,356:26,356,26,관련 네트워크의 공유·연관 동작,실행·호출 순서 미검증
SYS-PLC-IO,356:27,356,27,관련 네트워크의 공유·연관 동작,실행·호출 순서 미검증
SYS-PLC-IO,356:28,356,28,관련 네트워크의 공유·연관 동작,실행·호출 순서 미검증
SYS-PLC-IO,356:29,356,29,관련 네트워크의 공유·연관 동작,실행·호출 순서 미검증
SYS-PLC-IO,356:30,356,30,관련 네트워크의 공유·연관 동작,실행·호출 순서 미검증
SYS-PLC-IO,356:31,356,31,관련 네트워크의 공유·연관 동작,실행·호출 순서 미검증
SYS-PLC-IO,356:32,356,32,관련 네트워크의 공유·연관 동작,실행·호출 순서 미검증
SYS-PLC-IO,356:85,356,85,관련 네트워크의 공유·연관 동작,실행·호출 순서 미검증
SYS-PLC-IO,434:28,434,28,관련 네트워크의 공유·연관 동작,실행·호출 순서 미검증
SYS-PLC-IO,439:28,439,28,관련 네트워크의 공유·연관 동작,실행·호출 순서 미검증
SYS-PLC-IO,444:28,444,28,관련 네트워크의 공유·연관 동작,실행·호출 순서 미검증
SYS-PLC-IO,765:28,765,28,관련 네트워크의 공유·연관 동작,실행·호출 순서 미검증
SYS-PLC-IO,1070:22,1070,22,관련 네트워크의 공유·연관 동작,실행·호출 순서 미검증
SYS-PLC-IO,1070:27,1070,27,관련 네트워크의 공유·연관 동작,실행·호출 순서 미검증
SYS-PLC-IO,1070:35,1070,35,관련 네트워크의 공유·연관 동작,실행·호출 순서 미검증
SYS-PLC-IO,1070:42,1070,42,관련 네트워크의 공유·연관 동작,실행·호출 순서 미검증
SYS-PLC-IO,1070:43,1070,43,관련 네트워크의 공유·연관 동작,실행·호출 순서 미검증
SYS-PLC-IO,1070:44,1070,44,관련 네트워크의 공유·연관 동작,실행·호출 순서 미검증
SYS-PLC-IO,1070:60,1070,60,관련 네트워크의 공유·연관 동작,실행·호출 순서 미검증
SYS-PLC-IO,1070:61,1070,61,관련 네트워크의 공유·연관 동작,실행·호출 순서 미검증
SYS-PLC-IO,1070:62,1070,62,관련 네트워크의 공유·연관 동작,실행·호출 순서 미검증
SYS-PLC-IO,1070:78,1070,78,관련 네트워크의 공유·연관 동작,실행·호출 순서 미검증
SYS-PLC-IO,1070:79,1070,79,관련 네트워크의 공유·연관 동작,실행·호출 순서 미검증
SYS-PLC-IO,1070:105,1070,105,관련 네트워크의 공유·연관 동작,실행·호출 순서 미검증
SYS-PLC-IO,1070:112,1070,112,관련 네트워크의 공유·연관 동작,실행·호출 순서 미검증
SYS-PLC-IO,1070:118,1070,118,관련 네트워크의 공유·연관 동작,실행·호출 순서 미검증
SYS-PLC-IO,1070:120,1070,120,관련 네트워크의 공유·연관 동작,실행·호출 순서 미검증
SYS-PLC-IO,1070:125,1070,125,관련 네트워크의 공유·연관 동작,실행·호출 순서 미검증
SYS-PLC-IO,1070:130,1070,130,관련 네트워크의 공유·연관 동작,실행·호출 순서 미검증
SYS-PLC-IO,1070:135,1070,135,관련 네트워크의 공유·연관 동작,실행·호출 순서 미검증
SYS-PLC-IO,1070:140,1070,140,관련 네트워크의 공유·연관 동작,실행·호출 순서 미검증
SYS-PLC-IO,1070:147,1070,147,관련 네트워크의 공유·연관 동작,실행·호출 순서 미검증
SYS-PLC-IO,1070:151,1070,151,관련 네트워크의 공유·연관 동작,실행·호출 순서 미검증
SYS-PLC-IO,1071:22,1071,22,관련 네트워크의 공유·연관 동작,실행·호출 순서 미검증
SYS-PLC-IO,1071:27,1071,27,관련 네트워크의 공유·연관 동작,실행·호출 순서 미검증
SYS-PLC-IO,1071:34,1071,34,관련 네트워크의 공유·연관 동작,실행·호출 순서 미검증
SYS-PLC-IO,1071:41,1071,41,관련 네트워크의 공유·연관 동작,실행·호출 순서 미검증
SYS-PLC-IO,1071:48,1071,48,관련 네트워크의 공유·연관 동작,실행·호출 순서 미검증
SYS-PLC-IO,1071:49,1071,49,관련 네트워크의 공유·연관 동작,실행·호출 순서 미검증
SYS-PLC-IO,1071:50,1071,50,관련 네트워크의 공유·연관 동작,실행·호출 순서 미검증
SYS-PLC-IO,1071:51,1071,51,관련 네트워크의 공유·연관 동작,실행·호출 순서 미검증
SYS-PLC-IO,1071:72,1071,72,관련 네트워크의 공유·연관 동작,실행·호출 순서 미검증
SYS-PLC-IO,1071:73,1071,73,관련 네트워크의 공유·연관 동작,실행·호출 순서 미검증
SYS-PLC-IO,1071:74,1071,74,관련 네트워크의 공유·연관 동작,실행·호출 순서 미검증
SYS-PLC-IO,1071:75,1071,75,관련 네트워크의 공유·연관 동작,실행·호출 순서 미검증
SYS-PLC-IO,1071:96,1071,96,관련 네트워크의 공유·연관 동작,실행·호출 순서 미검증
SYS-PLC-IO,1071:97,1071,97,관련 네트워크의 공유·연관 동작,실행·호출 순서 미검증
SYS-PLC-IO,1071:98,1071,98,관련 네트워크의 공유·연관 동작,실행·호출 순서 미검증
SYS-PLC-IO,1071:99,1071,99,관련 네트워크의 공유·연관 동작,실행·호출 순서 미검증
SYS-PLC-IO,1071:122,1071,122,관련 네트워크의 공유·연관 동작,실행·호출 순서 미검증
SYS-PLC-IO,1071:123,1071,123,관련 네트워크의 공유·연관 동작,실행·호출 순서 미검증
SYS-PLC-IO,1071:144,1071,144,관련 네트워크의 공유·연관 동작,실행·호출 순서 미검증
SYS-PLC-IO,1071:145,1071,145,관련 네트워크의 공유·연관 동작,실행·호출 순서 미검증
SYS-PLC-IO,1071:146,1071,146,관련 네트워크의 공유·연관 동작,실행·호출 순서 미검증
SYS-PLC-IO,1071:147,1071,147,관련 네트워크의 공유·연관 동작,실행·호출 순서 미검증
SYS-PLC-IO,1071:168,1071,168,관련 네트워크의 공유·연관 동작,실행·호출 순서 미검증
SYS-PLC-IO,1071:169,1071,169,관련 네트워크의 공유·연관 동작,실행·호출 순서 미검증
SYS-PLC-IO,1071:170,1071,170,관련 네트워크의 공유·연관 동작,실행·호출 순서 미검증
SYS-PLC-IO,1071:171,1071,171,관련 네트워크의 공유·연관 동작,실행·호출 순서 미검증
SYS-PLC-IO,1071:84,1071,84,관련 네트워크의 공유·연관 동작,실행·호출 순서 미검증
SYS-PLC-IO,1071:194,1071,194,관련 네트워크의 공유·연관 동작,실행·호출 순서 미검증
SYS-PLC-IO,1614:69,1614,69,관련 네트워크의 공유·연관 동작,실행·호출 순서 미검증
SYS-PLC-IO,1614:73,1614,73,관련 네트워크의 공유·연관 동작,실행·호출 순서 미검증
SYS-PLC-IO,1614:76,1614,76,관련 네트워크의 공유·연관 동작,실행·호출 순서 미검증
SYS-PLC-IO,1614:79,1614,79,관련 네트워크의 공유·연관 동작,실행·호출 순서 미검증
SYS-PLC-IO,1615:99,1615,99,관련 네트워크의 공유·연관 동작,실행·호출 순서 미검증
SYS-PLC-IO,1615:103,1615,103,관련 네트워크의 공유·연관 동작,실행·호출 순서 미검증
SYS-PLC-IO,1615:106,1615,106,관련 네트워크의 공유·연관 동작,실행·호출 순서 미검증
SYS-PLC-IO,1616:144,1616,144,관련 네트워크의 공유·연관 동작,실행·호출 순서 미검증
SYS-PLC-IO,1616:148,1616,148,관련 네트워크의 공유·연관 동작,실행·호출 순서 미검증
SYS-PLC-IO,1616:151,1616,151,관련 네트워크의 공유·연관 동작,실행·호출 순서 미검증
SYS-PLC-IO,1616:154,1616,154,관련 네트워크의 공유·연관 동작,실행·호출 순서 미검증
SYS-PLC-IO,1617:188,1617,188,관련 네트워크의 공유·연관 동작,실행·호출 순서 미검증
SYS-PLC-IO,1617:192,1617,192,관련 네트워크의 공유·연관 동작,실행·호출 순서 미검증
SYS-PLC-IO,1617:195,1617,195,관련 네트워크의 공유·연관 동작,실행·호출 순서 미검증
SYS-PLC-IO,1617:198,1617,198,관련 네트워크의 공유·연관 동작,실행·호출 순서 미검증
SYS-PLC-IO,1618:218,1618,218,관련 네트워크의 공유·연관 동작,실행·호출 순서 미검증
SYS-PLC-IO,1618:222,1618,222,관련 네트워크의 공유·연관 동작,실행·호출 순서 미검증
SYS-PLC-IO,1618:225,1618,225,관련 네트워크의 공유·연관 동작,실행·호출 순서 미검증
SYS-PLC-IO,1624:400,1624,400,관련 네트워크의 공유·연관 동작,실행·호출 순서 미검증
SYS-PLC-IO,1624:405,1624,405,관련 네트워크의 공유·연관 동작,실행·호출 순서 미검증
SYS-PLC-IO,1626:441,1626,441,관련 네트워크의 공유·연관 동작,실행·호출 순서 미검증
SYS-PLC-IO,1658:185,1658,185,관련 네트워크의 공유·연관 동작,실행·호출 순서 미검증
SYS-PLC-IO,1658:193,1658,193,관련 네트워크의 공유·연관 동작,실행·호출 순서 미검증
SYS-PLC-IO,1658:23,1658,23,관련 네트워크의 공유·연관 동작,실행·호출 순서 미검증
SYS-PLC-IO,1659:162,1659,162,관련 네트워크의 공유·연관 동작,실행·호출 순서 미검증
SYS-PLC-IO,1679:68,1679,68,관련 네트워크의 공유·연관 동작,실행·호출 순서 미검증
SYS-PLC-IO,1679:76,1679,76,관련 네트워크의 공유·연관 동작,실행·호출 순서 미검증
SYS-PLC-IO,1679:107,1679,107,관련 네트워크의 공유·연관 동작,실행·호출 순서 미검증
SYS-PLC-IO,1679:169,1679,169,관련 네트워크의 공유·연관 동작,실행·호출 순서 미검증
SYS-PLC-IO,1680:121,1680,121,관련 네트워크의 공유·연관 동작,실행·호출 순서 미검증
SYS-PLC-IO,1680:129,1680,129,관련 네트워크의 공유·연관 동작,실행·호출 순서 미검증
SYS-PLC-IO,1681:210,1681,210,관련 네트워크의 공유·연관 동작,실행·호출 순서 미검증
SYS-PLC-IO,1681:215,1681,215,관련 네트워크의 공유·연관 동작,실행·호출 순서 미검증
SYS-PLC-IO,1681:350,1681,350,관련 네트워크의 공유·연관 동작,실행·호출 순서 미검증
SYS-PLC-IO,1681:240,1681,240,관련 네트워크의 공유·연관 동작,실행·호출 순서 미검증
SYS-PLC-IO,1681:323,1681,323,관련 네트워크의 공유·연관 동작,실행·호출 순서 미검증
SYS-PLC-IO,1682:266,1682,266,관련 네트워크의 공유·연관 동작,실행·호출 순서 미검증
SYS-PLC-IO,1682:274,1682,274,관련 네트워크의 공유·연관 동작,실행·호출 순서 미검증
SYS-PLC-IO,1683:355,1683,355,관련 네트워크의 공유·연관 동작,실행·호출 순서 미검증
SYS-PLC-IO,1683:360,1683,360,관련 네트워크의 공유·연관 동작,실행·호출 순서 미검증
SYS-PLC-IO,1683:365,1683,365,관련 네트워크의 공유·연관 동작,실행·호출 순서 미검증
SYS-PLC-IO,1683:385,1683,385,관련 네트워크의 공유·연관 동작,실행·호출 순서 미검증
SYS-PLC-IO,1684:409,1684,409,관련 네트워크의 공유·연관 동작,실행·호출 순서 미검증
SYS-PLC-IO,1684:417,1684,417,관련 네트워크의 공유·연관 동작,실행·호출 순서 미검증
SYS-PLC-IO,1685:460,1685,460,관련 네트워크의 공유·연관 동작,실행·호출 순서 미검증
SYS-PLC-IO,1685:468,1685,468,관련 네트워크의 공유·연관 동작,실행·호출 순서 미검증
SYS-PLC-IO,1686:523,1686,523,관련 네트워크의 공유·연관 동작,실행·호출 순서 미검증
SYS-PLC-IO,1686:531,1686,531,관련 네트워크의 공유·연관 동작,실행·호출 순서 미검증
SYS-PLC-IO,1686:543,1686,543,관련 네트워크의 공유·연관 동작,실행·호출 순서 미검증
SYS-PLC-IO,1687:576,1687,576,관련 네트워크의 공유·연관 동작,실행·호출 순서 미검증
SYS-PLC-IO,1687:584,1687,584,관련 네트워크의 공유·연관 동작,실행·호출 순서 미검증
SYS-PLC-IO,1687:22,1687,22,관련 네트워크의 공유·연관 동작,실행·호출 순서 미검증
SYS-PLC-IO,1688:627,1688,627,관련 네트워크의 공유·연관 동작,실행·호출 순서 미검증
SYS-PLC-IO,1688:635,1688,635,관련 네트워크의 공유·연관 동작,실행·호출 순서 미검증
SYS-PLC-IO,1689:831,1689,831,관련 네트워크의 공유·연관 동작,실행·호출 순서 미검증
SYS-PLC-IO,1689:839,1689,839,관련 네트워크의 공유·연관 동작,실행·호출 순서 미검증
SYS-PLC-IO,1690:862,1690,862,관련 네트워크의 공유·연관 동작,실행·호출 순서 미검증
SYS-PLC-IO,1690:867,1690,867,관련 네트워크의 공유·연관 동작,실행·호출 순서 미검증
SYS-PLC-IO,1691:899,1691,899,관련 네트워크의 공유·연관 동작,실행·호출 순서 미검증
SYS-PLC-IO,1691:909,1691,909,관련 네트워크의 공유·연관 동작,실행·호출 순서 미검증
SYS-PLC-IO,1692:36,1692,36,관련 네트워크의 공유·연관 동작,실행·호출 순서 미검증
SYS-PLC-IO,1692:38,1692,38,관련 네트워크의 공유·연관 동작,실행·호출 순서 미검증
SYS-PLC-IO,1693:24,1693,24,관련 네트워크의 공유·연관 동작,실행·호출 순서 미검증
SYS-PLC-IO,1693:26,1693,26,관련 네트워크의 공유·연관 동작,실행·호출 순서 미검증
SYS-PLC-IO,1735:209,1735,209,관련 네트워크의 공유·연관 동작,실행·호출 순서 미검증
SYS-PLC-IO,1736:284,1736,284,관련 네트워크의 공유·연관 동작,실행·호출 순서 미검증
SYS-PLC-IO,1754:669,1754,669,관련 네트워크의 공유·연관 동작,실행·호출 순서 미검증
SYS-PLC-IO,1761:917,1761,917,관련 네트워크의 공유·연관 동작,실행·호출 순서 미검증
SYS-PLC-IO,1761:922,1761,922,관련 네트워크의 공유·연관 동작,실행·호출 순서 미검증
SYS-PLC-IO,1761:927,1761,927,관련 네트워크의 공유·연관 동작,실행·호출 순서 미검증
SYS-PLC-IO,1761:932,1761,932,관련 네트워크의 공유·연관 동작,실행·호출 순서 미검증
SYS-PLC-IO,1761:937,1761,937,관련 네트워크의 공유·연관 동작,실행·호출 순서 미검증
SYS-PLC-IO,1762:1025,1762,1025,관련 네트워크의 공유·연관 동작,실행·호출 순서 미검증
SYS-PLC-IO,1762:1038,1762,1038,관련 네트워크의 공유·연관 동작,실행·호출 순서 미검증
SYS-PLC-IO,1762:1047,1762,1047,관련 네트워크의 공유·연관 동작,실행·호출 순서 미검증
SYS-PLC-IO,1762:1052,1762,1052,관련 네트워크의 공유·연관 동작,실행·호출 순서 미검증
SYS-PLC-IO,1763:23,1763,23,관련 네트워크의 공유·연관 동작,실행·호출 순서 미검증
SYS-PLC-IO,1763:26,1763,26,관련 네트워크의 공유·연관 동작,실행·호출 순서 미검증
SYS-PLC-IO,1763:28,1763,28,관련 네트워크의 공유·연관 동작,실행·호출 순서 미검증
SYS-PLC-IO,1763:29,1763,29,관련 네트워크의 공유·연관 동작,실행·호출 순서 미검증
SYS-PLC-IO,1764:1129,1764,1129,관련 네트워크의 공유·연관 동작,실행·호출 순서 미검증
SYS-PLC-IO,1764:1142,1764,1142,관련 네트워크의 공유·연관 동작,실행·호출 순서 미검증
SYS-PLC-IO,1764:1151,1764,1151,관련 네트워크의 공유·연관 동작,실행·호출 순서 미검증
SYS-PLC-IO,1764:1156,1764,1156,관련 네트워크의 공유·연관 동작,실행·호출 순서 미검증
SYS-PLC-IO,1765:1233,1765,1233,관련 네트워크의 공유·연관 동작,실행·호출 순서 미검증
SYS-PLC-IO,1765:1246,1765,1246,관련 네트워크의 공유·연관 동작,실행·호출 순서 미검증
SYS-PLC-IO,1765:1255,1765,1255,관련 네트워크의 공유·연관 동작,실행·호출 순서 미검증
SYS-PLC-IO,1765:1260,1765,1260,관련 네트워크의 공유·연관 동작,실행·호출 순서 미검증
SYS-PLC-IO,1766:1441,1766,1441,관련 네트워크의 공유·연관 동작,실행·호출 순서 미검증
SYS-PLC-IO,1766:1454,1766,1454,관련 네트워크의 공유·연관 동작,실행·호출 순서 미검증
SYS-PLC-IO,1766:1463,1766,1463,관련 네트워크의 공유·연관 동작,실행·호출 순서 미검증
SYS-PLC-IO,1766:1468,1766,1468,관련 네트워크의 공유·연관 동작,실행·호출 순서 미검증
SYS-HMI,356:22,356,22,관련 네트워크의 공유·연관 동작,실행·호출 순서 미검증
SYS-HMI,356:23,356,23,관련 네트워크의 공유·연관 동작,실행·호출 순서 미검증
SYS-HMI,356:24,356,24,관련 네트워크의 공유·연관 동작,실행·호출 순서 미검증
SYS-HMI,356:25,356,25,관련 네트워크의 공유·연관 동작,실행·호출 순서 미검증
SYS-HMI,356:26,356,26,관련 네트워크의 공유·연관 동작,실행·호출 순서 미검증
SYS-HMI,356:27,356,27,관련 네트워크의 공유·연관 동작,실행·호출 순서 미검증
SYS-HMI,356:28,356,28,관련 네트워크의 공유·연관 동작,실행·호출 순서 미검증
SYS-HMI,356:29,356,29,관련 네트워크의 공유·연관 동작,실행·호출 순서 미검증
SYS-HMI,356:30,356,30,관련 네트워크의 공유·연관 동작,실행·호출 순서 미검증
SYS-HMI,356:31,356,31,관련 네트워크의 공유·연관 동작,실행·호출 순서 미검증
SYS-HMI,356:32,356,32,관련 네트워크의 공유·연관 동작,실행·호출 순서 미검증
SYS-HMI,356:85,356,85,관련 네트워크의 공유·연관 동작,실행·호출 순서 미검증
SYS-HMI,1070:22,1070,22,관련 네트워크의 공유·연관 동작,실행·호출 순서 미검증
SYS-HMI,1070:27,1070,27,관련 네트워크의 공유·연관 동작,실행·호출 순서 미검증
SYS-HMI,1070:35,1070,35,관련 네트워크의 공유·연관 동작,실행·호출 순서 미검증
SYS-HMI,1070:42,1070,42,관련 네트워크의 공유·연관 동작,실행·호출 순서 미검증
SYS-HMI,1070:43,1070,43,관련 네트워크의 공유·연관 동작,실행·호출 순서 미검증
SYS-HMI,1070:44,1070,44,관련 네트워크의 공유·연관 동작,실행·호출 순서 미검증
SYS-HMI,1070:60,1070,60,관련 네트워크의 공유·연관 동작,실행·호출 순서 미검증
SYS-HMI,1070:61,1070,61,관련 네트워크의 공유·연관 동작,실행·호출 순서 미검증
SYS-HMI,1070:62,1070,62,관련 네트워크의 공유·연관 동작,실행·호출 순서 미검증
SYS-HMI,1070:78,1070,78,관련 네트워크의 공유·연관 동작,실행·호출 순서 미검증
SYS-HMI,1070:79,1070,79,관련 네트워크의 공유·연관 동작,실행·호출 순서 미검증
SYS-HMI,1070:105,1070,105,관련 네트워크의 공유·연관 동작,실행·호출 순서 미검증
SYS-HMI,1070:112,1070,112,관련 네트워크의 공유·연관 동작,실행·호출 순서 미검증
SYS-HMI,1070:118,1070,118,관련 네트워크의 공유·연관 동작,실행·호출 순서 미검증
SYS-HMI,1070:120,1070,120,관련 네트워크의 공유·연관 동작,실행·호출 순서 미검증
SYS-HMI,1070:125,1070,125,관련 네트워크의 공유·연관 동작,실행·호출 순서 미검증
SYS-HMI,1070:130,1070,130,관련 네트워크의 공유·연관 동작,실행·호출 순서 미검증
SYS-HMI,1070:135,1070,135,관련 네트워크의 공유·연관 동작,실행·호출 순서 미검증
SYS-HMI,1070:140,1070,140,관련 네트워크의 공유·연관 동작,실행·호출 순서 미검증
SYS-HMI,1070:147,1070,147,관련 네트워크의 공유·연관 동작,실행·호출 순서 미검증
SYS-HMI,1070:151,1070,151,관련 네트워크의 공유·연관 동작,실행·호출 순서 미검증
SYS-HMI,1071:22,1071,22,관련 네트워크의 공유·연관 동작,실행·호출 순서 미검증
SYS-HMI,1071:27,1071,27,관련 네트워크의 공유·연관 동작,실행·호출 순서 미검증
SYS-HMI,1071:34,1071,34,관련 네트워크의 공유·연관 동작,실행·호출 순서 미검증
SYS-HMI,1071:41,1071,41,관련 네트워크의 공유·연관 동작,실행·호출 순서 미검증
SYS-HMI,1071:48,1071,48,관련 네트워크의 공유·연관 동작,실행·호출 순서 미검증
SYS-HMI,1071:49,1071,49,관련 네트워크의 공유·연관 동작,실행·호출 순서 미검증
SYS-HMI,1071:50,1071,50,관련 네트워크의 공유·연관 동작,실행·호출 순서 미검증
SYS-HMI,1071:51,1071,51,관련 네트워크의 공유·연관 동작,실행·호출 순서 미검증
SYS-HMI,1071:72,1071,72,관련 네트워크의 공유·연관 동작,실행·호출 순서 미검증
SYS-HMI,1071:73,1071,73,관련 네트워크의 공유·연관 동작,실행·호출 순서 미검증
SYS-HMI,1071:74,1071,74,관련 네트워크의 공유·연관 동작,실행·호출 순서 미검증
SYS-HMI,1071:75,1071,75,관련 네트워크의 공유·연관 동작,실행·호출 순서 미검증
SYS-HMI,1071:96,1071,96,관련 네트워크의 공유·연관 동작,실행·호출 순서 미검증
SYS-HMI,1071:97,1071,97,관련 네트워크의 공유·연관 동작,실행·호출 순서 미검증
SYS-HMI,1071:98,1071,98,관련 네트워크의 공유·연관 동작,실행·호출 순서 미검증
SYS-HMI,1071:99,1071,99,관련 네트워크의 공유·연관 동작,실행·호출 순서 미검증
SYS-HMI,1071:122,1071,122,관련 네트워크의 공유·연관 동작,실행·호출 순서 미검증
SYS-HMI,1071:123,1071,123,관련 네트워크의 공유·연관 동작,실행·호출 순서 미검증
SYS-HMI,1071:144,1071,144,관련 네트워크의 공유·연관 동작,실행·호출 순서 미검증
SYS-HMI,1071:145,1071,145,관련 네트워크의 공유·연관 동작,실행·호출 순서 미검증
SYS-HMI,1071:146,1071,146,관련 네트워크의 공유·연관 동작,실행·호출 순서 미검증
SYS-HMI,1071:147,1071,147,관련 네트워크의 공유·연관 동작,실행·호출 순서 미검증
SYS-HMI,1071:168,1071,168,관련 네트워크의 공유·연관 동작,실행·호출 순서 미검증
SYS-HMI,1071:169,1071,169,관련 네트워크의 공유·연관 동작,실행·호출 순서 미검증
SYS-HMI,1071:170,1071,170,관련 네트워크의 공유·연관 동작,실행·호출 순서 미검증
SYS-HMI,1071:171,1071,171,관련 네트워크의 공유·연관 동작,실행·호출 순서 미검증
SYS-HMI,1071:84,1071,84,관련 네트워크의 공유·연관 동작,실행·호출 순서 미검증
SYS-HMI,1071:194,1071,194,관련 네트워크의 공유·연관 동작,실행·호출 순서 미검증
SYS-HMI,1186:64,1186,64,관련 네트워크의 공유·연관 동작,실행·호출 순서 미검증
SYS-HMI,1212:37,1212,37,관련 네트워크의 공유·연관 동작,실행·호출 순서 미검증
SYS-HMI,1212:41,1212,41,관련 네트워크의 공유·연관 동작,실행·호출 순서 미검증
SYS-HMI,1213:51,1213,51,관련 네트워크의 공유·연관 동작,실행·호출 순서 미검증
SYS-HMI,1213:55,1213,55,관련 네트워크의 공유·연관 동작,실행·호출 순서 미검증
SYS-HMI,1213:47,1213,47,관련 네트워크의 공유·연관 동작,실행·호출 순서 미검증
SYS-HMI,1214:23,1214,23,관련 네트워크의 공유·연관 동작,실행·호출 순서 미검증
SYS-HMI,1214:25,1214,25,관련 네트워크의 공유·연관 동작,실행·호출 순서 미검증
SYS-HMI,1214:31,1214,31,관련 네트워크의 공유·연관 동작,실행·호출 순서 미검증
SYS-HMI,1219:27,1219,27,관련 네트워크의 공유·연관 동작,실행·호출 순서 미검증
SYS-HMI,1219:34,1219,34,관련 네트워크의 공유·연관 동작,실행·호출 순서 미검증
SYS-HMI,1220:27,1220,27,관련 네트워크의 공유·연관 동작,실행·호출 순서 미검증
SYS-HMI,1220:30,1220,30,관련 네트워크의 공유·연관 동작,실행·호출 순서 미검증
SYS-HMI,1692:36,1692,36,관련 네트워크의 공유·연관 동작,실행·호출 순서 미검증
SYS-HMI,1692:38,1692,38,관련 네트워크의 공유·연관 동작,실행·호출 순서 미검증
SYS-HMI,1693:24,1693,24,관련 네트워크의 공유·연관 동작,실행·호출 순서 미검증
SYS-HMI,1693:26,1693,26,관련 네트워크의 공유·연관 동작,실행·호출 순서 미검증
SYS-HMI,1702:119,1702,119,관련 네트워크의 공유·연관 동작,실행·호출 순서 미검증
SYS-HMI,1702:126,1702,126,관련 네트워크의 공유·연관 동작,실행·호출 순서 미검증
SYS-HMI,1702:143,1702,143,관련 네트워크의 공유·연관 동작,실행·호출 순서 미검증
SYS-HMI,1702:156,1702,156,관련 네트워크의 공유·연관 동작,실행·호출 순서 미검증
SYS-HMI,1703:23,1703,23,관련 네트워크의 공유·연관 동작,실행·호출 순서 미검증
SYS-HMI,1703:25,1703,25,관련 네트워크의 공유·연관 동작,실행·호출 순서 미검증
SYS-HMI,1703:26,1703,26,관련 네트워크의 공유·연관 동작,실행·호출 순서 미검증
SYS-HMI,1706:362,1706,362,관련 네트워크의 공유·연관 동작,실행·호출 순서 미검증
SYS-HMI,1706:369,1706,369,관련 네트워크의 공유·연관 동작,실행·호출 순서 미검증
SYS-HMI,1706:46,1706,46,관련 네트워크의 공유·연관 동작,실행·호출 순서 미검증
SYS-HMI,1706:390,1706,390,관련 네트워크의 공유·연관 동작,실행·호출 순서 미검증
SYS-HMI,1706:407,1706,407,관련 네트워크의 공유·연관 동작,실행·호출 순서 미검증
SYS-HMI,1707:32,1707,32,관련 네트워크의 공유·연관 동작,실행·호출 순서 미검증
SYS-HMI,1707:44,1707,44,관련 네트워크의 공유·연관 동작,실행·호출 순서 미검증
SYS-HMI,1707:48,1707,48,관련 네트워크의 공유·연관 동작,실행·호출 순서 미검증
SYS-HMI,1845:60,1845,60,관련 네트워크의 공유·연관 동작,실행·호출 순서 미검증
SYS-HMI,1845:65,1845,65,관련 네트워크의 공유·연관 동작,실행·호출 순서 미검증
SYS-HMI,1845:70,1845,70,관련 네트워크의 공유·연관 동작,실행·호출 순서 미검증
SYS-HMI,1845:74,1845,74,관련 네트워크의 공유·연관 동작,실행·호출 순서 미검증
SYS-HMI,1845:78,1845,78,관련 네트워크의 공유·연관 동작,실행·호출 순서 미검증
SYS-HMI,1849:69,1849,69,관련 네트워크의 공유·연관 동작,실행·호출 순서 미검증
SYS-HMI,1849:80,1849,80,관련 네트워크의 공유·연관 동작,실행·호출 순서 미검증
SYS-HMI,1860:23,1860,23,관련 네트워크의 공유·연관 동작,실행·호출 순서 미검증
SYS-HMI,1860:29,1860,29,관련 네트워크의 공유·연관 동작,실행·호출 순서 미검증
SYS-HMI,1860:30,1860,30,관련 네트워크의 공유·연관 동작,실행·호출 순서 미검증
SYS-HMI,1860:113,1860,113,관련 네트워크의 공유·연관 동작,실행·호출 순서 미검증
SYS-HMI,1860:119,1860,119,관련 네트워크의 공유·연관 동작,실행·호출 순서 미검증
SYS-HMI,1860:90,1860,90,관련 네트워크의 공유·연관 동작,실행·호출 순서 미검증
SYS-HMI,1860:104,1860,104,관련 네트워크의 공유·연관 동작,실행·호출 순서 미검증
SYS-ALARM,410:46,410,46,관련 네트워크의 공유·연관 동작,실행·호출 순서 미검증
SYS-ALARM,410:51,410,51,관련 네트워크의 공유·연관 동작,실행·호출 순서 미검증
SYS-ALARM,411:64,411,64,관련 네트워크의 공유·연관 동작,실행·호출 순서 미검증
SYS-ALARM,411:69,411,69,관련 네트워크의 공유·연관 동작,실행·호출 순서 미검증
SYS-ALARM,412:82,412,82,관련 네트워크의 공유·연관 동작,실행·호출 순서 미검증
SYS-ALARM,412:87,412,87,관련 네트워크의 공유·연관 동작,실행·호출 순서 미검증
SYS-ALARM,413:100,413,100,관련 네트워크의 공유·연관 동작,실행·호출 순서 미검증
SYS-ALARM,413:105,413,105,관련 네트워크의 공유·연관 동작,실행·호출 순서 미검증
SYS-ALARM,414:118,414,118,관련 네트워크의 공유·연관 동작,실행·호출 순서 미검증
SYS-ALARM,414:123,414,123,관련 네트워크의 공유·연관 동작,실행·호출 순서 미검증
SYS-ALARM,415:136,415,136,관련 네트워크의 공유·연관 동작,실행·호출 순서 미검증
SYS-ALARM,415:141,415,141,관련 네트워크의 공유·연관 동작,실행·호출 순서 미검증
SYS-ALARM,416:154,416,154,관련 네트워크의 공유·연관 동작,실행·호출 순서 미검증
SYS-ALARM,416:159,416,159,관련 네트워크의 공유·연관 동작,실행·호출 순서 미검증
SYS-ALARM,417:172,417,172,관련 네트워크의 공유·연관 동작,실행·호출 순서 미검증
SYS-ALARM,417:177,417,177,관련 네트워크의 공유·연관 동작,실행·호출 순서 미검증
SYS-ALARM,418:190,418,190,관련 네트워크의 공유·연관 동작,실행·호출 순서 미검증
SYS-ALARM,418:195,418,195,관련 네트워크의 공유·연관 동작,실행·호출 순서 미검증
SYS-ALARM,419:208,419,208,관련 네트워크의 공유·연관 동작,실행·호출 순서 미검증
SYS-ALARM,419:213,419,213,관련 네트워크의 공유·연관 동작,실행·호출 순서 미검증
SYS-ALARM,420:262,420,262,관련 네트워크의 공유·연관 동작,실행·호출 순서 미검증
SYS-ALARM,420:267,420,267,관련 네트워크의 공유·연관 동작,실행·호출 순서 미검증
SYS-ALARM,421:280,421,280,관련 네트워크의 공유·연관 동작,실행·호출 순서 미검증
SYS-ALARM,421:285,421,285,관련 네트워크의 공유·연관 동작,실행·호출 순서 미검증
SYS-ALARM,422:298,422,298,관련 네트워크의 공유·연관 동작,실행·호출 순서 미검증
SYS-ALARM,422:303,422,303,관련 네트워크의 공유·연관 동작,실행·호출 순서 미검증
SYS-ALARM,423:316,423,316,관련 네트워크의 공유·연관 동작,실행·호출 순서 미검증
SYS-ALARM,423:321,423,321,관련 네트워크의 공유·연관 동작,실행·호출 순서 미검증
SYS-ALARM,424:334,424,334,관련 네트워크의 공유·연관 동작,실행·호출 순서 미검증
SYS-ALARM,424:339,424,339,관련 네트워크의 공유·연관 동작,실행·호출 순서 미검증
SYS-ALARM,425:352,425,352,관련 네트워크의 공유·연관 동작,실행·호출 순서 미검증
SYS-ALARM,425:357,425,357,관련 네트워크의 공유·연관 동작,실행·호출 순서 미검증
SYS-ALARM,426:370,426,370,관련 네트워크의 공유·연관 동작,실행·호출 순서 미검증
SYS-ALARM,426:375,426,375,관련 네트워크의 공유·연관 동작,실행·호출 순서 미검증
SYS-ALARM,927:127,927,127,관련 네트워크의 공유·연관 동작,실행·호출 순서 미검증
SYS-ALARM,927:132,927,132,관련 네트워크의 공유·연관 동작,실행·호출 순서 미검증
SYS-ALARM,927:137,927,137,관련 네트워크의 공유·연관 동작,실행·호출 순서 미검증
SYS-ALARM,927:142,927,142,관련 네트워크의 공유·연관 동작,실행·호출 순서 미검증
SYS-ALARM,927:147,927,147,관련 네트워크의 공유·연관 동작,실행·호출 순서 미검증
SYS-ALARM,927:152,927,152,관련 네트워크의 공유·연관 동작,실행·호출 순서 미검증
SYS-ALARM,927:157,927,157,관련 네트워크의 공유·연관 동작,실행·호출 순서 미검증
SYS-ALARM,927:162,927,162,관련 네트워크의 공유·연관 동작,실행·호출 순서 미검증
SYS-ALARM,927:167,927,167,관련 네트워크의 공유·연관 동작,실행·호출 순서 미검증
SYS-ALARM,928:219,928,219,관련 네트워크의 공유·연관 동작,실행·호출 순서 미검증
SYS-ALARM,929:204,929,204,관련 네트워크의 공유·연관 동작,실행·호출 순서 미검증
SYS-ALARM,929:206,929,206,관련 네트워크의 공유·연관 동작,실행·호출 순서 미검증
SYS-ALARM,930:33,930,33,관련 네트워크의 공유·연관 동작,실행·호출 순서 미검증
SYS-ALARM,930:40,930,40,관련 네트워크의 공유·연관 동작,실행·호출 순서 미검증
SYS-ALARM,930:48,930,48,관련 네트워크의 공유·연관 동작,실행·호출 순서 미검증
SYS-ALARM,930:60,930,60,관련 네트워크의 공유·연관 동작,실행·호출 순서 미검증
SYS-ALARM,930:49,930,49,관련 네트워크의 공유·연관 동작,실행·호출 순서 미검증
SYS-ALARM,930:56,930,56,관련 네트워크의 공유·연관 동작,실행·호출 순서 미검증
SYS-ALARM,931:229,931,229,관련 네트워크의 공유·연관 동작,실행·호출 순서 미검증
SYS-ALARM,931:235,931,235,관련 네트워크의 공유·연관 동작,실행·호출 순서 미검증
SYS-ALARM,931:237,931,237,관련 네트워크의 공유·연관 동작,실행·호출 순서 미검증
SYS-ALARM,931:239,931,239,관련 심볼 이름과 대상 일치,실행·호출 순서 미검증
SYS-ALARM,933:261,933,261,관련 네트워크의 공유·연관 동작,실행·호출 순서 미검증
SYS-ALARM,933:265,933,265,관련 심볼 이름과 대상 일치,실행·호출 순서 미검증
SYS-ALARM,933:270,933,270,관련 심볼 이름과 대상 일치,실행·호출 순서 미검증
SYS-ALARM,933:274,933,274,관련 네트워크의 공유·연관 동작,실행·호출 순서 미검증
SYS-ALARM,934:281,934,281,관련 네트워크의 공유·연관 동작,실행·호출 순서 미검증
SYS-ALARM,934:286,934,286,관련 네트워크의 공유·연관 동작,실행·호출 순서 미검증
SYS-ALARM,935:311,935,311,관련 네트워크의 공유·연관 동작,실행·호출 순서 미검증
SYS-ALARM,935:316,935,316,관련 네트워크의 공유·연관 동작,실행·호출 순서 미검증
SYS-ALARM,1226:249,1226,249,관련 네트워크의 공유·연관 동작,실행·호출 순서 미검증
SYS-ALARM,1226:254,1226,254,관련 네트워크의 공유·연관 동작,실행·호출 순서 미검증
SYS-ALARM,1226:265,1226,265,관련 네트워크의 공유·연관 동작,실행·호출 순서 미검증
SYS-ALARM,1226:270,1226,270,관련 네트워크의 공유·연관 동작,실행·호출 순서 미검증
SYS-ALARM,1226:281,1226,281,관련 네트워크의 공유·연관 동작,실행·호출 순서 미검증
SYS-ALARM,1226:286,1226,286,관련 네트워크의 공유·연관 동작,실행·호출 순서 미검증
SYS-ALARM,1226:313,1226,313,관련 네트워크의 공유·연관 동작,실행·호출 순서 미검증
SYS-ALARM,1226:318,1226,318,관련 네트워크의 공유·연관 동작,실행·호출 순서 미검증
SYS-ALARM,1226:329,1226,329,관련 네트워크의 공유·연관 동작,실행·호출 순서 미검증
SYS-ALARM,1226:334,1226,334,관련 네트워크의 공유·연관 동작,실행·호출 순서 미검증
SYS-ALARM,1226:342,1226,342,관련 네트워크의 공유·연관 동작,실행·호출 순서 미검증
SYS-ALARM,1226:346,1226,346,관련 네트워크의 공유·연관 동작,실행·호출 순서 미검증
SYS-ALARM,1226:350,1226,350,관련 네트워크의 공유·연관 동작,실행·호출 순서 미검증
SYS-ALARM,1226:354,1226,354,관련 네트워크의 공유·연관 동작,실행·호출 순서 미검증
SYS-ALARM,1226:358,1226,358,관련 네트워크의 공유·연관 동작,실행·호출 순서 미검증
SYS-ALARM,1226:362,1226,362,관련 네트워크의 공유·연관 동작,실행·호출 순서 미검증
SYS-ALARM,1227:262,1227,262,관련 네트워크의 공유·연관 동작,실행·호출 순서 미검증
SYS-ALARM,1227:268,1227,268,관련 네트워크의 공유·연관 동작,실행·호출 순서 미검증
SYS-ALARM,1228:282,1228,282,관련 네트워크의 공유·연관 동작,실행·호출 순서 미검증
SYS-ALARM,1228:288,1228,288,관련 네트워크의 공유·연관 동작,실행·호출 순서 미검증
SYS-ALARM,1626:441,1626,441,관련 네트워크의 공유·연관 동작,실행·호출 순서 미검증
SYS-ALARM,1781:71,1781,71,관련 네트워크의 공유·연관 동작,실행·호출 순서 미검증
SYS-ALARM,1781:80,1781,80,관련 네트워크의 공유·연관 동작,실행·호출 순서 미검증
SYS-ALARM,1781:86,1781,86,관련 네트워크의 공유·연관 동작,실행·호출 순서 미검증
SYS-ALARM,1782:105,1782,105,관련 네트워크의 공유·연관 동작,실행·호출 순서 미검증
SYS-ALARM,1782:109,1782,109,관련 네트워크의 공유·연관 동작,실행·호출 순서 미검증
SYS-ALARM,1782:117,1782,117,관련 네트워크의 공유·연관 동작,실행·호출 순서 미검증
SYS-ALARM,1782:121,1782,121,관련 네트워크의 공유·연관 동작,실행·호출 순서 미검증
SYS-ALARM,1783:147,1783,147,관련 네트워크의 공유·연관 동작,실행·호출 순서 미검증
SYS-ALARM,1783:156,1783,156,관련 네트워크의 공유·연관 동작,실행·호출 순서 미검증
SYS-ALARM,1783:162,1783,162,관련 네트워크의 공유·연관 동작,실행·호출 순서 미검증
SYS-ALARM,1784:181,1784,181,관련 네트워크의 공유·연관 동작,실행·호출 순서 미검증
SYS-ALARM,1784:185,1784,185,관련 네트워크의 공유·연관 동작,실행·호출 순서 미검증
SYS-ALARM,1784:193,1784,193,관련 네트워크의 공유·연관 동작,실행·호출 순서 미검증
SYS-ALARM,1784:197,1784,197,관련 네트워크의 공유·연관 동작,실행·호출 순서 미검증
SYS-ALARM,1785:217,1785,217,관련 네트워크의 공유·연관 동작,실행·호출 순서 미검증
SYS-ALARM,1785:223,1785,223,관련 네트워크의 공유·연관 동작,실행·호출 순서 미검증
SYS-ALARM,1785:27,1785,27,관련 네트워크의 공유·연관 동작,실행·호출 순서 미검증
SYS-ALARM,1785:228,1785,228,관련 네트워크의 공유·연관 동작,실행·호출 순서 미검증
SYS-ALARM,1785:267,1785,267,관련 네트워크의 공유·연관 동작,실행·호출 순서 미검증
SYS-ALARM,1786:234,1786,234,관련 네트워크의 공유·연관 동작,실행·호출 순서 미검증
SYS-ALARM,1786:240,1786,240,관련 네트워크의 공유·연관 동작,실행·호출 순서 미검증
SYS-ALARM,1787:315,1787,315,관련 네트워크의 공유·연관 동작,실행·호출 순서 미검증
SYS-ALARM,1787:321,1787,321,관련 네트워크의 공유·연관 동작,실행·호출 순서 미검증
SYS-ALARM,1787:365,1787,365,관련 네트워크의 공유·연관 동작,실행·호출 순서 미검증
SYS-ALARM,1787:326,1787,326,관련 네트워크의 공유·연관 동작,실행·호출 순서 미검증
SYS-ALARM,1787:373,1787,373,관련 네트워크의 공유·연관 동작,실행·호출 순서 미검증
SYS-ALARM,1788:349,1788,349,관련 네트워크의 공유·연관 동작,실행·호출 순서 미검증
SYS-ALARM,1788:355,1788,355,관련 네트워크의 공유·연관 동작,실행·호출 순서 미검증
SYS-ALARM,1788:360,1788,360,관련 네트워크의 공유·연관 동작,실행·호출 순서 미검증
SYS-ALARM,1789:383,1789,383,관련 네트워크의 공유·연관 동작,실행·호출 순서 미검증
SYS-ALARM,1789:389,1789,389,관련 네트워크의 공유·연관 동작,실행·호출 순서 미검증
SYS-ALARM,1789:394,1789,394,관련 네트워크의 공유·연관 동작,실행·호출 순서 미검증
SYS-ALARM,1790:400,1790,400,관련 네트워크의 공유·연관 동작,실행·호출 순서 미검증
SYS-ALARM,1790:406,1790,406,관련 네트워크의 공유·연관 동작,실행·호출 순서 미검증
SYS-ALARM,1791:437,1791,437,관련 네트워크의 공유·연관 동작,실행·호출 순서 미검증
SYS-ALARM,1791:443,1791,443,관련 네트워크의 공유·연관 동작,실행·호출 순서 미검증
SYS-ALARM,1791:487,1791,487,관련 네트워크의 공유·연관 동작,실행·호출 순서 미검증
SYS-ALARM,1791:448,1791,448,관련 네트워크의 공유·연관 동작,실행·호출 순서 미검증
SYS-ALARM,1791:495,1791,495,관련 네트워크의 공유·연관 동작,실행·호출 순서 미검증
SYS-ALARM,1792:454,1792,454,관련 네트워크의 공유·연관 동작,실행·호출 순서 미검증
SYS-ALARM,1792:460,1792,460,관련 네트워크의 공유·연관 동작,실행·호출 순서 미검증
SYS-ALARM,1794:545,1794,545,관련 네트워크의 공유·연관 동작,실행·호출 순서 미검증
SYS-ALARM,1794:551,1794,551,관련 네트워크의 공유·연관 동작,실행·호출 순서 미검증
SYS-ALARM,1794:595,1794,595,관련 네트워크의 공유·연관 동작,실행·호출 순서 미검증
SYS-ALARM,1794:556,1794,556,관련 네트워크의 공유·연관 동작,실행·호출 순서 미검증
SYS-ALARM,1794:603,1794,603,관련 네트워크의 공유·연관 동작,실행·호출 순서 미검증
SYS-ALARM,1796:613,1796,613,관련 네트워크의 공유·연관 동작,실행·호출 순서 미검증
SYS-ALARM,1796:619,1796,619,관련 네트워크의 공유·연관 동작,실행·호출 순서 미검증
SYS-ALARM,1796:663,1796,663,관련 네트워크의 공유·연관 동작,실행·호출 순서 미검증
SYS-ALARM,1796:624,1796,624,관련 네트워크의 공유·연관 동작,실행·호출 순서 미검증
SYS-ALARM,1796:671,1796,671,관련 네트워크의 공유·연관 동작,실행·호출 순서 미검증
SYS-ALARM,1797:647,1797,647,관련 네트워크의 공유·연관 동작,실행·호출 순서 미검증
SYS-ALARM,1797:653,1797,653,관련 네트워크의 공유·연관 동작,실행·호출 순서 미검증
SYS-ALARM,1797:658,1797,658,관련 네트워크의 공유·연관 동작,실행·호출 순서 미검증
SYS-ALARM,1798:681,1798,681,관련 네트워크의 공유·연관 동작,실행·호출 순서 미검증
SYS-ALARM,1798:687,1798,687,관련 네트워크의 공유·연관 동작,실행·호출 순서 미검증
SYS-ALARM,1798:731,1798,731,관련 네트워크의 공유·연관 동작,실행·호출 순서 미검증
SYS-ALARM,1798:692,1798,692,관련 네트워크의 공유·연관 동작,실행·호출 순서 미검증
SYS-ALARM,1798:739,1798,739,관련 네트워크의 공유·연관 동작,실행·호출 순서 미검증
SYS-ALARM,1799:715,1799,715,관련 네트워크의 공유·연관 동작,실행·호출 순서 미검증
SYS-ALARM,1799:721,1799,721,관련 네트워크의 공유·연관 동작,실행·호출 순서 미검증
SYS-ALARM,1799:726,1799,726,관련 네트워크의 공유·연관 동작,실행·호출 순서 미검증
SYS-ALARM,1800:749,1800,749,관련 네트워크의 공유·연관 동작,실행·호출 순서 미검증
SYS-ALARM,1800:755,1800,755,관련 네트워크의 공유·연관 동작,실행·호출 순서 미검증
SYS-ALARM,1800:760,1800,760,관련 네트워크의 공유·연관 동작,실행·호출 순서 미검증
SYS-ALARM,1801:73,1801,73,관련 네트워크의 공유·연관 동작,실행·호출 순서 미검증
SYS-ALARM,1801:66,1801,66,관련 네트워크의 공유·연관 동작,실행·호출 순서 미검증
SYS-ALARM,1801:854,1801,854,관련 네트워크의 공유·연관 동작,실행·호출 순서 미검증
SYS-ALARM,1801:908,1801,908,관련 네트워크의 공유·연관 동작,실행·호출 순서 미검증
SYS-ALARM,1801:856,1801,856,관련 네트워크의 공유·연관 동작,실행·호출 순서 미검증
SYS-ALARM,1801:859,1801,859,관련 네트워크의 공유·연관 동작,실행·호출 순서 미검증
SYS-ALARM,1801:862,1801,862,관련 네트워크의 공유·연관 동작,실행·호출 순서 미검증
SYS-ALARM,1801:864,1801,864,관련 네트워크의 공유·연관 동작,실행·호출 순서 미검증
SYS-ALARM,1802:817,1802,817,관련 네트워크의 공유·연관 동작,실행·호출 순서 미검증
SYS-ALARM,1802:823,1802,823,관련 네트워크의 공유·연관 동작,실행·호출 순서 미검증
SYS-ALARM,1802:828,1802,828,관련 네트워크의 공유·연관 동작,실행·호출 순서 미검증
SYS-ALARM,1803:851,1803,851,관련 네트워크의 공유·연관 동작,실행·호출 순서 미검증
SYS-ALARM,1803:857,1803,857,관련 네트워크의 공유·연관 동작,실행·호출 순서 미검증
SYS-ALARM,1803:862,1803,862,관련 네트워크의 공유·연관 동작,실행·호출 순서 미검증
SYS-ALARM,1805:919,1805,919,관련 네트워크의 공유·연관 동작,실행·호출 순서 미검증
SYS-ALARM,1805:925,1805,925,관련 네트워크의 공유·연관 동작,실행·호출 순서 미검증
SYS-ALARM,1805:930,1805,930,관련 네트워크의 공유·연관 동작,실행·호출 순서 미검증
SYS-ALARM,1806:953,1806,953,관련 네트워크의 공유·연관 동작,실행·호출 순서 미검증
SYS-ALARM,1806:959,1806,959,관련 네트워크의 공유·연관 동작,실행·호출 순서 미검증
SYS-ALARM,1806:964,1806,964,관련 네트워크의 공유·연관 동작,실행·호출 순서 미검증
SYS-ALARM,1807:987,1807,987,관련 네트워크의 공유·연관 동작,실행·호출 순서 미검증
SYS-ALARM,1807:993,1807,993,관련 네트워크의 공유·연관 동작,실행·호출 순서 미검증
SYS-ALARM,1807:998,1807,998,관련 네트워크의 공유·연관 동작,실행·호출 순서 미검증
SYS-ALARM,1808:1021,1808,1021,관련 네트워크의 공유·연관 동작,실행·호출 순서 미검증
SYS-ALARM,1808:1027,1808,1027,관련 네트워크의 공유·연관 동작,실행·호출 순서 미검증
SYS-ALARM,1808:1032,1808,1032,관련 네트워크의 공유·연관 동작,실행·호출 순서 미검증
SYS-ALARM,1809:1055,1809,1055,관련 네트워크의 공유·연관 동작,실행·호출 순서 미검증
SYS-ALARM,1809:1061,1809,1061,관련 네트워크의 공유·연관 동작,실행·호출 순서 미검증
SYS-ALARM,1809:1105,1809,1105,관련 네트워크의 공유·연관 동작,실행·호출 순서 미검증
SYS-ALARM,1809:1066,1809,1066,관련 네트워크의 공유·연관 동작,실행·호출 순서 미검증
SYS-ALARM,1809:1113,1809,1113,관련 네트워크의 공유·연관 동작,실행·호출 순서 미검증
SYS-ALARM,1810:1089,1810,1089,관련 네트워크의 공유·연관 동작,실행·호출 순서 미검증
SYS-ALARM,1810:1095,1810,1095,관련 네트워크의 공유·연관 동작,실행·호출 순서 미검증
SYS-ALARM,1810:1100,1810,1100,관련 네트워크의 공유·연관 동작,실행·호출 순서 미검증
SYS-ALARM,1811:1123,1811,1123,관련 네트워크의 공유·연관 동작,실행·호출 순서 미검증
SYS-ALARM,1811:1129,1811,1129,관련 네트워크의 공유·연관 동작,실행·호출 순서 미검증
SYS-ALARM,1811:1134,1811,1134,관련 네트워크의 공유·연관 동작,실행·호출 순서 미검증
SYS-ALARM,1812:1157,1812,1157,관련 네트워크의 공유·연관 동작,실행·호출 순서 미검증
SYS-ALARM,1812:1163,1812,1163,관련 네트워크의 공유·연관 동작,실행·호출 순서 미검증
SYS-ALARM,1812:1168,1812,1168,관련 네트워크의 공유·연관 동작,실행·호출 순서 미검증
SYS-ALARM,1813:1191,1813,1191,관련 네트워크의 공유·연관 동작,실행·호출 순서 미검증
SYS-ALARM,1813:1197,1813,1197,관련 네트워크의 공유·연관 동작,실행·호출 순서 미검증
SYS-ALARM,1813:1202,1813,1202,관련 네트워크의 공유·연관 동작,실행·호출 순서 미검증
SYS-ALARM,1814:1225,1814,1225,관련 네트워크의 공유·연관 동작,실행·호출 순서 미검증
SYS-ALARM,1814:1231,1814,1231,관련 네트워크의 공유·연관 동작,실행·호출 순서 미검증
SYS-ALARM,1814:1236,1814,1236,관련 네트워크의 공유·연관 동작,실행·호출 순서 미검증
SYS-ALARM,1815:1453,1815,1453,관련 네트워크의 공유·연관 동작,실행·호출 순서 미검증
SYS-ALARM,1815:1459,1815,1459,관련 네트워크의 공유·연관 동작,실행·호출 순서 미검증
SYS-ALARM,1815:1464,1815,1464,관련 네트워크의 공유·연관 동작,실행·호출 순서 미검증
SYS-ALARM,1815:1471,1815,1471,관련 네트워크의 공유·연관 동작,실행·호출 순서 미검증
SYS-ALARM,1815:1477,1815,1477,관련 네트워크의 공유·연관 동작,실행·호출 순서 미검증
SYS-ALARM,1815:1482,1815,1482,관련 네트워크의 공유·연관 동작,실행·호출 순서 미검증
SYS-ALARM,1816:1517,1816,1517,관련 네트워크의 공유·연관 동작,실행·호출 순서 미검증
SYS-ALARM,1816:1523,1816,1523,관련 네트워크의 공유·연관 동작,실행·호출 순서 미검증
SYS-ALARM,1816:1528,1816,1528,관련 네트워크의 공유·연관 동작,실행·호출 순서 미검증
SYS-ALARM,1816:1535,1816,1535,관련 네트워크의 공유·연관 동작,실행·호출 순서 미검증
SYS-ALARM,1816:1541,1816,1541,관련 네트워크의 공유·연관 동작,실행·호출 순서 미검증
SYS-ALARM,1816:1546,1816,1546,관련 네트워크의 공유·연관 동작,실행·호출 순서 미검증
SYS-ALARM,1817:1581,1817,1581,관련 네트워크의 공유·연관 동작,실행·호출 순서 미검증
SYS-ALARM,1817:1587,1817,1587,관련 네트워크의 공유·연관 동작,실행·호출 순서 미검증
SYS-ALARM,1817:1592,1817,1592,관련 네트워크의 공유·연관 동작,실행·호출 순서 미검증
SYS-ALARM,1817:1599,1817,1599,관련 네트워크의 공유·연관 동작,실행·호출 순서 미검증
SYS-ALARM,1817:1605,1817,1605,관련 네트워크의 공유·연관 동작,실행·호출 순서 미검증
SYS-ALARM,1817:1610,1817,1610,관련 네트워크의 공유·연관 동작,실행·호출 순서 미검증
SYS-ALARM,1818:1645,1818,1645,관련 네트워크의 공유·연관 동작,실행·호출 순서 미검증
SYS-ALARM,1818:1651,1818,1651,관련 네트워크의 공유·연관 동작,실행·호출 순서 미검증
SYS-ALARM,1818:1656,1818,1656,관련 네트워크의 공유·연관 동작,실행·호출 순서 미검증
SYS-ALARM,1818:1663,1818,1663,관련 네트워크의 공유·연관 동작,실행·호출 순서 미검증
SYS-ALARM,1818:1669,1818,1669,관련 네트워크의 공유·연관 동작,실행·호출 순서 미검증
SYS-ALARM,1818:1674,1818,1674,관련 네트워크의 공유·연관 동작,실행·호출 순서 미검증
SYS-ALARM,1819:1709,1819,1709,관련 네트워크의 공유·연관 동작,실행·호출 순서 미검증
SYS-ALARM,1819:1715,1819,1715,관련 네트워크의 공유·연관 동작,실행·호출 순서 미검증
SYS-ALARM,1819:1720,1819,1720,관련 네트워크의 공유·연관 동작,실행·호출 순서 미검증
SYS-ALARM,1819:1727,1819,1727,관련 네트워크의 공유·연관 동작,실행·호출 순서 미검증
SYS-ALARM,1819:1733,1819,1733,관련 네트워크의 공유·연관 동작,실행·호출 순서 미검증
SYS-ALARM,1819:1738,1819,1738,관련 네트워크의 공유·연관 동작,실행·호출 순서 미검증
SYS-ALARM,1820:1775,1820,1775,관련 네트워크의 공유·연관 동작,실행·호출 순서 미검증
SYS-ALARM,1820:1780,1820,1780,관련 네트워크의 공유·연관 동작,실행·호출 순서 미검증
SYS-ALARM,1820:1787,1820,1787,관련 네트워크의 공유·연관 동작,실행·호출 순서 미검증
SYS-ALARM,1820:1792,1820,1792,관련 네트워크의 공유·연관 동작,실행·호출 순서 미검증
SYS-ALARM,1820:1801,1820,1801,관련 네트워크의 공유·연관 동작,실행·호출 순서 미검증
SYS-ALARM,1820:1806,1820,1806,관련 네트워크의 공유·연관 동작,실행·호출 순서 미검증
SYS-ALARM,1821:1792,1821,1792,관련 네트워크의 공유·연관 동작,실행·호출 순서 미검증
SYS-ALARM,1821:1828,1821,1828,관련 네트워크의 공유·연관 동작,실행·호출 순서 미검증
SYS-ALARM,1821:1798,1821,1798,관련 네트워크의 공유·연관 동작,실행·호출 순서 미검증
SYS-ALARM,1821:1836,1821,1836,관련 네트워크의 공유·연관 동작,실행·호출 순서 미검증
SYS-ALARM,1822:24,1822,24,관련 네트워크의 공유·연관 동작,실행·호출 순서 미검증
SYS-ALARM,1822:32,1822,32,관련 네트워크의 공유·연관 동작,실행·호출 순서 미검증
SYS-ALARM,1823:27,1823,27,관련 네트워크의 공유·연관 동작,실행·호출 순서 미검증
SYS-ALARM,1823:37,1823,37,관련 네트워크의 공유·연관 동작,실행·호출 순서 미검증
SYS-ALARM,1824:31,1824,31,관련 네트워크의 공유·연관 동작,실행·호출 순서 미검증
SYS-ALARM,1824:38,1824,38,관련 네트워크의 공유·연관 동작,실행·호출 순서 미검증
SYS-ALARM,1825:27,1825,27,관련 네트워크의 공유·연관 동작,실행·호출 순서 미검증
SYS-ALARM,1825:31,1825,31,관련 네트워크의 공유·연관 동작,실행·호출 순서 미검증
SYS-ALARM,1843:410,1843,410,관련 네트워크의 공유·연관 동작,실행·호출 순서 미검증
SYS-ALARM,1843:412,1843,412,관련 네트워크의 공유·연관 동작,실행·호출 순서 미검증
SYS-ALARM,1843:420,1843,420,관련 네트워크의 공유·연관 동작,실행·호출 순서 미검증
SYS-ALARM,1843:422,1843,422,관련 네트워크의 공유·연관 동작,실행·호출 순서 미검증
SYS-ALARM,1843:424,1843,424,관련 네트워크의 공유·연관 동작,실행·호출 순서 미검증
SYS-ALARM,1843:432,1843,432,관련 네트워크의 공유·연관 동작,실행·호출 순서 미검증
SYS-ALARM,1843:434,1843,434,관련 네트워크의 공유·연관 동작,실행·호출 순서 미검증
SYS-ALARM,1843:436,1843,436,관련 네트워크의 공유·연관 동작,실행·호출 순서 미검증
SYS-ALARM,1843:443,1843,443,관련 네트워크의 공유·연관 동작,실행·호출 순서 미검증
SYS-ALARM,1843:449,1843,449,관련 네트워크의 공유·연관 동작,실행·호출 순서 미검증
SYS-ALARM,1843:456,1843,456,관련 네트워크의 공유·연관 동작,실행·호출 순서 미검증
SYS-ALARM,1843:458,1843,458,관련 네트워크의 공유·연관 동작,실행·호출 순서 미검증
SYS-ALARM,1843:460,1843,460,관련 네트워크의 공유·연관 동작,실행·호출 순서 미검증
SYS-ALARM,1843:462,1843,462,관련 네트워크의 공유·연관 동작,실행·호출 순서 미검증
SYS-ALARM,1843:469,1843,469,관련 네트워크의 공유·연관 동작,실행·호출 순서 미검증
SYS-ALARM,1843:478,1843,478,관련 네트워크의 공유·연관 동작,실행·호출 순서 미검증
SYS-ALARM,1843:481,1843,481,관련 네트워크의 공유·연관 동작,실행·호출 순서 미검증
SYS-ALARM,1843:492,1843,492,관련 네트워크의 공유·연관 동작,실행·호출 순서 미검증
SYS-ALARM,1843:102,1843,102,관련 네트워크의 공유·연관 동작,실행·호출 순서 미검증
SYS-ALARM,1843:495,1843,495,관련 네트워크의 공유·연관 동작,실행·호출 순서 미검증
SYS-ALARM,1843:500,1843,500,관련 네트워크의 공유·연관 동작,실행·호출 순서 미검증
SYS-ALARM,1843:506,1843,506,관련 네트워크의 공유·연관 동작,실행·호출 순서 미검증
SYS-ALARM,1843:34,1843,34,관련 네트워크의 공유·연관 동작,실행·호출 순서 미검증
SYS-ALARM,1843:513,1843,513,관련 네트워크의 공유·연관 동작,실행·호출 순서 미검증
SYS-ALARM,1843:515,1843,515,관련 네트워크의 공유·연관 동작,실행·호출 순서 미검증
SYS-ALARM,1843:517,1843,517,관련 네트워크의 공유·연관 동작,실행·호출 순서 미검증
SYS-ALARM,1843:527,1843,527,관련 네트워크의 공유·연관 동작,실행·호출 순서 미검증
SYS-ALARM,1843:530,1843,530,관련 네트워크의 공유·연관 동작,실행·호출 순서 미검증
SYS-ALARM,1843:539,1843,539,관련 네트워크의 공유·연관 동작,실행·호출 순서 미검증
SYS-ALARM,1843:545,1843,545,관련 네트워크의 공유·연관 동작,실행·호출 순서 미검증
SYS-ALARM,1843:552,1843,552,관련 네트워크의 공유·연관 동작,실행·호출 순서 미검증
SYS-ALARM,1843:554,1843,554,관련 네트워크의 공유·연관 동작,실행·호출 순서 미검증
SYS-ALARM,1843:568,1843,568,관련 네트워크의 공유·연관 동작,실행·호출 순서 미검증
SYS-ALARM,1843:573,1843,573,관련 네트워크의 공유·연관 동작,실행·호출 순서 미검증
SYS-ALARM,1843:578,1843,578,관련 네트워크의 공유·연관 동작,실행·호출 순서 미검증
SYS-ALARM,1843:581,1843,581,관련 네트워크의 공유·연관 동작,실행·호출 순서 미검증
SYS-ALARM,1843:587,1843,587,관련 네트워크의 공유·연관 동작,실행·호출 순서 미검증
SYS-ALARM,1843:828,1843,828,관련 네트워크의 공유·연관 동작,실행·호출 순서 미검증
SYS-ALARM,1843:837,1843,837,관련 네트워크의 공유·연관 동작,실행·호출 순서 미검증
SYS-ALARM,1843:838,1843,838,관련 네트워크의 공유·연관 동작,실행·호출 순서 미검증
SYS-ALARM,1844:747,1844,747,관련 네트워크의 공유·연관 동작,실행·호출 순서 미검증
SYS-ALARM,1844:749,1844,749,관련 네트워크의 공유·연관 동작,실행·호출 순서 미검증
SYS-ALARM,1844:757,1844,757,관련 네트워크의 공유·연관 동작,실행·호출 순서 미검증
SYS-ALARM,1844:759,1844,759,관련 네트워크의 공유·연관 동작,실행·호출 순서 미검증
SYS-ALARM,1844:761,1844,761,관련 네트워크의 공유·연관 동작,실행·호출 순서 미검증
SYS-ALARM,1844:769,1844,769,관련 네트워크의 공유·연관 동작,실행·호출 순서 미검증
SYS-ALARM,1844:771,1844,771,관련 네트워크의 공유·연관 동작,실행·호출 순서 미검증
SYS-ALARM,1844:773,1844,773,관련 네트워크의 공유·연관 동작,실행·호출 순서 미검증
SYS-ALARM,1844:780,1844,780,관련 네트워크의 공유·연관 동작,실행·호출 순서 미검증
SYS-ALARM,1844:786,1844,786,관련 네트워크의 공유·연관 동작,실행·호출 순서 미검증
SYS-ALARM,1844:793,1844,793,관련 네트워크의 공유·연관 동작,실행·호출 순서 미검증
SYS-ALARM,1844:799,1844,799,관련 네트워크의 공유·연관 동작,실행·호출 순서 미검증
SYS-ALARM,1844:805,1844,805,관련 네트워크의 공유·연관 동작,실행·호출 순서 미검증
SYS-ALARM,1844:811,1844,811,관련 네트워크의 공유·연관 동작,실행·호출 순서 미검증
SYS-ALARM,1844:817,1844,817,관련 네트워크의 공유·연관 동작,실행·호출 순서 미검증
SYS-ALARM,1844:826,1844,826,관련 네트워크의 공유·연관 동작,실행·호출 순서 미검증
SYS-ALARM,1844:829,1844,829,관련 네트워크의 공유·연관 동작,실행·호출 순서 미검증
SYS-ALARM,1844:1158,1844,1158,관련 네트워크의 공유·연관 동작,실행·호출 순서 미검증
SYS-ALARM,1844:1162,1844,1162,관련 네트워크의 공유·연관 동작,실행·호출 순서 미검증
SYS-ALARM,1844:850,1844,850,관련 네트워크의 공유·연관 동작,실행·호출 순서 미검증
SYS-ALARM,1844:852,1844,852,관련 네트워크의 공유·연관 동작,실행·호출 순서 미검증
SYS-ALARM,1844:854,1844,854,관련 네트워크의 공유·연관 동작,실행·호출 순서 미검증
SYS-ALARM,1844:864,1844,864,관련 네트워크의 공유·연관 동작,실행·호출 순서 미검증
SYS-ALARM,1844:867,1844,867,관련 네트워크의 공유·연관 동작,실행·호출 순서 미검증
SYS-ALARM,1844:878,1844,878,관련 네트워크의 공유·연관 동작,실행·호출 순서 미검증
SYS-ALARM,1844:881,1844,881,관련 네트워크의 공유·연관 동작,실행·호출 순서 미검증
SYS-ALARM,1844:889,1844,889,관련 네트워크의 공유·연관 동작,실행·호출 순서 미검증
SYS-ALARM,1844:896,1844,896,관련 네트워크의 공유·연관 동작,실행·호출 순서 미검증
SYS-ALARM,1844:898,1844,898,관련 네트워크의 공유·연관 동작,실행·호출 순서 미검증
SYS-ALARM,1844:912,1844,912,관련 네트워크의 공유·연관 동작,실행·호출 순서 미검증
SYS-ALARM,1844:917,1844,917,관련 네트워크의 공유·연관 동작,실행·호출 순서 미검증
SYS-ALARM,1844:922,1844,922,관련 네트워크의 공유·연관 동작,실행·호출 순서 미검증
SYS-ALARM,1844:925,1844,925,관련 네트워크의 공유·연관 동작,실행·호출 순서 미검증
SYS-ALARM,1844:931,1844,931,관련 네트워크의 공유·연관 동작,실행·호출 순서 미검증
SYS-ALARM,1854:117,1854,117,관련 네트워크의 공유·연관 동작,실행·호출 순서 미검증
SYS-ALARM,1854:123,1854,123,관련 네트워크의 공유·연관 동작,실행·호출 순서 미검증
SYS-ALARM,1854:125,1854,125,관련 네트워크의 공유·연관 동작,실행·호출 순서 미검증
SYS-ALARM,1854:133,1854,133,관련 네트워크의 공유·연관 동작,실행·호출 순서 미검증
SYS-ALARM,1854:138,1854,138,관련 네트워크의 공유·연관 동작,실행·호출 순서 미검증
SYS-ALARM,1854:145,1854,145,관련 네트워크의 공유·연관 동작,실행·호출 순서 미검증
SYS-ALARM,1854:149,1854,149,관련 네트워크의 공유·연관 동작,실행·호출 순서 미검증
SYS-ALARM,1854:156,1854,156,관련 네트워크의 공유·연관 동작,실행·호출 순서 미검증
SYS-ALARM,1854:159,1854,159,관련 네트워크의 공유·연관 동작,실행·호출 순서 미검증
SYS-ALARM,1854:164,1854,164,관련 네트워크의 공유·연관 동작,실행·호출 순서 미검증
SYS-ALARM,1855:245,1855,245,관련 네트워크의 공유·연관 동작,실행·호출 순서 미검증
SYS-ALARM,1855:248,1855,248,관련 네트워크의 공유·연관 동작,실행·호출 순서 미검증
SYS-ALARM,1869:1122,1869,1122,관련 네트워크의 공유·연관 동작,실행·호출 순서 미검증
SYS-ALARM,1874:1317,1874,1317,관련 네트워크의 공유·연관 동작,실행·호출 순서 미검증
SYS-ALARM,1874:1322,1874,1322,관련 네트워크의 공유·연관 동작,실행·호출 순서 미검증
SYS-ALARM,1874:1329,1874,1329,관련 네트워크의 공유·연관 동작,실행·호출 순서 미검증
SYS-ALARM,1902:1986,1902,1986,관련 네트워크의 공유·연관 동작,실행·호출 순서 미검증
SYS-ALARM,1902:1991,1902,1991,관련 네트워크의 공유·연관 동작,실행·호출 순서 미검증
SYS-ALARM,1902:1996,1902,1996,관련 네트워크의 공유·연관 동작,실행·호출 순서 미검증
SYS-ALARM,1979:155,1979,155,관련 네트워크의 공유·연관 동작,실행·호출 순서 미검증
SYS-ALARM,1979:160,1979,160,관련 네트워크의 공유·연관 동작,실행·호출 순서 미검증
SYS-ALARM,1979:173,1979,173,관련 네트워크의 공유·연관 동작,실행·호출 순서 미검증
SYS-ALARM,1979:175,1979,175,관련 네트워크의 공유·연관 동작,실행·호출 순서 미검증
SYS-ALARM,1979:198,1979,198,관련 네트워크의 공유·연관 동작,실행·호출 순서 미검증
SYS-ALARM,1979:203,1979,203,관련 네트워크의 공유·연관 동작,실행·호출 순서 미검증
SYS-ALARM,1979:208,1979,208,관련 네트워크의 공유·연관 동작,실행·호출 순서 미검증
SYS-ALARM,1980:342,1980,342,관련 네트워크의 공유·연관 동작,실행·호출 순서 미검증
SYS-ALARM,1980:347,1980,347,관련 네트워크의 공유·연관 동작,실행·호출 순서 미검증
SYS-ALARM,1980:27,1980,27,관련 네트워크의 공유·연관 동작,실행·호출 순서 미검증
SYS-ALARM,1980:360,1980,360,관련 네트워크의 공유·연관 동작,실행·호출 순서 미검증
SYS-ALARM,1980:362,1980,362,관련 네트워크의 공유·연관 동작,실행·호출 순서 미검증
SYS-ALARM,1980:372,1980,372,관련 네트워크의 공유·연관 동작,실행·호출 순서 미검증
SYS-ALARM,1980:377,1980,377,관련 네트워크의 공유·연관 동작,실행·호출 순서 미검증
SYS-ALARM,1980:390,1980,390,관련 네트워크의 공유·연관 동작,실행·호출 순서 미검증
SYS-ALARM,1980:392,1980,392,관련 네트워크의 공유·연관 동작,실행·호출 순서 미검증
SYS-ALARM,1980:415,1980,415,관련 네트워크의 공유·연관 동작,실행·호출 순서 미검증
SYS-ALARM,1980:420,1980,420,관련 네트워크의 공유·연관 동작,실행·호출 순서 미검증
SYS-ALARM,1980:425,1980,425,관련 네트워크의 공유·연관 동작,실행·호출 순서 미검증
SYS-ALARM,1981:450,1981,450,관련 네트워크의 공유·연관 동작,실행·호출 순서 미검증
SYS-ALARM,1981:455,1981,455,관련 네트워크의 공유·연관 동작,실행·호출 순서 미검증
SYS-ALARM,1981:471,1981,471,관련 네트워크의 공유·연관 동작,실행·호출 순서 미검증
SYS-ALARM,1981:476,1981,476,관련 네트워크의 공유·연관 동작,실행·호출 순서 미검증
SYS-ALARM,1981:484,1981,484,관련 네트워크의 공유·연관 동작,실행·호출 순서 미검증
SYS-ALARM,1981:488,1981,488,관련 네트워크의 공유·연관 동작,실행·호출 순서 미검증
SYS-ALARM,1982:490,1982,490,관련 네트워크의 공유·연관 동작,실행·호출 순서 미검증
SYS-ALARM,1982:501,1982,501,관련 네트워크의 공유·연관 동작,실행·호출 순서 미검증
SYS-ALARM,1982:503,1982,503,관련 네트워크의 공유·연관 동작,실행·호출 순서 미검증
SYS-ALARM,1983:32,1983,32,관련 네트워크의 공유·연관 동작,실행·호출 순서 미검증
SYS-ALARM,1983:628,1983,628,관련 네트워크의 공유·연관 동작,실행·호출 순서 미검증
SYS-ALARM,1983:632,1983,632,관련 네트워크의 공유·연관 동작,실행·호출 순서 미검증
SYS-ALARM,1983:633,1983,633,관련 네트워크의 공유·연관 동작,실행·호출 순서 미검증
SYS-ALARM,1984:599,1984,599,관련 네트워크의 공유·연관 동작,실행·호출 순서 미검증
SYS-ALARM,1984:604,1984,604,관련 네트워크의 공유·연관 동작,실행·호출 순서 미검증
SYS-ALARM,1984:616,1984,616,관련 네트워크의 공유·연관 동작,실행·호출 순서 미검증
SYS-ALARM,1985:685,1985,685,관련 네트워크의 공유·연관 동작,실행·호출 순서 미검증
SYS-ALARM,1985:690,1985,690,관련 네트워크의 공유·연관 동작,실행·호출 순서 미검증
SYS-ALARM,1985:695,1985,695,관련 네트워크의 공유·연관 동작,실행·호출 순서 미검증
SYS-ALARM,1986:770,1986,770,관련 네트워크의 공유·연관 동작,실행·호출 순서 미검증
SYS-ALARM,1986:775,1986,775,관련 네트워크의 공유·연관 동작,실행·호출 순서 미검증
SYS-ALARM,1986:780,1986,780,관련 네트워크의 공유·연관 동작,실행·호출 순서 미검증
SYS-ALARM,1987:809,1987,809,관련 네트워크의 공유·연관 동작,실행·호출 순서 미검증
SYS-ALARM,1987:814,1987,814,관련 네트워크의 공유·연관 동작,실행·호출 순서 미검증
SYS-ALARM,1987:819,1987,819,관련 네트워크의 공유·연관 동작,실행·호출 순서 미검증
SYS-ALARM,1988:857,1988,857,관련 네트워크의 공유·연관 동작,실행·호출 순서 미검증
SYS-ALARM,1988:862,1988,862,관련 네트워크의 공유·연관 동작,실행·호출 순서 미검증
SYS-ALARM,1988:869,1988,869,관련 네트워크의 공유·연관 동작,실행·호출 순서 미검증
SYS-ALARM,1989:914,1989,914,관련 네트워크의 공유·연관 동작,실행·호출 순서 미검증
SYS-ALARM,1989:919,1989,919,관련 네트워크의 공유·연관 동작,실행·호출 순서 미검증
SYS-ALARM,1989:936,1989,936,관련 네트워크의 공유·연관 동작,실행·호출 순서 미검증
SYS-ALARM,1989:938,1989,938,관련 네트워크의 공유·연관 동작,실행·호출 순서 미검증
SYS-ALARM,1990:929,1990,929,관련 네트워크의 공유·연관 동작,실행·호출 순서 미검증
SYS-ALARM,1990:935,1990,935,관련 네트워크의 공유·연관 동작,실행·호출 순서 미검증
SYS-ALARM,1991:1049,1991,1049,관련 네트워크의 공유·연관 동작,실행·호출 순서 미검증
SYS-ALARM,1991:1060,1991,1060,관련 네트워크의 공유·연관 동작,실행·호출 순서 미검증
SYS-ALARM,1991:1076,1991,1076,관련 네트워크의 공유·연관 동작,실행·호출 순서 미검증
SYS-ALARM,1991:1078,1991,1078,관련 네트워크의 공유·연관 동작,실행·호출 순서 미검증
SYS-ALARM,1991:1082,1991,1082,관련 네트워크의 공유·연관 동작,실행·호출 순서 미검증
SYS-ALARM,1991:1095,1991,1095,관련 네트워크의 공유·연관 동작,실행·호출 순서 미검증
SYS-ALARM,1991:1100,1991,1100,관련 네트워크의 공유·연관 동작,실행·호출 순서 미검증
SYS-ALARM,1992:1136,1992,1136,관련 네트워크의 공유·연관 동작,실행·호출 순서 미검증
SYS-ALARM,1992:1141,1992,1141,관련 네트워크의 공유·연관 동작,실행·호출 순서 미검증
SYS-ALARM,1992:1152,1992,1152,관련 네트워크의 공유·연관 동작,실행·호출 순서 미검증
SYS-ALARM,1993:1184,1993,1184,관련 네트워크의 공유·연관 동작,실행·호출 순서 미검증
SYS-ALARM,1993:1189,1993,1189,관련 네트워크의 공유·연관 동작,실행·호출 순서 미검증
SYS-ALARM,1993:1194,1993,1194,관련 네트워크의 공유·연관 동작,실행·호출 순서 미검증
SYS-ALARM,1994:1217,1994,1217,관련 네트워크의 공유·연관 동작,실행·호출 순서 미검증
SYS-ALARM,1994:1223,1994,1223,관련 네트워크의 공유·연관 동작,실행·호출 순서 미검증
SYS-ALARM,1994:1225,1994,1225,관련 네트워크의 공유·연관 동작,실행·호출 순서 미검증
SYS-ALARM,1994:1227,1994,1227,관련 네트워크의 공유·연관 동작,실행·호출 순서 미검증
SYS-ALARM,1994:1229,1994,1229,관련 네트워크의 공유·연관 동작,실행·호출 순서 미검증
SYS-ALARM,1994:1231,1994,1231,관련 네트워크의 공유·연관 동작,실행·호출 순서 미검증
SYS-ALARM,1994:1233,1994,1233,관련 네트워크의 공유·연관 동작,실행·호출 순서 미검증
SYS-ALARM,1995:41,1995,41,관련 네트워크의 공유·연관 동작,실행·호출 순서 미검증
SYS-ALARM,1995:70,1995,70,관련 네트워크의 공유·연관 동작,실행·호출 순서 미검증
SYS-ALARM,1995:114,1995,114,관련 네트워크의 공유·연관 동작,실행·호출 순서 미검증
SYS-ALARM,1995:116,1995,116,관련 네트워크의 공유·연관 동작,실행·호출 순서 미검증
SYS-AUTO,402:138,402,138,관련 네트워크의 공유·연관 동작,실행·호출 순서 미검증
SYS-AUTO,402:141,402,141,관련 네트워크의 공유·연관 동작,실행·호출 순서 미검증
SYS-AUTO,402:144,402,144,관련 네트워크의 공유·연관 동작,실행·호출 순서 미검증
SYS-AUTO,402:147,402,147,관련 네트워크의 공유·연관 동작,실행·호출 순서 미검증
SYS-AUTO,402:155,402,155,관련 네트워크의 공유·연관 동작,실행·호출 순서 미검증
SYS-AUTO,402:158,402,158,관련 네트워크의 공유·연관 동작,실행·호출 순서 미검증
SYS-AUTO,402:161,402,161,관련 네트워크의 공유·연관 동작,실행·호출 순서 미검증
SYS-AUTO,402:164,402,164,관련 네트워크의 공유·연관 동작,실행·호출 순서 미검증
SYS-AUTO,403:250,403,250,관련 네트워크의 공유·연관 동작,실행·호출 순서 미검증
SYS-AUTO,403:253,403,253,관련 네트워크의 공유·연관 동작,실행·호출 순서 미검증
SYS-AUTO,403:256,403,256,관련 네트워크의 공유·연관 동작,실행·호출 순서 미검증
SYS-AUTO,403:259,403,259,관련 네트워크의 공유·연관 동작,실행·호출 순서 미검증
SYS-AUTO,403:267,403,267,관련 네트워크의 공유·연관 동작,실행·호출 순서 미검증
SYS-AUTO,403:270,403,270,관련 네트워크의 공유·연관 동작,실행·호출 순서 미검증
SYS-AUTO,403:273,403,273,관련 네트워크의 공유·연관 동작,실행·호출 순서 미검증
SYS-AUTO,403:276,403,276,관련 네트워크의 공유·연관 동작,실행·호출 순서 미검증
SYS-AUTO,403:281,403,281,관련 네트워크의 공유·연관 동작,실행·호출 순서 미검증
SYS-AUTO,404:293,404,293,관련 네트워크의 공유·연관 동작,실행·호출 순서 미검증
SYS-AUTO,404:297,404,297,관련 네트워크의 공유·연관 동작,실행·호출 순서 미검증
SYS-AUTO,404:300,404,300,관련 네트워크의 공유·연관 동작,실행·호출 순서 미검증
SYS-AUTO,404:304,404,304,관련 네트워크의 공유·연관 동작,실행·호출 순서 미검증
SYS-AUTO,404:307,404,307,관련 네트워크의 공유·연관 동작,실행·호출 순서 미검증
SYS-AUTO,404:310,404,310,관련 네트워크의 공유·연관 동작,실행·호출 순서 미검증
SYS-AUTO,404:313,404,313,관련 네트워크의 공유·연관 동작,실행·호출 순서 미검증
SYS-AUTO,405:303,405,303,관련 네트워크의 공유·연관 동작,실행·호출 순서 미검증
SYS-AUTO,405:305,405,305,관련 네트워크의 공유·연관 동작,실행·호출 순서 미검증
SYS-AUTO,405:307,405,307,관련 네트워크의 공유·연관 동작,실행·호출 순서 미검증
SYS-AUTO,405:309,405,309,관련 네트워크의 공유·연관 동작,실행·호출 순서 미검증
SYS-AUTO,405:311,405,311,관련 네트워크의 공유·연관 동작,실행·호출 순서 미검증
SYS-AUTO,1614:69,1614,69,관련 네트워크의 공유·연관 동작,실행·호출 순서 미검증
SYS-AUTO,1614:73,1614,73,관련 네트워크의 공유·연관 동작,실행·호출 순서 미검증
SYS-AUTO,1614:76,1614,76,관련 네트워크의 공유·연관 동작,실행·호출 순서 미검증
SYS-AUTO,1614:79,1614,79,관련 네트워크의 공유·연관 동작,실행·호출 순서 미검증
SYS-AUTO,1615:99,1615,99,관련 네트워크의 공유·연관 동작,실행·호출 순서 미검증
SYS-AUTO,1615:103,1615,103,관련 네트워크의 공유·연관 동작,실행·호출 순서 미검증
SYS-AUTO,1615:106,1615,106,관련 네트워크의 공유·연관 동작,실행·호출 순서 미검증
SYS-AUTO,1616:144,1616,144,관련 네트워크의 공유·연관 동작,실행·호출 순서 미검증
SYS-AUTO,1616:148,1616,148,관련 네트워크의 공유·연관 동작,실행·호출 순서 미검증
SYS-AUTO,1616:151,1616,151,관련 네트워크의 공유·연관 동작,실행·호출 순서 미검증
SYS-AUTO,1616:154,1616,154,관련 네트워크의 공유·연관 동작,실행·호출 순서 미검증
SYS-AUTO,1617:188,1617,188,관련 네트워크의 공유·연관 동작,실행·호출 순서 미검증
SYS-AUTO,1617:192,1617,192,관련 네트워크의 공유·연관 동작,실행·호출 순서 미검증
SYS-AUTO,1617:195,1617,195,관련 네트워크의 공유·연관 동작,실행·호출 순서 미검증
SYS-AUTO,1617:198,1617,198,관련 네트워크의 공유·연관 동작,실행·호출 순서 미검증
SYS-AUTO,1618:218,1618,218,관련 네트워크의 공유·연관 동작,실행·호출 순서 미검증
SYS-AUTO,1618:222,1618,222,관련 네트워크의 공유·연관 동작,실행·호출 순서 미검증
SYS-AUTO,1618:225,1618,225,관련 네트워크의 공유·연관 동작,실행·호출 순서 미검증
SYS-AUTO,1624:400,1624,400,관련 네트워크의 공유·연관 동작,실행·호출 순서 미검증
SYS-AUTO,1624:405,1624,405,관련 네트워크의 공유·연관 동작,실행·호출 순서 미검증
SYS-AUTO,1626:441,1626,441,관련 네트워크의 공유·연관 동작,실행·호출 순서 미검증
SYS-AUTO,1841:66,1841,66,관련 네트워크의 공유·연관 동작,실행·호출 순서 미검증
SYS-AUTO,1842:87,1842,87,관련 네트워크의 공유·연관 동작,실행·호출 순서 미검증
SYS-AUTO,1842:93,1842,93,관련 네트워크의 공유·연관 동작,실행·호출 순서 미검증
SYS-AUTO,1843:410,1843,410,관련 네트워크의 공유·연관 동작,실행·호출 순서 미검증
SYS-AUTO,1843:412,1843,412,관련 네트워크의 공유·연관 동작,실행·호출 순서 미검증
SYS-AUTO,1843:420,1843,420,관련 네트워크의 공유·연관 동작,실행·호출 순서 미검증
SYS-AUTO,1843:422,1843,422,관련 네트워크의 공유·연관 동작,실행·호출 순서 미검증
SYS-AUTO,1843:424,1843,424,관련 네트워크의 공유·연관 동작,실행·호출 순서 미검증
SYS-AUTO,1843:432,1843,432,관련 네트워크의 공유·연관 동작,실행·호출 순서 미검증
SYS-AUTO,1843:434,1843,434,관련 네트워크의 공유·연관 동작,실행·호출 순서 미검증
SYS-AUTO,1843:436,1843,436,관련 네트워크의 공유·연관 동작,실행·호출 순서 미검증
SYS-AUTO,1843:443,1843,443,관련 네트워크의 공유·연관 동작,실행·호출 순서 미검증
SYS-AUTO,1843:449,1843,449,관련 네트워크의 공유·연관 동작,실행·호출 순서 미검증
SYS-AUTO,1843:456,1843,456,관련 네트워크의 공유·연관 동작,실행·호출 순서 미검증
SYS-AUTO,1843:458,1843,458,관련 네트워크의 공유·연관 동작,실행·호출 순서 미검증
SYS-AUTO,1843:460,1843,460,관련 네트워크의 공유·연관 동작,실행·호출 순서 미검증
SYS-AUTO,1843:462,1843,462,관련 네트워크의 공유·연관 동작,실행·호출 순서 미검증
SYS-AUTO,1843:469,1843,469,관련 네트워크의 공유·연관 동작,실행·호출 순서 미검증
SYS-AUTO,1843:478,1843,478,관련 네트워크의 공유·연관 동작,실행·호출 순서 미검증
SYS-AUTO,1843:481,1843,481,관련 네트워크의 공유·연관 동작,실행·호출 순서 미검증
SYS-AUTO,1843:492,1843,492,관련 네트워크의 공유·연관 동작,실행·호출 순서 미검증
SYS-AUTO,1843:102,1843,102,관련 네트워크의 공유·연관 동작,실행·호출 순서 미검증
SYS-AUTO,1843:495,1843,495,관련 네트워크의 공유·연관 동작,실행·호출 순서 미검증
SYS-AUTO,1843:500,1843,500,관련 네트워크의 공유·연관 동작,실행·호출 순서 미검증
SYS-AUTO,1843:506,1843,506,관련 네트워크의 공유·연관 동작,실행·호출 순서 미검증
SYS-AUTO,1843:34,1843,34,관련 네트워크의 공유·연관 동작,실행·호출 순서 미검증
SYS-AUTO,1843:513,1843,513,관련 네트워크의 공유·연관 동작,실행·호출 순서 미검증
SYS-AUTO,1843:515,1843,515,관련 네트워크의 공유·연관 동작,실행·호출 순서 미검증
SYS-AUTO,1843:517,1843,517,관련 네트워크의 공유·연관 동작,실행·호출 순서 미검증
SYS-AUTO,1843:527,1843,527,관련 네트워크의 공유·연관 동작,실행·호출 순서 미검증
SYS-AUTO,1843:530,1843,530,관련 네트워크의 공유·연관 동작,실행·호출 순서 미검증
SYS-AUTO,1843:539,1843,539,관련 네트워크의 공유·연관 동작,실행·호출 순서 미검증
SYS-AUTO,1843:545,1843,545,관련 네트워크의 공유·연관 동작,실행·호출 순서 미검증
SYS-AUTO,1843:552,1843,552,관련 네트워크의 공유·연관 동작,실행·호출 순서 미검증
SYS-AUTO,1843:554,1843,554,관련 네트워크의 공유·연관 동작,실행·호출 순서 미검증
SYS-AUTO,1843:568,1843,568,관련 네트워크의 공유·연관 동작,실행·호출 순서 미검증
SYS-AUTO,1843:573,1843,573,관련 네트워크의 공유·연관 동작,실행·호출 순서 미검증
SYS-AUTO,1843:578,1843,578,관련 네트워크의 공유·연관 동작,실행·호출 순서 미검증
SYS-AUTO,1843:581,1843,581,관련 네트워크의 공유·연관 동작,실행·호출 순서 미검증
SYS-AUTO,1843:587,1843,587,관련 네트워크의 공유·연관 동작,실행·호출 순서 미검증
SYS-AUTO,1843:828,1843,828,관련 네트워크의 공유·연관 동작,실행·호출 순서 미검증
SYS-AUTO,1843:837,1843,837,관련 네트워크의 공유·연관 동작,실행·호출 순서 미검증
SYS-AUTO,1843:838,1843,838,관련 네트워크의 공유·연관 동작,실행·호출 순서 미검증
SYS-AUTO,1844:747,1844,747,관련 네트워크의 공유·연관 동작,실행·호출 순서 미검증
SYS-AUTO,1844:749,1844,749,관련 네트워크의 공유·연관 동작,실행·호출 순서 미검증
SYS-AUTO,1844:757,1844,757,관련 네트워크의 공유·연관 동작,실행·호출 순서 미검증
SYS-AUTO,1844:759,1844,759,관련 네트워크의 공유·연관 동작,실행·호출 순서 미검증
SYS-AUTO,1844:761,1844,761,관련 네트워크의 공유·연관 동작,실행·호출 순서 미검증
SYS-AUTO,1844:769,1844,769,관련 네트워크의 공유·연관 동작,실행·호출 순서 미검증
SYS-AUTO,1844:771,1844,771,관련 네트워크의 공유·연관 동작,실행·호출 순서 미검증
SYS-AUTO,1844:773,1844,773,관련 네트워크의 공유·연관 동작,실행·호출 순서 미검증
SYS-AUTO,1844:780,1844,780,관련 네트워크의 공유·연관 동작,실행·호출 순서 미검증
SYS-AUTO,1844:786,1844,786,관련 네트워크의 공유·연관 동작,실행·호출 순서 미검증
SYS-AUTO,1844:793,1844,793,관련 네트워크의 공유·연관 동작,실행·호출 순서 미검증
SYS-AUTO,1844:799,1844,799,관련 네트워크의 공유·연관 동작,실행·호출 순서 미검증
SYS-AUTO,1844:805,1844,805,관련 네트워크의 공유·연관 동작,실행·호출 순서 미검증
SYS-AUTO,1844:811,1844,811,관련 네트워크의 공유·연관 동작,실행·호출 순서 미검증
SYS-AUTO,1844:817,1844,817,관련 네트워크의 공유·연관 동작,실행·호출 순서 미검증
SYS-AUTO,1844:826,1844,826,관련 네트워크의 공유·연관 동작,실행·호출 순서 미검증
SYS-AUTO,1844:829,1844,829,관련 네트워크의 공유·연관 동작,실행·호출 순서 미검증
SYS-AUTO,1844:1158,1844,1158,관련 네트워크의 공유·연관 동작,실행·호출 순서 미검증
SYS-AUTO,1844:1162,1844,1162,관련 네트워크의 공유·연관 동작,실행·호출 순서 미검증
SYS-AUTO,1844:850,1844,850,관련 네트워크의 공유·연관 동작,실행·호출 순서 미검증
SYS-AUTO,1844:852,1844,852,관련 네트워크의 공유·연관 동작,실행·호출 순서 미검증
SYS-AUTO,1844:854,1844,854,관련 네트워크의 공유·연관 동작,실행·호출 순서 미검증
SYS-AUTO,1844:864,1844,864,관련 네트워크의 공유·연관 동작,실행·호출 순서 미검증
SYS-AUTO,1844:867,1844,867,관련 네트워크의 공유·연관 동작,실행·호출 순서 미검증
SYS-AUTO,1844:878,1844,878,관련 네트워크의 공유·연관 동작,실행·호출 순서 미검증
SYS-AUTO,1844:881,1844,881,관련 네트워크의 공유·연관 동작,실행·호출 순서 미검증
SYS-AUTO,1844:889,1844,889,관련 네트워크의 공유·연관 동작,실행·호출 순서 미검증
SYS-AUTO,1844:896,1844,896,관련 네트워크의 공유·연관 동작,실행·호출 순서 미검증
SYS-AUTO,1844:898,1844,898,관련 네트워크의 공유·연관 동작,실행·호출 순서 미검증
SYS-AUTO,1844:912,1844,912,관련 네트워크의 공유·연관 동작,실행·호출 순서 미검증
SYS-AUTO,1844:917,1844,917,관련 네트워크의 공유·연관 동작,실행·호출 순서 미검증
SYS-AUTO,1844:922,1844,922,관련 네트워크의 공유·연관 동작,실행·호출 순서 미검증
SYS-AUTO,1844:925,1844,925,관련 네트워크의 공유·연관 동작,실행·호출 순서 미검증
SYS-AUTO,1844:931,1844,931,관련 네트워크의 공유·연관 동작,실행·호출 순서 미검증
SYS-AUTO,1845:60,1845,60,관련 네트워크의 공유·연관 동작,실행·호출 순서 미검증
SYS-AUTO,1845:65,1845,65,관련 네트워크의 공유·연관 동작,실행·호출 순서 미검증
SYS-AUTO,1845:70,1845,70,관련 네트워크의 공유·연관 동작,실행·호출 순서 미검증
SYS-AUTO,1845:74,1845,74,관련 네트워크의 공유·연관 동작,실행·호출 순서 미검증
SYS-AUTO,1845:78,1845,78,관련 네트워크의 공유·연관 동작,실행·호출 순서 미검증
SYS-AUTO,1846:22,1846,22,관련 네트워크의 공유·연관 동작,실행·호출 순서 미검증
SYS-AUTO,1846:23,1846,23,관련 네트워크의 공유·연관 동작,실행·호출 순서 미검증
SYS-AUTO,1846:24,1846,24,관련 네트워크의 공유·연관 동작,실행·호출 순서 미검증
SYS-AUTO,1847:891,1847,891,관련 네트워크의 공유·연관 동작,실행·호출 순서 미검증
SYS-AUTO,1847:893,1847,893,관련 네트워크의 공유·연관 동작,실행·호출 순서 미검증
SYS-AUTO,1847:897,1847,897,관련 네트워크의 공유·연관 동작,실행·호출 순서 미검증
SYS-AUTO,1847:905,1847,905,관련 네트워크의 공유·연관 동작,실행·호출 순서 미검증
SYS-AUTO,1847:907,1847,907,관련 네트워크의 공유·연관 동작,실행·호출 순서 미검증
SYS-AUTO,1847:909,1847,909,관련 네트워크의 공유·연관 동작,실행·호출 순서 미검증
SYS-AUTO,1847:917,1847,917,관련 네트워크의 공유·연관 동작,실행·호출 순서 미검증
SYS-AUTO,1847:919,1847,919,관련 네트워크의 공유·연관 동작,실행·호출 순서 미검증
SYS-AUTO,1847:927,1847,927,관련 네트워크의 공유·연관 동작,실행·호출 순서 미검증
SYS-AUTO,1847:929,1847,929,관련 네트워크의 공유·연관 동작,실행·호출 순서 미검증
SYS-AUTO,1847:931,1847,931,관련 네트워크의 공유·연관 동작,실행·호출 순서 미검증
SYS-AUTO,1847:939,1847,939,관련 네트워크의 공유·연관 동작,실행·호출 순서 미검증
SYS-AUTO,1847:941,1847,941,관련 네트워크의 공유·연관 동작,실행·호출 순서 미검증
SYS-AUTO,1847:948,1847,948,관련 네트워크의 공유·연관 동작,실행·호출 순서 미검증
SYS-AUTO,1847:954,1847,954,관련 네트워크의 공유·연관 동작,실행·호출 순서 미검증
SYS-AUTO,1847:961,1847,961,관련 네트워크의 공유·연관 동작,실행·호출 순서 미검증
SYS-AUTO,1847:963,1847,963,관련 네트워크의 공유·연관 동작,실행·호출 순서 미검증
SYS-AUTO,1847:965,1847,965,관련 네트워크의 공유·연관 동작,실행·호출 순서 미검증
SYS-AUTO,1847:973,1847,973,관련 네트워크의 공유·연관 동작,실행·호출 순서 미검증
SYS-AUTO,1847:975,1847,975,관련 네트워크의 공유·연관 동작,실행·호출 순서 미검증
SYS-AUTO,1847:982,1847,982,관련 네트워크의 공유·연관 동작,실행·호출 순서 미검증
SYS-AUTO,1848:923,1848,923,관련 네트워크의 공유·연관 동작,실행·호출 순서 미검증
SYS-AUTO,1848:929,1848,929,관련 네트워크의 공유·연관 동작,실행·호출 순서 미검증
SYS-AUTO,1849:69,1849,69,관련 네트워크의 공유·연관 동작,실행·호출 순서 미검증
SYS-AUTO,1849:80,1849,80,관련 네트워크의 공유·연관 동작,실행·호출 순서 미검증
SYS-AUTO,1915:377,1915,377,관련 네트워크의 공유·연관 동작,실행·호출 순서 미검증
SYS-AUTO,1915:384,1915,384,관련 네트워크의 공유·연관 동작,실행·호출 순서 미검증
SYS-AUTO,1916:456,1916,456,관련 네트워크의 공유·연관 동작,실행·호출 순서 미검증
SYS-AUTO,1916:458,1916,458,관련 네트워크의 공유·연관 동작,실행·호출 순서 미검증
SYS-AUTO,1916:466,1916,466,관련 네트워크의 공유·연관 동작,실행·호출 순서 미검증
SYS-AUTO,1916:471,1916,471,관련 네트워크의 공유·연관 동작,실행·호출 순서 미검증
SYS-AUTO,1916:474,1916,474,관련 네트워크의 공유·연관 동작,실행·호출 순서 미검증
SYS-AUTO,1916:477,1916,477,관련 네트워크의 공유·연관 동작,실행·호출 순서 미검증
SYS-AUTO,1916:480,1916,480,관련 네트워크의 공유·연관 동작,실행·호출 순서 미검증
SYS-AUTO,1920:717,1920,717,관련 네트워크의 공유·연관 동작,실행·호출 순서 미검증
SYS-AUTO,1920:724,1920,724,관련 네트워크의 공유·연관 동작,실행·호출 순서 미검증
SYS-AUTO,1930:34,1930,34,관련 네트워크의 공유·연관 동작,실행·호출 순서 미검증
SYS-AUTO,1930:36,1930,36,관련 네트워크의 공유·연관 동작,실행·호출 순서 미검증
SYS-AUTO,1931:66,1931,66,관련 네트워크의 공유·연관 동작,실행·호출 순서 미검증
SYS-AUTO,1935:198,1935,198,관련 네트워크의 공유·연관 동작,실행·호출 순서 미검증
SYS-AUTO,1935:202,1935,202,관련 네트워크의 공유·연관 동작,실행·호출 순서 미검증
SYS-AUTO,1936:236,1936,236,관련 네트워크의 공유·연관 동작,실행·호출 순서 미검증
SYS-AUTO,1936:240,1936,240,관련 네트워크의 공유·연관 동작,실행·호출 순서 미검증
SYS-AUTO,1939:283,1939,283,관련 네트워크의 공유·연관 동작,실행·호출 순서 미검증
SYS-AUTO,1939:287,1939,287,관련 네트워크의 공유·연관 동작,실행·호출 순서 미검증
SYS-AUTO,1940:314,1940,314,관련 네트워크의 공유·연관 동작,실행·호출 순서 미검증
SYS-AUTO,1940:318,1940,318,관련 네트워크의 공유·연관 동작,실행·호출 순서 미검증
SYS-AUTO,1941:340,1941,340,관련 네트워크의 공유·연관 동작,실행·호출 순서 미검증
SYS-AUTO,1941:344,1941,344,관련 네트워크의 공유·연관 동작,실행·호출 순서 미검증
SYS-PID,1702:119,1702,119,관련 네트워크의 공유·연관 동작,실행·호출 순서 미검증
SYS-PID,1702:126,1702,126,관련 네트워크의 공유·연관 동작,실행·호출 순서 미검증
SYS-PID,1702:143,1702,143,관련 네트워크의 공유·연관 동작,실행·호출 순서 미검증
SYS-PID,1702:156,1702,156,관련 네트워크의 공유·연관 동작,실행·호출 순서 미검증
SYS-PID,1703:23,1703,23,관련 네트워크의 공유·연관 동작,실행·호출 순서 미검증
SYS-PID,1703:25,1703,25,관련 네트워크의 공유·연관 동작,실행·호출 순서 미검증
SYS-PID,1703:26,1703,26,관련 네트워크의 공유·연관 동작,실행·호출 순서 미검증
SYS-PID,1704:203,1704,203,관련 네트워크의 공유·연관 동작,실행·호출 순서 미검증
SYS-PID,1704:210,1704,210,관련 네트워크의 공유·연관 동작,실행·호출 순서 미검증
SYS-PID,1704:227,1704,227,관련 네트워크의 공유·연관 동작,실행·호출 순서 미검증
SYS-PID,1704:240,1704,240,관련 네트워크의 공유·연관 동작,실행·호출 순서 미검증
SYS-PID,1705:263,1705,263,관련 네트워크의 공유·연관 동작,실행·호출 순서 미검증
SYS-PID,1705:268,1705,268,관련 네트워크의 공유·연관 동작,실행·호출 순서 미검증
SYS-PID,1705:279,1705,279,관련 네트워크의 공유·연관 동작,실행·호출 순서 미검증
SYS-PID,1705:285,1705,285,관련 네트워크의 공유·연관 동작,실행·호출 순서 미검증
SYS-PID,1706:362,1706,362,관련 네트워크의 공유·연관 동작,실행·호출 순서 미검증
SYS-PID,1706:369,1706,369,관련 네트워크의 공유·연관 동작,실행·호출 순서 미검증
SYS-PID,1706:46,1706,46,관련 네트워크의 공유·연관 동작,실행·호출 순서 미검증
SYS-PID,1706:390,1706,390,관련 네트워크의 공유·연관 동작,실행·호출 순서 미검증
SYS-PID,1706:407,1706,407,관련 네트워크의 공유·연관 동작,실행·호출 순서 미검증
SYS-PID,1707:32,1707,32,관련 네트워크의 공유·연관 동작,실행·호출 순서 미검증
SYS-PID,1707:44,1707,44,관련 네트워크의 공유·연관 동작,실행·호출 순서 미검증
SYS-PID,1707:48,1707,48,관련 네트워크의 공유·연관 동작,실행·호출 순서 미검증
SYS-PID,1708:535,1708,535,관련 네트워크의 공유·연관 동작,실행·호출 순서 미검증
SYS-PID,1708:542,1708,542,관련 네트워크의 공유·연관 동작,실행·호출 순서 미검증
SYS-PID,1708:561,1708,561,관련 네트워크의 공유·연관 동작,실행·호출 순서 미검증
SYS-PID,1708:576,1708,576,관련 네트워크의 공유·연관 동작,실행·호출 순서 미검증
SYS-PID,1709:605,1709,605,관련 네트워크의 공유·연관 동작,실행·호출 순서 미검증
SYS-PID,1709:610,1709,610,관련 네트워크의 공유·연관 동작,실행·호출 순서 미검증
SYS-PID,1709:621,1709,621,관련 네트워크의 공유·연관 동작,실행·호출 순서 미검증
SYS-PID,1709:627,1709,627,관련 네트워크의 공유·연관 동작,실행·호출 순서 미검증
SYS-PID,1710:707,1710,707,관련 네트워크의 공유·연관 동작,실행·호출 순서 미검증
SYS-PID,1710:712,1710,712,관련 네트워크의 공유·연관 동작,실행·호출 순서 미검증
SYS-PID,1710:721,1710,721,관련 네트워크의 공유·연관 동작,실행·호출 순서 미검증
SYS-PID,1710:726,1710,726,관련 네트워크의 공유·연관 동작,실행·호출 순서 미검증
SYS-PID,1710:735,1710,735,관련 네트워크의 공유·연관 동작,실행·호출 순서 미검증
SYS-PID,1710:741,1710,741,관련 네트워크의 공유·연관 동작,실행·호출 순서 미검증
SYS-PID,1710:743,1710,743,관련 네트워크의 공유·연관 동작,실행·호출 순서 미검증
SYS-PID,1711:794,1711,794,관련 네트워크의 공유·연관 동작,실행·호출 순서 미검증
SYS-PID,1711:801,1711,801,관련 네트워크의 공유·연관 동작,실행·호출 순서 미검증
SYS-PID,1711:821,1711,821,관련 네트워크의 공유·연관 동작,실행·호출 순서 미검증
SYS-PID,1711:837,1711,837,관련 네트워크의 공유·연관 동작,실행·호출 순서 미검증
SYS-PID,1712:813,1712,813,관련 네트워크의 공유·연관 동작,실행·호출 순서 미검증
SYS-PID,1712:818,1712,818,관련 네트워크의 공유·연관 동작,실행·호출 순서 미검증
SYS-PID,1712:823,1712,823,관련 네트워크의 공유·연관 동작,실행·호출 순서 미검증
SYS-PID,1713:1225,1713,1225,관련 네트워크의 공유·연관 동작,실행·호출 순서 미검증
SYS-PID,1713:1230,1713,1230,관련 네트워크의 공유·연관 동작,실행·호출 순서 미검증
SYS-PID,1713:1254,1713,1254,관련 네트워크의 공유·연관 동작,실행·호출 순서 미검증
SYS-PID,1713:1269,1713,1269,관련 네트워크의 공유·연관 동작,실행·호출 순서 미검증
SYS-PID,1713:1288,1713,1288,관련 네트워크의 공유·연관 동작,실행·호출 순서 미검증
SYS-PID,1713:1303,1713,1303,관련 네트워크의 공유·연관 동작,실행·호출 순서 미검증
SYS-PID,1713:1322,1713,1322,관련 네트워크의 공유·연관 동작,실행·호출 순서 미검증
SYS-PID,1713:1337,1713,1337,관련 네트워크의 공유·연관 동작,실행·호출 순서 미검증
SYS-PID,1713:1390,1713,1390,관련 네트워크의 공유·연관 동작,실행·호출 순서 미검증
SYS-PID,1713:1405,1713,1405,관련 네트워크의 공유·연관 동작,실행·호출 순서 미검증
SYS-PID,1713:1424,1713,1424,관련 네트워크의 공유·연관 동작,실행·호출 순서 미검증
SYS-PID,1713:1439,1713,1439,관련 네트워크의 공유·연관 동작,실행·호출 순서 미검증
SYS-PID,1714:1598,1714,1598,관련 네트워크의 공유·연관 동작,실행·호출 순서 미검증
SYS-PID,1714:1601,1714,1601,관련 네트워크의 공유·연관 동작,실행·호출 순서 미검증
SYS-PID,1714:1612,1714,1612,관련 네트워크의 공유·연관 동작,실행·호출 순서 미검증
SYS-PID,1714:1615,1714,1615,관련 네트워크의 공유·연관 동작,실행·호출 순서 미검증
SYS-PID,1714:1630,1714,1630,관련 네트워크의 공유·연관 동작,실행·호출 순서 미검증
SYS-PID,1714:1633,1714,1633,관련 네트워크의 공유·연관 동작,실행·호출 순서 미검증
SYS-PID,1714:1644,1714,1644,관련 네트워크의 공유·연관 동작,실행·호출 순서 미검증
SYS-PID,1714:1647,1714,1647,관련 네트워크의 공유·연관 동작,실행·호출 순서 미검증
SYS-PID,1714:1662,1714,1662,관련 네트워크의 공유·연관 동작,실행·호출 순서 미검증
SYS-PID,1714:1665,1714,1665,관련 네트워크의 공유·연관 동작,실행·호출 순서 미검증
SYS-PID,1714:1676,1714,1676,관련 네트워크의 공유·연관 동작,실행·호출 순서 미검증
SYS-PID,1714:1679,1714,1679,관련 네트워크의 공유·연관 동작,실행·호출 순서 미검증
SYS-PID,1714:1694,1714,1694,관련 네트워크의 공유·연관 동작,실행·호출 순서 미검증
SYS-PID,1714:1697,1714,1697,관련 네트워크의 공유·연관 동작,실행·호출 순서 미검증
SYS-PID,1714:1708,1714,1708,관련 네트워크의 공유·연관 동작,실행·호출 순서 미검증
SYS-PID,1714:1711,1714,1711,관련 네트워크의 공유·연관 동작,실행·호출 순서 미검증
SYS-PID,1714:1726,1714,1726,관련 네트워크의 공유·연관 동작,실행·호출 순서 미검증
SYS-PID,1714:1729,1714,1729,관련 네트워크의 공유·연관 동작,실행·호출 순서 미검증
SYS-PID,1714:1740,1714,1740,관련 네트워크의 공유·연관 동작,실행·호출 순서 미검증
SYS-PID,1714:1743,1714,1743,관련 네트워크의 공유·연관 동작,실행·호출 순서 미검증
SYS-PID,1714:1758,1714,1758,관련 네트워크의 공유·연관 동작,실행·호출 순서 미검증
SYS-PID,1714:1761,1714,1761,관련 네트워크의 공유·연관 동작,실행·호출 순서 미검증
SYS-PID,1714:1772,1714,1772,관련 네트워크의 공유·연관 동작,실행·호출 순서 미검증
SYS-PID,1714:1775,1714,1775,관련 네트워크의 공유·연관 동작,실행·호출 순서 미검증
SYS-PID,1721:165,1721,165,관련 네트워크의 공유·연관 동작,실행·호출 순서 미검증
SYS-PID,1830:374,1830,374,관련 네트워크의 공유·연관 동작,실행·호출 순서 미검증
SYS-PID,1830:382,1830,382,관련 네트워크의 공유·연관 동작,실행·호출 순서 미검증
SYS-PID,1830:390,1830,390,관련 네트워크의 공유·연관 동작,실행·호출 순서 미검증
SYS-PID,1830:398,1830,398,관련 네트워크의 공유·연관 동작,실행·호출 순서 미검증
SYS-PID,1830:406,1830,406,관련 네트워크의 공유·연관 동작,실행·호출 순서 미검증
SYS-PID,1830:414,1830,414,관련 네트워크의 공유·연관 동작,실행·호출 순서 미검증
SYS-PID,1830:422,1830,422,관련 네트워크의 공유·연관 동작,실행·호출 순서 미검증
SYS-PID,1830:430,1830,430,관련 네트워크의 공유·연관 동작,실행·호출 순서 미검증
SYS-PID,1830:438,1830,438,관련 네트워크의 공유·연관 동작,실행·호출 순서 미검증
SYS-PID,1830:446,1830,446,관련 네트워크의 공유·연관 동작,실행·호출 순서 미검증
SYS-PID,1830:454,1830,454,관련 네트워크의 공유·연관 동작,실행·호출 순서 미검증
SYS-PID,1830:462,1830,462,관련 네트워크의 공유·연관 동작,실행·호출 순서 미검증
SYS-PID,1830:470,1830,470,관련 네트워크의 공유·연관 동작,실행·호출 순서 미검증
SYS-PID,1830:478,1830,478,관련 네트워크의 공유·연관 동작,실행·호출 순서 미검증
SYS-PID,1830:486,1830,486,관련 네트워크의 공유·연관 동작,실행·호출 순서 미검증
SYS-PID,1830:494,1830,494,관련 네트워크의 공유·연관 동작,실행·호출 순서 미검증
SYS-PID,1830:502,1830,502,관련 네트워크의 공유·연관 동작,실행·호출 순서 미검증
SYS-PID,1830:510,1830,510,관련 네트워크의 공유·연관 동작,실행·호출 순서 미검증
SYS-PID,1830:518,1830,518,관련 네트워크의 공유·연관 동작,실행·호출 순서 미검증
SYS-PID,1830:526,1830,526,관련 네트워크의 공유·연관 동작,실행·호출 순서 미검증
SYS-PID,1834:566,1834,566,관련 네트워크의 공유·연관 동작,실행·호출 순서 미검증
SYS-PID,1834:574,1834,574,관련 네트워크의 공유·연관 동작,실행·호출 순서 미검증
SYS-PID,1835:592,1835,592,관련 네트워크의 공유·연관 동작,실행·호출 순서 미검증
SYS-PID,1835:598,1835,598,관련 네트워크의 공유·연관 동작,실행·호출 순서 미검증
SYS-PID,1854:117,1854,117,관련 네트워크의 공유·연관 동작,실행·호출 순서 미검증
SYS-PID,1854:123,1854,123,관련 네트워크의 공유·연관 동작,실행·호출 순서 미검증
SYS-PID,1854:125,1854,125,관련 네트워크의 공유·연관 동작,실행·호출 순서 미검증
SYS-PID,1854:133,1854,133,관련 네트워크의 공유·연관 동작,실행·호출 순서 미검증
SYS-PID,1854:138,1854,138,관련 네트워크의 공유·연관 동작,실행·호출 순서 미검증
SYS-PID,1854:145,1854,145,관련 네트워크의 공유·연관 동작,실행·호출 순서 미검증
SYS-PID,1854:149,1854,149,관련 네트워크의 공유·연관 동작,실행·호출 순서 미검증
SYS-PID,1854:156,1854,156,관련 네트워크의 공유·연관 동작,실행·호출 순서 미검증
SYS-PID,1854:159,1854,159,관련 네트워크의 공유·연관 동작,실행·호출 순서 미검증
SYS-PID,1854:164,1854,164,관련 네트워크의 공유·연관 동작,실행·호출 순서 미검증
SYS-PID,1855:245,1855,245,관련 네트워크의 공유·연관 동작,실행·호출 순서 미검증
SYS-PID,1855:248,1855,248,관련 네트워크의 공유·연관 동작,실행·호출 순서 미검증
SYS-PID,1856:150,1856,150,관련 네트워크의 공유·연관 동작,실행·호출 순서 미검증
SYS-PID,1857:182,1857,182,관련 네트워크의 공유·연관 동작,실행·호출 순서 미검증
SYS-PID,1858:232,1858,232,관련 네트워크의 공유·연관 동작,실행·호출 순서 미검증
SYS-PID,1859:277,1859,277,관련 네트워크의 공유·연관 동작,실행·호출 순서 미검증
SYS-PID,1859:282,1859,282,관련 네트워크의 공유·연관 동작,실행·호출 순서 미검증
SYS-PID,1860:23,1860,23,관련 네트워크의 공유·연관 동작,실행·호출 순서 미검증
SYS-PID,1860:29,1860,29,관련 네트워크의 공유·연관 동작,실행·호출 순서 미검증
SYS-PID,1860:30,1860,30,관련 네트워크의 공유·연관 동작,실행·호출 순서 미검증
SYS-PID,1860:113,1860,113,관련 네트워크의 공유·연관 동작,실행·호출 순서 미검증
SYS-PID,1860:119,1860,119,관련 네트워크의 공유·연관 동작,실행·호출 순서 미검증
SYS-PID,1860:90,1860,90,관련 네트워크의 공유·연관 동작,실행·호출 순서 미검증
SYS-PID,1860:104,1860,104,관련 네트워크의 공유·연관 동작,실행·호출 순서 미검증
SYS-PID,1861:292,1861,292,관련 네트워크의 공유·연관 동작,실행·호출 순서 미검증
SYS-PID,1861:298,1861,298,관련 네트워크의 공유·연관 동작,실행·호출 순서 미검증
SYS-PID,1862:422,1862,422,관련 네트워크의 공유·연관 동작,실행·호출 순서 미검증
SYS-PID,1862:441,1862,441,관련 네트워크의 공유·연관 동작,실행·호출 순서 미검증
SYS-PID,1862:448,1862,448,관련 네트워크의 공유·연관 동작,실행·호출 순서 미검증
SYS-PID,1862:453,1862,453,관련 네트워크의 공유·연관 동작,실행·호출 순서 미검증
SYS-PID,1862:465,1862,465,관련 네트워크의 공유·연관 동작,실행·호출 순서 미검증
SYS-PID,1862:470,1862,470,관련 네트워크의 공유·연관 동작,실행·호출 순서 미검증
SYS-PID,1863:464,1863,464,관련 네트워크의 공유·연관 동작,실행·호출 순서 미검증
SYS-PID,1863:472,1863,472,관련 네트워크의 공유·연관 동작,실행·호출 순서 미검증
SYS-PID,1863:477,1863,477,관련 네트워크의 공유·연관 동작,실행·호출 순서 미검증
SYS-PID,1863:481,1863,481,관련 네트워크의 공유·연관 동작,실행·호출 순서 미검증
SYS-PID,1863:485,1863,485,관련 네트워크의 공유·연관 동작,실행·호출 순서 미검증
SYS-PID,1864:536,1864,536,관련 네트워크의 공유·연관 동작,실행·호출 순서 미검증
SYS-PID,1864:542,1864,542,관련 네트워크의 공유·연관 동작,실행·호출 순서 미검증
SYS-PID,1865:579,1865,579,관련 네트워크의 공유·연관 동작,실행·호출 순서 미검증
SYS-PID,1865:588,1865,588,관련 네트워크의 공유·연관 동작,실행·호출 순서 미검증
SYS-PID,1866:600,1866,600,관련 네트워크의 공유·연관 동작,실행·호출 순서 미검증
SYS-PID,1866:607,1866,607,관련 네트워크의 공유·연관 동작,실행·호출 순서 미검증
SYS-PID,1866:611,1866,611,관련 네트워크의 공유·연관 동작,실행·호출 순서 미검증
SYS-PID,1867:632,1867,632,관련 네트워크의 공유·연관 동작,실행·호출 순서 미검증
SYS-PID,1868:1122,1868,1122,관련 네트워크의 공유·연관 동작,실행·호출 순서 미검증
SYS-PID,1868:1127,1868,1127,관련 네트워크의 공유·연관 동작,실행·호출 순서 미검증
SYS-PID,1868:1669,1868,1669,관련 네트워크의 공유·연관 동작,실행·호출 순서 미검증
SYS-PID,1868:1130,1868,1130,관련 네트워크의 공유·연관 동작,실행·호출 순서 미검증
SYS-PID,1868:1146,1868,1146,관련 네트워크의 공유·연관 동작,실행·호출 순서 미검증
SYS-PID,1868:1154,1868,1154,관련 네트워크의 공유·연관 동작,실행·호출 순서 미검증
SYS-PID,1868:1159,1868,1159,관련 네트워크의 공유·연관 동작,실행·호출 순서 미검증
SYS-PID,1868:1171,1868,1171,관련 네트워크의 공유·연관 동작,실행·호출 순서 미검증
SYS-PID,1868:1176,1868,1176,관련 네트워크의 공유·연관 동작,실행·호출 순서 미검증
SYS-PID,1868:1179,1868,1179,관련 네트워크의 공유·연관 동작,실행·호출 순서 미검증
SYS-PID,1868:1188,1868,1188,관련 네트워크의 공유·연관 동작,실행·호출 순서 미검증
SYS-PID,1868:1199,1868,1199,관련 네트워크의 공유·연관 동작,실행·호출 순서 미검증
SYS-PID,1868:1215,1868,1215,관련 네트워크의 공유·연관 동작,실행·호출 순서 미검증
SYS-PID,1868:1220,1868,1220,관련 네트워크의 공유·연관 동작,실행·호출 순서 미검증
SYS-PID,1868:1232,1868,1232,관련 네트워크의 공유·연관 동작,실행·호출 순서 미검증
SYS-PID,1868:1237,1868,1237,관련 네트워크의 공유·연관 동작,실행·호출 순서 미검증
SYS-PID,1868:1240,1868,1240,관련 네트워크의 공유·연관 동작,실행·호출 순서 미검증
SYS-PID,1868:1251,1868,1251,관련 네트워크의 공유·연관 동작,실행·호출 순서 미검증
SYS-PID,1868:1262,1868,1262,관련 네트워크의 공유·연관 동작,실행·호출 순서 미검증
SYS-PID,1868:1267,1868,1267,관련 네트워크의 공유·연관 동작,실행·호출 순서 미검증
SYS-PID,1868:1281,1868,1281,관련 네트워크의 공유·연관 동작,실행·호출 순서 미검증
SYS-PID,1868:1289,1868,1289,관련 네트워크의 공유·연관 동작,실행·호출 순서 미검증
SYS-PID,1868:1300,1868,1300,관련 네트워크의 공유·연관 동작,실행·호출 순서 미검증
SYS-PID,1868:1303,1868,1303,관련 네트워크의 공유·연관 동작,실행·호출 순서 미검증
SYS-PID,1868:1306,1868,1306,관련 네트워크의 공유·연관 동작,실행·호출 순서 미검증
SYS-PID,1868:1309,1868,1309,관련 네트워크의 공유·연관 동작,실행·호출 순서 미검증
SYS-PID,1868:1318,1868,1318,관련 네트워크의 공유·연관 동작,실행·호출 순서 미검증
SYS-PID,1868:1329,1868,1329,관련 네트워크의 공유·연관 동작,실행·호출 순서 미검증
SYS-PID,1868:1334,1868,1334,관련 네트워크의 공유·연관 동작,실행·호출 순서 미검증
SYS-PID,1868:1342,1868,1342,관련 네트워크의 공유·연관 동작,실행·호출 순서 미검증
SYS-PID,1868:1354,1868,1354,관련 네트워크의 공유·연관 동작,실행·호출 순서 미검증
SYS-PID,1868:1358,1868,1358,관련 네트워크의 공유·연관 동작,실행·호출 순서 미검증
SYS-PID,1868:1363,1868,1363,관련 네트워크의 공유·연관 동작,실행·호출 순서 미검증
SYS-PID,1869:1122,1869,1122,관련 네트워크의 공유·연관 동작,실행·호출 순서 미검증
SYS-PID,1870:1172,1870,1172,관련 네트워크의 공유·연관 동작,실행·호출 순서 미검증
SYS-PID,1870:1181,1870,1181,관련 네트워크의 공유·연관 동작,실행·호출 순서 미검증
SYS-PID,1872:1265,1872,1265,관련 네트워크의 공유·연관 동작,실행·호출 순서 미검증
SYS-PID,1872:1273,1872,1273,관련 네트워크의 공유·연관 동작,실행·호출 순서 미검증
SYS-PID,1872:1282,1872,1282,관련 네트워크의 공유·연관 동작,실행·호출 순서 미검증
SYS-PID,1872:1294,1872,1294,관련 네트워크의 공유·연관 동작,실행·호출 순서 미검증
SYS-PID,1873:1268,1873,1268,관련 네트워크의 공유·연관 동작,실행·호출 순서 미검증
SYS-PID,1874:1317,1874,1317,관련 네트워크의 공유·연관 동작,실행·호출 순서 미검증
SYS-PID,1874:1322,1874,1322,관련 네트워크의 공유·연관 동작,실행·호출 순서 미검증
SYS-PID,1874:1329,1874,1329,관련 네트워크의 공유·연관 동작,실행·호출 순서 미검증
SYS-PID,1875:1505,1875,1505,관련 네트워크의 공유·연관 동작,실행·호출 순서 미검증
SYS-PID,1875:1513,1875,1513,관련 네트워크의 공유·연관 동작,실행·호출 순서 미검증
SYS-PID,1875:1521,1875,1521,관련 네트워크의 공유·연관 동작,실행·호출 순서 미검증
SYS-PID,1875:1529,1875,1529,관련 네트워크의 공유·연관 동작,실행·호출 순서 미검증
SYS-PID,1875:1537,1875,1537,관련 네트워크의 공유·연관 동작,실행·호출 순서 미검증
SYS-PID,1875:1545,1875,1545,관련 네트워크의 공유·연관 동작,실행·호출 순서 미검증
SYS-PID,1875:1553,1875,1553,관련 네트워크의 공유·연관 동작,실행·호출 순서 미검증
SYS-PID,1875:1561,1875,1561,관련 네트워크의 공유·연관 동작,실행·호출 순서 미검증
SYS-PID,1875:1569,1875,1569,관련 네트워크의 공유·연관 동작,실행·호출 순서 미검증
SYS-PID,1875:1577,1875,1577,관련 네트워크의 공유·연관 동작,실행·호출 순서 미검증
SYS-PID,1875:1585,1875,1585,관련 네트워크의 공유·연관 동작,실행·호출 순서 미검증
SYS-PID,1876:1577,1876,1577,관련 네트워크의 공유·연관 동작,실행·호출 순서 미검증
SYS-PID,1876:1585,1876,1585,관련 네트워크의 공유·연관 동작,실행·호출 순서 미검증
SYS-PID,1876:1593,1876,1593,관련 네트워크의 공유·연관 동작,실행·호출 순서 미검증
SYS-PID,1876:1601,1876,1601,관련 네트워크의 공유·연관 동작,실행·호출 순서 미검증
SYS-PID,1877:1683,1877,1683,관련 네트워크의 공유·연관 동작,실행·호출 순서 미검증
SYS-PID,1877:1691,1877,1691,관련 네트워크의 공유·연관 동작,실행·호출 순서 미검증
SYS-PID,1877:1699,1877,1699,관련 네트워크의 공유·연관 동작,실행·호출 순서 미검증
SYS-PID,1877:1707,1877,1707,관련 네트워크의 공유·연관 동작,실행·호출 순서 미검증
SYS-PID,1877:1715,1877,1715,관련 네트워크의 공유·연관 동작,실행·호출 순서 미검증
SYS-PID,1877:1723,1877,1723,관련 네트워크의 공유·연관 동작,실행·호출 순서 미검증
SYS-PID,8:32,8,32,관련 네트워크의 공유·연관 동작,실행·호출 순서 미검증
SYS-PID,12:362,12,362,관련 네트워크의 공유·연관 동작,실행·호출 순서 미검증
SYS-SIMULATION,396:70,396,70,관련 네트워크의 공유·연관 동작,실행·호출 순서 미검증
SYS-SIMULATION,1079:39,1079,39,관련 네트워크의 공유·연관 동작,실행·호출 순서 미검증
SYS-SIMULATION,1080:27,1080,27,관련 네트워크의 공유·연관 동작,실행·호출 순서 미검증
SYS-SIMULATION,1080:33,1080,33,관련 네트워크의 공유·연관 동작,실행·호출 순서 미검증
SYS-SIMULATION,1080:36,1080,36,관련 네트워크의 공유·연관 동작,실행·호출 순서 미검증
SYS-SIMULATION,1080:39,1080,39,관련 네트워크의 공유·연관 동작,실행·호출 순서 미검증
SYS-SIMULATION,1080:42,1080,42,관련 네트워크의 공유·연관 동작,실행·호출 순서 미검증
SYS-SIMULATION,1080:45,1080,45,관련 네트워크의 공유·연관 동작,실행·호출 순서 미검증
SYS-SIMULATION,1081:24,1081,24,관련 네트워크의 공유·연관 동작,실행·호출 순서 미검증
SYS-SIMULATION,1082:33,1082,33,관련 네트워크의 공유·연관 동작,실행·호출 순서 미검증
SYS-SIMULATION,1082:37,1082,37,관련 네트워크의 공유·연관 동작,실행·호출 순서 미검증
SYS-SIMULATION,1082:41,1082,41,관련 네트워크의 공유·연관 동작,실행·호출 순서 미검증
SYS-SIMULATION,1082:44,1082,44,관련 네트워크의 공유·연관 동작,실행·호출 순서 미검증
SYS-SIMULATION,1082:46,1082,46,관련 네트워크의 공유·연관 동작,실행·호출 순서 미검증
SYS-SIMULATION,1082:66,1082,66,관련 네트워크의 공유·연관 동작,실행·호출 순서 미검증
SYS-SIMULATION,1082:70,1082,70,관련 네트워크의 공유·연관 동작,실행·호출 순서 미검증
SYS-SIMULATION,1083:43,1083,43,관련 네트워크의 공유·연관 동작,실행·호출 순서 미검증
SYS-SIMULATION,1083:45,1083,45,관련 네트워크의 공유·연관 동작,실행·호출 순서 미검증
SYS-SIMULATION,1083:151,1083,151,관련 네트워크의 공유·연관 동작,실행·호출 순서 미검증
SYS-SIMULATION,1083:349,1083,349,관련 네트워크의 공유·연관 동작,실행·호출 순서 미검증
SYS-SIMULATION,1083:355,1083,355,관련 네트워크의 공유·연관 동작,실행·호출 순서 미검증
SYS-SIMULATION,1083:360,1083,360,관련 네트워크의 공유·연관 동작,실행·호출 순서 미검증
SYS-SIMULATION,1083:365,1083,365,관련 네트워크의 공유·연관 동작,실행·호출 순서 미검증
SYS-SIMULATION,1083:367,1083,367,관련 네트워크의 공유·연관 동작,실행·호출 순서 미검증
SYS-SIMULATION,1083:489,1083,489,관련 네트워크의 공유·연관 동작,실행·호출 순서 미검증
SYS-SIMULATION,1083:494,1083,494,관련 네트워크의 공유·연관 동작,실행·호출 순서 미검증
SYS-SIMULATION,1083:499,1083,499,관련 네트워크의 공유·연관 동작,실행·호출 순서 미검증
SYS-SIMULATION,1083:501,1083,501,관련 네트워크의 공유·연관 동작,실행·호출 순서 미검증
SYS-SIMULATION,1083:556,1083,556,관련 네트워크의 공유·연관 동작,실행·호출 순서 미검증
SYS-SIMULATION,1083:561,1083,561,관련 네트워크의 공유·연관 동작,실행·호출 순서 미검증
SYS-SIMULATION,1083:566,1083,566,관련 네트워크의 공유·연관 동작,실행·호출 순서 미검증
SYS-SIMULATION,1083:568,1083,568,관련 네트워크의 공유·연관 동작,실행·호출 순서 미검증
SYS-SIMULATION,1083:623,1083,623,관련 네트워크의 공유·연관 동작,실행·호출 순서 미검증
SYS-SIMULATION,1083:628,1083,628,관련 네트워크의 공유·연관 동작,실행·호출 순서 미검증
SYS-SIMULATION,1083:633,1083,633,관련 네트워크의 공유·연관 동작,실행·호출 순서 미검증
SYS-SIMULATION,1083:635,1083,635,관련 네트워크의 공유·연관 동작,실행·호출 순서 미검증
SYS-SIMULATION,1084:27,1084,27,관련 네트워크의 공유·연관 동작,실행·호출 순서 미검증
SYS-SIMULATION,1084:34,1084,34,관련 네트워크의 공유·연관 동작,실행·호출 순서 미검증
SYS-SIMULATION,1084:41,1084,41,관련 네트워크의 공유·연관 동작,실행·호출 순서 미검증
SYS-SIMULATION,1084:44,1084,44,관련 네트워크의 공유·연관 동작,실행·호출 순서 미검증
SYS-SIMULATION,1084:46,1084,46,관련 네트워크의 공유·연관 동작,실행·호출 순서 미검증
SYS-SIMULATION,1084:48,1084,48,관련 네트워크의 공유·연관 동작,실행·호출 순서 미검증
SYS-SIMULATION,1084:69,1084,69,관련 네트워크의 공유·연관 동작,실행·호출 순서 미검증
SYS-SIMULATION,1084:76,1084,76,관련 네트워크의 공유·연관 동작,실행·호출 순서 미검증
SYS-SIMULATION,1085:27,1085,27,관련 네트워크의 공유·연관 동작,실행·호출 순서 미검증
SYS-SIMULATION,1085:34,1085,34,관련 네트워크의 공유·연관 동작,실행·호출 순서 미검증
SYS-SIMULATION,1085:86,1085,86,관련 네트워크의 공유·연관 동작,실행·호출 순서 미검증
SYS-SIMULATION,1085:41,1085,41,관련 네트워크의 공유·연관 동작,실행·호출 순서 미검증
SYS-SIMULATION,1085:48,1085,48,관련 네트워크의 공유·연관 동작,실행·호출 순서 미검증
SYS-SIMULATION,1085:51,1085,51,관련 네트워크의 공유·연관 동작,실행·호출 순서 미검증
SYS-SIMULATION,1085:53,1085,53,관련 네트워크의 공유·연관 동작,실행·호출 순서 미검증
SYS-SIMULATION,1085:55,1085,55,관련 네트워크의 공유·연관 동작,실행·호출 순서 미검증
SYS-SIMULATION,1085:57,1085,57,관련 네트워크의 공유·연관 동작,실행·호출 순서 미검증
SYS-SIMULATION,1085:83,1085,83,관련 네트워크의 공유·연관 동작,실행·호출 순서 미검증
SYS-SIMULATION,1086:34,1086,34,관련 네트워크의 공유·연관 동작,실행·호출 순서 미검증
SYS-SIMULATION,1086:41,1086,41,관련 네트워크의 공유·연관 동작,실행·호출 순서 미검증
SYS-SIMULATION,1086:44,1086,44,관련 네트워크의 공유·연관 동작,실행·호출 순서 미검증
SYS-SIMULATION,1086:24,1086,24,관련 네트워크의 공유·연관 동작,실행·호출 순서 미검증
SYS-SIMULATION,1086:46,1086,46,관련 네트워크의 공유·연관 동작,실행·호출 순서 미검증
SYS-SIMULATION,1086:28,1086,28,관련 네트워크의 공유·연관 동작,실행·호출 순서 미검증
SYS-SIMULATION,1087:31,1087,31,관련 네트워크의 공유·연관 동작,실행·호출 순서 미검증
SYS-SIMULATION,1087:38,1087,38,관련 네트워크의 공유·연관 동작,실행·호출 순서 미검증
SYS-SIMULATION,1088:30,1088,30,관련 네트워크의 공유·연관 동작,실행·호출 순서 미검증
SYS-SIMULATION,1088:35,1088,35,관련 네트워크의 공유·연관 동작,실행·호출 순서 미검증
SYS-SIMULATION,1089:27,1089,27,관련 네트워크의 공유·연관 동작,실행·호출 순서 미검증
SYS-SIMULATION,1089:34,1089,34,관련 네트워크의 공유·연관 동작,실행·호출 순서 미검증
SYS-SIMULATION,1090:27,1090,27,관련 네트워크의 공유·연관 동작,실행·호출 순서 미검증
SYS-SIMULATION,1090:36,1090,36,관련 네트워크의 공유·연관 동작,실행·호출 순서 미검증
SYS-SIMULATION,1090:39,1090,39,관련 네트워크의 공유·연관 동작,실행·호출 순서 미검증
SYS-SIMULATION,1090:41,1090,41,관련 네트워크의 공유·연관 동작,실행·호출 순서 미검증
SYS-SIMULATION,1091:23,1091,23,관련 네트워크의 공유·연관 동작,실행·호출 순서 미검증
SYS-SIMULATION,1091:25,1091,25,관련 네트워크의 공유·연관 동작,실행·호출 순서 미검증
SYS-SIMULATION,1091:27,1091,27,관련 네트워크의 공유·연관 동작,실행·호출 순서 미검증
SYS-SIMULATION,1091:29,1091,29,관련 네트워크의 공유·연관 동작,실행·호출 순서 미검증
SYS-SIMULATION,1092:27,1092,27,관련 네트워크의 공유·연관 동작,실행·호출 순서 미검증
SYS-SIMULATION,1092:31,1092,31,관련 네트워크의 공유·연관 동작,실행·호출 순서 미검증
SYS-SIMULATION,1092:33,1092,33,관련 네트워크의 공유·연관 동작,실행·호출 순서 미검증
SYS-SIMULATION,1092:36,1092,36,관련 네트워크의 공유·연관 동작,실행·호출 순서 미검증
SYS-SIMULATION,1708:535,1708,535,관련 네트워크의 공유·연관 동작,실행·호출 순서 미검증
SYS-SIMULATION,1708:542,1708,542,관련 네트워크의 공유·연관 동작,실행·호출 순서 미검증
SYS-SIMULATION,1708:561,1708,561,관련 네트워크의 공유·연관 동작,실행·호출 순서 미검증
SYS-SIMULATION,1708:576,1708,576,관련 네트워크의 공유·연관 동작,실행·호출 순서 미검증
SYS-SIMULATION,1825:27,1825,27,관련 네트워크의 공유·연관 동작,실행·호출 순서 미검증
SYS-SIMULATION,1825:31,1825,31,관련 네트워크의 공유·연관 동작,실행·호출 순서 미검증
SYS-SIMULATION,1873:1268,1873,1268,관련 네트워크의 공유·연관 동작,실행·호출 순서 미검증
SYS-SIMULATION,1911:115,1911,115,관련 네트워크의 공유·연관 동작,실행·호출 순서 미검증
SYS-SIMULATION,1911:117,1911,117,관련 네트워크의 공유·연관 동작,실행·호출 순서 미검증
SYS-SIMULATION,1911:125,1911,125,관련 네트워크의 공유·연관 동작,실행·호출 순서 미검증
SYS-SIMULATION,1911:130,1911,130,관련 네트워크의 공유·연관 동작,실행·호출 순서 미검증
SYS-SIMULATION,1911:133,1911,133,관련 네트워크의 공유·연관 동작,실행·호출 순서 미검증
SYS-SIMULATION,1911:136,1911,136,관련 네트워크의 공유·연관 동작,실행·호출 순서 미검증
SYS-SIMULATION,1911:139,1911,139,관련 네트워크의 공유·연관 동작,실행·호출 순서 미검증
SYS-SIMULATION,1930:34,1930,34,관련 심볼 이름과 대상 일치,실행·호출 순서 미검증
SYS-SIMULATION,1930:36,1930,36,관련 네트워크의 공유·연관 동작,실행·호출 순서 미검증
SYS-SIMULATION,1935:198,1935,198,관련 네트워크의 공유·연관 동작,실행·호출 순서 미검증
SYS-SIMULATION,1935:202,1935,202,관련 네트워크의 공유·연관 동작,실행·호출 순서 미검증
SYS-SIMULATION,1936:236,1936,236,관련 네트워크의 공유·연관 동작,실행·호출 순서 미검증
SYS-SIMULATION,1936:240,1936,240,관련 네트워크의 공유·연관 동작,실행·호출 순서 미검증
SYS-SIMULATION,1939:283,1939,283,관련 네트워크의 공유·연관 동작,실행·호출 순서 미검증
SYS-SIMULATION,1939:287,1939,287,관련 네트워크의 공유·연관 동작,실행·호출 순서 미검증
SYS-SIMULATION,1940:314,1940,314,관련 네트워크의 공유·연관 동작,실행·호출 순서 미검증
SYS-SIMULATION,1940:318,1940,318,관련 네트워크의 공유·연관 동작,실행·호출 순서 미검증
SYS-SIMULATION,1951:685,1951,685,관련 네트워크의 공유·연관 동작,실행·호출 순서 미검증
SYS-SIMULATION,1951:689,1951,689,관련 네트워크의 공유·연관 동작,실행·호출 순서 미검증
SYS-SIMULATION,1955:772,1955,772,관련 네트워크의 공유·연관 동작,실행·호출 순서 미검증
SYS-SIMULATION,1955:776,1955,776,관련 네트워크의 공유·연관 동작,실행·호출 순서 미검증
SYS-SIMULATION,1956:795,1956,795,관련 네트워크의 공유·연관 동작,실행·호출 순서 미검증
SYS-SIMULATION,1956:799,1956,799,관련 네트워크의 공유·연관 동작,실행·호출 순서 미검증
SYS-SIMULATION,1958:836,1958,836,관련 네트워크의 공유·연관 동작,실행·호출 순서 미검증
SYS-SIMULATION,1958:841,1958,841,관련 네트워크의 공유·연관 동작,실행·호출 순서 미검증
SYS-SIMULATION,1961:891,1961,891,관련 네트워크의 공유·연관 동작,실행·호출 순서 미검증
SYS-SIMULATION,1961:900,1961,900,관련 네트워크의 공유·연관 동작,실행·호출 순서 미검증
SYS-SIMULATION,1962:916,1962,916,관련 네트워크의 공유·연관 동작,실행·호출 순서 미검증
SYS-SIMULATION,1962:920,1962,920,관련 네트워크의 공유·연관 동작,실행·호출 순서 미검증
SYS-SIMULATION,1963:939,1963,939,관련 네트워크의 공유·연관 동작,실행·호출 순서 미검증
SYS-SIMULATION,1963:943,1963,943,관련 네트워크의 공유·연관 동작,실행·호출 순서 미검증
SYS-SIMULATION,1969:1079,1969,1079,관련 네트워크의 공유·연관 동작,실행·호출 순서 미검증
SYS-SIMULATION,1969:1083,1969,1083,관련 네트워크의 공유·연관 동작,실행·호출 순서 미검증
SYS-SIMULATION,1970:1102,1970,1102,관련 네트워크의 공유·연관 동작,실행·호출 순서 미검증
SYS-SIMULATION,1970:1106,1970,1106,관련 네트워크의 공유·연관 동작,실행·호출 순서 미검증
SYS-SIMULATION,1971:1125,1971,1125,관련 네트워크의 공유·연관 동작,실행·호출 순서 미검증
SYS-SIMULATION,1971:1129,1971,1129,관련 네트워크의 공유·연관 동작,실행·호출 순서 미검증
SYS-RUNHOURS,1002:92,1002,92,관련 네트워크의 공유·연관 동작,실행·호출 순서 미검증
SYS-RUNHOURS,1002:95,1002,95,관련 네트워크의 공유·연관 동작,실행·호출 순서 미검증
SYS-RUNHOURS,1002:98,1002,98,관련 네트워크의 공유·연관 동작,실행·호출 순서 미검증
SYS-RUNHOURS,1003:146,1003,146,관련 네트워크의 공유·연관 동작,실행·호출 순서 미검증
SYS-RUNHOURS,1003:149,1003,149,관련 네트워크의 공유·연관 동작,실행·호출 순서 미검증
SYS-RUNHOURS,1003:152,1003,152,관련 네트워크의 공유·연관 동작,실행·호출 순서 미검증
SYS-RUNHOURS,1004:200,1004,200,관련 네트워크의 공유·연관 동작,실행·호출 순서 미검증
SYS-RUNHOURS,1004:203,1004,203,관련 네트워크의 공유·연관 동작,실행·호출 순서 미검증
SYS-RUNHOURS,1004:206,1004,206,관련 네트워크의 공유·연관 동작,실행·호출 순서 미검증
SYS-RUNHOURS,1005:254,1005,254,관련 네트워크의 공유·연관 동작,실행·호출 순서 미검증
SYS-RUNHOURS,1005:257,1005,257,관련 네트워크의 공유·연관 동작,실행·호출 순서 미검증
SYS-RUNHOURS,1005:260,1005,260,관련 네트워크의 공유·연관 동작,실행·호출 순서 미검증
SYS-RUNHOURS,1006:308,1006,308,관련 네트워크의 공유·연관 동작,실행·호출 순서 미검증
SYS-RUNHOURS,1006:311,1006,311,관련 네트워크의 공유·연관 동작,실행·호출 순서 미검증
SYS-RUNHOURS,1006:314,1006,314,관련 네트워크의 공유·연관 동작,실행·호출 순서 미검증
SYS-RUNHOURS,1007:362,1007,362,관련 네트워크의 공유·연관 동작,실행·호출 순서 미검증
SYS-RUNHOURS,1007:365,1007,365,관련 네트워크의 공유·연관 동작,실행·호출 순서 미검증
SYS-RUNHOURS,1007:368,1007,368,관련 네트워크의 공유·연관 동작,실행·호출 순서 미검증
SYS-RUNHOURS,1008:416,1008,416,관련 네트워크의 공유·연관 동작,실행·호출 순서 미검증
SYS-RUNHOURS,1008:419,1008,419,관련 네트워크의 공유·연관 동작,실행·호출 순서 미검증
SYS-RUNHOURS,1008:422,1008,422,관련 네트워크의 공유·연관 동작,실행·호출 순서 미검증
SYS-RUNHOURS,1009:470,1009,470,관련 네트워크의 공유·연관 동작,실행·호출 순서 미검증
SYS-RUNHOURS,1009:473,1009,473,관련 네트워크의 공유·연관 동작,실행·호출 순서 미검증
SYS-RUNHOURS,1009:476,1009,476,관련 네트워크의 공유·연관 동작,실행·호출 순서 미검증
SYS-RUNHOURS,1010:524,1010,524,관련 네트워크의 공유·연관 동작,실행·호출 순서 미검증
SYS-RUNHOURS,1010:527,1010,527,관련 네트워크의 공유·연관 동작,실행·호출 순서 미검증
SYS-RUNHOURS,1010:530,1010,530,관련 네트워크의 공유·연관 동작,실행·호출 순서 미검증
SYS-RUNHOURS,1011:578,1011,578,관련 네트워크의 공유·연관 동작,실행·호출 순서 미검증
SYS-RUNHOURS,1011:581,1011,581,관련 네트워크의 공유·연관 동작,실행·호출 순서 미검증
SYS-RUNHOURS,1011:584,1011,584,관련 네트워크의 공유·연관 동작,실행·호출 순서 미검증
SYS-RUNHOURS,1012:740,1012,740,관련 네트워크의 공유·연관 동작,실행·호출 순서 미검증
SYS-RUNHOURS,1012:743,1012,743,관련 네트워크의 공유·연관 동작,실행·호출 순서 미검증
SYS-RUNHOURS,1012:746,1012,746,관련 네트워크의 공유·연관 동작,실행·호출 순서 미검증
SYS-RUNHOURS,1013:794,1013,794,관련 네트워크의 공유·연관 동작,실행·호출 순서 미검증
SYS-RUNHOURS,1013:797,1013,797,관련 네트워크의 공유·연관 동작,실행·호출 순서 미검증
SYS-RUNHOURS,1013:800,1013,800,관련 네트워크의 공유·연관 동작,실행·호출 순서 미검증
SYS-RUNHOURS,1014:848,1014,848,관련 네트워크의 공유·연관 동작,실행·호출 순서 미검증
SYS-RUNHOURS,1014:851,1014,851,관련 네트워크의 공유·연관 동작,실행·호출 순서 미검증
SYS-RUNHOURS,1014:854,1014,854,관련 네트워크의 공유·연관 동작,실행·호출 순서 미검증
SYS-RUNHOURS,1015:902,1015,902,관련 네트워크의 공유·연관 동작,실행·호출 순서 미검증
SYS-RUNHOURS,1015:905,1015,905,관련 네트워크의 공유·연관 동작,실행·호출 순서 미검증
SYS-RUNHOURS,1015:908,1015,908,관련 네트워크의 공유·연관 동작,실행·호출 순서 미검증
SYS-RUNHOURS,1016:956,1016,956,관련 네트워크의 공유·연관 동작,실행·호출 순서 미검증
SYS-RUNHOURS,1016:959,1016,959,관련 네트워크의 공유·연관 동작,실행·호출 순서 미검증
SYS-RUNHOURS,1016:962,1016,962,관련 네트워크의 공유·연관 동작,실행·호출 순서 미검증
SYS-RUNHOURS,1017:1064,1017,1064,관련 네트워크의 공유·연관 동작,실행·호출 순서 미검증
SYS-RUNHOURS,1017:1067,1017,1067,관련 네트워크의 공유·연관 동작,실행·호출 순서 미검증
SYS-RUNHOURS,1017:1070,1017,1070,관련 네트워크의 공유·연관 동작,실행·호출 순서 미검증
SYS-RUNHOURS,1018:1118,1018,1118,관련 네트워크의 공유·연관 동작,실행·호출 순서 미검증
SYS-RUNHOURS,1018:1121,1018,1121,관련 네트워크의 공유·연관 동작,실행·호출 순서 미검증
SYS-RUNHOURS,1018:1124,1018,1124,관련 네트워크의 공유·연관 동작,실행·호출 순서 미검증
SYS-RUNHOURS,1019:1172,1019,1172,관련 네트워크의 공유·연관 동작,실행·호출 순서 미검증
SYS-RUNHOURS,1019:1175,1019,1175,관련 네트워크의 공유·연관 동작,실행·호출 순서 미검증
SYS-RUNHOURS,1019:1178,1019,1178,관련 네트워크의 공유·연관 동작,실행·호출 순서 미검증
SYS-RUNHOURS,1020:1226,1020,1226,관련 네트워크의 공유·연관 동작,실행·호출 순서 미검증
SYS-RUNHOURS,1020:1229,1020,1229,관련 네트워크의 공유·연관 동작,실행·호출 순서 미검증
SYS-RUNHOURS,1020:1232,1020,1232,관련 네트워크의 공유·연관 동작,실행·호출 순서 미검증
SYS-RUNHOURS,1021:1280,1021,1280,관련 네트워크의 공유·연관 동작,실행·호출 순서 미검증
SYS-RUNHOURS,1021:1283,1021,1283,관련 네트워크의 공유·연관 동작,실행·호출 순서 미검증
SYS-RUNHOURS,1021:1286,1021,1286,관련 네트워크의 공유·연관 동작,실행·호출 순서 미검증
SYS-RUNHOURS,1022:1334,1022,1334,관련 네트워크의 공유·연관 동작,실행·호출 순서 미검증
SYS-RUNHOURS,1022:1337,1022,1337,관련 네트워크의 공유·연관 동작,실행·호출 순서 미검증
SYS-RUNHOURS,1022:1340,1022,1340,관련 네트워크의 공유·연관 동작,실행·호출 순서 미검증
SYS-RUNHOURS,1024:1442,1024,1442,관련 네트워크의 공유·연관 동작,실행·호출 순서 미검증
SYS-RUNHOURS,1024:1445,1024,1445,관련 네트워크의 공유·연관 동작,실행·호출 순서 미검증
SYS-RUNHOURS,1024:1448,1024,1448,관련 네트워크의 공유·연관 동작,실행·호출 순서 미검증
SYS-RUNHOURS,1026:1550,1026,1550,관련 네트워크의 공유·연관 동작,실행·호출 순서 미검증
SYS-RUNHOURS,1026:1553,1026,1553,관련 네트워크의 공유·연관 동작,실행·호출 순서 미검증
SYS-RUNHOURS,1026:1556,1026,1556,관련 네트워크의 공유·연관 동작,실행·호출 순서 미검증
SYS-RUNHOURS,1027:1604,1027,1604,관련 네트워크의 공유·연관 동작,실행·호출 순서 미검증
SYS-RUNHOURS,1027:1607,1027,1607,관련 네트워크의 공유·연관 동작,실행·호출 순서 미검증
SYS-RUNHOURS,1027:1610,1027,1610,관련 네트워크의 공유·연관 동작,실행·호출 순서 미검증
SYS-RUNHOURS,1028:1658,1028,1658,관련 네트워크의 공유·연관 동작,실행·호출 순서 미검증
SYS-RUNHOURS,1028:1661,1028,1661,관련 네트워크의 공유·연관 동작,실행·호출 순서 미검증
SYS-RUNHOURS,1028:1664,1028,1664,관련 네트워크의 공유·연관 동작,실행·호출 순서 미검증
SYS-RUNHOURS,1029:1712,1029,1712,관련 네트워크의 공유·연관 동작,실행·호출 순서 미검증
SYS-RUNHOURS,1029:1715,1029,1715,관련 네트워크의 공유·연관 동작,실행·호출 순서 미검증
SYS-RUNHOURS,1029:1718,1029,1718,관련 네트워크의 공유·연관 동작,실행·호출 순서 미검증
SYS-RUNHOURS,1030:1766,1030,1766,관련 네트워크의 공유·연관 동작,실행·호출 순서 미검증
SYS-RUNHOURS,1030:1769,1030,1769,관련 네트워크의 공유·연관 동작,실행·호출 순서 미검증
SYS-RUNHOURS,1030:1772,1030,1772,관련 네트워크의 공유·연관 동작,실행·호출 순서 미검증
SYS-RUNHOURS,1031:1820,1031,1820,관련 네트워크의 공유·연관 동작,실행·호출 순서 미검증
SYS-RUNHOURS,1031:1823,1031,1823,관련 네트워크의 공유·연관 동작,실행·호출 순서 미검증
SYS-RUNHOURS,1031:1826,1031,1826,관련 네트워크의 공유·연관 동작,실행·호출 순서 미검증
SYS-RUNHOURS,1032:1874,1032,1874,관련 네트워크의 공유·연관 동작,실행·호출 순서 미검증
SYS-RUNHOURS,1032:1877,1032,1877,관련 네트워크의 공유·연관 동작,실행·호출 순서 미검증
SYS-RUNHOURS,1032:1880,1032,1880,관련 네트워크의 공유·연관 동작,실행·호출 순서 미검증
SYS-RUNHOURS,1033:1928,1033,1928,관련 네트워크의 공유·연관 동작,실행·호출 순서 미검증
SYS-RUNHOURS,1033:1931,1033,1931,관련 네트워크의 공유·연관 동작,실행·호출 순서 미검증
SYS-RUNHOURS,1033:1934,1033,1934,관련 네트워크의 공유·연관 동작,실행·호출 순서 미검증
SYS-RUNHOURS,1035:2036,1035,2036,관련 네트워크의 공유·연관 동작,실행·호출 순서 미검증
SYS-RUNHOURS,1035:2039,1035,2039,관련 네트워크의 공유·연관 동작,실행·호출 순서 미검증
SYS-RUNHOURS,1035:2042,1035,2042,관련 네트워크의 공유·연관 동작,실행·호출 순서 미검증
SYS-RUNHOURS,1036:2090,1036,2090,관련 네트워크의 공유·연관 동작,실행·호출 순서 미검증
SYS-RUNHOURS,1036:2093,1036,2093,관련 네트워크의 공유·연관 동작,실행·호출 순서 미검증
SYS-RUNHOURS,1036:2096,1036,2096,관련 네트워크의 공유·연관 동작,실행·호출 순서 미검증
SYS-RUNHOURS,1037:2144,1037,2144,관련 네트워크의 공유·연관 동작,실행·호출 순서 미검증
SYS-RUNHOURS,1037:2147,1037,2147,관련 네트워크의 공유·연관 동작,실행·호출 순서 미검증
SYS-RUNHOURS,1037:2150,1037,2150,관련 네트워크의 공유·연관 동작,실행·호출 순서 미검증
SYS-RUNHOURS,1038:2198,1038,2198,관련 네트워크의 공유·연관 동작,실행·호출 순서 미검증
SYS-RUNHOURS,1038:2201,1038,2201,관련 네트워크의 공유·연관 동작,실행·호출 순서 미검증
SYS-RUNHOURS,1038:2204,1038,2204,관련 네트워크의 공유·연관 동작,실행·호출 순서 미검증
SYS-RUNHOURS,1039:2252,1039,2252,관련 네트워크의 공유·연관 동작,실행·호출 순서 미검증
SYS-RUNHOURS,1039:2255,1039,2255,관련 네트워크의 공유·연관 동작,실행·호출 순서 미검증
SYS-RUNHOURS,1039:2258,1039,2258,관련 네트워크의 공유·연관 동작,실행·호출 순서 미검증
SYS-RUNHOURS,1040:2306,1040,2306,관련 네트워크의 공유·연관 동작,실행·호출 순서 미검증
SYS-RUNHOURS,1040:2309,1040,2309,관련 네트워크의 공유·연관 동작,실행·호출 순서 미검증
SYS-RUNHOURS,1040:2312,1040,2312,관련 네트워크의 공유·연관 동작,실행·호출 순서 미검증
SYS-RUNHOURS,1041:2360,1041,2360,관련 네트워크의 공유·연관 동작,실행·호출 순서 미검증
SYS-RUNHOURS,1041:2363,1041,2363,관련 네트워크의 공유·연관 동작,실행·호출 순서 미검증
SYS-RUNHOURS,1041:2366,1041,2366,관련 네트워크의 공유·연관 동작,실행·호출 순서 미검증
SYS-RUNHOURS,1042:2414,1042,2414,관련 네트워크의 공유·연관 동작,실행·호출 순서 미검증
SYS-RUNHOURS,1042:2417,1042,2417,관련 네트워크의 공유·연관 동작,실행·호출 순서 미검증
SYS-RUNHOURS,1042:2420,1042,2420,관련 네트워크의 공유·연관 동작,실행·호출 순서 미검증
SYS-RUNHOURS,1043:2468,1043,2468,관련 네트워크의 공유·연관 동작,실행·호출 순서 미검증
SYS-RUNHOURS,1043:2471,1043,2471,관련 네트워크의 공유·연관 동작,실행·호출 순서 미검증
SYS-RUNHOURS,1043:2474,1043,2474,관련 네트워크의 공유·연관 동작,실행·호출 순서 미검증
SYS-RUNHOURS,1044:2522,1044,2522,관련 네트워크의 공유·연관 동작,실행·호출 순서 미검증
SYS-RUNHOURS,1044:2525,1044,2525,관련 네트워크의 공유·연관 동작,실행·호출 순서 미검증
SYS-RUNHOURS,1044:2528,1044,2528,관련 네트워크의 공유·연관 동작,실행·호출 순서 미검증
SYS-RUNHOURS,1045:2574,1045,2574,관련 네트워크의 공유·연관 동작,실행·호출 순서 미검증
SYS-RUNHOURS,1045:2577,1045,2577,관련 네트워크의 공유·연관 동작,실행·호출 순서 미검증
SYS-RUNHOURS,1045:2580,1045,2580,관련 네트워크의 공유·연관 동작,실행·호출 순서 미검증
SYS-RUNHOURS,1045:2583,1045,2583,관련 네트워크의 공유·연관 동작,실행·호출 순서 미검증
SYS-RUNHOURS,1045:2586,1045,2586,관련 네트워크의 공유·연관 동작,실행·호출 순서 미검증
SYS-RUNHOURS,1046:2636,1046,2636,관련 네트워크의 공유·연관 동작,실행·호출 순서 미검증
SYS-RUNHOURS,1046:2639,1046,2639,관련 네트워크의 공유·연관 동작,실행·호출 순서 미검증
SYS-RUNHOURS,1046:2642,1046,2642,관련 네트워크의 공유·연관 동작,실행·호출 순서 미검증
SYS-RUNHOURS,1046:2645,1046,2645,관련 네트워크의 공유·연관 동작,실행·호출 순서 미검증
SYS-RUNHOURS,1046:2648,1046,2648,관련 네트워크의 공유·연관 동작,실행·호출 순서 미검증
SYS-RUNHOURS,1047:2698,1047,2698,관련 네트워크의 공유·연관 동작,실행·호출 순서 미검증
SYS-RUNHOURS,1047:2701,1047,2701,관련 네트워크의 공유·연관 동작,실행·호출 순서 미검증
SYS-RUNHOURS,1047:2704,1047,2704,관련 네트워크의 공유·연관 동작,실행·호출 순서 미검증
SYS-RUNHOURS,1047:2707,1047,2707,관련 네트워크의 공유·연관 동작,실행·호출 순서 미검증
SYS-RUNHOURS,1047:2710,1047,2710,관련 네트워크의 공유·연관 동작,실행·호출 순서 미검증
SYS-RUNHOURS,1048:2760,1048,2760,관련 네트워크의 공유·연관 동작,실행·호출 순서 미검증
SYS-RUNHOURS,1048:2763,1048,2763,관련 네트워크의 공유·연관 동작,실행·호출 순서 미검증
SYS-RUNHOURS,1048:2766,1048,2766,관련 네트워크의 공유·연관 동작,실행·호출 순서 미검증
SYS-RUNHOURS,1048:2769,1048,2769,관련 네트워크의 공유·연관 동작,실행·호출 순서 미검증
SYS-RUNHOURS,1048:2772,1048,2772,관련 네트워크의 공유·연관 동작,실행·호출 순서 미검증
SYS-RUNHOURS,1049:2822,1049,2822,관련 네트워크의 공유·연관 동작,실행·호출 순서 미검증
SYS-RUNHOURS,1049:2825,1049,2825,관련 네트워크의 공유·연관 동작,실행·호출 순서 미검증
SYS-RUNHOURS,1049:2828,1049,2828,관련 네트워크의 공유·연관 동작,실행·호출 순서 미검증
SYS-RUNHOURS,1049:2831,1049,2831,관련 네트워크의 공유·연관 동작,실행·호출 순서 미검증
SYS-RUNHOURS,1049:2834,1049,2834,관련 네트워크의 공유·연관 동작,실행·호출 순서 미검증
SYS-RUNHOURS,1050:2884,1050,2884,관련 네트워크의 공유·연관 동작,실행·호출 순서 미검증
SYS-RUNHOURS,1050:2887,1050,2887,관련 네트워크의 공유·연관 동작,실행·호출 순서 미검증
SYS-RUNHOURS,1050:2890,1050,2890,관련 네트워크의 공유·연관 동작,실행·호출 순서 미검증
SYS-RUNHOURS,1050:2893,1050,2893,관련 네트워크의 공유·연관 동작,실행·호출 순서 미검증
SYS-RUNHOURS,1050:2896,1050,2896,관련 네트워크의 공유·연관 동작,실행·호출 순서 미검증
SYS-RUNHOURS,1051:2946,1051,2946,관련 네트워크의 공유·연관 동작,실행·호출 순서 미검증
SYS-RUNHOURS,1051:2949,1051,2949,관련 네트워크의 공유·연관 동작,실행·호출 순서 미검증
SYS-RUNHOURS,1051:2952,1051,2952,관련 네트워크의 공유·연관 동작,실행·호출 순서 미검증
SYS-RUNHOURS,1051:2955,1051,2955,관련 네트워크의 공유·연관 동작,실행·호출 순서 미검증
SYS-RUNHOURS,1051:2958,1051,2958,관련 네트워크의 공유·연관 동작,실행·호출 순서 미검증
SYS-RUNHOURS,1052:3008,1052,3008,관련 네트워크의 공유·연관 동작,실행·호출 순서 미검증
SYS-RUNHOURS,1052:3011,1052,3011,관련 네트워크의 공유·연관 동작,실행·호출 순서 미검증
SYS-RUNHOURS,1052:3014,1052,3014,관련 네트워크의 공유·연관 동작,실행·호출 순서 미검증
SYS-RUNHOURS,1052:3017,1052,3017,관련 네트워크의 공유·연관 동작,실행·호출 순서 미검증
SYS-RUNHOURS,1052:3020,1052,3020,관련 네트워크의 공유·연관 동작,실행·호출 순서 미검증
SYS-RUNHOURS,1053:3070,1053,3070,관련 네트워크의 공유·연관 동작,실행·호출 순서 미검증
SYS-RUNHOURS,1053:3073,1053,3073,관련 네트워크의 공유·연관 동작,실행·호출 순서 미검증
SYS-RUNHOURS,1053:3076,1053,3076,관련 네트워크의 공유·연관 동작,실행·호출 순서 미검증
SYS-RUNHOURS,1053:3079,1053,3079,관련 네트워크의 공유·연관 동작,실행·호출 순서 미검증
SYS-RUNHOURS,1053:3082,1053,3082,관련 네트워크의 공유·연관 동작,실행·호출 순서 미검증
SYS-RUNHOURS,1054:3076,1054,3076,관련 네트워크의 공유·연관 동작,실행·호출 순서 미검증
SYS-RUNHOURS,1055:3110,1055,3110,관련 네트워크의 공유·연관 동작,실행·호출 순서 미검증
SYS-RUNHOURS,1055:3118,1055,3118,관련 네트워크의 공유·연관 동작,실행·호출 순서 미검증
SYS-RUNHOURS,1055:3123,1055,3123,관련 네트워크의 공유·연관 동작,실행·호출 순서 미검증
SYS-RUNHOURS,1056:3112,1056,3112,관련 네트워크의 공유·연관 동작,실행·호출 순서 미검증
SYS-RUNHOURS,1721:165,1721,165,관련 네트워크의 공유·연관 동작,실행·호출 순서 미검증
SYS-COUNTERS,935:311,935,311,관련 네트워크의 공유·연관 동작,실행·호출 순서 미검증
SYS-COUNTERS,935:316,935,316,관련 네트워크의 공유·연관 동작,실행·호출 순서 미검증
SYS-COUNTERS,1735:209,1735,209,관련 네트워크의 공유·연관 동작,실행·호출 순서 미검증
SYS-COUNTERS,1736:284,1736,284,관련 네트워크의 공유·연관 동작,실행·호출 순서 미검증
SYS-COUNTERS,1754:669,1754,669,관련 네트워크의 공유·연관 동작,실행·호출 순서 미검증
SYS-COUNTERS,1761:917,1761,917,관련 네트워크의 공유·연관 동작,실행·호출 순서 미검증
SYS-COUNTERS,1761:922,1761,922,관련 네트워크의 공유·연관 동작,실행·호출 순서 미검증
SYS-COUNTERS,1761:927,1761,927,관련 네트워크의 공유·연관 동작,실행·호출 순서 미검증
SYS-COUNTERS,1761:932,1761,932,관련 네트워크의 공유·연관 동작,실행·호출 순서 미검증
SYS-COUNTERS,1761:937,1761,937,관련 네트워크의 공유·연관 동작,실행·호출 순서 미검증
SYS-COUNTERS,1762:1025,1762,1025,관련 네트워크의 공유·연관 동작,실행·호출 순서 미검증
SYS-COUNTERS,1762:1038,1762,1038,관련 네트워크의 공유·연관 동작,실행·호출 순서 미검증
SYS-COUNTERS,1762:1047,1762,1047,관련 네트워크의 공유·연관 동작,실행·호출 순서 미검증
SYS-COUNTERS,1762:1052,1762,1052,관련 네트워크의 공유·연관 동작,실행·호출 순서 미검증
SYS-COUNTERS,1763:23,1763,23,관련 네트워크의 공유·연관 동작,실행·호출 순서 미검증
SYS-COUNTERS,1763:26,1763,26,관련 네트워크의 공유·연관 동작,실행·호출 순서 미검증
SYS-COUNTERS,1763:28,1763,28,관련 네트워크의 공유·연관 동작,실행·호출 순서 미검증
SYS-COUNTERS,1763:29,1763,29,관련 네트워크의 공유·연관 동작,실행·호출 순서 미검증
SYS-COUNTERS,1764:1129,1764,1129,관련 네트워크의 공유·연관 동작,실행·호출 순서 미검증
SYS-COUNTERS,1764:1142,1764,1142,관련 네트워크의 공유·연관 동작,실행·호출 순서 미검증
SYS-COUNTERS,1764:1151,1764,1151,관련 네트워크의 공유·연관 동작,실행·호출 순서 미검증
SYS-COUNTERS,1764:1156,1764,1156,관련 네트워크의 공유·연관 동작,실행·호출 순서 미검증
SYS-COUNTERS,1765:1233,1765,1233,관련 네트워크의 공유·연관 동작,실행·호출 순서 미검증
SYS-COUNTERS,1765:1246,1765,1246,관련 네트워크의 공유·연관 동작,실행·호출 순서 미검증
SYS-COUNTERS,1765:1255,1765,1255,관련 네트워크의 공유·연관 동작,실행·호출 순서 미검증
SYS-COUNTERS,1765:1260,1765,1260,관련 네트워크의 공유·연관 동작,실행·호출 순서 미검증
SYS-COUNTERS,1766:1441,1766,1441,관련 네트워크의 공유·연관 동작,실행·호출 순서 미검증
SYS-COUNTERS,1766:1454,1766,1454,관련 네트워크의 공유·연관 동작,실행·호출 순서 미검증
SYS-COUNTERS,1766:1463,1766,1463,관련 네트워크의 공유·연관 동작,실행·호출 순서 미검증
SYS-COUNTERS,1766:1468,1766,1468,관련 네트워크의 공유·연관 동작,실행·호출 순서 미검증
SYS-COUNTERS,8:32,8,32,관련 네트워크의 공유·연관 동작,실행·호출 순서 미검증
SYS-COUNTERS,12:362,12,362,관련 네트워크의 공유·연관 동작,실행·호출 순서 미검증
SYS-LEGACY,1684:409,1684,409,관련 네트워크의 공유·연관 동작,실행·호출 순서 미검증
SYS-LEGACY,1684:417,1684,417,관련 네트워크의 공유·연관 동작,실행·호출 순서 미검증
SYS-LEGACY,1685:460,1685,460,관련 네트워크의 공유·연관 동작,실행·호출 순서 미검증
SYS-LEGACY,1685:468,1685,468,관련 네트워크의 공유·연관 동작,실행·호출 순서 미검증
SYS-LEGACY,1843:410,1843,410,관련 네트워크의 공유·연관 동작,실행·호출 순서 미검증
SYS-LEGACY,1843:412,1843,412,관련 네트워크의 공유·연관 동작,실행·호출 순서 미검증
SYS-LEGACY,1843:420,1843,420,관련 네트워크의 공유·연관 동작,실행·호출 순서 미검증
SYS-LEGACY,1843:422,1843,422,관련 네트워크의 공유·연관 동작,실행·호출 순서 미검증
SYS-LEGACY,1843:424,1843,424,관련 네트워크의 공유·연관 동작,실행·호출 순서 미검증
SYS-LEGACY,1843:432,1843,432,관련 네트워크의 공유·연관 동작,실행·호출 순서 미검증
SYS-LEGACY,1843:434,1843,434,관련 네트워크의 공유·연관 동작,실행·호출 순서 미검증
SYS-LEGACY,1843:436,1843,436,관련 네트워크의 공유·연관 동작,실행·호출 순서 미검증
SYS-LEGACY,1843:443,1843,443,관련 네트워크의 공유·연관 동작,실행·호출 순서 미검증
SYS-LEGACY,1843:449,1843,449,관련 네트워크의 공유·연관 동작,실행·호출 순서 미검증
SYS-LEGACY,1843:456,1843,456,관련 네트워크의 공유·연관 동작,실행·호출 순서 미검증
SYS-LEGACY,1843:458,1843,458,관련 네트워크의 공유·연관 동작,실행·호출 순서 미검증
SYS-LEGACY,1843:460,1843,460,관련 네트워크의 공유·연관 동작,실행·호출 순서 미검증
SYS-LEGACY,1843:462,1843,462,관련 네트워크의 공유·연관 동작,실행·호출 순서 미검증
SYS-LEGACY,1843:469,1843,469,관련 네트워크의 공유·연관 동작,실행·호출 순서 미검증
SYS-LEGACY,1843:478,1843,478,관련 네트워크의 공유·연관 동작,실행·호출 순서 미검증
SYS-LEGACY,1843:481,1843,481,관련 네트워크의 공유·연관 동작,실행·호출 순서 미검증
SYS-LEGACY,1843:492,1843,492,관련 네트워크의 공유·연관 동작,실행·호출 순서 미검증
SYS-LEGACY,1843:102,1843,102,관련 네트워크의 공유·연관 동작,실행·호출 순서 미검증
SYS-LEGACY,1843:495,1843,495,관련 네트워크의 공유·연관 동작,실행·호출 순서 미검증
SYS-LEGACY,1843:500,1843,500,관련 네트워크의 공유·연관 동작,실행·호출 순서 미검증
SYS-LEGACY,1843:506,1843,506,관련 네트워크의 공유·연관 동작,실행·호출 순서 미검증
SYS-LEGACY,1843:34,1843,34,관련 네트워크의 공유·연관 동작,실행·호출 순서 미검증
SYS-LEGACY,1843:513,1843,513,관련 네트워크의 공유·연관 동작,실행·호출 순서 미검증
SYS-LEGACY,1843:515,1843,515,관련 네트워크의 공유·연관 동작,실행·호출 순서 미검증
SYS-LEGACY,1843:517,1843,517,관련 네트워크의 공유·연관 동작,실행·호출 순서 미검증
SYS-LEGACY,1843:527,1843,527,관련 네트워크의 공유·연관 동작,실행·호출 순서 미검증
SYS-LEGACY,1843:530,1843,530,관련 네트워크의 공유·연관 동작,실행·호출 순서 미검증
SYS-LEGACY,1843:539,1843,539,관련 네트워크의 공유·연관 동작,실행·호출 순서 미검증
SYS-LEGACY,1843:545,1843,545,관련 네트워크의 공유·연관 동작,실행·호출 순서 미검증
SYS-LEGACY,1843:552,1843,552,관련 네트워크의 공유·연관 동작,실행·호출 순서 미검증
SYS-LEGACY,1843:554,1843,554,관련 네트워크의 공유·연관 동작,실행·호출 순서 미검증
SYS-LEGACY,1843:568,1843,568,관련 네트워크의 공유·연관 동작,실행·호출 순서 미검증
SYS-LEGACY,1843:573,1843,573,관련 네트워크의 공유·연관 동작,실행·호출 순서 미검증
SYS-LEGACY,1843:578,1843,578,관련 네트워크의 공유·연관 동작,실행·호출 순서 미검증
SYS-LEGACY,1843:581,1843,581,관련 네트워크의 공유·연관 동작,실행·호출 순서 미검증
SYS-LEGACY,1843:587,1843,587,관련 네트워크의 공유·연관 동작,실행·호출 순서 미검증
SYS-LEGACY,1843:828,1843,828,관련 네트워크의 공유·연관 동작,실행·호출 순서 미검증
SYS-LEGACY,1843:837,1843,837,관련 네트워크의 공유·연관 동작,실행·호출 순서 미검증
SYS-LEGACY,1843:838,1843,838,관련 네트워크의 공유·연관 동작,실행·호출 순서 미검증
SYS-LEGACY,1844:747,1844,747,관련 네트워크의 공유·연관 동작,실행·호출 순서 미검증
SYS-LEGACY,1844:749,1844,749,관련 네트워크의 공유·연관 동작,실행·호출 순서 미검증
SYS-LEGACY,1844:757,1844,757,관련 네트워크의 공유·연관 동작,실행·호출 순서 미검증
SYS-LEGACY,1844:759,1844,759,관련 네트워크의 공유·연관 동작,실행·호출 순서 미검증
SYS-LEGACY,1844:761,1844,761,관련 네트워크의 공유·연관 동작,실행·호출 순서 미검증
SYS-LEGACY,1844:769,1844,769,관련 네트워크의 공유·연관 동작,실행·호출 순서 미검증
SYS-LEGACY,1844:771,1844,771,관련 네트워크의 공유·연관 동작,실행·호출 순서 미검증
SYS-LEGACY,1844:773,1844,773,관련 네트워크의 공유·연관 동작,실행·호출 순서 미검증
SYS-LEGACY,1844:780,1844,780,관련 네트워크의 공유·연관 동작,실행·호출 순서 미검증
SYS-LEGACY,1844:786,1844,786,관련 네트워크의 공유·연관 동작,실행·호출 순서 미검증
SYS-LEGACY,1844:793,1844,793,관련 네트워크의 공유·연관 동작,실행·호출 순서 미검증
SYS-LEGACY,1844:799,1844,799,관련 네트워크의 공유·연관 동작,실행·호출 순서 미검증
SYS-LEGACY,1844:805,1844,805,관련 네트워크의 공유·연관 동작,실행·호출 순서 미검증
SYS-LEGACY,1844:811,1844,811,관련 네트워크의 공유·연관 동작,실행·호출 순서 미검증
SYS-LEGACY,1844:817,1844,817,관련 네트워크의 공유·연관 동작,실행·호출 순서 미검증
SYS-LEGACY,1844:826,1844,826,관련 네트워크의 공유·연관 동작,실행·호출 순서 미검증
SYS-LEGACY,1844:829,1844,829,관련 네트워크의 공유·연관 동작,실행·호출 순서 미검증
SYS-LEGACY,1844:1158,1844,1158,관련 네트워크의 공유·연관 동작,실행·호출 순서 미검증
SYS-LEGACY,1844:1162,1844,1162,관련 네트워크의 공유·연관 동작,실행·호출 순서 미검증
SYS-LEGACY,1844:850,1844,850,관련 네트워크의 공유·연관 동작,실행·호출 순서 미검증
SYS-LEGACY,1844:852,1844,852,관련 네트워크의 공유·연관 동작,실행·호출 순서 미검증
SYS-LEGACY,1844:854,1844,854,관련 네트워크의 공유·연관 동작,실행·호출 순서 미검증
SYS-LEGACY,1844:864,1844,864,관련 네트워크의 공유·연관 동작,실행·호출 순서 미검증
SYS-LEGACY,1844:867,1844,867,관련 네트워크의 공유·연관 동작,실행·호출 순서 미검증
SYS-LEGACY,1844:878,1844,878,관련 네트워크의 공유·연관 동작,실행·호출 순서 미검증
SYS-LEGACY,1844:881,1844,881,관련 네트워크의 공유·연관 동작,실행·호출 순서 미검증
SYS-LEGACY,1844:889,1844,889,관련 네트워크의 공유·연관 동작,실행·호출 순서 미검증
SYS-LEGACY,1844:896,1844,896,관련 네트워크의 공유·연관 동작,실행·호출 순서 미검증
SYS-LEGACY,1844:898,1844,898,관련 네트워크의 공유·연관 동작,실행·호출 순서 미검증
SYS-LEGACY,1844:912,1844,912,관련 네트워크의 공유·연관 동작,실행·호출 순서 미검증
SYS-LEGACY,1844:917,1844,917,관련 네트워크의 공유·연관 동작,실행·호출 순서 미검증
SYS-LEGACY,1844:922,1844,922,관련 네트워크의 공유·연관 동작,실행·호출 순서 미검증
SYS-LEGACY,1844:925,1844,925,관련 네트워크의 공유·연관 동작,실행·호출 순서 미검증
SYS-LEGACY,1844:931,1844,931,관련 네트워크의 공유·연관 동작,실행·호출 순서 미검증
SYS-LEGACY,1845:60,1845,60,관련 네트워크의 공유·연관 동작,실행·호출 순서 미검증
SYS-LEGACY,1845:65,1845,65,관련 네트워크의 공유·연관 동작,실행·호출 순서 미검증
SYS-LEGACY,1845:70,1845,70,관련 네트워크의 공유·연관 동작,실행·호출 순서 미검증
SYS-LEGACY,1845:74,1845,74,관련 네트워크의 공유·연관 동작,실행·호출 순서 미검증
SYS-LEGACY,1845:78,1845,78,관련 네트워크의 공유·연관 동작,실행·호출 순서 미검증
SYS-LEGACY,1864:536,1864,536,관련 심볼 이름과 대상 일치,실행·호출 순서 미검증
SYS-LEGACY,1864:542,1864,542,관련 심볼 이름과 대상 일치,실행·호출 순서 미검증
SYS-LEGACY,1936:236,1936,236,관련 네트워크의 공유·연관 동작,실행·호출 순서 미검증
SYS-LEGACY,1936:240,1936,240,관련 네트워크의 공유·연관 동작,실행·호출 순서 미검증
SYS-LEGACY,1951:685,1951,685,관련 네트워크의 공유·연관 동작,실행·호출 순서 미검증
SYS-LEGACY,1951:689,1951,689,관련 네트워크의 공유·연관 동작,실행·호출 순서 미검증
