블록,네트워크 문서,Wire UID,연결 끝점
hmi standard motors,331,21,Powerrail {} ↔ Part 23.in ↔ Part 33.in ↔ Part 36.in ↔ Part 39.in ↔ Part 46.in ↔ Part 30.in
hmi standard motors,331,22,ORef 24 (Ingresso_run) ↔ Part 23.operand
hmi standard motors,331,25,Part 23.out ↔ Part 27.in
hmi standard motors,331,26,ORef 28 (Risposta) ↔ Part 27.operand
hmi standard motors,331,32,ORef 34 (Allarme1) ↔ Part 33.operand
hmi standard motors,331,42,Part 33.out ↔ Part 41.in1
hmi standard motors,331,35,ORef 37 (Allarme2) ↔ Part 36.operand
hmi standard motors,331,43,Part 36.out ↔ Part 41.in2
hmi standard motors,331,38,ORef 40 (Allarme3) ↔ Part 39.operand
hmi standard motors,331,44,Part 39.out ↔ Part 41.in3
hmi standard motors,331,45,ORef 47 (Allarme4) ↔ Part 46.operand
hmi standard motors,331,48,Part 46.out ↔ Part 41.in4
hmi standard motors,331,29,ORef 31 (Allarme5) ↔ Part 30.operand
hmi standard motors,331,49,Part 30.out ↔ Part 41.in5
hmi standard motors,331,57,Part 41.out ↔ Part 59.in
hmi standard motors,331,58,ORef 60 (Comulativo_allarmi) ↔ Part 59.operand
hmi standard motorized valve,336,21,Powerrail {} ↔ Part 23.in ↔ Part 89.in ↔ Part 33.in ↔ Part 36.in ↔ Part 39.in ↔ Part 46.in ↔ Part 30.in ↔ Part 97.in ↔ Part 105.in
hmi standard motorized valve,336,22,ORef 24 (RefId 16) ↔ Part 23.operand
hmi standard motorized valve,336,25,Part 23.out ↔ Part 27.in
hmi standard motorized valve,336,26,ORef 28 (RefId 17) ↔ Part 27.operand
hmi standard motorized valve,336,94,ORef 91 (Ingresso_run_Closing) ↔ Part 89.operand
hmi standard motorized valve,336,95,Part 89.out ↔ Part 90.in
hmi standard motorized valve,336,96,ORef 92 (Risposta_Closing) ↔ Part 90.operand
hmi standard motorized valve,336,32,ORef 34 (Allarme1) ↔ Part 33.operand
hmi standard motorized valve,336,42,Part 33.out ↔ Part 41.in1
hmi standard motorized valve,336,35,ORef 37 (Allarme2) ↔ Part 36.operand
hmi standard motorized valve,336,43,Part 36.out ↔ Part 41.in2
hmi standard motorized valve,336,38,ORef 40 (Allarme3) ↔ Part 39.operand
hmi standard motorized valve,336,44,Part 39.out ↔ Part 41.in3
hmi standard motorized valve,336,45,ORef 47 (Allarme4) ↔ Part 46.operand
hmi standard motorized valve,336,48,Part 46.out ↔ Part 41.in4
hmi standard motorized valve,336,29,ORef 31 (Allarme5) ↔ Part 30.operand
hmi standard motorized valve,336,49,Part 30.out ↔ Part 41.in5
hmi standard motorized valve,336,57,Part 41.out ↔ Part 59.in
hmi standard motorized valve,336,58,ORef 60 (Comulativo_allarmi) ↔ Part 59.operand
hmi standard motorized valve,336,102,ORef 99 (Limit_switch_Open) ↔ Part 97.operand
hmi standard motorized valve,336,103,Part 97.out ↔ Part 98.in
hmi standard motorized valve,336,104,ORef 100 (Limit_Switch_Open_HMI) ↔ Part 98.operand
hmi standard motorized valve,336,110,ORef 107 (Limiti_Switch_Close) ↔ Part 105.operand
hmi standard motorized valve,336,111,Part 105.out ↔ Part 106.in
hmi standard motorized valve,336,112,ORef 108 (Limit_Switch_Close_HMI) ↔ Part 106.operand
hmi pv_1gate,341,21,Powerrail {} ↔ Part 23.in ↔ Part 26.in ↔ Part 29.in ↔ Part 32.in ↔ Part 34.in ↔ Part 35.in ↔ Part 36.in ↔ Part 37.in
hmi pv_1gate,341,22,ORef 24 (LS_Open) ↔ Part 23.operand
hmi pv_1gate,341,64,Part 23.out ↔ Part 66.in
hmi pv_1gate,341,65,ORef 67 (HMI_LS_Open) ↔ Part 66.operand
hmi pv_1gate,341,25,ORef 27 (LS_Close) ↔ Part 26.operand
hmi pv_1gate,341,60,Part 26.out ↔ Part 62.in
hmi pv_1gate,341,61,ORef 63 (HMI_LS_Close) ↔ Part 62.operand
hmi pv_1gate,341,28,ORef 30 (Selector) ↔ Part 29.operand
hmi pv_1gate,341,56,Part 29.out ↔ Part 58.in
hmi pv_1gate,341,57,ORef 59 (HMI_Selectoor) ↔ Part 58.operand
hmi pv_1gate,341,31,ORef 33 (Allarm1) ↔ Part 32.operand
hmi pv_1gate,341,51,Part 32.out ↔ Part 42.in1
hmi pv_1gate,341,43,ORef 38 (Allarm2) ↔ Part 34.operand
hmi pv_1gate,341,50,Part 34.out ↔ Part 42.in2
hmi pv_1gate,341,44,ORef 39 (Allarm3) ↔ Part 35.operand
hmi pv_1gate,341,49,Part 35.out ↔ Part 42.in3
hmi pv_1gate,341,45,ORef 40 (Allarm4) ↔ Part 36.operand
hmi pv_1gate,341,47,Part 36.out ↔ Part 42.in4
hmi pv_1gate,341,46,ORef 41 (Allarm5) ↔ Part 37.operand
hmi pv_1gate,341,48,Part 37.out ↔ Part 42.in5
hmi pv_1gate,341,52,Part 42.out ↔ Part 54.in
hmi pv_1gate,341,53,ORef 55 (Total_Allarms) ↔ Part 54.operand
hmi pv_2gate,347,21,Powerrail {} ↔ Part 22.in ↔ Part 24.in ↔ Part 69.in ↔ Part 71.in ↔ Part 26.in ↔ Part 84.in ↔ Part 28.in ↔ Part 29.in ↔ Part 30.in ↔ Part 31.in ↔ Part 32.in ↔ Part 88.in ↔ Part 94.in
hmi pv_2gate,347,48,ORef 35 (GateA_Open) ↔ Part 22.operand
hmi pv_2gate,347,49,Part 22.out ↔ Part 23.in
hmi pv_2gate,347,50,ORef 36 (HMI_GateA_Open) ↔ Part 23.operand
hmi pv_2gate,347,51,ORef 37 (GateA_Close) ↔ Part 24.operand
hmi pv_2gate,347,52,Part 24.out ↔ Part 25.in
hmi pv_2gate,347,53,ORef 38 (HMI_GateA_Close) ↔ Part 25.operand
hmi pv_2gate,347,78,ORef 73 (GateB_Open) ↔ Part 69.operand
hmi pv_2gate,347,79,Part 69.out ↔ Part 70.in
hmi pv_2gate,347,80,ORef 74 (HMI_GateB_Open) ↔ Part 70.operand
hmi pv_2gate,347,81,ORef 75 (GateB_Close) ↔ Part 71.operand
hmi pv_2gate,347,82,Part 71.out ↔ Part 72.in
hmi pv_2gate,347,83,ORef 76 (HMI_GateB_Close) ↔ Part 72.operand
hmi pv_2gate,347,54,ORef 39 (Selector_GateA) ↔ Part 26.operand
hmi pv_2gate,347,55,Part 26.out ↔ Part 27.in
hmi pv_2gate,347,56,ORef 40 (HMI_Selector_GateA) ↔ Part 27.operand
hmi pv_2gate,347,89,ORef 86 (Selector_GateB) ↔ Part 84.operand
hmi pv_2gate,347,90,Part 84.out ↔ Part 85.in
hmi pv_2gate,347,91,ORef 87 (HMI_Selector_GateB) ↔ Part 85.operand
hmi pv_2gate,347,57,ORef 41 (Allarm1) ↔ Part 28.operand
hmi pv_2gate,347,58,Part 28.out ↔ Part 33.in1
hmi pv_2gate,347,59,ORef 42 (Allarm2) ↔ Part 29.operand
hmi pv_2gate,347,60,Part 29.out ↔ Part 33.in2
hmi pv_2gate,347,61,ORef 43 (Allarm3) ↔ Part 30.operand
hmi pv_2gate,347,62,Part 30.out ↔ Part 33.in3
hmi pv_2gate,347,63,ORef 44 (Allarm4) ↔ Part 31.operand
hmi pv_2gate,347,64,Part 31.out ↔ Part 33.in4
hmi pv_2gate,347,65,ORef 45 (Allarm5) ↔ Part 32.operand
hmi pv_2gate,347,66,Part 32.out ↔ Part 33.in5
hmi pv_2gate,347,77,ORef 92 (Allarm6) ↔ Part 88.operand
hmi pv_2gate,347,97,Part 88.out ↔ Part 33.in6
hmi pv_2gate,347,93,ORef 95 (Allarm7) ↔ Part 94.operand
hmi pv_2gate,347,98,Part 94.out ↔ Part 33.in7
hmi pv_2gate,347,67,Part 33.out ↔ Part 34.in
hmi pv_2gate,347,68,ORef 46 (Total_Allarms) ↔ Part 34.operand
hmi output,356,21,Powerrail {} ↔ Part 22.en ↔ Part 25.en ↔ Part 28.en ↔ Part 31.en
hmi output,356,56,ORef 33 (Tag_280) ↔ Part 22.in
hmi output,356,57,Part 22.eno ↔ Part 23.en
hmi output,356,58,Part 22.out1 ↔ ORef 34 (RefId 27)
hmi output,356,59,ORef 35 (Tag_281) ↔ Part 23.in
hmi output,356,60,Part 23.eno ↔ Part 24.en
hmi output,356,61,Part 23.out1 ↔ ORef 36 (RefId 50)
hmi output,356,62,ORef 37 (Tag_282) ↔ Part 24.in
hmi output,356,63,Part 24.out1 ↔ ORef 38 (RefId 51)
hmi output,356,64,ORef 39 (Tag_283) ↔ Part 25.in
hmi output,356,65,Part 25.eno ↔ Part 26.en
hmi output,356,66,Part 25.out1 ↔ ORef 40 (RefId 52)
hmi output,356,67,ORef 41 (Tag_284) ↔ Part 26.in
hmi output,356,68,Part 26.eno ↔ Part 27.en
hmi output,356,69,Part 26.out1 ↔ ORef 42 (RefId 53)
hmi output,356,70,ORef 43 (Tag_285) ↔ Part 27.in
hmi output,356,71,Part 27.out1 ↔ ORef 44 (RefId 54)
hmi output,356,72,ORef 45 (Tag_286) ↔ Part 28.in
hmi output,356,73,Part 28.eno ↔ Part 29.en
hmi output,356,74,Part 28.out1 ↔ ORef 46 (RefId 55)
hmi output,356,75,ORef 47 (Tag_287) ↔ Part 29.in
hmi output,356,76,Part 29.eno ↔ Part 30.en
hmi output,356,77,Part 29.out1 ↔ ORef 48 (RefId 56)
hmi output,356,78,ORef 49 (Tag_288) ↔ Part 30.in
hmi output,356,79,Part 30.out1 ↔ ORef 50 (RefId 57)
hmi output,356,80,ORef 51 (Tag_289) ↔ Part 31.in
hmi output,356,81,Part 31.eno ↔ Part 32.en
hmi output,356,82,Part 31.out1 ↔ ORef 52 (RefId 58)
hmi output,356,83,ORef 53 (Tag_290) ↔ Part 32.in
hmi output,356,86,Part 32.eno ↔ Part 85.en
hmi output,356,84,Part 32.out1 ↔ ORef 54 (RefId 59)
hmi output,356,87,ORef 89 (Tag_291) ↔ Part 85.in
hmi output,356,88,Part 85.out1 ↔ ORef 90 (RefId 49)
cyc_int4 ogni 200ms,396,81,ORef 73 (OFF) ↔ Part 92.operand
cyc_int4 ogni 200ms,396,82,ORef 74 (Data.Pot_MV02) ↔ Part 61.in1
cyc_int4 ogni 200ms,396,83,ORef 75 (1) ↔ Part 61.in2
cyc_int4 ogni 200ms,396,84,Part 61.out ↔ ORef 76 (Data.Pot_MV02)
cyc_int4 ogni 200ms,396,85,ORef 77 (Data.Pot_MV02) ↔ Part 67.in1
cyc_int4 ogni 200ms,396,86,ORef 78 (100) ↔ Part 67.in2
cyc_int4 ogni 200ms,396,87,Part 67.out ↔ Part 70.en
cyc_int4 ogni 200ms,396,89,ORef 79 (0) ↔ Part 70.in
cyc_int4 ogni 200ms,396,90,Part 70.out1 ↔ ORef 80 (Data.Pot_MV02)
cyc_int4 ogni 200ms,396,93,Part 92.out ↔ Part 61.en ↔ Part 67.pre
cyc_int4 ogni 200ms,396,94,Powerrail {} ↔ Part 92.in
startup only,402,184,ORef 167 (ON) ↔ Part 208.operand
startup only,402,185,ORef 168 (RefId 54) ↔ Part 138.in
startup only,402,186,Part 138.out1 ↔ ORef 169 (RefId 7)
startup only,402,187,Part 138.eno ↔ Part 141.en
startup only,402,188,ORef 170 (RefId 54) ↔ Part 141.in
startup only,402,189,Part 141.out1 ↔ ORef 171 (RefId 9)
startup only,402,190,Part 141.eno ↔ Part 144.en
startup only,402,191,ORef 172 (RefId 54) ↔ Part 144.in
startup only,402,192,Part 144.out1 ↔ ORef 173 (RefId 11)
startup only,402,193,Part 144.eno ↔ Part 147.en
startup only,402,194,ORef 174 (RefId 54) ↔ Part 147.in
startup only,402,195,Part 147.out1 ↔ ORef 175 (RefId 13)
startup only,402,196,ORef 176 (RefId 54) ↔ Part 155.in
startup only,402,197,Part 155.out1 ↔ ORef 177 (RefId 15)
startup only,402,198,Part 155.eno ↔ Part 158.en
startup only,402,199,ORef 178 (RefId 54) ↔ Part 158.in
startup only,402,200,Part 158.out1 ↔ ORef 179 (RefId 17)
startup only,402,201,Part 158.eno ↔ Part 161.en
startup only,402,202,ORef 180 (RefId 54) ↔ Part 161.in
startup only,402,203,Part 161.out1 ↔ ORef 181 (RefId 19)
startup only,402,204,Part 161.eno ↔ Part 164.en
startup only,402,205,ORef 182 (RefId 54) ↔ Part 164.in
startup only,402,206,Part 164.out1 ↔ ORef 183 (RefId 21)
startup only,402,209,Part 208.out ↔ Part 138.en ↔ Part 155.en
startup only,402,210,Powerrail {} ↔ Part 208.in
startup only,403,331,Powerrail {} ↔ Part 329.in
startup only,403,303,ORef 284 (ON) ↔ Part 329.operand
startup only,403,330,Part 329.out ↔ Part 250.en ↔ Part 267.en ↔ Part 281.en
startup only,403,304,ORef 285 (RefId 54) ↔ Part 250.in
startup only,403,306,Part 250.eno ↔ Part 253.en
startup only,403,305,Part 250.out1 ↔ ORef 286 (RefId 24)
startup only,403,307,ORef 287 (RefId 54) ↔ Part 253.in
startup only,403,309,Part 253.eno ↔ Part 256.en
startup only,403,308,Part 253.out1 ↔ ORef 288 (RefId 26)
startup only,403,310,ORef 289 (RefId 54) ↔ Part 256.in
startup only,403,312,Part 256.eno ↔ Part 259.en
startup only,403,311,Part 256.out1 ↔ ORef 290 (RefId 28)
startup only,403,313,ORef 291 (RefId 54) ↔ Part 259.in
startup only,403,314,Part 259.out1 ↔ ORef 292 (RefId 30)
startup only,403,315,ORef 293 (RefId 54) ↔ Part 267.in
startup only,403,317,Part 267.eno ↔ Part 270.en
startup only,403,316,Part 267.out1 ↔ ORef 294 (RefId 32)
startup only,403,318,ORef 295 (RefId 54) ↔ Part 270.in
startup only,403,320,Part 270.eno ↔ Part 273.en
startup only,403,319,Part 270.out1 ↔ ORef 296 (RefId 34)
startup only,403,321,ORef 297 (RefId 54) ↔ Part 273.in
startup only,403,323,Part 273.eno ↔ Part 276.en
startup only,403,322,Part 273.out1 ↔ ORef 298 (RefId 36)
startup only,403,324,ORef 299 (RefId 54) ↔ Part 276.in
startup only,403,325,Part 276.out1 ↔ ORef 300 (RefId 38)
startup only,403,326,ORef 301 (RefId 54) ↔ Part 281.in
startup only,403,327,Part 281.out1 ↔ ORef 302 (RefId 40)
startup only,404,324,ORef 314 (ON) ↔ Part 337.operand
startup only,404,325,ORef 315 (Flag.MV01_Auto) ↔ Part 293.operand
startup only,404,326,ORef 316 (ON) ↔ Part 339.operand
startup only,404,328,ORef 317 (Flag.MV02_Auto) ↔ Part 297.operand
startup only,404,329,ORef 318 (Flag.MV03_Auto) ↔ Part 300.operand
startup only,404,330,ORef 319 (ON) ↔ Part 341.operand
startup only,404,332,ORef 320 (Flag.MV04_Auto) ↔ Part 304.operand
startup only,404,333,ORef 321 (Flag.MV05_Auto) ↔ Part 307.operand
startup only,404,334,ORef 322 (Flag.MV06_Auto) ↔ Part 310.operand
startup only,404,335,ORef 323 (Flag.FN_04_AUTO) ↔ Part 313.operand
startup only,404,338,Part 337.out ↔ Part 293.in ↔ Part 339.in ↔ Part 300.in ↔ Part 341.in ↔ Part 307.in ↔ Part 310.in ↔ Part 313.in
startup only,404,340,Part 339.out ↔ Part 297.in
startup only,404,342,Part 341.out ↔ Part 304.in
startup only,404,343,Powerrail {} ↔ Part 337.in
startup only,405,319,ORef 313 (ON) ↔ Part 326.operand
startup only,405,320,ORef 314 (Flag.PV_02_GATE_A_MEM_CLOSE) ↔ Part 303.operand
startup only,405,321,ORef 315 (Flag.PV_02_GATE_B_MEM_CLOSE) ↔ Part 305.operand
startup only,405,322,ORef 316 (Flag.PV_01_GATE_A_MEM_CLOSE) ↔ Part 307.operand
startup only,405,323,ORef 317 (Flag.PV_01_GATE_B_MEM_CLOSE) ↔ Part 309.operand
startup only,405,324,ORef 318 (Flag.PV_03_GATE_MEM_CLOSE) ↔ Part 311.operand
startup only,405,327,Part 326.out ↔ Part 303.in ↔ Part 305.in ↔ Part 307.in ↔ Part 309.in ↔ Part 311.in
startup only,405,328,Powerrail {} ↔ Part 326.in
motor/alarm client,410,75,Powerrail {} ↔ Part 67.in
motor/alarm client,410,58,ORef 52 (ON) ↔ Part 67.operand
motor/alarm client,410,68,Part 67.out ↔ Part 69.in ↔ Part 71.in
motor/alarm client,410,59,ORef 53 (APRON CONVEYOR A FAULT) ↔ Part 69.operand
motor/alarm client,410,70,Part 69.out ↔ Part 46.in
motor/alarm client,410,61,ORef 54 (Allarm.motor_client_01_fault) ↔ Part 46.operand
motor/alarm client,410,62,ORef 55 (APRON CONVEYOR A FAULT) ↔ Part 71.operand
motor/alarm client,410,72,Part 71.out ↔ Part 73.in
motor/alarm client,410,63,ORef 56 (Flag.RESET_ALLARM) ↔ Part 73.operand
motor/alarm client,410,74,Part 73.out ↔ Part 51.in
motor/alarm client,410,65,ORef 57 (Allarm.motor_client_01_fault) ↔ Part 51.operand
motor/alarm client,411,93,Powerrail {} ↔ Part 85.in
motor/alarm client,411,76,ORef 70 (ON) ↔ Part 85.operand
motor/alarm client,411,86,Part 85.out ↔ Part 87.in ↔ Part 89.in
motor/alarm client,411,77,ORef 71 (IMPACTOR FAULT) ↔ Part 87.operand
motor/alarm client,411,88,Part 87.out ↔ Part 64.in
motor/alarm client,411,79,ORef 72 (Allarm.motor_client_02_fault) ↔ Part 64.operand
motor/alarm client,411,80,ORef 73 (IMPACTOR FAULT) ↔ Part 89.operand
motor/alarm client,411,90,Part 89.out ↔ Part 91.in
motor/alarm client,411,81,ORef 74 (Flag.RESET_ALLARM) ↔ Part 91.operand
motor/alarm client,411,92,Part 91.out ↔ Part 69.in
motor/alarm client,411,83,ORef 75 (Allarm.motor_client_02_fault) ↔ Part 69.operand
motor/alarm client,412,111,Powerrail {} ↔ Part 103.in
motor/alarm client,412,94,ORef 88 (ON) ↔ Part 103.operand
motor/alarm client,412,104,Part 103.out ↔ Part 105.in ↔ Part 107.in
motor/alarm client,412,95,ORef 89 (IMPACT VIBRATIONFEEDER FAULT) ↔ Part 105.operand
motor/alarm client,412,106,Part 105.out ↔ Part 82.in
motor/alarm client,412,97,ORef 90 (Allarm.motor_client_03_fault) ↔ Part 82.operand
motor/alarm client,412,98,ORef 91 (IMPACT VIBRATIONFEEDER FAULT) ↔ Part 107.operand
motor/alarm client,412,108,Part 107.out ↔ Part 109.in
motor/alarm client,412,99,ORef 92 (Flag.RESET_ALLARM) ↔ Part 109.operand
motor/alarm client,412,110,Part 109.out ↔ Part 87.in
motor/alarm client,412,101,ORef 93 (Allarm.motor_client_03_fault) ↔ Part 87.operand
motor/alarm client,413,129,Powerrail {} ↔ Part 121.in
motor/alarm client,413,112,ORef 106 (ON) ↔ Part 121.operand
motor/alarm client,413,122,Part 121.out ↔ Part 123.in ↔ Part 125.in
motor/alarm client,413,113,ORef 107 (BELT CONVEYOR  A FAULT) ↔ Part 123.operand
motor/alarm client,413,124,Part 123.out ↔ Part 100.in
motor/alarm client,413,115,ORef 108 (Allarm.motor_client_04_fault) ↔ Part 100.operand
motor/alarm client,413,116,ORef 109 (BELT CONVEYOR  A FAULT) ↔ Part 125.operand
motor/alarm client,413,126,Part 125.out ↔ Part 127.in
motor/alarm client,413,117,ORef 110 (Flag.RESET_ALLARM) ↔ Part 127.operand
motor/alarm client,413,128,Part 127.out ↔ Part 105.in
motor/alarm client,413,119,ORef 111 (Allarm.motor_client_04_fault) ↔ Part 105.operand
motor/alarm client,414,147,Powerrail {} ↔ Part 139.in
motor/alarm client,414,130,ORef 124 (ON) ↔ Part 139.operand
motor/alarm client,414,140,Part 139.out ↔ Part 141.in ↔ Part 143.in
motor/alarm client,414,131,ORef 125 (AIR KNIFE FAULT) ↔ Part 141.operand
motor/alarm client,414,142,Part 141.out ↔ Part 118.in
motor/alarm client,414,133,ORef 126 (Allarm.motor_client_05_fault) ↔ Part 118.operand
motor/alarm client,414,134,ORef 127 (AIR KNIFE FAULT) ↔ Part 143.operand
motor/alarm client,414,144,Part 143.out ↔ Part 145.in
motor/alarm client,414,135,ORef 128 (Flag.RESET_ALLARM) ↔ Part 145.operand
motor/alarm client,414,146,Part 145.out ↔ Part 123.in
motor/alarm client,414,137,ORef 129 (Allarm.motor_client_05_fault) ↔ Part 123.operand
motor/alarm client,415,165,Powerrail {} ↔ Part 157.in
motor/alarm client,415,148,ORef 142 (ON) ↔ Part 157.operand
motor/alarm client,415,158,Part 157.out ↔ Part 159.in ↔ Part 161.in
motor/alarm client,415,149,ORef 143 (BELT CONVEYOR B FAULT) ↔ Part 159.operand
motor/alarm client,415,160,Part 159.out ↔ Part 136.in
motor/alarm client,415,151,ORef 144 (Allarm.motor_client_06_fault) ↔ Part 136.operand
motor/alarm client,415,152,ORef 145 (BELT CONVEYOR B FAULT) ↔ Part 161.operand
motor/alarm client,415,162,Part 161.out ↔ Part 163.in
motor/alarm client,415,153,ORef 146 (Flag.RESET_ALLARM) ↔ Part 163.operand
motor/alarm client,415,164,Part 163.out ↔ Part 141.in
motor/alarm client,415,155,ORef 147 (Allarm.motor_client_06_fault) ↔ Part 141.operand
motor/alarm client,416,183,Powerrail {} ↔ Part 175.in
motor/alarm client,416,166,ORef 160 (ON) ↔ Part 175.operand
motor/alarm client,416,176,Part 175.out ↔ Part 177.in ↔ Part 179.in
motor/alarm client,416,167,ORef 161 (SHREDDER 1 FAULT) ↔ Part 177.operand
motor/alarm client,416,178,Part 177.out ↔ Part 154.in
motor/alarm client,416,169,ORef 162 (Allarm.motor_client_07_fault) ↔ Part 154.operand
motor/alarm client,416,170,ORef 163 (SHREDDER 1 FAULT) ↔ Part 179.operand
motor/alarm client,416,180,Part 179.out ↔ Part 181.in
motor/alarm client,416,171,ORef 164 (Flag.RESET_ALLARM) ↔ Part 181.operand
motor/alarm client,416,182,Part 181.out ↔ Part 159.in
motor/alarm client,416,173,ORef 165 (Allarm.motor_client_07_fault) ↔ Part 159.operand
motor/alarm client,417,201,Powerrail {} ↔ Part 193.in
motor/alarm client,417,184,ORef 178 (ON) ↔ Part 193.operand
motor/alarm client,417,194,Part 193.out ↔ Part 195.in ↔ Part 197.in
motor/alarm client,417,185,ORef 179 (SHREDDER VIBRATIONFEEDER FAULT) ↔ Part 195.operand
motor/alarm client,417,196,Part 195.out ↔ Part 172.in
motor/alarm client,417,187,ORef 180 (Allarm.motor_client_08_fault) ↔ Part 172.operand
motor/alarm client,417,188,ORef 181 (SHREDDER VIBRATIONFEEDER FAULT) ↔ Part 197.operand
motor/alarm client,417,198,Part 197.out ↔ Part 199.in
motor/alarm client,417,189,ORef 182 (Flag.RESET_ALLARM) ↔ Part 199.operand
motor/alarm client,417,200,Part 199.out ↔ Part 177.in
motor/alarm client,417,191,ORef 183 (Allarm.motor_client_08_fault) ↔ Part 177.operand
motor/alarm client,418,219,Powerrail {} ↔ Part 211.in
motor/alarm client,418,202,ORef 196 (ON) ↔ Part 211.operand
motor/alarm client,418,212,Part 211.out ↔ Part 213.in ↔ Part 215.in
motor/alarm client,418,203,ORef 197 (BELT CONVEYOR C FAULT) ↔ Part 213.operand
motor/alarm client,418,214,Part 213.out ↔ Part 190.in
motor/alarm client,418,205,ORef 198 (Allarm.motor_client_09_fault) ↔ Part 190.operand
motor/alarm client,418,206,ORef 199 (BELT CONVEYOR C FAULT) ↔ Part 215.operand
motor/alarm client,418,216,Part 215.out ↔ Part 217.in
motor/alarm client,418,207,ORef 200 (Flag.RESET_ALLARM) ↔ Part 217.operand
motor/alarm client,418,218,Part 217.out ↔ Part 195.in
motor/alarm client,418,209,ORef 201 (Allarm.motor_client_09_fault) ↔ Part 195.operand
motor/alarm client,419,237,Powerrail {} ↔ Part 229.in
motor/alarm client,419,220,ORef 214 (ON) ↔ Part 229.operand
motor/alarm client,419,230,Part 229.out ↔ Part 231.in ↔ Part 233.in
motor/alarm client,419,221,ORef 215 (ROTEX SCREENFAULT) ↔ Part 231.operand
motor/alarm client,419,232,Part 231.out ↔ Part 208.in
motor/alarm client,419,223,ORef 216 (Allarm.motor_client_10_fault) ↔ Part 208.operand
motor/alarm client,419,224,ORef 217 (ROTEX SCREENFAULT) ↔ Part 233.operand
motor/alarm client,419,234,Part 233.out ↔ Part 235.in
motor/alarm client,419,225,ORef 218 (Flag.RESET_ALLARM) ↔ Part 235.operand
motor/alarm client,419,236,Part 235.out ↔ Part 213.in
motor/alarm client,419,227,ORef 219 (Allarm.motor_client_10_fault) ↔ Part 213.operand
motor/alarm client,420,291,Powerrail {} ↔ Part 283.in
motor/alarm client,420,274,ORef 268 (ON) ↔ Part 283.operand
motor/alarm client,420,284,Part 283.out ↔ Part 285.in ↔ Part 287.in
motor/alarm client,420,275,ORef 269 (APRON CONVEYOR B FAULT) ↔ Part 285.operand
motor/alarm client,420,286,Part 285.out ↔ Part 262.in
motor/alarm client,420,277,ORef 270 (Allarm.motor_client_13_fault) ↔ Part 262.operand
motor/alarm client,420,278,ORef 271 (APRON CONVEYOR B FAULT) ↔ Part 287.operand
motor/alarm client,420,288,Part 287.out ↔ Part 289.in
motor/alarm client,420,279,ORef 272 (Flag.RESET_ALLARM) ↔ Part 289.operand
motor/alarm client,420,290,Part 289.out ↔ Part 267.in
motor/alarm client,420,281,ORef 273 (Allarm.motor_client_13_fault) ↔ Part 267.operand
motor/alarm client,421,309,Powerrail {} ↔ Part 301.in
motor/alarm client,421,292,ORef 286 (ON) ↔ Part 301.operand
motor/alarm client,421,302,Part 301.out ↔ Part 303.in ↔ Part 305.in
motor/alarm client,421,293,ORef 287 (SHREDDER 2FAULT) ↔ Part 303.operand
motor/alarm client,421,304,Part 303.out ↔ Part 280.in
motor/alarm client,421,295,ORef 288 (Allarm.motor_client_14_fault) ↔ Part 280.operand
motor/alarm client,421,296,ORef 289 (SHREDDER 2FAULT) ↔ Part 305.operand
motor/alarm client,421,306,Part 305.out ↔ Part 307.in
motor/alarm client,421,297,ORef 290 (Flag.RESET_ALLARM) ↔ Part 307.operand
motor/alarm client,421,308,Part 307.out ↔ Part 285.in
motor/alarm client,421,299,ORef 291 (Allarm.motor_client_14_fault) ↔ Part 285.operand
motor/alarm client,422,327,Powerrail {} ↔ Part 319.in
motor/alarm client,422,310,ORef 304 (ON) ↔ Part 319.operand
motor/alarm client,422,320,Part 319.out ↔ Part 321.in ↔ Part 323.in
motor/alarm client,422,311,ORef 305 (BELT COVEYOR  D FAULT) ↔ Part 321.operand
motor/alarm client,422,322,Part 321.out ↔ Part 298.in
motor/alarm client,422,313,ORef 306 (Allarm.motor_client_15_fault) ↔ Part 298.operand
motor/alarm client,422,314,ORef 307 (BELT COVEYOR  D FAULT) ↔ Part 323.operand
motor/alarm client,422,324,Part 323.out ↔ Part 325.in
motor/alarm client,422,315,ORef 308 (Flag.RESET_ALLARM) ↔ Part 325.operand
motor/alarm client,422,326,Part 325.out ↔ Part 303.in
motor/alarm client,422,317,ORef 309 (Allarm.motor_client_15_fault) ↔ Part 303.operand
motor/alarm client,423,345,Powerrail {} ↔ Part 337.in
motor/alarm client,423,328,ORef 322 (ON) ↔ Part 337.operand
motor/alarm client,423,338,Part 337.out ↔ Part 339.in ↔ Part 341.in
motor/alarm client,423,329,ORef 323 (BELT CONVEYOR  E FAULT) ↔ Part 339.operand
motor/alarm client,423,340,Part 339.out ↔ Part 316.in
motor/alarm client,423,331,ORef 324 (Allarm.motor_client_16_fault) ↔ Part 316.operand
motor/alarm client,423,332,ORef 325 (BELT CONVEYOR  E FAULT) ↔ Part 341.operand
motor/alarm client,423,342,Part 341.out ↔ Part 343.in
motor/alarm client,423,333,ORef 326 (Flag.RESET_ALLARM) ↔ Part 343.operand
motor/alarm client,423,344,Part 343.out ↔ Part 321.in
motor/alarm client,423,335,ORef 327 (Allarm.motor_client_16_fault) ↔ Part 321.operand
motor/alarm client,424,363,Powerrail {} ↔ Part 355.in
motor/alarm client,424,346,ORef 340 (ON) ↔ Part 355.operand
motor/alarm client,424,356,Part 355.out ↔ Part 357.in ↔ Part 359.in
motor/alarm client,424,347,ORef 341 (WEIGHTING HOPPER 2FAULT) ↔ Part 357.operand
motor/alarm client,424,358,Part 357.out ↔ Part 334.in
motor/alarm client,424,349,ORef 342 (Allarm.motor_client_17_fault) ↔ Part 334.operand
motor/alarm client,424,350,ORef 343 (WEIGHTING HOPPER 2FAULT) ↔ Part 359.operand
motor/alarm client,424,360,Part 359.out ↔ Part 361.in
motor/alarm client,424,351,ORef 344 (Flag.RESET_ALLARM) ↔ Part 361.operand
motor/alarm client,424,362,Part 361.out ↔ Part 339.in
motor/alarm client,424,353,ORef 345 (Allarm.motor_client_17_fault) ↔ Part 339.operand
motor/alarm client,425,381,Powerrail {} ↔ Part 373.in
motor/alarm client,425,364,ORef 358 (ON) ↔ Part 373.operand
motor/alarm client,425,374,Part 373.out ↔ Part 375.in ↔ Part 377.in
motor/alarm client,425,365,ORef 359 (HOPPER CONVEYOR 2FAULT) ↔ Part 375.operand
motor/alarm client,425,376,Part 375.out ↔ Part 352.in
motor/alarm client,425,367,ORef 360 (Allarm.motor_client_18_fault) ↔ Part 352.operand
motor/alarm client,425,368,ORef 361 (HOPPER CONVEYOR 2FAULT) ↔ Part 377.operand
motor/alarm client,425,378,Part 377.out ↔ Part 379.in
motor/alarm client,425,369,ORef 362 (Flag.RESET_ALLARM) ↔ Part 379.operand
motor/alarm client,425,380,Part 379.out ↔ Part 357.in
motor/alarm client,425,371,ORef 363 (Allarm.motor_client_18_fault) ↔ Part 357.operand
motor/alarm client,426,399,Powerrail {} ↔ Part 391.in
motor/alarm client,426,382,ORef 376 (ON) ↔ Part 391.operand
motor/alarm client,426,392,Part 391.out ↔ Part 393.in ↔ Part 395.in
motor/alarm client,426,383,ORef 377 (PRIMARYSHREDDER RUN) ↔ Part 393.operand
motor/alarm client,426,394,Part 393.out ↔ Part 370.in
motor/alarm client,426,385,ORef 378 (Allarm.motor_client_19_fault) ↔ Part 370.operand
motor/alarm client,426,386,ORef 379 (PRIMARYSHREDDER RUN) ↔ Part 395.operand
motor/alarm client,426,396,Part 395.out ↔ Part 397.in
motor/alarm client,426,387,ORef 380 (Flag.RESET_ALLARM) ↔ Part 397.operand
motor/alarm client,426,398,Part 397.out ↔ Part 375.in
motor/alarm client,426,389,ORef 381 (Allarm.motor_client_19_fault) ↔ Part 375.operand
i/o_flt1,434,31,ORef 29 (ON) ↔ Part 33.operand
i/o_flt1,434,32,ORef 30 (I/O FLT) ↔ Part 28.operand
i/o_flt1,434,34,Part 33.out ↔ Part 28.in
i/o_flt1,434,35,Powerrail {} ↔ Part 33.in
mod_err,439,31,ORef 29 (ON) ↔ Part 33.operand
mod_err,439,32,ORef 30 (Module Access FLT) ↔ Part 28.operand
mod_err,439,34,Part 33.out ↔ Part 28.in
mod_err,439,35,Powerrail {} ↔ Part 33.in
prog_err,444,31,ORef 29 (ON) ↔ Part 33.operand
prog_err,444,32,ORef 30 (Prog FAULT) ↔ Part 28.operand
prog_err,444,34,Part 33.out ↔ Part 28.in
prog_err,444,35,Powerrail {} ↔ Part 33.in
tod_int0,449,31,ORef 29 (ON) ↔ Part 33.operand
tod_int0,449,32,ORef 30 (Tag_191) ↔ Part 28.operand
tod_int0,449,34,Part 33.out ↔ Part 28.in
tod_int0,449,35,Powerrail {} ↔ Part 33.in
rack_flt,765,35,Powerrail {} ↔ Part 33.in
rack_flt,765,31,ORef 29 (ON) ↔ Part 33.operand
rack_flt,765,34,Part 33.out ↔ Part 28.in
rack_flt,765,32,ORef 30 (Rack FAULT) ↔ Part 28.operand
allarm manager,927,219,Powerrail {} ↔ Part 213.in ↔ Part 215.in ↔ Part 217.in
allarm manager,927,191,ORef 170 (Flag.RESET_ALLARM) ↔ Part 213.operand
allarm manager,927,214,Part 213.out ↔ Part 121.in1
allarm manager,927,192,ORef 171 (Flag.RUN_HORN) ↔ Part 215.operand
allarm manager,927,216,Part 215.out ↔ Part 121.in2
allarm manager,927,193,ORef 172 (Flag.STOP_HORN) ↔ Part 217.operand
allarm manager,927,218,Part 217.out ↔ Part 121.in3
allarm manager,927,212,Part 121.out ↔ Part 127.en ↔ Part 132.en ↔ Part 137.en ↔ Part 142.en ↔ Part 147.en ↔ Part 152.en ↔ Part 157.en ↔ Part 162.en ↔ Part 167.en
allarm manager,927,194,ORef 173 (RefId 8) ↔ Part 127.in
allarm manager,927,195,Part 127.out1 ↔ ORef 174 (WorkData.W0)
allarm manager,927,196,ORef 175 (RefId 12) ↔ Part 132.in
allarm manager,927,197,Part 132.out1 ↔ ORef 176 (WorkData.W1)
allarm manager,927,198,ORef 177 (RefId 15) ↔ Part 137.in
allarm manager,927,199,Part 137.out1 ↔ ORef 178 (WorkData.W2)
allarm manager,927,200,ORef 179 (RefId 18) ↔ Part 142.in
allarm manager,927,201,Part 142.out1 ↔ ORef 180 (WorkData.W3)
allarm manager,927,202,ORef 181 (RefId 21) ↔ Part 147.in
allarm manager,927,203,Part 147.out1 ↔ ORef 182 (WorkData.W4)
allarm manager,927,204,ORef 183 (RefId 24) ↔ Part 152.in
allarm manager,927,205,Part 152.out1 ↔ ORef 184 (WorkData.W15)
allarm manager,927,206,ORef 185 (RefId 27) ↔ Part 157.in
allarm manager,927,207,Part 157.out1 ↔ ORef 186 (WorkData.W16)
allarm manager,927,208,ORef 187 (RefId 30) ↔ Part 162.in
allarm manager,927,209,Part 162.out1 ↔ ORef 188 (WorkData.W17)
allarm manager,927,210,ORef 189 (RefId 33) ↔ Part 167.in
allarm manager,927,211,Part 167.out1 ↔ ORef 190 (WorkData.W18)
allarm manager,928,273,Powerrail {} ↔ Part 191.pre ↔ Part 194.pre ↔ Part 197.pre ↔ Part 200.pre ↔ Part 203.pre ↔ Part 206.pre ↔ Part 209.pre ↔ Part 212.pre ↔ Part 215.pre
allarm manager,928,240,ORef 220 (RefId 8) ↔ Part 191.in1
allarm manager,928,241,ORef 221 (WorkData.W0) ↔ Part 191.in2
allarm manager,928,242,Part 191.out ↔ Part 190.in1
allarm manager,928,243,ORef 222 (RefId 12) ↔ Part 194.in1
allarm manager,928,244,ORef 223 (WorkData.W1) ↔ Part 194.in2
allarm manager,928,245,Part 194.out ↔ Part 190.in2
allarm manager,928,246,ORef 224 (RefId 15) ↔ Part 197.in1
allarm manager,928,247,ORef 225 (WorkData.W2) ↔ Part 197.in2
allarm manager,928,248,Part 197.out ↔ Part 190.in3
allarm manager,928,249,ORef 226 (RefId 18) ↔ Part 200.in1
allarm manager,928,250,ORef 227 (WorkData.W3) ↔ Part 200.in2
allarm manager,928,251,Part 200.out ↔ Part 190.in4
allarm manager,928,252,ORef 228 (RefId 21) ↔ Part 203.in1
allarm manager,928,253,ORef 229 (WorkData.W4) ↔ Part 203.in2
allarm manager,928,254,Part 203.out ↔ Part 190.in5
allarm manager,928,255,ORef 230 (RefId 24) ↔ Part 206.in1
allarm manager,928,256,ORef 231 (WorkData.W15) ↔ Part 206.in2
allarm manager,928,257,Part 206.out ↔ Part 190.in6
allarm manager,928,258,ORef 232 (RefId 27) ↔ Part 209.in1
allarm manager,928,259,ORef 233 (WorkData.W16) ↔ Part 209.in2
allarm manager,928,260,Part 209.out ↔ Part 190.in7
allarm manager,928,261,ORef 234 (RefId 30) ↔ Part 212.in1
allarm manager,928,262,ORef 235 (WorkData.W17) ↔ Part 212.in2
allarm manager,928,263,Part 212.out ↔ Part 190.in8
allarm manager,928,264,ORef 236 (RefId 33) ↔ Part 215.in1
allarm manager,928,265,ORef 237 (WorkData.W18) ↔ Part 215.in2
allarm manager,928,266,Part 215.out ↔ Part 190.in9
allarm manager,928,267,Part 190.out ↔ Part 271.in
allarm manager,928,268,ORef 238 (Flag.STOP_HORN) ↔ Part 271.operand
allarm manager,928,272,Part 271.out ↔ Part 219.in
allarm manager,928,270,ORef 239 (Flag.NEW_ALLARM) ↔ Part 219.operand
allarm manager,929,225,Powerrail {} ↔ Part 219.in
allarm manager,929,213,ORef 208 (Flag.NEW_ALLARM) ↔ Part 219.operand
allarm manager,929,220,Part 219.out ↔ Part 221.in
allarm manager,929,214,ORef 209 (Flag.RESET_ALLARM) ↔ Part 221.operand
allarm manager,929,222,Part 221.out ↔ Part 223.in
allarm manager,929,215,ORef 210 (Flag.STOP_HORN) ↔ Part 223.operand
allarm manager,929,224,Part 223.out ↔ Part 204.in ↔ Part 206.in
allarm manager,929,216,ORef 211 (Flag.RUN_HORN) ↔ Part 204.operand
allarm manager,929,217,ORef 212 (Flag.NEW_ALLARM) ↔ Part 206.operand
allarm manager,930,21,Powerrail {} ↔ Part 23.in ↔ Part 26.in ↔ Part 32.in ↔ Part 39.in
allarm manager,930,22,ORef 24 (Inputs.Reset_allarmi) ↔ Part 23.operand
allarm manager,930,29,Part 23.out ↔ Part 28.in1
allarm manager,930,25,ORef 27 (Flag.Reset_Allarms_HMI) ↔ Part 26.operand
allarm manager,930,30,Part 26.out ↔ Part 28.in2
allarm manager,930,38,Part 28.out ↔ Part 33.in ↔ Part 40.in ↔ Part 64.IN ↔ Part 73.IN
allarm manager,930,36,ORef 37 (Flag.RESET_ALLARM) ↔ Part 33.operand
allarm manager,930,42,ORef 43 (Flag.Reset_Allarms_HMI) ↔ Part 40.operand
allarm manager,930,68,ORef 70 (T#3s) ↔ Part 64.PT
allarm manager,930,67,Part 64.Q ↔ Part 48.in
allarm manager,930,69,Part 64.ET ↔ ORef 71 (RefId (RefId 없음))
allarm manager,930,62,ORef 63 (103A7) ↔ Part 48.operand
allarm manager,930,78,ORef 75 (T#3s) ↔ Part 73.PT
allarm manager,930,77,Part 73.Q ↔ Part 60.in
allarm manager,930,79,Part 73.ET ↔ ORef 76 (RefId (RefId 없음))
allarm manager,930,51,ORef 55 (Reset_Inverter) ↔ Part 60.operand
allarm manager,930,31,ORef 34 (Inputs.Tacitazione) ↔ Part 32.operand
allarm manager,930,45,Part 32.out ↔ Part 44.in1
allarm manager,930,35,ORef 41 (Flag.Stop_horn_HMI) ↔ Part 39.operand
allarm manager,930,46,Part 39.out ↔ Part 44.in2
allarm manager,930,54,Part 44.out ↔ Part 49.in ↔ Part 56.in
allarm manager,930,52,ORef 53 (Flag.STOP_HORN) ↔ Part 49.operand
allarm manager,930,58,ORef 59 (Flag.Stop_horn_HMI) ↔ Part 56.operand
allarm manager,931,265,Powerrail {} ↔ Part 259.in ↔ Part 261.in
allarm manager,931,249,ORef 241 (Flag.RESET_ALLARM) ↔ Part 259.operand
allarm manager,931,260,Part 259.out ↔ Part 224.in1
allarm manager,931,250,ORef 242 (Flag.STOP_HORN) ↔ Part 261.operand
allarm manager,931,262,Part 261.out ↔ Part 224.in2
allarm manager,931,258,Part 224.out ↔ Part 229.in ↔ Part 263.in
allarm manager,931,251,ORef 243 (S5T#1S) ↔ Part 229.value
allarm manager,931,252,ORef 244 (Tag_160) ↔ Part 229.operand
allarm manager,931,253,ORef 245 (Tag_160) ↔ Part 263.operand
allarm manager,931,264,Part 263.out ↔ Part 235.in ↔ Part 237.in ↔ Part 239.in
allarm manager,931,254,ORef 246 (Flag.RESET_ALLARM) ↔ Part 235.operand
allarm manager,931,255,ORef 247 (Flag.STOP_HORN) ↔ Part 237.operand
allarm manager,931,256,ORef 248 (Blinking Ligh) ↔ Part 239.operand
allarm manager,932,21,Powerrail {} ↔ Part 23.en
allarm manager,932,24,ORef 25 (Data.Siren_time) ↔ Part 23.KF
allarm manager,932,26,ORef 27 (0) ↔ Part 23.SEC
allarm manager,932,28,Part 23.KT ↔ ORef 29 (Data.SIREN_WORK_TIME)
allarm manager,933,302,Powerrail {} ↔ Part 296.in ↔ Part 298.in
allarm manager,933,284,ORef 275 (Flag.RUN_HORN) ↔ Part 296.operand
allarm manager,933,297,Part 296.out ↔ Part 256.in1
allarm manager,933,285,ORef 276 (Flag.M_HORN) ↔ Part 298.operand
allarm manager,933,299,Part 298.out ↔ Part 256.in2
allarm manager,933,295,Part 256.out ↔ Part 261.in ↔ Part 265.in ↔ Part 268.in ↔ Part 300.in
allarm manager,933,286,ORef 277 (Data.SIREN_WORK_TIME) ↔ Part 261.value
allarm manager,933,287,ORef 278 (Tag_161) ↔ Part 261.operand
allarm manager,933,288,ORef 279 (Siren) ↔ Part 265.operand
allarm manager,933,289,ORef 280 (PLS M50.2) ↔ Part 268.bit
allarm manager,933,290,Part 268.out ↔ Part 270.in
allarm manager,933,291,ORef 281 (Blinking Ligh) ↔ Part 270.operand
allarm manager,933,292,ORef 282 (Tag_161) ↔ Part 300.operand
allarm manager,933,301,Part 300.out ↔ Part 274.in
allarm manager,933,294,ORef 283 (Flag.RUN_HORN) ↔ Part 274.operand
allarm manager,934,313,Powerrail {} ↔ Part 305.in
allarm manager,934,295,ORef 288 (ON) ↔ Part 305.operand
allarm manager,934,306,Part 305.out ↔ Part 307.in ↔ Part 309.in
allarm manager,934,296,ORef 289 (Tag_162) ↔ Part 307.operand
allarm manager,934,308,Part 307.out ↔ Part 281.in
allarm manager,934,298,ORef 290 (Flag.M_TDPRO_REPORT) ↔ Part 281.operand
allarm manager,934,300,ORef 292 (Flag.M_TDPRO_REPORT) ↔ Part 309.operand
allarm manager,934,310,Part 309.out ↔ Part 311.in
allarm manager,934,301,ORef 293 (Tag_162) ↔ Part 311.operand
allarm manager,934,312,Part 311.out ↔ Part 286.in
allarm manager,934,299,ORef 291 (S5T#10M) ↔ Part 286.value
allarm manager,934,303,ORef 294 (Tag_162) ↔ Part 286.operand
allarm manager,935,339,Powerrail {} ↔ Part 335.in
allarm manager,935,326,ORef 319 (ON) ↔ Part 335.operand
allarm manager,935,336,Part 335.out ↔ Part 337.in
allarm manager,935,327,ORef 320 (Flag.M_TDPRO_REPORT) ↔ Part 337.operand
allarm manager,935,338,Part 337.out ↔ Part 306.in
allarm manager,935,329,ORef 321 (PLS 50_5) ↔ Part 306.bit
allarm manager,935,334,Part 306.out ↔ Part 311.en ↔ Part 316.en
allarm manager,935,330,ORef 322 (0) ↔ Part 311.in
allarm manager,935,331,Part 311.out1 ↔ ORef 323 (Data.BWF01_count_rep)
allarm manager,935,332,ORef 324 (0) ↔ Part 316.in
allarm manager,935,333,Part 316.out1 ↔ ORef 325 (Data.BWF02_count_rep)
time work motor,1002,132,Powerrail {} ↔ Part 128.in
time work motor,1002,111,ORef 99 (Tag_47) ↔ Part 128.operand
time work motor,1002,129,Part 128.out ↔ Part 130.in
time work motor,1002,112,ORef 100 (APRON CONVEYOR A RUN) ↔ Part 130.operand
time work motor,1002,131,Part 130.out ↔ Part 82.en ↔ Part 89.pre
time work motor,1002,113,ORef 101 (hours motors.CLIENT_MOTOR_1_MIN) ↔ Part 82.in1
time work motor,1002,114,ORef 102 (1) ↔ Part 82.in2
time work motor,1002,115,Part 82.out ↔ ORef 103 (hours motors.CLIENT_MOTOR_1_MIN)
time work motor,1002,116,ORef 104 (hours motors.CLIENT_MOTOR_1_MIN) ↔ Part 89.in1
time work motor,1002,117,ORef 105 (60) ↔ Part 89.in2
time work motor,1002,118,Part 89.out ↔ Part 92.en
time work motor,1002,120,ORef 106 (1) ↔ Part 92.in
time work motor,1002,122,Part 92.eno ↔ Part 95.en
time work motor,1002,121,Part 92.out1 ↔ ORef 107 (hours motors.CLIENT_MOTOR_1_HOUR)
time work motor,1002,123,ORef 108 (0) ↔ Part 95.in
time work motor,1002,125,Part 95.eno ↔ Part 98.in
time work motor,1002,124,Part 95.out1 ↔ ORef 109 (hours motors.CLIENT_MOTOR_1_MIN)
time work motor,1002,126,ORef 110 (Flag_Aggiorna_DB) ↔ Part 98.operand
time work motor,1003,186,Powerrail {} ↔ Part 182.in
time work motor,1003,165,ORef 153 (Tag_47) ↔ Part 182.operand
time work motor,1003,183,Part 182.out ↔ Part 184.in
time work motor,1003,166,ORef 154 (IMPACTOR RUN) ↔ Part 184.operand
time work motor,1003,185,Part 184.out ↔ Part 136.en ↔ Part 143.pre
time work motor,1003,167,ORef 155 (hours motors.CLIENT_MOTOR_2_MIN) ↔ Part 136.in1
time work motor,1003,168,ORef 156 (1) ↔ Part 136.in2
time work motor,1003,169,Part 136.out ↔ ORef 157 (hours motors.CLIENT_MOTOR_2_MIN)
time work motor,1003,170,ORef 158 (hours motors.CLIENT_MOTOR_2_MIN) ↔ Part 143.in1
time work motor,1003,171,ORef 159 (60) ↔ Part 143.in2
time work motor,1003,172,Part 143.out ↔ Part 146.en
time work motor,1003,174,ORef 160 (1) ↔ Part 146.in
time work motor,1003,176,Part 146.eno ↔ Part 149.en
time work motor,1003,175,Part 146.out1 ↔ ORef 161 (hours motors.CLIENT_MOTOR_2_HOUR)
time work motor,1003,177,ORef 162 (0) ↔ Part 149.in
time work motor,1003,179,Part 149.eno ↔ Part 152.in
time work motor,1003,178,Part 149.out1 ↔ ORef 163 (hours motors.CLIENT_MOTOR_2_MIN)
time work motor,1003,180,ORef 164 (Flag_Aggiorna_DB) ↔ Part 152.operand
time work motor,1004,240,Powerrail {} ↔ Part 236.in
time work motor,1004,219,ORef 207 (Tag_47) ↔ Part 236.operand
time work motor,1004,237,Part 236.out ↔ Part 238.in
time work motor,1004,220,ORef 208 (IMPACT VIBRATIONFEEDER RUN) ↔ Part 238.operand
time work motor,1004,239,Part 238.out ↔ Part 190.en ↔ Part 197.pre
time work motor,1004,221,ORef 209 (hours motors.CLIENT_MOTOR_3_MIN) ↔ Part 190.in1
time work motor,1004,222,ORef 210 (1) ↔ Part 190.in2
time work motor,1004,223,Part 190.out ↔ ORef 211 (hours motors.CLIENT_MOTOR_3_MIN)
time work motor,1004,224,ORef 212 (hours motors.CLIENT_MOTOR_3_MIN) ↔ Part 197.in1
time work motor,1004,225,ORef 213 (60) ↔ Part 197.in2
time work motor,1004,226,Part 197.out ↔ Part 200.en
time work motor,1004,228,ORef 214 (1) ↔ Part 200.in
time work motor,1004,230,Part 200.eno ↔ Part 203.en
time work motor,1004,229,Part 200.out1 ↔ ORef 215 (hours motors.CLIENT_MOTOR_3_HOUR)
time work motor,1004,231,ORef 216 (0) ↔ Part 203.in
time work motor,1004,233,Part 203.eno ↔ Part 206.in
time work motor,1004,232,Part 203.out1 ↔ ORef 217 (hours motors.CLIENT_MOTOR_3_MIN)
time work motor,1004,234,ORef 218 (Flag_Aggiorna_DB) ↔ Part 206.operand
time work motor,1005,294,Powerrail {} ↔ Part 290.in
time work motor,1005,273,ORef 261 (Tag_47) ↔ Part 290.operand
time work motor,1005,291,Part 290.out ↔ Part 292.in
time work motor,1005,274,ORef 262 (BELT CONVEYOR A RUN) ↔ Part 292.operand
time work motor,1005,293,Part 292.out ↔ Part 244.en ↔ Part 251.pre
time work motor,1005,275,ORef 263 (hours motors.CLIENT_MOTOR_4_MIN) ↔ Part 244.in1
time work motor,1005,276,ORef 264 (1) ↔ Part 244.in2
time work motor,1005,277,Part 244.out ↔ ORef 265 (hours motors.CLIENT_MOTOR_4_MIN)
time work motor,1005,278,ORef 266 (hours motors.CLIENT_MOTOR_4_MIN) ↔ Part 251.in1
time work motor,1005,279,ORef 267 (60) ↔ Part 251.in2
time work motor,1005,280,Part 251.out ↔ Part 254.en
time work motor,1005,282,ORef 268 (1) ↔ Part 254.in
time work motor,1005,284,Part 254.eno ↔ Part 257.en
time work motor,1005,283,Part 254.out1 ↔ ORef 269 (hours motors.CLIENT_MOTOR_4_HOUR)
time work motor,1005,285,ORef 270 (0) ↔ Part 257.in
time work motor,1005,287,Part 257.eno ↔ Part 260.in
time work motor,1005,286,Part 257.out1 ↔ ORef 271 (hours motors.CLIENT_MOTOR_4_MIN)
time work motor,1005,288,ORef 272 (Flag_Aggiorna_DB) ↔ Part 260.operand
time work motor,1006,348,Powerrail {} ↔ Part 344.in
time work motor,1006,327,ORef 315 (Tag_47) ↔ Part 344.operand
time work motor,1006,345,Part 344.out ↔ Part 346.in
time work motor,1006,328,ORef 316 (AIR KNIFE RUN) ↔ Part 346.operand
time work motor,1006,347,Part 346.out ↔ Part 298.en ↔ Part 305.pre
time work motor,1006,329,ORef 317 (hours motors.CLIENT_MOTOR_5_MIN) ↔ Part 298.in1
time work motor,1006,330,ORef 318 (1) ↔ Part 298.in2
time work motor,1006,331,Part 298.out ↔ ORef 319 (hours motors.CLIENT_MOTOR_5_MIN)
time work motor,1006,332,ORef 320 (hours motors.CLIENT_MOTOR_5_MIN) ↔ Part 305.in1
time work motor,1006,333,ORef 321 (60) ↔ Part 305.in2
time work motor,1006,334,Part 305.out ↔ Part 308.en
time work motor,1006,336,ORef 322 (1) ↔ Part 308.in
time work motor,1006,338,Part 308.eno ↔ Part 311.en
time work motor,1006,337,Part 308.out1 ↔ ORef 323 (hours motors.CLIENT_MOTOR_5_HOUR)
time work motor,1006,339,ORef 324 (0) ↔ Part 311.in
time work motor,1006,341,Part 311.eno ↔ Part 314.in
time work motor,1006,340,Part 311.out1 ↔ ORef 325 (hours motors.CLIENT_MOTOR_5_MIN)
time work motor,1006,342,ORef 326 (Flag_Aggiorna_DB) ↔ Part 314.operand
time work motor,1007,402,Powerrail {} ↔ Part 398.in
time work motor,1007,381,ORef 369 (Tag_47) ↔ Part 398.operand
time work motor,1007,399,Part 398.out ↔ Part 400.in
time work motor,1007,382,ORef 370 (BELT CONVEYOR B RUN) ↔ Part 400.operand
time work motor,1007,401,Part 400.out ↔ Part 352.en ↔ Part 359.pre
time work motor,1007,383,ORef 371 (hours motors.CLIENT_MOTOR_6_MIN) ↔ Part 352.in1
time work motor,1007,384,ORef 372 (1) ↔ Part 352.in2
time work motor,1007,385,Part 352.out ↔ ORef 373 (hours motors.CLIENT_MOTOR_6_MIN)
time work motor,1007,386,ORef 374 (hours motors.CLIENT_MOTOR_6_MIN) ↔ Part 359.in1
time work motor,1007,387,ORef 375 (60) ↔ Part 359.in2
time work motor,1007,388,Part 359.out ↔ Part 362.en
time work motor,1007,390,ORef 376 (1) ↔ Part 362.in
time work motor,1007,392,Part 362.eno ↔ Part 365.en
time work motor,1007,391,Part 362.out1 ↔ ORef 377 (hours motors.CLIENT_MOTOR_6_HOUR)
time work motor,1007,393,ORef 378 (0) ↔ Part 365.in
time work motor,1007,395,Part 365.eno ↔ Part 368.in
time work motor,1007,394,Part 365.out1 ↔ ORef 379 (hours motors.CLIENT_MOTOR_6_MIN)
time work motor,1007,396,ORef 380 (Flag_Aggiorna_DB) ↔ Part 368.operand
time work motor,1008,456,Powerrail {} ↔ Part 452.in
time work motor,1008,435,ORef 423 (Tag_47) ↔ Part 452.operand
time work motor,1008,453,Part 452.out ↔ Part 454.in
time work motor,1008,436,ORef 424 (SHREDDER 1 RUN) ↔ Part 454.operand
time work motor,1008,455,Part 454.out ↔ Part 406.en ↔ Part 413.pre
time work motor,1008,437,ORef 425 (hours motors.CLIENT_MOTOR_7_MIN) ↔ Part 406.in1
time work motor,1008,438,ORef 426 (1) ↔ Part 406.in2
time work motor,1008,439,Part 406.out ↔ ORef 427 (hours motors.CLIENT_MOTOR_7_MIN)
time work motor,1008,440,ORef 428 (hours motors.CLIENT_MOTOR_7_MIN) ↔ Part 413.in1
time work motor,1008,441,ORef 429 (60) ↔ Part 413.in2
time work motor,1008,442,Part 413.out ↔ Part 416.en
time work motor,1008,444,ORef 430 (1) ↔ Part 416.in
time work motor,1008,446,Part 416.eno ↔ Part 419.en
time work motor,1008,445,Part 416.out1 ↔ ORef 431 (hours motors.CLIENT_MOTOR_7_HOUR)
time work motor,1008,447,ORef 432 (0) ↔ Part 419.in
time work motor,1008,449,Part 419.eno ↔ Part 422.in
time work motor,1008,448,Part 419.out1 ↔ ORef 433 (hours motors.CLIENT_MOTOR_7_MIN)
time work motor,1008,450,ORef 434 (Flag_Aggiorna_DB) ↔ Part 422.operand
time work motor,1009,510,Powerrail {} ↔ Part 506.in
time work motor,1009,489,ORef 477 (Tag_47) ↔ Part 506.operand
time work motor,1009,507,Part 506.out ↔ Part 508.in
time work motor,1009,490,ORef 478 (SHREDDER VIBRATIONFEEDER RUN) ↔ Part 508.operand
time work motor,1009,509,Part 508.out ↔ Part 460.en ↔ Part 467.pre
time work motor,1009,491,ORef 479 (hours motors.CLIENT_MOTOR_8_MIN) ↔ Part 460.in1
time work motor,1009,492,ORef 480 (1) ↔ Part 460.in2
time work motor,1009,493,Part 460.out ↔ ORef 481 (hours motors.CLIENT_MOTOR_8_MIN)
time work motor,1009,494,ORef 482 (hours motors.CLIENT_MOTOR_8_MIN) ↔ Part 467.in1
time work motor,1009,495,ORef 483 (60) ↔ Part 467.in2
time work motor,1009,496,Part 467.out ↔ Part 470.en
time work motor,1009,498,ORef 484 (1) ↔ Part 470.in
time work motor,1009,500,Part 470.eno ↔ Part 473.en
time work motor,1009,499,Part 470.out1 ↔ ORef 485 (hours motors.CLIENT_MOTOR_8_HOUR)
time work motor,1009,501,ORef 486 (0) ↔ Part 473.in
time work motor,1009,503,Part 473.eno ↔ Part 476.in
time work motor,1009,502,Part 473.out1 ↔ ORef 487 (hours motors.CLIENT_MOTOR_8_MIN)
time work motor,1009,504,ORef 488 (Flag_Aggiorna_DB) ↔ Part 476.operand
time work motor,1010,564,Powerrail {} ↔ Part 560.in
time work motor,1010,543,ORef 531 (Tag_47) ↔ Part 560.operand
time work motor,1010,561,Part 560.out ↔ Part 562.in
time work motor,1010,544,ORef 532 (BELT CONVEYOR  C RUN) ↔ Part 562.operand
time work motor,1010,563,Part 562.out ↔ Part 514.en ↔ Part 521.pre
time work motor,1010,545,ORef 533 (hours motors.CLIENT_MOTOR_9_MIN) ↔ Part 514.in1
time work motor,1010,546,ORef 534 (1) ↔ Part 514.in2
time work motor,1010,547,Part 514.out ↔ ORef 535 (hours motors.CLIENT_MOTOR_9_MIN)
time work motor,1010,548,ORef 536 (hours motors.CLIENT_MOTOR_9_MIN) ↔ Part 521.in1
time work motor,1010,549,ORef 537 (60) ↔ Part 521.in2
time work motor,1010,550,Part 521.out ↔ Part 524.en
time work motor,1010,552,ORef 538 (1) ↔ Part 524.in
time work motor,1010,554,Part 524.eno ↔ Part 527.en
time work motor,1010,553,Part 524.out1 ↔ ORef 539 (hours motors.CLIENT_MOTOR_9_HOUR)
time work motor,1010,555,ORef 540 (0) ↔ Part 527.in
time work motor,1010,557,Part 527.eno ↔ Part 530.in
time work motor,1010,556,Part 527.out1 ↔ ORef 541 (hours motors.CLIENT_MOTOR_9_MIN)
time work motor,1010,558,ORef 542 (Flag_Aggiorna_DB) ↔ Part 530.operand
time work motor,1011,618,Powerrail {} ↔ Part 614.in
time work motor,1011,597,ORef 585 (Tag_47) ↔ Part 614.operand
time work motor,1011,615,Part 614.out ↔ Part 616.in
time work motor,1011,598,ORef 586 (ROTEX SCREEN RUN) ↔ Part 616.operand
time work motor,1011,617,Part 616.out ↔ Part 568.en ↔ Part 575.pre
time work motor,1011,599,ORef 587 (hours motors.CLIENT_MOTOR_10_MIN) ↔ Part 568.in1
time work motor,1011,600,ORef 588 (1) ↔ Part 568.in2
time work motor,1011,601,Part 568.out ↔ ORef 589 (hours motors.CLIENT_MOTOR_10_MIN)
time work motor,1011,602,ORef 590 (hours motors.CLIENT_MOTOR_10_MIN) ↔ Part 575.in1
time work motor,1011,603,ORef 591 (60) ↔ Part 575.in2
time work motor,1011,604,Part 575.out ↔ Part 578.en
time work motor,1011,606,ORef 592 (1) ↔ Part 578.in
time work motor,1011,608,Part 578.eno ↔ Part 581.en
time work motor,1011,607,Part 578.out1 ↔ ORef 593 (hours motors.CLIENT_MOTOR_10_HOUR)
time work motor,1011,609,ORef 594 (0) ↔ Part 581.in
time work motor,1011,611,Part 581.eno ↔ Part 584.in
time work motor,1011,610,Part 581.out1 ↔ ORef 595 (hours motors.CLIENT_MOTOR_10_MIN)
time work motor,1011,612,ORef 596 (Flag_Aggiorna_DB) ↔ Part 584.operand
time work motor,1012,780,Powerrail {} ↔ Part 776.in
time work motor,1012,759,ORef 747 (Tag_47) ↔ Part 776.operand
time work motor,1012,777,Part 776.out ↔ Part 778.in
time work motor,1012,760,ORef 748 (APRON CONVEYOR B RUN) ↔ Part 778.operand
time work motor,1012,779,Part 778.out ↔ Part 730.en ↔ Part 737.pre
time work motor,1012,761,ORef 749 (hours motors.CLIENT_MOTOR_13_MIN) ↔ Part 730.in1
time work motor,1012,762,ORef 750 (1) ↔ Part 730.in2
time work motor,1012,763,Part 730.out ↔ ORef 751 (hours motors.CLIENT_MOTOR_13_MIN)
time work motor,1012,764,ORef 752 (hours motors.CLIENT_MOTOR_13_MIN) ↔ Part 737.in1
time work motor,1012,765,ORef 753 (60) ↔ Part 737.in2
time work motor,1012,766,Part 737.out ↔ Part 740.en
time work motor,1012,768,ORef 754 (1) ↔ Part 740.in
time work motor,1012,770,Part 740.eno ↔ Part 743.en
time work motor,1012,769,Part 740.out1 ↔ ORef 755 (hours motors.CLIENT_MOTOR_13_HOUR)
time work motor,1012,771,ORef 756 (0) ↔ Part 743.in
time work motor,1012,773,Part 743.eno ↔ Part 746.in
time work motor,1012,772,Part 743.out1 ↔ ORef 757 (hours motors.CLIENT_MOTOR_13_MIN)
time work motor,1012,774,ORef 758 (Flag_Aggiorna_DB) ↔ Part 746.operand
time work motor,1013,834,Powerrail {} ↔ Part 830.in
time work motor,1013,813,ORef 801 (Tag_47) ↔ Part 830.operand
time work motor,1013,831,Part 830.out ↔ Part 832.in
time work motor,1013,814,ORef 802 (SHREDDER 2 RUN) ↔ Part 832.operand
time work motor,1013,833,Part 832.out ↔ Part 784.en ↔ Part 791.pre
time work motor,1013,815,ORef 803 (hours motors.CLIENT_MOTOR_14_MIN) ↔ Part 784.in1
time work motor,1013,816,ORef 804 (1) ↔ Part 784.in2
time work motor,1013,817,Part 784.out ↔ ORef 805 (hours motors.CLIENT_MOTOR_14_MIN)
time work motor,1013,818,ORef 806 (hours motors.CLIENT_MOTOR_14_MIN) ↔ Part 791.in1
time work motor,1013,819,ORef 807 (60) ↔ Part 791.in2
time work motor,1013,820,Part 791.out ↔ Part 794.en
time work motor,1013,822,ORef 808 (1) ↔ Part 794.in
time work motor,1013,824,Part 794.eno ↔ Part 797.en
time work motor,1013,823,Part 794.out1 ↔ ORef 809 (hours motors.CLIENT_MOTOR_14_HOUR)
time work motor,1013,825,ORef 810 (0) ↔ Part 797.in
time work motor,1013,827,Part 797.eno ↔ Part 800.in
time work motor,1013,826,Part 797.out1 ↔ ORef 811 (hours motors.CLIENT_MOTOR_14_MIN)
time work motor,1013,828,ORef 812 (Flag_Aggiorna_DB) ↔ Part 800.operand
time work motor,1014,888,Powerrail {} ↔ Part 884.in
time work motor,1014,867,ORef 855 (Tag_47) ↔ Part 884.operand
time work motor,1014,885,Part 884.out ↔ Part 886.in
time work motor,1014,868,ORef 856 (BELT CONVEYOR  D RUN) ↔ Part 886.operand
time work motor,1014,887,Part 886.out ↔ Part 838.en ↔ Part 845.pre
time work motor,1014,869,ORef 857 (hours motors.CLIENT_MOTOR_15_MIN) ↔ Part 838.in1
time work motor,1014,870,ORef 858 (1) ↔ Part 838.in2
time work motor,1014,871,Part 838.out ↔ ORef 859 (hours motors.CLIENT_MOTOR_15_MIN)
time work motor,1014,872,ORef 860 (hours motors.CLIENT_MOTOR_15_MIN) ↔ Part 845.in1
time work motor,1014,873,ORef 861 (60) ↔ Part 845.in2
time work motor,1014,874,Part 845.out ↔ Part 848.en
time work motor,1014,876,ORef 862 (1) ↔ Part 848.in
time work motor,1014,878,Part 848.eno ↔ Part 851.en
time work motor,1014,877,Part 848.out1 ↔ ORef 863 (hours motors.CLIENT_MOTOR_15_HOUR)
time work motor,1014,879,ORef 864 (0) ↔ Part 851.in
time work motor,1014,881,Part 851.eno ↔ Part 854.in
time work motor,1014,880,Part 851.out1 ↔ ORef 865 (hours motors.CLIENT_MOTOR_15_MIN)
time work motor,1014,882,ORef 866 (Flag_Aggiorna_DB) ↔ Part 854.operand
time work motor,1015,942,Powerrail {} ↔ Part 938.in
time work motor,1015,921,ORef 909 (Tag_47) ↔ Part 938.operand
time work motor,1015,939,Part 938.out ↔ Part 940.in
time work motor,1015,922,ORef 910 (BELT CONVEYOR E RUN) ↔ Part 940.operand
time work motor,1015,941,Part 940.out ↔ Part 892.en ↔ Part 899.pre
time work motor,1015,923,ORef 911 (hours motors.CLIENT_MOTOR_16_MIN) ↔ Part 892.in1
time work motor,1015,924,ORef 912 (1) ↔ Part 892.in2
time work motor,1015,925,Part 892.out ↔ ORef 913 (hours motors.CLIENT_MOTOR_16_MIN)
time work motor,1015,926,ORef 914 (hours motors.CLIENT_MOTOR_16_MIN) ↔ Part 899.in1
time work motor,1015,927,ORef 915 (60) ↔ Part 899.in2
time work motor,1015,928,Part 899.out ↔ Part 902.en
time work motor,1015,930,ORef 916 (1) ↔ Part 902.in
time work motor,1015,932,Part 902.eno ↔ Part 905.en
time work motor,1015,931,Part 902.out1 ↔ ORef 917 (hours motors.CLIENT_MOTOR_16_HOUR)
time work motor,1015,933,ORef 918 (0) ↔ Part 905.in
time work motor,1015,935,Part 905.eno ↔ Part 908.in
time work motor,1015,934,Part 905.out1 ↔ ORef 919 (hours motors.CLIENT_MOTOR_16_MIN)
time work motor,1015,936,ORef 920 (Flag_Aggiorna_DB) ↔ Part 908.operand
time work motor,1016,996,Powerrail {} ↔ Part 992.in
time work motor,1016,975,ORef 963 (Tag_47) ↔ Part 992.operand
time work motor,1016,993,Part 992.out ↔ Part 994.in
time work motor,1016,976,ORef 964 (LIW SYSTEMAUTOREADER) ↔ Part 994.operand
time work motor,1016,995,Part 994.out ↔ Part 946.en ↔ Part 953.pre
time work motor,1016,977,ORef 965 (hours motors.CLIENT_MOTOR_17_MIN) ↔ Part 946.in1
time work motor,1016,978,ORef 966 (1) ↔ Part 946.in2
time work motor,1016,979,Part 946.out ↔ ORef 967 (hours motors.CLIENT_MOTOR_17_MIN)
time work motor,1016,980,ORef 968 (hours motors.CLIENT_MOTOR_17_MIN) ↔ Part 953.in1
time work motor,1016,981,ORef 969 (60) ↔ Part 953.in2
time work motor,1016,982,Part 953.out ↔ Part 956.en
time work motor,1016,984,ORef 970 (1) ↔ Part 956.in
time work motor,1016,986,Part 956.eno ↔ Part 959.en
time work motor,1016,985,Part 956.out1 ↔ ORef 971 (hours motors.CLIENT_MOTOR_17_HOUR)
time work motor,1016,987,ORef 972 (0) ↔ Part 959.in
time work motor,1016,989,Part 959.eno ↔ Part 962.in
time work motor,1016,988,Part 959.out1 ↔ ORef 973 (hours motors.CLIENT_MOTOR_17_MIN)
time work motor,1016,990,ORef 974 (Flag_Aggiorna_DB) ↔ Part 962.operand
time work motor,1017,1104,Powerrail {} ↔ Part 1100.in
time work motor,1017,1083,ORef 1071 (Tag_47) ↔ Part 1100.operand
time work motor,1017,1101,Part 1100.out ↔ Part 1102.in
time work motor,1017,1084,ORef 1072 (PRIMARYSHREDDER RUN) ↔ Part 1102.operand
time work motor,1017,1103,Part 1102.out ↔ Part 1054.en ↔ Part 1061.pre
time work motor,1017,1085,ORef 1073 (hours motors.CLIENT_MOTOR_19_MIN) ↔ Part 1054.in1
time work motor,1017,1086,ORef 1074 (1) ↔ Part 1054.in2
time work motor,1017,1087,Part 1054.out ↔ ORef 1075 (hours motors.CLIENT_MOTOR_19_MIN)
time work motor,1017,1088,ORef 1076 (hours motors.CLIENT_MOTOR_19_MIN) ↔ Part 1061.in1
time work motor,1017,1089,ORef 1077 (60) ↔ Part 1061.in2
time work motor,1017,1090,Part 1061.out ↔ Part 1064.en
time work motor,1017,1092,ORef 1078 (1) ↔ Part 1064.in
time work motor,1017,1094,Part 1064.eno ↔ Part 1067.en
time work motor,1017,1093,Part 1064.out1 ↔ ORef 1079 (hours motors.CLIENT_MOTOR_19_HOUR)
time work motor,1017,1095,ORef 1080 (0) ↔ Part 1067.in
time work motor,1017,1097,Part 1067.eno ↔ Part 1070.in
time work motor,1017,1096,Part 1067.out1 ↔ ORef 1081 (hours motors.CLIENT_MOTOR_19_MIN)
time work motor,1017,1098,ORef 1082 (Flag_Aggiorna_DB) ↔ Part 1070.operand
time work motor,1018,1158,Powerrail {} ↔ Part 1154.in
time work motor,1018,1137,ORef 1125 (Tag_47) ↔ Part 1154.operand
time work motor,1018,1155,Part 1154.out ↔ Part 1156.in
time work motor,1018,1138,ORef 1126 (BC01_Fbk) ↔ Part 1156.operand
time work motor,1018,1157,Part 1156.out ↔ Part 1108.en ↔ Part 1115.pre
time work motor,1018,1139,ORef 1127 (hours motors.BC_01_MIN) ↔ Part 1108.in1
time work motor,1018,1140,ORef 1128 (1) ↔ Part 1108.in2
time work motor,1018,1141,Part 1108.out ↔ ORef 1129 (hours motors.BC_01_MIN)
time work motor,1018,1142,ORef 1130 (hours motors.BC_01_MIN) ↔ Part 1115.in1
time work motor,1018,1143,ORef 1131 (60) ↔ Part 1115.in2
time work motor,1018,1144,Part 1115.out ↔ Part 1118.en
time work motor,1018,1146,ORef 1132 (1) ↔ Part 1118.in
time work motor,1018,1148,Part 1118.eno ↔ Part 1121.en
time work motor,1018,1147,Part 1118.out1 ↔ ORef 1133 (hours motors.BC_01_HOUR)
time work motor,1018,1149,ORef 1134 (0) ↔ Part 1121.in
time work motor,1018,1151,Part 1121.eno ↔ Part 1124.in
time work motor,1018,1150,Part 1121.out1 ↔ ORef 1135 (hours motors.BC_01_MIN)
time work motor,1018,1152,ORef 1136 (Flag_Aggiorna_DB) ↔ Part 1124.operand
time work motor,1019,1212,Powerrail {} ↔ Part 1208.in
time work motor,1019,1191,ORef 1179 (Tag_47) ↔ Part 1208.operand
time work motor,1019,1209,Part 1208.out ↔ Part 1210.in
time work motor,1019,1192,ORef 1180 (RD01_Fbk) ↔ Part 1210.operand
time work motor,1019,1211,Part 1210.out ↔ Part 1162.en ↔ Part 1169.pre
time work motor,1019,1193,ORef 1181 (hours motors.RD_01_MIN) ↔ Part 1162.in1
time work motor,1019,1194,ORef 1182 (1) ↔ Part 1162.in2
time work motor,1019,1195,Part 1162.out ↔ ORef 1183 (hours motors.RD_01_MIN)
time work motor,1019,1196,ORef 1184 (hours motors.RD_01_MIN) ↔ Part 1169.in1
time work motor,1019,1197,ORef 1185 (60) ↔ Part 1169.in2
time work motor,1019,1198,Part 1169.out ↔ Part 1172.en
time work motor,1019,1200,ORef 1186 (1) ↔ Part 1172.in
time work motor,1019,1202,Part 1172.eno ↔ Part 1175.en
time work motor,1019,1201,Part 1172.out1 ↔ ORef 1187 (hours motors.RD_01_HOUR)
time work motor,1019,1203,ORef 1188 (0) ↔ Part 1175.in
time work motor,1019,1205,Part 1175.eno ↔ Part 1178.in
time work motor,1019,1204,Part 1175.out1 ↔ ORef 1189 (hours motors.RD_01_MIN)
time work motor,1019,1206,ORef 1190 (Flag_Aggiorna_DB) ↔ Part 1178.operand
time work motor,1020,1266,Powerrail {} ↔ Part 1262.in
time work motor,1020,1245,ORef 1233 (Tag_47) ↔ Part 1262.operand
time work motor,1020,1263,Part 1262.out ↔ Part 1264.in
time work motor,1020,1246,ORef 1234 (RD01F_Fbk) ↔ Part 1264.operand
time work motor,1020,1265,Part 1264.out ↔ Part 1216.en ↔ Part 1223.pre
time work motor,1020,1247,ORef 1235 (hours motors.RD_01_FAN_MIN) ↔ Part 1216.in1
time work motor,1020,1248,ORef 1236 (1) ↔ Part 1216.in2
time work motor,1020,1249,Part 1216.out ↔ ORef 1237 (hours motors.RD_01_FAN_MIN)
time work motor,1020,1250,ORef 1238 (hours motors.RD_01_FAN_MIN) ↔ Part 1223.in1
time work motor,1020,1251,ORef 1239 (60) ↔ Part 1223.in2
time work motor,1020,1252,Part 1223.out ↔ Part 1226.en
time work motor,1020,1254,ORef 1240 (1) ↔ Part 1226.in
time work motor,1020,1256,Part 1226.eno ↔ Part 1229.en
time work motor,1020,1255,Part 1226.out1 ↔ ORef 1241 (hours motors.RD_01_FAN_HOUR)
time work motor,1020,1257,ORef 1242 (0) ↔ Part 1229.in
time work motor,1020,1259,Part 1229.eno ↔ Part 1232.in
time work motor,1020,1258,Part 1229.out1 ↔ ORef 1243 (hours motors.RD_01_FAN_MIN)
time work motor,1020,1260,ORef 1244 (Flag_Aggiorna_DB) ↔ Part 1232.operand
time work motor,1021,1320,Powerrail {} ↔ Part 1316.in
time work motor,1021,1299,ORef 1287 (Tag_47) ↔ Part 1316.operand
time work motor,1021,1317,Part 1316.out ↔ Part 1318.in
time work motor,1021,1300,ORef 1288 (102A7_SPARE5) ↔ Part 1318.operand
time work motor,1021,1319,Part 1318.out ↔ Part 1270.en ↔ Part 1277.pre
time work motor,1021,1301,ORef 1289 (hours motors.MC_03_MIN) ↔ Part 1270.in1
time work motor,1021,1302,ORef 1290 (1) ↔ Part 1270.in2
time work motor,1021,1303,Part 1270.out ↔ ORef 1291 (hours motors.MC_03_MIN)
time work motor,1021,1304,ORef 1292 (hours motors.MC_03_MIN) ↔ Part 1277.in1
time work motor,1021,1305,ORef 1293 (60) ↔ Part 1277.in2
time work motor,1021,1306,Part 1277.out ↔ Part 1280.en
time work motor,1021,1308,ORef 1294 (1) ↔ Part 1280.in
time work motor,1021,1310,Part 1280.eno ↔ Part 1283.en
time work motor,1021,1309,Part 1280.out1 ↔ ORef 1295 (hours motors.MC_03_HOUR)
time work motor,1021,1311,ORef 1296 (0) ↔ Part 1283.in
time work motor,1021,1313,Part 1283.eno ↔ Part 1286.in
time work motor,1021,1312,Part 1283.out1 ↔ ORef 1297 (hours motors.MC_03_MIN)
time work motor,1021,1314,ORef 1298 (Flag_Aggiorna_DB) ↔ Part 1286.operand
time work motor,1022,1374,Powerrail {} ↔ Part 1370.in
time work motor,1022,1353,ORef 1341 (Tag_47) ↔ Part 1370.operand
time work motor,1022,1371,Part 1370.out ↔ Part 1372.in
time work motor,1022,1354,ORef 1342 (MC04_Fbk) ↔ Part 1372.operand
time work motor,1022,1373,Part 1372.out ↔ Part 1324.en ↔ Part 1331.pre
time work motor,1022,1355,ORef 1343 (hours motors.MC_04_MIN) ↔ Part 1324.in1
time work motor,1022,1356,ORef 1344 (1) ↔ Part 1324.in2
time work motor,1022,1357,Part 1324.out ↔ ORef 1345 (hours motors.MC_04_MIN)
time work motor,1022,1358,ORef 1346 (hours motors.MC_04_MIN) ↔ Part 1331.in1
time work motor,1022,1359,ORef 1347 (60) ↔ Part 1331.in2
time work motor,1022,1360,Part 1331.out ↔ Part 1334.en
time work motor,1022,1362,ORef 1348 (1) ↔ Part 1334.in
time work motor,1022,1364,Part 1334.eno ↔ Part 1337.en
time work motor,1022,1363,Part 1334.out1 ↔ ORef 1349 (hours motors.MC_04_HOUR)
time work motor,1022,1365,ORef 1350 (0) ↔ Part 1337.in
time work motor,1022,1367,Part 1337.eno ↔ Part 1340.in
time work motor,1022,1366,Part 1337.out1 ↔ ORef 1351 (hours motors.MC_04_MIN)
time work motor,1022,1368,ORef 1352 (Flag_Aggiorna_DB) ↔ Part 1340.operand
time work motor,1024,1482,Powerrail {} ↔ Part 1478.in
time work motor,1024,1461,ORef 1449 (Tag_47) ↔ Part 1478.operand
time work motor,1024,1479,Part 1478.out ↔ Part 1480.in
time work motor,1024,1462,ORef 1450 (VS01_Fbk) ↔ Part 1480.operand
time work motor,1024,1481,Part 1480.out ↔ Part 1432.en ↔ Part 1439.pre
time work motor,1024,1463,ORef 1451 (hours motors.VS_01_MIN) ↔ Part 1432.in1
time work motor,1024,1464,ORef 1452 (1) ↔ Part 1432.in2
time work motor,1024,1465,Part 1432.out ↔ ORef 1453 (hours motors.VS_01_MIN)
time work motor,1024,1466,ORef 1454 (hours motors.VS_01_MIN) ↔ Part 1439.in1
time work motor,1024,1467,ORef 1455 (60) ↔ Part 1439.in2
time work motor,1024,1468,Part 1439.out ↔ Part 1442.en
time work motor,1024,1470,ORef 1456 (1) ↔ Part 1442.in
time work motor,1024,1472,Part 1442.eno ↔ Part 1445.en
time work motor,1024,1471,Part 1442.out1 ↔ ORef 1457 (hours motors.VS_01_HOUR)
time work motor,1024,1473,ORef 1458 (0) ↔ Part 1445.in
time work motor,1024,1475,Part 1445.eno ↔ Part 1448.in
time work motor,1024,1474,Part 1445.out1 ↔ ORef 1459 (hours motors.VS_01_MIN)
time work motor,1024,1476,ORef 1460 (Flag_Aggiorna_DB) ↔ Part 1448.operand
time work motor,1026,1590,Powerrail {} ↔ Part 1586.in
time work motor,1026,1569,ORef 1557 (Tag_47) ↔ Part 1586.operand
time work motor,1026,1587,Part 1586.out ↔ Part 1588.in
time work motor,1026,1570,ORef 1558 (FN02_Fbk) ↔ Part 1588.operand
time work motor,1026,1589,Part 1588.out ↔ Part 1540.en ↔ Part 1547.pre
time work motor,1026,1571,ORef 1559 (hours motors.FN_02_MIN) ↔ Part 1540.in1
time work motor,1026,1572,ORef 1560 (1) ↔ Part 1540.in2
time work motor,1026,1573,Part 1540.out ↔ ORef 1561 (hours motors.FN_02_MIN)
time work motor,1026,1574,ORef 1562 (hours motors.FN_02_MIN) ↔ Part 1547.in1
time work motor,1026,1575,ORef 1563 (60) ↔ Part 1547.in2
time work motor,1026,1576,Part 1547.out ↔ Part 1550.en
time work motor,1026,1578,ORef 1564 (1) ↔ Part 1550.in
time work motor,1026,1580,Part 1550.eno ↔ Part 1553.en
time work motor,1026,1579,Part 1550.out1 ↔ ORef 1565 (hours motors.FN_02_HOUR)
time work motor,1026,1581,ORef 1566 (0) ↔ Part 1553.in
time work motor,1026,1583,Part 1553.eno ↔ Part 1556.in
time work motor,1026,1582,Part 1553.out1 ↔ ORef 1567 (hours motors.FN_02_MIN)
time work motor,1026,1584,ORef 1568 (Flag_Aggiorna_DB) ↔ Part 1556.operand
time work motor,1027,1644,Powerrail {} ↔ Part 1640.in
time work motor,1027,1623,ORef 1611 (Tag_47) ↔ Part 1640.operand
time work motor,1027,1641,Part 1640.out ↔ Part 1642.in
time work motor,1027,1624,ORef 1612 (VR01_Fbk) ↔ Part 1642.operand
time work motor,1027,1643,Part 1642.out ↔ Part 1594.en ↔ Part 1601.pre
time work motor,1027,1625,ORef 1613 (hours motors.VR_01_MIN) ↔ Part 1594.in1
time work motor,1027,1626,ORef 1614 (1) ↔ Part 1594.in2
time work motor,1027,1627,Part 1594.out ↔ ORef 1615 (hours motors.VR_01_MIN)
time work motor,1027,1628,ORef 1616 (hours motors.VR_01_MIN) ↔ Part 1601.in1
time work motor,1027,1629,ORef 1617 (60) ↔ Part 1601.in2
time work motor,1027,1630,Part 1601.out ↔ Part 1604.en
time work motor,1027,1632,ORef 1618 (1) ↔ Part 1604.in
time work motor,1027,1634,Part 1604.eno ↔ Part 1607.en
time work motor,1027,1633,Part 1604.out1 ↔ ORef 1619 (hours motors.VR_01_HOUR)
time work motor,1027,1635,ORef 1620 (0) ↔ Part 1607.in
time work motor,1027,1637,Part 1607.eno ↔ Part 1610.in
time work motor,1027,1636,Part 1607.out1 ↔ ORef 1621 (hours motors.VR_01_MIN)
time work motor,1027,1638,ORef 1622 (Flag_Aggiorna_DB) ↔ Part 1610.operand
time work motor,1028,1698,Powerrail {} ↔ Part 1694.in
time work motor,1028,1677,ORef 1665 (Tag_47) ↔ Part 1694.operand
time work motor,1028,1695,Part 1694.out ↔ Part 1696.in
time work motor,1028,1678,ORef 1666 (FN01_Fbk) ↔ Part 1696.operand
time work motor,1028,1697,Part 1696.out ↔ Part 1648.en ↔ Part 1655.pre
time work motor,1028,1679,ORef 1667 (hours motors.FN_01_MIN) ↔ Part 1648.in1
time work motor,1028,1680,ORef 1668 (1) ↔ Part 1648.in2
time work motor,1028,1681,Part 1648.out ↔ ORef 1669 (hours motors.FN_01_MIN)
time work motor,1028,1682,ORef 1670 (hours motors.FN_01_MIN) ↔ Part 1655.in1
time work motor,1028,1683,ORef 1671 (60) ↔ Part 1655.in2
time work motor,1028,1684,Part 1655.out ↔ Part 1658.en
time work motor,1028,1686,ORef 1672 (1) ↔ Part 1658.in
time work motor,1028,1688,Part 1658.eno ↔ Part 1661.en
time work motor,1028,1687,Part 1658.out1 ↔ ORef 1673 (hours motors.FN_01_HOUR)
time work motor,1028,1689,ORef 1674 (0) ↔ Part 1661.in
time work motor,1028,1691,Part 1661.eno ↔ Part 1664.in
time work motor,1028,1690,Part 1661.out1 ↔ ORef 1675 (hours motors.FN_01_MIN)
time work motor,1028,1692,ORef 1676 (Flag_Aggiorna_DB) ↔ Part 1664.operand
time work motor,1029,1752,Powerrail {} ↔ Part 1748.in
time work motor,1029,1731,ORef 1719 (Tag_47) ↔ Part 1748.operand
time work motor,1029,1749,Part 1748.out ↔ Part 1750.in
time work motor,1029,1732,ORef 1720 (VR02_Fbk) ↔ Part 1750.operand
time work motor,1029,1751,Part 1750.out ↔ Part 1702.en ↔ Part 1709.pre
time work motor,1029,1733,ORef 1721 (hours motors.VR_02_MIN) ↔ Part 1702.in1
time work motor,1029,1734,ORef 1722 (1) ↔ Part 1702.in2
time work motor,1029,1735,Part 1702.out ↔ ORef 1723 (hours motors.VR_02_MIN)
time work motor,1029,1736,ORef 1724 (hours motors.VR_02_MIN) ↔ Part 1709.in1
time work motor,1029,1737,ORef 1725 (60) ↔ Part 1709.in2
time work motor,1029,1738,Part 1709.out ↔ Part 1712.en
time work motor,1029,1740,ORef 1726 (1) ↔ Part 1712.in
time work motor,1029,1742,Part 1712.eno ↔ Part 1715.en
time work motor,1029,1741,Part 1712.out1 ↔ ORef 1727 (hours motors.VR_02_HOUR)
time work motor,1029,1743,ORef 1728 (0) ↔ Part 1715.in
time work motor,1029,1745,Part 1715.eno ↔ Part 1718.in
time work motor,1029,1744,Part 1715.out1 ↔ ORef 1729 (hours motors.VR_02_MIN)
time work motor,1029,1746,ORef 1730 (Flag_Aggiorna_DB) ↔ Part 1718.operand
time work motor,1030,1806,Powerrail {} ↔ Part 1802.in
time work motor,1030,1785,ORef 1773 (Tag_47) ↔ Part 1802.operand
time work motor,1030,1803,Part 1802.out ↔ Part 1804.in
time work motor,1030,1786,ORef 1774 (CH01_Fbk) ↔ Part 1804.operand
time work motor,1030,1805,Part 1804.out ↔ Part 1756.en ↔ Part 1763.pre
time work motor,1030,1787,ORef 1775 (hours motors.CH_01_MIN) ↔ Part 1756.in1
time work motor,1030,1788,ORef 1776 (1) ↔ Part 1756.in2
time work motor,1030,1789,Part 1756.out ↔ ORef 1777 (hours motors.CH_01_MIN)
time work motor,1030,1790,ORef 1778 (hours motors.CH_01_MIN) ↔ Part 1763.in1
time work motor,1030,1791,ORef 1779 (60) ↔ Part 1763.in2
time work motor,1030,1792,Part 1763.out ↔ Part 1766.en
time work motor,1030,1794,ORef 1780 (1) ↔ Part 1766.in
time work motor,1030,1796,Part 1766.eno ↔ Part 1769.en
time work motor,1030,1795,Part 1766.out1 ↔ ORef 1781 (hours motors.CH_01_HOUR)
time work motor,1030,1797,ORef 1782 (0) ↔ Part 1769.in
time work motor,1030,1799,Part 1769.eno ↔ Part 1772.in
time work motor,1030,1798,Part 1769.out1 ↔ ORef 1783 (hours motors.CH_01_MIN)
time work motor,1030,1800,ORef 1784 (Flag_Aggiorna_DB) ↔ Part 1772.operand
time work motor,1031,1860,Powerrail {} ↔ Part 1856.in
time work motor,1031,1839,ORef 1827 (Tag_47) ↔ Part 1856.operand
time work motor,1031,1857,Part 1856.out ↔ Part 1858.in
time work motor,1031,1840,ORef 1828 (FN03_Fbk) ↔ Part 1858.operand
time work motor,1031,1859,Part 1858.out ↔ Part 1810.en ↔ Part 1817.pre
time work motor,1031,1841,ORef 1829 (hours motors.FN_03_MIN) ↔ Part 1810.in1
time work motor,1031,1842,ORef 1830 (1) ↔ Part 1810.in2
time work motor,1031,1843,Part 1810.out ↔ ORef 1831 (hours motors.FN_03_MIN)
time work motor,1031,1844,ORef 1832 (hours motors.FN_03_MIN) ↔ Part 1817.in1
time work motor,1031,1845,ORef 1833 (60) ↔ Part 1817.in2
time work motor,1031,1846,Part 1817.out ↔ Part 1820.en
time work motor,1031,1848,ORef 1834 (1) ↔ Part 1820.in
time work motor,1031,1850,Part 1820.eno ↔ Part 1823.en
time work motor,1031,1849,Part 1820.out1 ↔ ORef 1835 (hours motors.FN_03_HOUR)
time work motor,1031,1851,ORef 1836 (0) ↔ Part 1823.in
time work motor,1031,1853,Part 1823.eno ↔ Part 1826.in
time work motor,1031,1852,Part 1823.out1 ↔ ORef 1837 (hours motors.FN_03_MIN)
time work motor,1031,1854,ORef 1838 (Flag_Aggiorna_DB) ↔ Part 1826.operand
time work motor,1032,1914,Powerrail {} ↔ Part 1910.in
time work motor,1032,1893,ORef 1881 (Tag_47) ↔ Part 1910.operand
time work motor,1032,1911,Part 1910.out ↔ Part 1912.in
time work motor,1032,1894,ORef 1882 (FN06_Fbk) ↔ Part 1912.operand
time work motor,1032,1913,Part 1912.out ↔ Part 1864.en ↔ Part 1871.pre
time work motor,1032,1895,ORef 1883 (hours motors.FN_06_MIN) ↔ Part 1864.in1
time work motor,1032,1896,ORef 1884 (1) ↔ Part 1864.in2
time work motor,1032,1897,Part 1864.out ↔ ORef 1885 (hours motors.FN_06_MIN)
time work motor,1032,1898,ORef 1886 (hours motors.FN_06_MIN) ↔ Part 1871.in1
time work motor,1032,1899,ORef 1887 (60) ↔ Part 1871.in2
time work motor,1032,1900,Part 1871.out ↔ Part 1874.en
time work motor,1032,1902,ORef 1888 (1) ↔ Part 1874.in
time work motor,1032,1904,Part 1874.eno ↔ Part 1877.en
time work motor,1032,1903,Part 1874.out1 ↔ ORef 1889 (hours motors.FN_06_HOUR)
time work motor,1032,1905,ORef 1890 (0) ↔ Part 1877.in
time work motor,1032,1907,Part 1877.eno ↔ Part 1880.in
time work motor,1032,1906,Part 1877.out1 ↔ ORef 1891 (hours motors.FN_06_MIN)
time work motor,1032,1908,ORef 1892 (Flag_Aggiorna_DB) ↔ Part 1880.operand
time work motor,1033,1968,Powerrail {} ↔ Part 1964.in
time work motor,1033,1947,ORef 1935 (Tag_47) ↔ Part 1964.operand
time work motor,1033,1965,Part 1964.out ↔ Part 1966.in
time work motor,1033,1948,ORef 1936 (SC01_Fbk) ↔ Part 1966.operand
time work motor,1033,1967,Part 1966.out ↔ Part 1918.en ↔ Part 1925.pre
time work motor,1033,1949,ORef 1937 (hours motors.SC_01_MIN) ↔ Part 1918.in1
time work motor,1033,1950,ORef 1938 (1) ↔ Part 1918.in2
time work motor,1033,1951,Part 1918.out ↔ ORef 1939 (hours motors.SC_01_MIN)
time work motor,1033,1952,ORef 1940 (hours motors.SC_01_MIN) ↔ Part 1925.in1
time work motor,1033,1953,ORef 1941 (60) ↔ Part 1925.in2
time work motor,1033,1954,Part 1925.out ↔ Part 1928.en
time work motor,1033,1956,ORef 1942 (1) ↔ Part 1928.in
time work motor,1033,1958,Part 1928.eno ↔ Part 1931.en
time work motor,1033,1957,Part 1928.out1 ↔ ORef 1943 (hours motors.SC_01_HOUR)
time work motor,1033,1959,ORef 1944 (0) ↔ Part 1931.in
time work motor,1033,1961,Part 1931.eno ↔ Part 1934.in
time work motor,1033,1960,Part 1931.out1 ↔ ORef 1945 (hours motors.SC_01_MIN)
time work motor,1033,1962,ORef 1946 (Flag_Aggiorna_DB) ↔ Part 1934.operand
time work motor,1035,2076,Powerrail {} ↔ Part 2072.in
time work motor,1035,2055,ORef 2043 (Tag_47) ↔ Part 2072.operand
time work motor,1035,2073,Part 2072.out ↔ Part 2074.in
time work motor,1035,2056,ORef 2044 (LD-01_Fbk) ↔ Part 2074.operand
time work motor,1035,2075,Part 2074.out ↔ Part 2026.en ↔ Part 2033.pre
time work motor,1035,2057,ORef 2045 (hours motors.LD_01_MIN) ↔ Part 2026.in1
time work motor,1035,2058,ORef 2046 (1) ↔ Part 2026.in2
time work motor,1035,2059,Part 2026.out ↔ ORef 2047 (hours motors.LD_01_MIN)
time work motor,1035,2060,ORef 2048 (hours motors.LD_01_MIN) ↔ Part 2033.in1
time work motor,1035,2061,ORef 2049 (60) ↔ Part 2033.in2
time work motor,1035,2062,Part 2033.out ↔ Part 2036.en
time work motor,1035,2064,ORef 2050 (1) ↔ Part 2036.in
time work motor,1035,2066,Part 2036.eno ↔ Part 2039.en
time work motor,1035,2065,Part 2036.out1 ↔ ORef 2051 (hours motors.LD_01_HOUR)
time work motor,1035,2067,ORef 2052 (0) ↔ Part 2039.in
time work motor,1035,2069,Part 2039.eno ↔ Part 2042.in
time work motor,1035,2068,Part 2039.out1 ↔ ORef 2053 (hours motors.LD_01_MIN)
time work motor,1035,2070,ORef 2054 (Flag_Aggiorna_DB) ↔ Part 2042.operand
time work motor,1036,2130,Powerrail {} ↔ Part 2126.in
time work motor,1036,2109,ORef 2097 (Tag_47) ↔ Part 2126.operand
time work motor,1036,2127,Part 2126.out ↔ Part 2128.in
time work motor,1036,2110,ORef 2098 (LD-01A_Fbk) ↔ Part 2128.operand
time work motor,1036,2129,Part 2128.out ↔ Part 2080.en ↔ Part 2087.pre
time work motor,1036,2111,ORef 2099 (hours motors.LD_01_VIB_MIN) ↔ Part 2080.in1
time work motor,1036,2112,ORef 2100 (1) ↔ Part 2080.in2
time work motor,1036,2113,Part 2080.out ↔ ORef 2101 (hours motors.LD_01_VIB_MIN)
time work motor,1036,2114,ORef 2102 (hours motors.LD_01_VIB_MIN) ↔ Part 2087.in1
time work motor,1036,2115,ORef 2103 (60) ↔ Part 2087.in2
time work motor,1036,2116,Part 2087.out ↔ Part 2090.en
time work motor,1036,2118,ORef 2104 (1) ↔ Part 2090.in
time work motor,1036,2120,Part 2090.eno ↔ Part 2093.en
time work motor,1036,2119,Part 2090.out1 ↔ ORef 2105 (hours motors.LD_01_VIB_HOUR)
time work motor,1036,2121,ORef 2106 (0) ↔ Part 2093.in
time work motor,1036,2123,Part 2093.eno ↔ Part 2096.in
time work motor,1036,2122,Part 2093.out1 ↔ ORef 2107 (hours motors.LD_01_VIB_MIN)
time work motor,1036,2124,ORef 2108 (Flag_Aggiorna_DB) ↔ Part 2096.operand
time work motor,1037,2184,Powerrail {} ↔ Part 2180.in
time work motor,1037,2163,ORef 2151 (Tag_47) ↔ Part 2180.operand
time work motor,1037,2181,Part 2180.out ↔ Part 2182.in
time work motor,1037,2164,ORef 2152 (SC-10_Fbk) ↔ Part 2182.operand
time work motor,1037,2183,Part 2182.out ↔ Part 2134.en ↔ Part 2141.pre
time work motor,1037,2165,ORef 2153 (hours motors.SC_10_MIN) ↔ Part 2134.in1
time work motor,1037,2166,ORef 2154 (1) ↔ Part 2134.in2
time work motor,1037,2167,Part 2134.out ↔ ORef 2155 (hours motors.SC_10_MIN)
time work motor,1037,2168,ORef 2156 (hours motors.SC_10_MIN) ↔ Part 2141.in1
time work motor,1037,2169,ORef 2157 (60) ↔ Part 2141.in2
time work motor,1037,2170,Part 2141.out ↔ Part 2144.en
time work motor,1037,2172,ORef 2158 (1) ↔ Part 2144.in
time work motor,1037,2174,Part 2144.eno ↔ Part 2147.en
time work motor,1037,2173,Part 2144.out1 ↔ ORef 2159 (hours motors.SC_10_HOUR)
time work motor,1037,2175,ORef 2160 (0) ↔ Part 2147.in
time work motor,1037,2177,Part 2147.eno ↔ Part 2150.in
time work motor,1037,2176,Part 2147.out1 ↔ ORef 2161 (hours motors.SC_10_MIN)
time work motor,1037,2178,ORef 2162 (Flag_Aggiorna_DB) ↔ Part 2150.operand
time work motor,1038,2238,Powerrail {} ↔ Part 2234.in
time work motor,1038,2217,ORef 2205 (Tag_47) ↔ Part 2234.operand
time work motor,1038,2235,Part 2234.out ↔ Part 2236.in
time work motor,1038,2218,ORef 2206 (SC-11_Fbk) ↔ Part 2236.operand
time work motor,1038,2237,Part 2236.out ↔ Part 2188.en ↔ Part 2195.pre
time work motor,1038,2219,ORef 2207 (hours motors.SC_11_MIN) ↔ Part 2188.in1
time work motor,1038,2220,ORef 2208 (1) ↔ Part 2188.in2
time work motor,1038,2221,Part 2188.out ↔ ORef 2209 (hours motors.SC_11_MIN)
time work motor,1038,2222,ORef 2210 (hours motors.SC_11_MIN) ↔ Part 2195.in1
time work motor,1038,2223,ORef 2211 (60) ↔ Part 2195.in2
time work motor,1038,2224,Part 2195.out ↔ Part 2198.en
time work motor,1038,2226,ORef 2212 (1) ↔ Part 2198.in
time work motor,1038,2228,Part 2198.eno ↔ Part 2201.en
time work motor,1038,2227,Part 2198.out1 ↔ ORef 2213 (hours motors.SC_11_HOUR)
time work motor,1038,2229,ORef 2214 (0) ↔ Part 2201.in
time work motor,1038,2231,Part 2201.eno ↔ Part 2204.in
time work motor,1038,2230,Part 2201.out1 ↔ ORef 2215 (hours motors.SC_11_MIN)
time work motor,1038,2232,ORef 2216 (Flag_Aggiorna_DB) ↔ Part 2204.operand
time work motor,1039,2292,Powerrail {} ↔ Part 2288.in
time work motor,1039,2271,ORef 2259 (Tag_47) ↔ Part 2288.operand
time work motor,1039,2289,Part 2288.out ↔ Part 2290.in
time work motor,1039,2272,ORef 2260 (FN04_Fbk) ↔ Part 2290.operand
time work motor,1039,2291,Part 2290.out ↔ Part 2242.en ↔ Part 2249.pre
time work motor,1039,2273,ORef 2261 (hours motors.FN_04_MIN) ↔ Part 2242.in1
time work motor,1039,2274,ORef 2262 (1) ↔ Part 2242.in2
time work motor,1039,2275,Part 2242.out ↔ ORef 2263 (hours motors.FN_04_MIN)
time work motor,1039,2276,ORef 2264 (hours motors.FN_04_MIN) ↔ Part 2249.in1
time work motor,1039,2277,ORef 2265 (60) ↔ Part 2249.in2
time work motor,1039,2278,Part 2249.out ↔ Part 2252.en
time work motor,1039,2280,ORef 2266 (1) ↔ Part 2252.in
time work motor,1039,2282,Part 2252.eno ↔ Part 2255.en
time work motor,1039,2281,Part 2252.out1 ↔ ORef 2267 (hours motors.FN_04_HOUR)
time work motor,1039,2283,ORef 2268 (0) ↔ Part 2255.in
time work motor,1039,2285,Part 2255.eno ↔ Part 2258.in
time work motor,1039,2284,Part 2255.out1 ↔ ORef 2269 (hours motors.FN_04_MIN)
time work motor,1039,2286,ORef 2270 (Flag_Aggiorna_DB) ↔ Part 2258.operand
time work motor,1040,2346,Powerrail {} ↔ Part 2342.in
time work motor,1040,2325,ORef 2313 (Tag_47) ↔ Part 2342.operand
time work motor,1040,2343,Part 2342.out ↔ Part 2344.in
time work motor,1040,2326,ORef 2314 (VR03_Fbk) ↔ Part 2344.operand
time work motor,1040,2345,Part 2344.out ↔ Part 2296.en ↔ Part 2303.pre
time work motor,1040,2327,ORef 2315 (hours motors.VR_03_MIN) ↔ Part 2296.in1
time work motor,1040,2328,ORef 2316 (1) ↔ Part 2296.in2
time work motor,1040,2329,Part 2296.out ↔ ORef 2317 (hours motors.VR_03_MIN)
time work motor,1040,2330,ORef 2318 (hours motors.VR_03_MIN) ↔ Part 2303.in1
time work motor,1040,2331,ORef 2319 (60) ↔ Part 2303.in2
time work motor,1040,2332,Part 2303.out ↔ Part 2306.en
time work motor,1040,2334,ORef 2320 (1) ↔ Part 2306.in
time work motor,1040,2336,Part 2306.eno ↔ Part 2309.en
time work motor,1040,2335,Part 2306.out1 ↔ ORef 2321 (hours motors.VR_03_HOUR)
time work motor,1040,2337,ORef 2322 (0) ↔ Part 2309.in
time work motor,1040,2339,Part 2309.eno ↔ Part 2312.in
time work motor,1040,2338,Part 2309.out1 ↔ ORef 2323 (hours motors.VR_03_MIN)
time work motor,1040,2340,ORef 2324 (Flag_Aggiorna_DB) ↔ Part 2312.operand
time work motor,1041,2400,Powerrail {} ↔ Part 2396.in
time work motor,1041,2379,ORef 2367 (Tag_47) ↔ Part 2396.operand
time work motor,1041,2397,Part 2396.out ↔ Part 2398.in
time work motor,1041,2380,ORef 2368 (VR04_Fbk) ↔ Part 2398.operand
time work motor,1041,2399,Part 2398.out ↔ Part 2350.en ↔ Part 2357.pre
time work motor,1041,2381,ORef 2369 (hours motors.VR_04_MIN) ↔ Part 2350.in1
time work motor,1041,2382,ORef 2370 (1) ↔ Part 2350.in2
time work motor,1041,2383,Part 2350.out ↔ ORef 2371 (hours motors.VR_04_MIN)
time work motor,1041,2384,ORef 2372 (hours motors.VR_04_MIN) ↔ Part 2357.in1
time work motor,1041,2385,ORef 2373 (60) ↔ Part 2357.in2
time work motor,1041,2386,Part 2357.out ↔ Part 2360.en
time work motor,1041,2388,ORef 2374 (1) ↔ Part 2360.in
time work motor,1041,2390,Part 2360.eno ↔ Part 2363.en
time work motor,1041,2389,Part 2360.out1 ↔ ORef 2375 (hours motors.VR_04_HOUR)
time work motor,1041,2391,ORef 2376 (0) ↔ Part 2363.in
time work motor,1041,2393,Part 2363.eno ↔ Part 2366.in
time work motor,1041,2392,Part 2363.out1 ↔ ORef 2377 (hours motors.VR_04_MIN)
time work motor,1041,2394,ORef 2378 (Flag_Aggiorna_DB) ↔ Part 2366.operand
time work motor,1042,2454,Powerrail {} ↔ Part 2450.in
time work motor,1042,2433,ORef 2421 (Tag_47) ↔ Part 2450.operand
time work motor,1042,2451,Part 2450.out ↔ Part 2452.in
time work motor,1042,2434,ORef 2422 (VR05_Fbk) ↔ Part 2452.operand
time work motor,1042,2453,Part 2452.out ↔ Part 2404.en ↔ Part 2411.pre
time work motor,1042,2435,ORef 2423 (hours motors.VR_05_MIN) ↔ Part 2404.in1
time work motor,1042,2436,ORef 2424 (1) ↔ Part 2404.in2
time work motor,1042,2437,Part 2404.out ↔ ORef 2425 (hours motors.VR_05_MIN)
time work motor,1042,2438,ORef 2426 (hours motors.VR_05_MIN) ↔ Part 2411.in1
time work motor,1042,2439,ORef 2427 (60) ↔ Part 2411.in2
time work motor,1042,2440,Part 2411.out ↔ Part 2414.en
time work motor,1042,2442,ORef 2428 (1) ↔ Part 2414.in
time work motor,1042,2444,Part 2414.eno ↔ Part 2417.en
time work motor,1042,2443,Part 2414.out1 ↔ ORef 2429 (hours motors.VR_05_HOUR)
time work motor,1042,2445,ORef 2430 (0) ↔ Part 2417.in
time work motor,1042,2447,Part 2417.eno ↔ Part 2420.in
time work motor,1042,2446,Part 2417.out1 ↔ ORef 2431 (hours motors.VR_05_MIN)
time work motor,1042,2448,ORef 2432 (Flag_Aggiorna_DB) ↔ Part 2420.operand
time work motor,1043,2508,Powerrail {} ↔ Part 2504.in
time work motor,1043,2487,ORef 2475 (Tag_47) ↔ Part 2504.operand
time work motor,1043,2505,Part 2504.out ↔ Part 2506.in
time work motor,1043,2488,ORef 2476 (VR06_Fbk) ↔ Part 2506.operand
time work motor,1043,2507,Part 2506.out ↔ Part 2458.en ↔ Part 2465.pre
time work motor,1043,2489,ORef 2477 (hours motors.VR_06_MIN) ↔ Part 2458.in1
time work motor,1043,2490,ORef 2478 (1) ↔ Part 2458.in2
time work motor,1043,2491,Part 2458.out ↔ ORef 2479 (hours motors.VR_06_MIN)
time work motor,1043,2492,ORef 2480 (hours motors.VR_06_MIN) ↔ Part 2465.in1
time work motor,1043,2493,ORef 2481 (60) ↔ Part 2465.in2
time work motor,1043,2494,Part 2465.out ↔ Part 2468.en
time work motor,1043,2496,ORef 2482 (1) ↔ Part 2468.in
time work motor,1043,2498,Part 2468.eno ↔ Part 2471.en
time work motor,1043,2497,Part 2468.out1 ↔ ORef 2483 (hours motors.VR_06_HOUR)
time work motor,1043,2499,ORef 2484 (0) ↔ Part 2471.in
time work motor,1043,2501,Part 2471.eno ↔ Part 2474.in
time work motor,1043,2500,Part 2471.out1 ↔ ORef 2485 (hours motors.VR_06_MIN)
time work motor,1043,2502,ORef 2486 (Flag_Aggiorna_DB) ↔ Part 2474.operand
time work motor,1044,2562,Powerrail {} ↔ Part 2558.in
time work motor,1044,2541,ORef 2529 (Tag_47) ↔ Part 2558.operand
time work motor,1044,2559,Part 2558.out ↔ Part 2560.in
time work motor,1044,2542,ORef 2530 (FN05_Fbk) ↔ Part 2560.operand
time work motor,1044,2561,Part 2560.out ↔ Part 2512.en ↔ Part 2519.pre
time work motor,1044,2543,ORef 2531 (hours motors.FN_05_MIN) ↔ Part 2512.in1
time work motor,1044,2544,ORef 2532 (1) ↔ Part 2512.in2
time work motor,1044,2545,Part 2512.out ↔ ORef 2533 (hours motors.FN_05_MIN)
time work motor,1044,2546,ORef 2534 (hours motors.FN_05_MIN) ↔ Part 2519.in1
time work motor,1044,2547,ORef 2535 (60) ↔ Part 2519.in2
time work motor,1044,2548,Part 2519.out ↔ Part 2522.en
time work motor,1044,2550,ORef 2536 (1) ↔ Part 2522.in
time work motor,1044,2552,Part 2522.eno ↔ Part 2525.en
time work motor,1044,2551,Part 2522.out1 ↔ ORef 2537 (hours motors.FN_05_HOUR)
time work motor,1044,2553,ORef 2538 (0) ↔ Part 2525.in
time work motor,1044,2555,Part 2525.eno ↔ Part 2528.in
time work motor,1044,2554,Part 2525.out1 ↔ ORef 2539 (hours motors.FN_05_MIN)
time work motor,1044,2556,ORef 2540 (Flag_Aggiorna_DB) ↔ Part 2528.operand
time work motor,1045,2617,Powerrail {} ↔ Part 2615.in
time work motor,1045,2600,ORef 2589 (Tag_48) ↔ Part 2615.operand
time work motor,1045,2616,Part 2615.out ↔ Part 2574.en
time work motor,1045,2601,ORef 2590 (0) ↔ Part 2574.in
time work motor,1045,2603,Part 2574.eno ↔ Part 2577.en
time work motor,1045,2602,Part 2574.out1 ↔ ORef 2591 (hours motors.CLIENT_MOTOR_1_HOUR)
time work motor,1045,2604,ORef 2592 (0) ↔ Part 2577.in
time work motor,1045,2606,Part 2577.eno ↔ Part 2580.en
time work motor,1045,2605,Part 2577.out1 ↔ ORef 2593 (hours motors.CLIENT_MOTOR_2_HOUR)
time work motor,1045,2607,ORef 2594 (0) ↔ Part 2580.in
time work motor,1045,2609,Part 2580.eno ↔ Part 2583.en
time work motor,1045,2608,Part 2580.out1 ↔ ORef 2595 (hours motors.CLIENT_MOTOR_3_HOUR)
time work motor,1045,2610,ORef 2596 (0) ↔ Part 2583.in
time work motor,1045,2612,Part 2583.eno ↔ Part 2586.en
time work motor,1045,2611,Part 2583.out1 ↔ ORef 2597 (hours motors.CLIENT_MOTOR_4_HOUR)
time work motor,1045,2613,ORef 2598 (0) ↔ Part 2586.in
time work motor,1045,2614,Part 2586.out1 ↔ ORef 2599 (hours motors.CLIENT_MOTOR_5_HOUR)
time work motor,1046,2679,Powerrail {} ↔ Part 2677.in
time work motor,1046,2662,ORef 2651 (Tag_48) ↔ Part 2677.operand
time work motor,1046,2678,Part 2677.out ↔ Part 2636.en
time work motor,1046,2663,ORef 2652 (0) ↔ Part 2636.in
time work motor,1046,2665,Part 2636.eno ↔ Part 2639.en
time work motor,1046,2664,Part 2636.out1 ↔ ORef 2653 (hours motors.CLIENT_MOTOR_6_HOUR)
time work motor,1046,2666,ORef 2654 (0) ↔ Part 2639.in
time work motor,1046,2668,Part 2639.eno ↔ Part 2642.en
time work motor,1046,2667,Part 2639.out1 ↔ ORef 2655 (hours motors.CLIENT_MOTOR_7_HOUR)
time work motor,1046,2669,ORef 2656 (0) ↔ Part 2642.in
time work motor,1046,2671,Part 2642.eno ↔ Part 2645.en
time work motor,1046,2670,Part 2642.out1 ↔ ORef 2657 (hours motors.CLIENT_MOTOR_8_HOUR)
time work motor,1046,2672,ORef 2658 (0) ↔ Part 2645.in
time work motor,1046,2674,Part 2645.eno ↔ Part 2648.en
time work motor,1046,2673,Part 2645.out1 ↔ ORef 2659 (hours motors.CLIENT_MOTOR_9_HOUR)
time work motor,1046,2675,ORef 2660 (0) ↔ Part 2648.in
time work motor,1046,2676,Part 2648.out1 ↔ ORef 2661 (hours motors.CLIENT_MOTOR_10_HOUR)
time work motor,1047,2741,Powerrail {} ↔ Part 2739.in
time work motor,1047,2724,ORef 2713 (Tag_48) ↔ Part 2739.operand
time work motor,1047,2740,Part 2739.out ↔ Part 2698.en
time work motor,1047,2725,ORef 2714 (0) ↔ Part 2698.in
time work motor,1047,2727,Part 2698.eno ↔ Part 2701.en
time work motor,1047,2726,Part 2698.out1 ↔ ORef 2715 (hours motors.CLIENT_MOTOR_11_HOUR)
time work motor,1047,2728,ORef 2716 (0) ↔ Part 2701.in
time work motor,1047,2730,Part 2701.eno ↔ Part 2704.en
time work motor,1047,2729,Part 2701.out1 ↔ ORef 2717 (hours motors.CLIENT_MOTOR_12_HOUR)
time work motor,1047,2731,ORef 2718 (0) ↔ Part 2704.in
time work motor,1047,2733,Part 2704.eno ↔ Part 2707.en
time work motor,1047,2732,Part 2704.out1 ↔ ORef 2719 (hours motors.CLIENT_MOTOR_13_HOUR)
time work motor,1047,2734,ORef 2720 (0) ↔ Part 2707.in
time work motor,1047,2736,Part 2707.eno ↔ Part 2710.en
time work motor,1047,2735,Part 2707.out1 ↔ ORef 2721 (hours motors.CLIENT_MOTOR_14_HOUR)
time work motor,1047,2737,ORef 2722 (0) ↔ Part 2710.in
time work motor,1047,2738,Part 2710.out1 ↔ ORef 2723 (hours motors.CLIENT_MOTOR_15_HOUR)
time work motor,1048,2803,Powerrail {} ↔ Part 2801.in
time work motor,1048,2786,ORef 2775 (Tag_48) ↔ Part 2801.operand
time work motor,1048,2802,Part 2801.out ↔ Part 2760.en
time work motor,1048,2787,ORef 2776 (0) ↔ Part 2760.in
time work motor,1048,2789,Part 2760.eno ↔ Part 2763.en
time work motor,1048,2788,Part 2760.out1 ↔ ORef 2777 (hours motors.CLIENT_MOTOR_16_HOUR)
time work motor,1048,2790,ORef 2778 (0) ↔ Part 2763.in
time work motor,1048,2792,Part 2763.eno ↔ Part 2766.en
time work motor,1048,2791,Part 2763.out1 ↔ ORef 2779 (hours motors.CLIENT_MOTOR_17_HOUR)
time work motor,1048,2793,ORef 2780 (0) ↔ Part 2766.in
time work motor,1048,2795,Part 2766.eno ↔ Part 2769.en
time work motor,1048,2794,Part 2766.out1 ↔ ORef 2781 (hours motors.CLIENT_MOTOR_18_HOUR)
time work motor,1048,2796,ORef 2782 (0) ↔ Part 2769.in
time work motor,1048,2798,Part 2769.eno ↔ Part 2772.en
time work motor,1048,2797,Part 2769.out1 ↔ ORef 2783 (hours motors.CLIENT_MOTOR_19_HOUR)
time work motor,1048,2799,ORef 2784 (0) ↔ Part 2772.in
time work motor,1048,2800,Part 2772.out1 ↔ ORef 2785 (hours motors.BC_01_HOUR)
time work motor,1049,2865,Powerrail {} ↔ Part 2863.in
time work motor,1049,2848,ORef 2837 (Tag_48) ↔ Part 2863.operand
time work motor,1049,2864,Part 2863.out ↔ Part 2822.en
time work motor,1049,2849,ORef 2838 (0) ↔ Part 2822.in
time work motor,1049,2851,Part 2822.eno ↔ Part 2825.en
time work motor,1049,2850,Part 2822.out1 ↔ ORef 2839 (hours motors.RD_01_HOUR)
time work motor,1049,2852,ORef 2840 (0) ↔ Part 2825.in
time work motor,1049,2854,Part 2825.eno ↔ Part 2828.en
time work motor,1049,2853,Part 2825.out1 ↔ ORef 2841 (hours motors.RD_01_FAN_HOUR)
time work motor,1049,2855,ORef 2842 (0) ↔ Part 2828.in
time work motor,1049,2857,Part 2828.eno ↔ Part 2831.en
time work motor,1049,2856,Part 2828.out1 ↔ ORef 2843 (hours motors.MC_03_HOUR)
time work motor,1049,2858,ORef 2844 (0) ↔ Part 2831.in
time work motor,1049,2860,Part 2831.eno ↔ Part 2834.en
time work motor,1049,2859,Part 2831.out1 ↔ ORef 2845 (hours motors.MC_04_HOUR)
time work motor,1049,2861,ORef 2846 (0) ↔ Part 2834.in
time work motor,1049,2862,Part 2834.out1 ↔ ORef 2847 (hours motors.MC_05_HOUR)
time work motor,1050,2927,Powerrail {} ↔ Part 2925.in
time work motor,1050,2910,ORef 2899 (Tag_48) ↔ Part 2925.operand
time work motor,1050,2926,Part 2925.out ↔ Part 2884.en
time work motor,1050,2911,ORef 2900 (0) ↔ Part 2884.in
time work motor,1050,2913,Part 2884.eno ↔ Part 2887.en
time work motor,1050,2912,Part 2884.out1 ↔ ORef 2901 (hours motors.VS_01_HOUR)
time work motor,1050,2914,ORef 2902 (0) ↔ Part 2887.in
time work motor,1050,2916,Part 2887.eno ↔ Part 2890.en
time work motor,1050,2915,Part 2887.out1 ↔ ORef 2903 (hours motors.SC_12_HOUR)
time work motor,1050,2917,ORef 2904 (0) ↔ Part 2890.in
time work motor,1050,2919,Part 2890.eno ↔ Part 2893.en
time work motor,1050,2918,Part 2890.out1 ↔ ORef 2905 (hours motors.FN_02_HOUR)
time work motor,1050,2920,ORef 2906 (0) ↔ Part 2893.in
time work motor,1050,2922,Part 2893.eno ↔ Part 2896.en
time work motor,1050,2921,Part 2893.out1 ↔ ORef 2907 (hours motors.VR_01_HOUR)
time work motor,1050,2923,ORef 2908 (0) ↔ Part 2896.in
time work motor,1050,2924,Part 2896.out1 ↔ ORef 2909 (hours motors.FN_01_HOUR)
time work motor,1051,2989,Powerrail {} ↔ Part 2987.in
time work motor,1051,2972,ORef 2961 (Tag_48) ↔ Part 2987.operand
time work motor,1051,2988,Part 2987.out ↔ Part 2946.en
time work motor,1051,2973,ORef 2962 (0) ↔ Part 2946.in
time work motor,1051,2975,Part 2946.eno ↔ Part 2949.en
time work motor,1051,2974,Part 2946.out1 ↔ ORef 2963 (hours motors.VR_02_HOUR)
time work motor,1051,2976,ORef 2964 (0) ↔ Part 2949.in
time work motor,1051,2978,Part 2949.eno ↔ Part 2952.en
time work motor,1051,2977,Part 2949.out1 ↔ ORef 2965 (hours motors.CH_01_HOUR)
time work motor,1051,2979,ORef 2966 (0) ↔ Part 2952.in
time work motor,1051,2981,Part 2952.eno ↔ Part 2955.en
time work motor,1051,2980,Part 2952.out1 ↔ ORef 2967 (hours motors.FN_03_HOUR)
time work motor,1051,2982,ORef 2968 (0) ↔ Part 2955.in
time work motor,1051,2984,Part 2955.eno ↔ Part 2958.en
time work motor,1051,2983,Part 2955.out1 ↔ ORef 2969 (hours motors.FN_06_HOUR)
time work motor,1051,2985,ORef 2970 (0) ↔ Part 2958.in
time work motor,1051,2986,Part 2958.out1 ↔ ORef 2971 (hours motors.SC_01_HOUR)
time work motor,1052,3051,Powerrail {} ↔ Part 3049.in
time work motor,1052,3034,ORef 3023 (Tag_48) ↔ Part 3049.operand
time work motor,1052,3050,Part 3049.out ↔ Part 3008.en
time work motor,1052,3035,ORef 3024 (0) ↔ Part 3008.in
time work motor,1052,3037,Part 3008.eno ↔ Part 3011.en
time work motor,1052,3036,Part 3008.out1 ↔ ORef 3025 (hours motors.FN_01_FAN_HOUR)
time work motor,1052,3038,ORef 3026 (0) ↔ Part 3011.in
time work motor,1052,3040,Part 3011.eno ↔ Part 3014.en
time work motor,1052,3039,Part 3011.out1 ↔ ORef 3027 (hours motors.LD_01_HOUR)
time work motor,1052,3041,ORef 3028 (0) ↔ Part 3014.in
time work motor,1052,3043,Part 3014.eno ↔ Part 3017.en
time work motor,1052,3042,Part 3014.out1 ↔ ORef 3029 (hours motors.LD_01_VIB_HOUR)
time work motor,1052,3044,ORef 3030 (0) ↔ Part 3017.in
time work motor,1052,3046,Part 3017.eno ↔ Part 3020.en
time work motor,1052,3045,Part 3017.out1 ↔ ORef 3031 (hours motors.SC_10_HOUR)
time work motor,1052,3047,ORef 3032 (0) ↔ Part 3020.in
time work motor,1052,3048,Part 3020.out1 ↔ ORef 3033 (hours motors.SC_11_HOUR)
time work motor,1053,3113,Powerrail {} ↔ Part 3111.in
time work motor,1053,3096,ORef 3085 (Tag_48) ↔ Part 3111.operand
time work motor,1053,3112,Part 3111.out ↔ Part 3070.en
time work motor,1053,3097,ORef 3086 (0) ↔ Part 3070.in
time work motor,1053,3099,Part 3070.eno ↔ Part 3073.en
time work motor,1053,3098,Part 3070.out1 ↔ ORef 3087 (hours motors.FN_04_HOUR)
time work motor,1053,3100,ORef 3088 (0) ↔ Part 3073.in
time work motor,1053,3102,Part 3073.eno ↔ Part 3076.en
time work motor,1053,3101,Part 3073.out1 ↔ ORef 3089 (hours motors.VR_03_HOUR)
time work motor,1053,3103,ORef 3090 (0) ↔ Part 3076.in
time work motor,1053,3105,Part 3076.eno ↔ Part 3079.en
time work motor,1053,3104,Part 3076.out1 ↔ ORef 3091 (hours motors.VR_04_HOUR)
time work motor,1053,3106,ORef 3092 (0) ↔ Part 3079.in
time work motor,1053,3108,Part 3079.eno ↔ Part 3082.en
time work motor,1053,3107,Part 3079.out1 ↔ ORef 3093 (hours motors.VR_05_HOUR)
time work motor,1053,3109,ORef 3094 (0) ↔ Part 3082.in
time work motor,1053,3110,Part 3082.out1 ↔ ORef 3095 (hours motors.VR_06_HOUR)
time work motor,1054,3087,Powerrail {} ↔ Part 3085.in
time work motor,1054,3082,ORef 3079 (Tag_48) ↔ Part 3085.operand
time work motor,1054,3086,Part 3085.out ↔ Part 3076.en
time work motor,1054,3083,ORef 3080 (RefId 12) ↔ Part 3076.in
time work motor,1054,3084,Part 3076.out1 ↔ ORef 3081 (hours motors.FN_05_HOUR)
time work motor,1055,3157,Powerrail {} ↔ Part 3147.in
time work motor,1055,3133,ORef 3124 (ON) ↔ Part 3147.operand
time work motor,1055,3148,Part 3147.out ↔ Part 3149.in ↔ Part 3151.in
time work motor,1055,3134,ORef 3125 (Flag_Aggiorna_DB) ↔ Part 3149.operand
time work motor,1055,3150,Part 3149.out ↔ Part 3110.in
time work motor,1055,3136,ORef 3126 (MEM2_0) ↔ Part 3110.operand
time work motor,1055,3137,ORef 3127 (MEM2_0) ↔ Part 3151.operand
time work motor,1055,3152,Part 3151.out ↔ Part 3153.in ↔ Part 3155.in
time work motor,1055,3139,ORef 3129 (Flag_Aggiorna_DB) ↔ Part 3153.operand
time work motor,1055,3154,Part 3153.out ↔ Part 3118.in
time work motor,1055,3138,ORef 3128 (S5T#5S) ↔ Part 3118.value
time work motor,1055,3141,ORef 3130 (Tag_48) ↔ Part 3118.operand
time work motor,1055,3142,ORef 3131 (Tag_48) ↔ Part 3155.operand
time work motor,1055,3156,Part 3155.out ↔ Part 3123.in
time work motor,1055,3144,ORef 3132 (MEM2_0) ↔ Part 3123.operand
time work motor,1056,3122,Powerrail {} ↔ Part 3120.in
time work motor,1056,3118,ORef 3115 (Tag_47) ↔ Part 3120.operand
time work motor,1056,3121,Part 3120.out ↔ Part 3112.in
time work motor,1056,3117,ORef 3114 (S5T#1M) ↔ Part 3112.value
time work motor,1056,3119,ORef 3116 (Tag_47) ↔ Part 3112.operand
hmi inputs,1070,21,Powerrail {} ↔ Part 22.en ↔ Part 42.en ↔ Part 60.en ↔ Part 78.en ↔ Part 101.in ↔ Part 108.in ↔ Part 33.in ↔ Part 69.in ↔ Part 86.in ↔ Part 94.in ↔ Part 97.in ↔ Part 114.in ↔ Part 127.in ↔ Part 149.in
hmi inputs,1070,23,ORef 25 (Tag_178) ↔ Part 22.in
hmi inputs,1070,34,Part 22.eno ↔ Part 27.en
hmi inputs,1070,24,Part 22.out1 ↔ ORef 26 (RefId 5)
hmi inputs,1070,31,ORef 28 (Tag_179) ↔ Part 27.in
hmi inputs,1070,41,Part 27.eno ↔ Part 35.en
hmi inputs,1070,32,Part 27.out1 ↔ ORef 29 (RefId 9)
hmi inputs,1070,39,ORef 36 (Tag_180) ↔ Part 35.in
hmi inputs,1070,40,Part 35.out1 ↔ ORef 37 (RefId 11)
hmi inputs,1070,52,ORef 45 (Tag_171) ↔ Part 42.in
hmi inputs,1070,53,Part 42.eno ↔ Part 43.en
hmi inputs,1070,54,Part 42.out1 ↔ ORef 46 (RefId 14)
hmi inputs,1070,55,ORef 47 (Tag_181) ↔ Part 43.in
hmi inputs,1070,56,Part 43.eno ↔ Part 44.en
hmi inputs,1070,57,Part 43.out1 ↔ ORef 48 (RefId 16)
hmi inputs,1070,58,ORef 49 (Tag_182) ↔ Part 44.in
hmi inputs,1070,59,Part 44.out1 ↔ ORef 50 (RefId 18)
hmi inputs,1070,70,ORef 63 (Tag_183) ↔ Part 60.in
hmi inputs,1070,71,Part 60.eno ↔ Part 61.en
hmi inputs,1070,72,Part 60.out1 ↔ ORef 64 (RefId 20)
hmi inputs,1070,73,ORef 65 (Tag_274) ↔ Part 61.in
hmi inputs,1070,74,Part 61.eno ↔ Part 62.en
hmi inputs,1070,75,Part 61.out1 ↔ ORef 66 (RefId 22)
hmi inputs,1070,76,ORef 67 (Tag_275) ↔ Part 62.in
hmi inputs,1070,77,Part 62.out1 ↔ ORef 68 (RefId 24)
hmi inputs,1070,88,ORef 81 (Tag_276) ↔ Part 78.in
hmi inputs,1070,89,Part 78.eno ↔ Part 79.en
hmi inputs,1070,90,Part 78.out1 ↔ ORef 82 (RefId 26)
hmi inputs,1070,91,ORef 83 (Tag_277) ↔ Part 79.in
hmi inputs,1070,93,Part 79.out1 ↔ ORef 84 (RefId 28)
hmi inputs,1070,100,ORef 102 (PV-14 CLOSE) ↔ Part 101.operand
hmi inputs,1070,103,Part 101.out ↔ Part 105.in
hmi inputs,1070,104,ORef 106 (Inputs.PV-14 CLOSE) ↔ Part 105.operand
hmi inputs,1070,107,ORef 109 (PV-14 OPEN) ↔ Part 108.operand
hmi inputs,1070,110,Part 108.out ↔ Part 112.in
hmi inputs,1070,111,ORef 113 (Inputs.PV-14 OPEN) ↔ Part 112.operand
hmi inputs,1070,30,ORef 38 (FN04_Fbk) ↔ Part 33.operand
hmi inputs,1070,116,Part 33.out ↔ Part 118.in
hmi inputs,1070,117,ORef 119 (Inputs.FN04 Run) ↔ Part 118.operand
hmi inputs,1070,51,ORef 80 (FN04_All_inv) ↔ Part 69.operand
hmi inputs,1070,124,Part 69.out ↔ Part 120.in
hmi inputs,1070,123,ORef 121 (Inputs.FN04_All_inv) ↔ Part 120.operand
hmi inputs,1070,85,ORef 87 (177T1_OK) ↔ Part 86.operand
hmi inputs,1070,129,Part 86.out ↔ Part 125.in
hmi inputs,1070,128,ORef 126 (Inputs.177T1_OK) ↔ Part 125.operand
hmi inputs,1070,92,ORef 95 (LL_LD01) ↔ Part 94.operand
hmi inputs,1070,134,Part 94.out ↔ Part 130.in
hmi inputs,1070,133,ORef 131 (Inputs.LD-01 Minimo) ↔ Part 130.operand
hmi inputs,1070,96,ORef 98 (170FC1) ↔ Part 97.operand
hmi inputs,1070,139,Part 97.out ↔ Part 135.in
hmi inputs,1070,138,ORef 136 (Inputs.LD-01 Inspection LS) ↔ Part 135.operand
hmi inputs,1070,99,ORef 115 (170SA1) ↔ Part 114.operand
hmi inputs,1070,144,Part 114.out ↔ Part 140.in
hmi inputs,1070,143,ORef 141 (Inputs.LD-01 Local Button) ↔ Part 140.operand
hmi inputs,1070,122,ORef 132 (MV03_Open) ↔ Part 127.operand
hmi inputs,1070,137,Part 127.out ↔ Part 142.in
hmi inputs,1070,145,Part 142.out ↔ Part 147.in
hmi inputs,1070,146,ORef 148 (Inputs.MV03 open) ↔ Part 147.operand
hmi inputs,1070,155,ORef 152 (MV03_Close) ↔ Part 149.operand
hmi inputs,1070,156,Part 149.out ↔ Part 150.in
hmi inputs,1070,157,Part 150.out ↔ Part 151.in
hmi inputs,1070,158,ORef 153 (Inputs.MV03 Close) ↔ Part 151.operand
hmi inputs,1071,21,Powerrail {} ↔ Part 22.en ↔ Part 48.en ↔ Part 72.en ↔ Part 96.en ↔ Part 122.en ↔ Part 144.en ↔ Part 168.en
hmi inputs,1071,23,ORef 25 (TC04) ↔ Part 22.in
hmi inputs,1071,33,Part 22.eno ↔ Part 27.en
hmi inputs,1071,24,Part 22.out1 ↔ ORef 26 (Inputs.TC_04)
hmi inputs,1071,31,ORef 28 (TC05) ↔ Part 27.in
hmi inputs,1071,40,Part 27.eno ↔ Part 34.en
hmi inputs,1071,32,Part 27.out1 ↔ ORef 29 (Inputs.TC_05)
hmi inputs,1071,38,ORef 35 (BWF01_FlowRate) ↔ Part 34.in
hmi inputs,1071,47,Part 34.eno ↔ Part 41.en
hmi inputs,1071,39,Part 34.out1 ↔ ORef 36 (Inputs.Flow_rate_BWF01)
hmi inputs,1071,45,ORef 42 (BWF02_FlowRate) ↔ Part 41.in
hmi inputs,1071,46,Part 41.out1 ↔ ORef 43 (Inputs.Flow_rate_BWF02)
hmi inputs,1071,61,ORef 52 (BWF01_Level) ↔ Part 48.in
hmi inputs,1071,62,Part 48.eno ↔ Part 49.en
hmi inputs,1071,63,Part 48.out1 ↔ ORef 53 (Inputs.Level_BWF01)
hmi inputs,1071,64,ORef 54 (BWF02_Level) ↔ Part 49.in
hmi inputs,1071,65,Part 49.eno ↔ Part 50.en
hmi inputs,1071,66,Part 49.out1 ↔ ORef 55 (Inputs.Level_BWF02)
hmi inputs,1071,67,ORef 56 (TC01) ↔ Part 50.in
hmi inputs,1071,68,Part 50.eno ↔ Part 51.en
hmi inputs,1071,69,Part 50.out1 ↔ ORef 57 (Inputs.TC_01)
hmi inputs,1071,70,ORef 58 (TC02) ↔ Part 51.in
hmi inputs,1071,71,Part 51.out1 ↔ ORef 59 (Inputs.TC_02)
hmi inputs,1071,85,ORef 76 (TC03) ↔ Part 72.in
hmi inputs,1071,86,Part 72.eno ↔ Part 73.en
hmi inputs,1071,87,Part 72.out1 ↔ ORef 77 (Inputs.TC_03)
hmi inputs,1071,88,ORef 78 (TC06) ↔ Part 73.in
hmi inputs,1071,89,Part 73.eno ↔ Part 74.en
hmi inputs,1071,90,Part 73.out1 ↔ ORef 79 (Inputs.TC_06)
hmi inputs,1071,91,ORef 80 (TC07) ↔ Part 74.in
hmi inputs,1071,92,Part 74.eno ↔ Part 75.en
hmi inputs,1071,93,Part 74.out1 ↔ ORef 81 (Inputs.TC_07)
hmi inputs,1071,94,ORef 82 (ZT01) ↔ Part 75.in
hmi inputs,1071,95,Part 75.out1 ↔ ORef 83 (Inputs.ZT_01)
hmi inputs,1071,109,ORef 100 (PSH01) ↔ Part 96.in
hmi inputs,1071,110,Part 96.eno ↔ Part 97.en
hmi inputs,1071,111,Part 96.out1 ↔ ORef 101 (Inputs.PSH_01)
hmi inputs,1071,112,ORef 102 (PSH02) ↔ Part 97.in
hmi inputs,1071,113,Part 97.eno ↔ Part 98.en
hmi inputs,1071,114,Part 97.out1 ↔ ORef 103 (Inputs.PSH_02)
hmi inputs,1071,115,ORef 104 (PSH03) ↔ Part 98.in
hmi inputs,1071,116,Part 98.eno ↔ Part 99.en
hmi inputs,1071,117,Part 98.out1 ↔ ORef 105 (Inputs.PSH_03)
hmi inputs,1071,118,ORef 106 (PC01) ↔ Part 99.in
hmi inputs,1071,119,Part 99.out1 ↔ ORef 107 (Inputs.PC_01)
hmi inputs,1071,139,ORef 128 (FN02_Current) ↔ Part 122.in
hmi inputs,1071,140,Part 122.eno ↔ Part 123.en
hmi inputs,1071,141,Part 122.out1 ↔ ORef 129 (Inputs.FN02_ABSORPTION)
hmi inputs,1071,142,ORef 130 (FN04_Current) ↔ Part 123.in
hmi inputs,1071,143,Part 123.out1 ↔ ORef 131 (Inputs.FN04_ABSORPTION)
hmi inputs,1071,157,ORef 148 (RD01_Current) ↔ Part 144.in
hmi inputs,1071,158,Part 144.eno ↔ Part 145.en
hmi inputs,1071,159,Part 144.out1 ↔ ORef 149 (Inputs.RD01_ABSORBPTION)
hmi inputs,1071,160,ORef 150 (FN01_Current) ↔ Part 145.in
hmi inputs,1071,161,Part 145.eno ↔ Part 146.en
hmi inputs,1071,162,Part 145.out1 ↔ ORef 151 (Inputs.FN01_ABSORPTION)
hmi inputs,1071,163,ORef 152 (R001) ↔ Part 146.in
hmi inputs,1071,164,Part 146.eno ↔ Part 147.en
hmi inputs,1071,165,Part 146.out1 ↔ ORef 153 (Inputs.RO_01)
hmi inputs,1071,166,ORef 154 (R002) ↔ Part 147.in
hmi inputs,1071,167,Part 147.out1 ↔ ORef 155 (Inputs.RO_02)
hmi inputs,1071,181,ORef 172 (R003) ↔ Part 168.in
hmi inputs,1071,182,Part 168.eno ↔ Part 169.en
hmi inputs,1071,183,Part 168.out1 ↔ ORef 173 (Inputs.RO_03)
hmi inputs,1071,184,ORef 174 (R004) ↔ Part 169.in
hmi inputs,1071,185,Part 169.eno ↔ Part 170.en
hmi inputs,1071,186,Part 169.out1 ↔ ORef 175 (Inputs.RO_04)
hmi inputs,1071,187,ORef 176 (BR01_GAS) ↔ Part 170.in
hmi inputs,1071,188,Part 170.eno ↔ Part 171.en
hmi inputs,1071,189,Part 170.out1 ↔ ORef 177 (Inputs.BR_01_RETRANSMISSION_GAS)
hmi inputs,1071,190,ORef 178 (BR01_AIR) ↔ Part 171.in
hmi inputs,1071,108,Part 171.eno ↔ Part 84.en
hmi inputs,1071,191,Part 171.out1 ↔ ORef 179 (Inputs.BR_01_RETRANSMISSION_AIR)
hmi inputs,1071,132,ORef 180 (BR01_FlowMeter_GAS) ↔ Part 84.in
hmi inputs,1071,195,Part 84.eno ↔ Part 194.en
hmi inputs,1071,156,Part 84.out1 ↔ ORef 192 (Inputs.BR_01_MASSFLOWMETER_GAS)
hmi inputs,1071,196,ORef 198 (BR01_FlowMeter_AIR) ↔ Part 194.in
hmi inputs,1071,197,Part 194.out1 ↔ ORef 199 (Inputs.BR_01_MASSFLOWMETER_AIR)
simulation,1079,21,Powerrail {} ↔ Part 23.in
simulation,1079,35,ORef 36 (Clock100ms) ↔ Part 23.operand
simulation,1079,34,Part 23.out ↔ Part 26.IN
simulation,1079,29,ORef 31 (T#100ms) ↔ Part 26.PT
simulation,1079,37,Part 26.Q ↔ Part 39.in
simulation,1079,30,Part 26.ET ↔ ORef 32 (RefId (RefId 없음))
simulation,1079,38,ORef 40 (Clock100ms) ↔ Part 39.operand
simulation,1080,21,Powerrail {} ↔ Part 23.in
simulation,1080,22,ORef 24 (ON) ↔ Part 23.operand
simulation,1080,29,Part 23.out ↔ Part 27.in ↔ Part 33.in ↔ Part 36.in ↔ Part 39.in ↔ Part 42.in ↔ Part 45.in
simulation,1080,26,ORef 28 (Inputs.MC04 torque) ↔ Part 27.operand
simulation,1080,25,ORef 34 (Inputs.Low Pressure Air) ↔ Part 33.operand
simulation,1080,35,ORef 37 (Inputs.LD-01 Minimo) ↔ Part 36.operand
simulation,1080,38,ORef 40 (Inputs.NITROGEN TANK READY) ↔ Part 39.operand
simulation,1080,41,ORef 43 (Inputs.EM_OK) ↔ Part 42.operand
simulation,1080,44,ORef 46 (Inputs.Presenza_110V) ↔ Part 45.operand
simulation,1081,29,Powerrail {} ↔ Part 21.in
simulation,1081,30,ORef 25 (Clock3s) ↔ Part 21.operand
simulation,1081,31,Part 21.out ↔ Part 22.IN
simulation,1081,32,ORef 26 (T#3s) ↔ Part 22.PT
simulation,1081,33,Part 22.Q ↔ Part 24.in
simulation,1081,34,Part 22.ET ↔ ORef 27 (RefId (RefId 없음))
simulation,1081,35,ORef 28 (Clock3s) ↔ Part 24.operand
simulation,1082,21,Powerrail {} ↔ Part 23.in ↔ Part 26.in ↔ Part 29.in ↔ Part 43.in ↔ Part 45.in ↔ Part 65.in ↔ Part 69.in
simulation,1082,22,ORef 24 (Flag.M_BC_01) ↔ Part 23.operand
simulation,1082,35,Part 23.out ↔ Part 33.in
simulation,1082,32,ORef 34 (Inputs.BC01 run) ↔ Part 33.operand
simulation,1082,25,ORef 27 (Flag.M_RD_01) ↔ Part 26.operand
simulation,1082,55,Part 26.out ↔ Part 37.in
simulation,1082,36,ORef 38 (Inputs.RD01 run) ↔ Part 37.operand
simulation,1082,28,ORef 30 (Flag.M_RD_01_FAN) ↔ Part 29.operand
simulation,1082,39,Part 29.out ↔ Part 41.in
simulation,1082,40,ORef 42 (Inputs.fan RD01 run) ↔ Part 41.operand
simulation,1082,56,ORef 49 (Flag.M_MC_03) ↔ Part 43.operand
simulation,1082,57,Part 43.out ↔ Part 44.in
simulation,1082,58,ORef 50 (Inputs.MC03 run) ↔ Part 44.operand
simulation,1082,59,ORef 51 (Flag.M_MC_04) ↔ Part 45.operand
simulation,1082,60,Part 45.out ↔ Part 46.in
simulation,1082,61,ORef 52 (Inputs.MC04 run) ↔ Part 46.operand
simulation,1082,90,ORef 77 (Flag.M_VS_01) ↔ Part 65.operand
simulation,1082,91,Part 65.out ↔ Part 66.in
simulation,1082,92,ORef 78 (Inputs.VS01 run) ↔ Part 66.operand
simulation,1082,96,ORef 81 (Start Aux INV) ↔ Part 69.operand
simulation,1082,97,Part 69.out ↔ Part 70.in
simulation,1082,98,ORef 82 (Inputs.Aux inverter RUN) ↔ Part 70.operand
simulation,1083,21,Powerrail {} ↔ Part 42.in ↔ Part 44.in ↔ Part 342.pre ↔ Part 348.pre ↔ Part 354.in ↔ Part 359.in ↔ Part 364.pre ↔ Part 366.pre ↔ Part 488.in ↔ Part 493.in ↔ Part 498.pre ↔ Part 500.pre ↔ Part 555.in ↔ Part 560.in ↔ Part 565.pre ↔ Part 567.pre ↔ Part 622.in ↔ Part 627.in ↔ Part 632.pre ↔ Part 634.pre
simulation,1083,101,ORef 66 (Start Open MV-01) ↔ Part 42.operand
simulation,1083,212,Part 42.out ↔ Part 43.in ↔ Part 72.in
simulation,1083,103,ORef 67 (Inputs.MV01 Run_Opening) ↔ Part 43.operand
simulation,1083,70,ORef 78 (Clock100ms) ↔ Part 72.operand
simulation,1083,114,Part 72.out ↔ Part 120.pre
simulation,1083,121,ORef 122 (Data.Pot_MV01) ↔ Part 120.in1
simulation,1083,123,ORef 125 (100) ↔ Part 120.in2
simulation,1083,126,Part 120.out ↔ Part 99.en
simulation,1083,102,ORef 108 (Data.Pot_MV01) ↔ Part 99.in1
simulation,1083,105,ORef 111 (1) ↔ Part 99.in2
simulation,1083,107,Part 99.out ↔ ORef 112 (Data.Pot_MV01)
simulation,1083,104,ORef 68 (Start Close MV-01) ↔ Part 44.operand
simulation,1083,109,Part 44.out ↔ Part 45.in ↔ Part 350.in
simulation,1083,106,ORef 69 (Inputs.MV01 Run_Closing) ↔ Part 45.operand
simulation,1083,353,ORef 351 (Clock100ms) ↔ Part 350.operand
simulation,1083,115,Part 350.out ↔ Part 340.pre
simulation,1083,131,ORef 136 (Data.Pot_MV01) ↔ Part 340.in1
simulation,1083,132,ORef 138 (0) ↔ Part 340.in2
simulation,1083,139,Part 340.out ↔ Part 341.en
simulation,1083,142,ORef 145 (Data.Pot_MV01) ↔ Part 341.in1
simulation,1083,143,ORef 146 (1) ↔ Part 341.in2
simulation,1083,144,Part 341.out ↔ ORef 147 (Data.Pot_MV01)
simulation,1083,346,ORef 343 (Data.Pot_MV01) ↔ Part 342.in1
simulation,1083,347,ORef 344 (98) ↔ Part 342.in2
simulation,1083,149,Part 342.out ↔ Part 151.in
simulation,1083,150,ORef 152 (Inputs.MV01 Open) ↔ Part 151.operand
simulation,1083,153,ORef 158 (Data.Pot_MV01) ↔ Part 348.in1
simulation,1083,157,ORef 159 (2) ↔ Part 348.in2
simulation,1083,162,Part 348.out ↔ Part 349.in
simulation,1083,163,ORef 164 (Inputs.MV01 Close) ↔ Part 349.operand
simulation,1083,391,ORef 368 (Open MV02) ↔ Part 354.operand
simulation,1083,392,Part 354.out ↔ Part 355.in ↔ Part 356.in
simulation,1083,393,ORef 369 (Inputs.MV02 RUN_Opening) ↔ Part 355.operand
simulation,1083,394,ORef 370 (Clock100ms) ↔ Part 356.operand
simulation,1083,395,Part 356.out ↔ Part 357.pre
simulation,1083,396,ORef 371 (Data.Pot_MV02) ↔ Part 357.in1
simulation,1083,397,ORef 372 (100) ↔ Part 357.in2
simulation,1083,398,Part 357.out ↔ Part 358.en
simulation,1083,399,ORef 373 (Data.Pot_MV02) ↔ Part 358.in1
simulation,1083,400,ORef 374 (1) ↔ Part 358.in2
simulation,1083,401,Part 358.out ↔ ORef 375 (Data.Pot_MV02)
simulation,1083,402,ORef 376 (Close MV02) ↔ Part 359.operand
simulation,1083,403,Part 359.out ↔ Part 360.in ↔ Part 361.in
simulation,1083,404,ORef 377 (Inputs.MV02 RUN_Closing) ↔ Part 360.operand
simulation,1083,405,ORef 378 (Clock100ms) ↔ Part 361.operand
simulation,1083,406,Part 361.out ↔ Part 362.pre
simulation,1083,407,ORef 379 (Data.Pot_MV02) ↔ Part 362.in1
simulation,1083,408,ORef 380 (0) ↔ Part 362.in2
simulation,1083,409,Part 362.out ↔ Part 363.en
simulation,1083,410,ORef 381 (Data.Pot_MV02) ↔ Part 363.in1
simulation,1083,411,ORef 382 (1) ↔ Part 363.in2
simulation,1083,412,Part 363.out ↔ ORef 383 (Data.Pot_MV02)
simulation,1083,87,ORef 89 (Data.Pot_MV02) ↔ Part 364.in1
simulation,1083,88,ORef 90 (98) ↔ Part 364.in2
simulation,1083,86,Part 364.out ↔ Part 365.in
simulation,1083,416,ORef 386 (Inputs.MV02 Open) ↔ Part 365.operand
simulation,1083,82,ORef 84 (Data.Pot_MV02) ↔ Part 366.in1
simulation,1083,83,ORef 85 (2) ↔ Part 366.in2
simulation,1083,81,Part 366.out ↔ Part 367.in
simulation,1083,420,ORef 389 (Inputs.MV02 Close) ↔ Part 367.operand
simulation,1083,525,ORef 502 (Start open MV03) ↔ Part 488.operand
simulation,1083,526,Part 488.out ↔ Part 489.in ↔ Part 490.in
simulation,1083,527,ORef 503 (Inputs.MV03 Run_Opening) ↔ Part 489.operand
simulation,1083,528,ORef 504 (Clock100ms) ↔ Part 490.operand
simulation,1083,529,Part 490.out ↔ Part 491.pre
simulation,1083,530,ORef 505 (Data.Pot_MV03) ↔ Part 491.in1
simulation,1083,531,ORef 506 (100) ↔ Part 491.in2
simulation,1083,532,Part 491.out ↔ Part 492.en
simulation,1083,533,ORef 507 (Data.Pot_MV03) ↔ Part 492.in1
simulation,1083,534,ORef 508 (1) ↔ Part 492.in2
simulation,1083,535,Part 492.out ↔ ORef 509 (Data.Pot_MV03)
simulation,1083,536,ORef 510 (Start Close MV03) ↔ Part 493.operand
simulation,1083,537,Part 493.out ↔ Part 494.in ↔ Part 495.in
simulation,1083,538,ORef 511 (Inputs.MV03 Run_Closing) ↔ Part 494.operand
simulation,1083,539,ORef 512 (Clock100ms) ↔ Part 495.operand
simulation,1083,540,Part 495.out ↔ Part 496.pre
simulation,1083,541,ORef 513 (Data.Pot_MV03) ↔ Part 496.in1
simulation,1083,542,ORef 514 (0) ↔ Part 496.in2
simulation,1083,543,Part 496.out ↔ Part 497.en
simulation,1083,544,ORef 515 (Data.Pot_MV03) ↔ Part 497.in1
simulation,1083,545,ORef 516 (1) ↔ Part 497.in2
simulation,1083,546,Part 497.out ↔ ORef 517 (Data.Pot_MV03)
simulation,1083,76,ORef 79 (Data.Pot_MV03) ↔ Part 498.in1
simulation,1083,77,ORef 80 (98) ↔ Part 498.in2
simulation,1083,75,Part 498.out ↔ Part 499.in
simulation,1083,550,ORef 520 (Inputs.MV03 open) ↔ Part 499.operand
simulation,1083,65,ORef 73 (Data.Pot_MV03) ↔ Part 500.in1
simulation,1083,71,ORef 74 (2) ↔ Part 500.in2
simulation,1083,64,Part 500.out ↔ Part 501.in
simulation,1083,554,ORef 523 (Inputs.MV03 Close) ↔ Part 501.operand
simulation,1083,592,ORef 569 (Open MV05) ↔ Part 555.operand
simulation,1083,593,Part 555.out ↔ Part 556.in ↔ Part 557.in
simulation,1083,594,ORef 570 (Inputs.MV05 RUN_Opening) ↔ Part 556.operand
simulation,1083,595,ORef 571 (Clock100ms) ↔ Part 557.operand
simulation,1083,596,Part 557.out ↔ Part 558.pre
simulation,1083,597,ORef 572 (Data.Pot_MV05) ↔ Part 558.in1
simulation,1083,598,ORef 573 (100) ↔ Part 558.in2
simulation,1083,599,Part 558.out ↔ Part 559.en
simulation,1083,600,ORef 574 (Data.Pot_MV05) ↔ Part 559.in1
simulation,1083,601,ORef 575 (1) ↔ Part 559.in2
simulation,1083,602,Part 559.out ↔ ORef 576 (Data.Pot_MV05)
simulation,1083,603,ORef 577 (Close MV05) ↔ Part 560.operand
simulation,1083,604,Part 560.out ↔ Part 561.in ↔ Part 562.in
simulation,1083,605,ORef 578 (Inputs.MV05 RUN_Closing) ↔ Part 561.operand
simulation,1083,606,ORef 579 (Clock100ms) ↔ Part 562.operand
simulation,1083,607,Part 562.out ↔ Part 563.pre
simulation,1083,608,ORef 580 (Data.Pot_MV05) ↔ Part 563.in1
simulation,1083,609,ORef 581 (0) ↔ Part 563.in2
simulation,1083,610,Part 563.out ↔ Part 564.en
simulation,1083,611,ORef 582 (Data.Pot_MV05) ↔ Part 564.in1
simulation,1083,612,ORef 583 (1) ↔ Part 564.in2
simulation,1083,613,Part 564.out ↔ ORef 584 (Data.Pot_MV05)
simulation,1083,24,ORef 31 (Data.Pot_MV05) ↔ Part 565.in1
simulation,1083,30,ORef 32 (98) ↔ Part 565.in2
simulation,1083,23,Part 565.out ↔ Part 566.in
simulation,1083,617,ORef 587 (Inputs.MV05 open) ↔ Part 566.operand
simulation,1083,34,ORef 36 (Data.Pot_MV05) ↔ Part 567.in1
simulation,1083,35,ORef 37 (2) ↔ Part 567.in2
simulation,1083,33,Part 567.out ↔ Part 568.in
simulation,1083,621,ORef 590 (Inputs.MV05 Close) ↔ Part 568.operand
simulation,1083,659,ORef 636 (Open MV06) ↔ Part 622.operand
simulation,1083,660,Part 622.out ↔ Part 623.in ↔ Part 624.in
simulation,1083,661,ORef 637 (Inputs.MV06 Run_Opening) ↔ Part 623.operand
simulation,1083,662,ORef 638 (Clock100ms) ↔ Part 624.operand
simulation,1083,663,Part 624.out ↔ Part 625.pre
simulation,1083,664,ORef 639 (Data.Pot_MV06) ↔ Part 625.in1
simulation,1083,665,ORef 640 (100) ↔ Part 625.in2
simulation,1083,666,Part 625.out ↔ Part 626.en
simulation,1083,667,ORef 641 (Data.Pot_MV06) ↔ Part 626.in1
simulation,1083,668,ORef 642 (1) ↔ Part 626.in2
simulation,1083,669,Part 626.out ↔ ORef 643 (Data.Pot_MV06)
simulation,1083,670,ORef 644 (Close MV06) ↔ Part 627.operand
simulation,1083,671,Part 627.out ↔ Part 628.in ↔ Part 629.in
simulation,1083,672,ORef 645 (Inputs.MV06 Run_Closing) ↔ Part 628.operand
simulation,1083,673,ORef 646 (Clock100ms) ↔ Part 629.operand
simulation,1083,674,Part 629.out ↔ Part 630.pre
simulation,1083,675,ORef 647 (Data.Pot_MV06) ↔ Part 630.in1
simulation,1083,676,ORef 648 (0) ↔ Part 630.in2
simulation,1083,677,Part 630.out ↔ Part 631.en
simulation,1083,678,ORef 649 (Data.Pot_MV06) ↔ Part 631.in1
simulation,1083,679,ORef 650 (1) ↔ Part 631.in2
simulation,1083,680,Part 631.out ↔ ORef 651 (Data.Pot_MV06)
simulation,1083,92,ORef 94 (Data.Pot_MV06) ↔ Part 632.in1
simulation,1083,93,ORef 95 (98) ↔ Part 632.in2
simulation,1083,91,Part 632.out ↔ Part 633.in
simulation,1083,684,ORef 654 (Inputs.MV06_Open) ↔ Part 633.operand
simulation,1083,97,ORef 100 (Data.Pot_MV06) ↔ Part 634.in1
simulation,1083,98,ORef 110 (2) ↔ Part 634.in2
simulation,1083,96,Part 634.out ↔ Part 635.in
simulation,1083,688,ORef 657 (Inputs.MV06 Close) ↔ Part 635.operand
simulation,1084,21,Powerrail {} ↔ Part 23.in ↔ Part 30.in ↔ Part 37.in ↔ Part 43.in ↔ Part 45.in ↔ Part 47.in ↔ Part 65.in ↔ Part 72.in
simulation,1084,22,ORef 24 (Flag.M_FN_02) ↔ Part 23.operand
simulation,1084,25,Part 23.out ↔ Part 27.in
simulation,1084,26,ORef 28 (Inputs.FN02 Run) ↔ Part 27.operand
simulation,1084,29,ORef 31 (Flag.M_VR_01) ↔ Part 30.operand
simulation,1084,32,Part 30.out ↔ Part 34.in
simulation,1084,33,ORef 35 (Inputs.VR-01 RUN) ↔ Part 34.operand
simulation,1084,36,ORef 38 (Flag.M_FN_01) ↔ Part 37.operand
simulation,1084,39,Part 37.out ↔ Part 41.in
simulation,1084,40,ORef 42 (Inputs.FN01 Run) ↔ Part 41.operand
simulation,1084,56,ORef 49 (Flag.M_VR_02) ↔ Part 43.operand
simulation,1084,57,Part 43.out ↔ Part 44.in
simulation,1084,58,ORef 50 (Inputs.VR02 Run) ↔ Part 44.operand
simulation,1084,59,ORef 51 (Flag.M_CH_01) ↔ Part 45.operand
simulation,1084,60,Part 45.out ↔ Part 46.in
simulation,1084,61,ORef 52 (Inputs.CH01 Run) ↔ Part 46.operand
simulation,1084,62,ORef 53 (Flag.M_FN_03) ↔ Part 47.operand
simulation,1084,63,Part 47.out ↔ Part 48.in
simulation,1084,64,ORef 54 (Inputs.FN03 Run) ↔ Part 48.operand
simulation,1084,55,ORef 66 (Flag.M_FN_06) ↔ Part 65.operand
simulation,1084,67,Part 65.out ↔ Part 69.in
simulation,1084,68,ORef 70 (Inputs.FEEDBACKMOTOR FN-06) ↔ Part 69.operand
simulation,1084,71,ORef 73 (Flag.M_SC_01) ↔ Part 72.operand
simulation,1084,74,Part 72.out ↔ Part 76.in
simulation,1084,75,ORef 77 (Inputs.FEEDBACKMOTOR SC-01) ↔ Part 76.operand
simulation,1085,21,Powerrail {} ↔ Part 23.in ↔ Part 30.in ↔ Part 37.in ↔ Part 44.in ↔ Part 50.in ↔ Part 52.in ↔ Part 54.in ↔ Part 56.in ↔ Part 79.in
simulation,1085,22,ORef 24 (Flag.M_LD_01) ↔ Part 23.operand
simulation,1085,25,Part 23.out ↔ Part 27.in
simulation,1085,26,ORef 28 (Inputs.FEEDBACKMOTOR LD-01) ↔ Part 27.operand
simulation,1085,29,ORef 31 (Flag.M_LD_01_VIB) ↔ Part 30.operand
simulation,1085,32,Part 30.out ↔ Part 34.in ↔ Part 86.in
simulation,1085,33,ORef 35 (Inputs.FEEDBACKMOTOR-LD-01A) ↔ Part 34.operand
simulation,1085,85,ORef 87 (Inputs.LD-01 Local Button) ↔ Part 86.operand
simulation,1085,36,ORef 38 (Flag.M_SC_10) ↔ Part 37.operand
simulation,1085,39,Part 37.out ↔ Part 41.in
simulation,1085,40,ORef 42 (Inputs.FEEDBACKMOTOR SC-10) ↔ Part 41.operand
simulation,1085,43,ORef 45 (Flag.M_SC_11) ↔ Part 44.operand
simulation,1085,46,Part 44.out ↔ Part 48.in
simulation,1085,47,ORef 49 (Inputs.FEEDBACKMOTOR SC-11) ↔ Part 48.operand
simulation,1085,67,ORef 58 (Flag.M_FN_04) ↔ Part 50.operand
simulation,1085,68,Part 50.out ↔ Part 51.in
simulation,1085,69,ORef 59 (Inputs.FN04 Run) ↔ Part 51.operand
simulation,1085,70,ORef 60 (Flag.M_VR_03) ↔ Part 52.operand
simulation,1085,71,Part 52.out ↔ Part 53.in
simulation,1085,72,ORef 61 (Inputs.VR03 Run) ↔ Part 53.operand
simulation,1085,73,ORef 62 (Flag.M_VR_04) ↔ Part 54.operand
simulation,1085,74,Part 54.out ↔ Part 55.in
simulation,1085,75,ORef 63 (Inputs.VR04 Run) ↔ Part 55.operand
simulation,1085,76,ORef 64 (Flag.M_VR_05) ↔ Part 56.operand
simulation,1085,77,Part 56.out ↔ Part 57.in
simulation,1085,78,ORef 65 (Inputs.VR05 Run) ↔ Part 57.operand
simulation,1085,66,ORef 80 (Flag.M_VR_06) ↔ Part 79.operand
simulation,1085,81,Part 79.out ↔ Part 83.in
simulation,1085,82,ORef 84 (Inputs.VR-06 RUN) ↔ Part 83.operand
simulation,1086,21,Powerrail {} ↔ Part 30.in ↔ Part 37.in ↔ Part 43.in ↔ Part 24.in ↔ Part 45.in ↔ Part 28.in
simulation,1086,29,ORef 31 (Flag.M_FN_05) ↔ Part 30.operand
simulation,1086,32,Part 30.out ↔ Part 34.in
simulation,1086,33,ORef 35 (Inputs.FN-05 RUN) ↔ Part 34.operand
simulation,1086,36,ORef 38 (Flag.M_ER01) ↔ Part 37.operand
simulation,1086,39,Part 37.out ↔ Part 41.in
simulation,1086,40,ORef 42 (Inputs.Feedback_ER01) ↔ Part 41.operand
simulation,1086,56,ORef 49 (Flag.M_BWF01) ↔ Part 43.operand
simulation,1086,48,Part 43.out ↔ Part 44.in
simulation,1086,58,ORef 50 (Inputs.BWF 01 RUN) ↔ Part 44.operand
simulation,1086,23,ORef 25 (Inputs.BWF01 OK) ↔ Part 24.operand
simulation,1086,59,ORef 51 (Flag.M_BWF02) ↔ Part 45.operand
simulation,1086,53,Part 45.out ↔ Part 46.in
simulation,1086,61,ORef 52 (Inputs.BWF 02 RUN) ↔ Part 46.operand
simulation,1086,27,ORef 47 (Inputs.BWF02 OK) ↔ Part 28.operand
simulation,1087,21,Powerrail {} ↔ Part 23.in ↔ Part 33.in
simulation,1087,22,ORef 24 (Flag.M_PV03) ↔ Part 23.operand
simulation,1087,29,Part 23.out ↔ Part 31.in
simulation,1087,30,ORef 32 (Inputs.Deviator Open PV-03) ↔ Part 31.operand
simulation,1087,34,ORef 35 (Flag.M_PV03) ↔ Part 33.operand
simulation,1087,36,Part 33.out ↔ Part 38.in
simulation,1087,37,ORef 39 (Inputs.Deviator Close PV-03) ↔ Part 38.operand
simulation,1088,21,Powerrail {} ↔ Part 26.in ↔ Part 33.in
simulation,1088,25,ORef 27 (Flag.M_PV04) ↔ Part 26.operand
simulation,1088,28,Part 26.out ↔ Part 30.in
simulation,1088,29,ORef 31 (Inputs.PV04 Open) ↔ Part 30.operand
simulation,1088,32,ORef 34 (Flag.M_PV04) ↔ Part 33.operand
simulation,1088,39,Part 33.out ↔ Part 35.in
simulation,1088,38,ORef 36 (Inputs.PV04 Close) ↔ Part 35.operand
simulation,1089,21,Powerrail {} ↔ Part 23.in ↔ Part 30.in
simulation,1089,22,ORef 24 (PV-14) ↔ Part 23.operand
simulation,1089,25,Part 23.out ↔ Part 27.in
simulation,1089,26,ORef 28 (Inputs.PV-14 OPEN) ↔ Part 27.operand
simulation,1089,29,ORef 31 (PV-14) ↔ Part 30.operand
simulation,1089,32,Part 30.out ↔ Part 34.in
simulation,1089,33,ORef 35 (Inputs.PV-14 CLOSE) ↔ Part 34.operand
simulation,1090,21,Powerrail {} ↔ Part 23.in ↔ Part 30.in ↔ Part 38.in ↔ Part 40.in
simulation,1090,22,ORef 24 (PV-01 Gate a) ↔ Part 23.operand
simulation,1090,25,Part 23.out ↔ Part 27.in
simulation,1090,26,ORef 28 (Inputs.FC GATE A OPEN) ↔ Part 27.operand
simulation,1090,32,ORef 33 (PV-01 Gate a) ↔ Part 30.operand
simulation,1090,34,Part 30.out ↔ Part 36.in
simulation,1090,35,ORef 37 (Inputs.LIMIT SWITCH LS-02GATE A CLOSEDVALVE PV-01) ↔ Part 36.operand
simulation,1090,47,ORef 42 (PV-01 GATE B EV) ↔ Part 38.operand
simulation,1090,48,Part 38.out ↔ Part 39.in
simulation,1090,49,ORef 43 (Inputs.PV-01 GATE B OPEN) ↔ Part 39.operand
simulation,1090,50,ORef 44 (PV-01 GATE B EV) ↔ Part 40.operand
simulation,1090,51,Part 40.out ↔ Part 41.in
simulation,1090,52,ORef 45 (Inputs.LIMIT SWITCH LS-06GATE B CLOSEDVALVE PV-01) ↔ Part 41.operand
simulation,1091,21,Powerrail {} ↔ Part 22.in ↔ Part 24.in ↔ Part 26.in ↔ Part 28.in
simulation,1091,39,ORef 30 (PV-02 GATE A EV) ↔ Part 22.operand
simulation,1091,40,Part 22.out ↔ Part 23.in
simulation,1091,41,ORef 31 (Inputs.PV-02 EV A OPEN) ↔ Part 23.operand
simulation,1091,42,ORef 32 (PV-02 GATE A EV) ↔ Part 24.operand
simulation,1091,43,Part 24.out ↔ Part 25.in
simulation,1091,44,ORef 33 (Inputs.PV-02 EV A CLOSE) ↔ Part 25.operand
simulation,1091,45,ORef 34 (PV-02 GATE B EV) ↔ Part 26.operand
simulation,1091,46,Part 26.out ↔ Part 27.in
simulation,1091,47,ORef 35 (Inputs.PV-02 GATE B OPEN) ↔ Part 27.operand
simulation,1091,48,ORef 36 (PV-02 GATE B EV) ↔ Part 28.operand
simulation,1091,49,Part 28.out ↔ Part 29.in
simulation,1091,50,ORef 37 (Inputs.PV-02 GATE B CLOSE) ↔ Part 29.operand
simulation,1092,21,Powerrail {} ↔ Part 22.in ↔ Part 38.in ↔ Part 46.in ↔ Part 50.en
simulation,1092,25,ORef 23 (Flag.Start_Burner) ↔ Part 22.operand
simulation,1092,29,Part 22.out ↔ Part 27.in ↔ Part 31.in ↔ Part 33.in ↔ Part 36.in
simulation,1092,26,ORef 28 (Inputs.FC Aria chiusa) ↔ Part 27.operand
simulation,1092,30,ORef 32 (Inputs.FC GAS Chiuso) ↔ Part 31.operand
simulation,1092,24,ORef 34 (Inputs.Burner On) ↔ Part 33.operand
simulation,1092,35,ORef 37 (Inputs.High Flame Gas) ↔ Part 36.operand
simulation,1092,78,ORef 51 (Start Burner) ↔ Part 38.operand
simulation,1092,79,Part 38.out ↔ Part 39.pre ↔ Part 43.pre
simulation,1092,80,ORef 52 (Data.Temp_TC01) ↔ Part 39.in1
simulation,1092,81,ORef 53 (Data.TC01_SETPOINT) ↔ Part 39.in2
simulation,1092,82,Part 39.out ↔ Part 40.in
simulation,1092,83,ORef 54 (Clock3s) ↔ Part 40.operand
simulation,1092,84,Part 40.out ↔ Part 41.en
simulation,1092,85,ORef 55 (Data.Burner_Panel_SetPoint) ↔ Part 41.in1
simulation,1092,86,ORef 56 (5) ↔ Part 41.in2
simulation,1092,87,Part 41.eno ↔ Part 42.en
simulation,1092,88,Part 41.out ↔ ORef 57 (BuffInc)
simulation,1092,89,ORef 58 (Data.Temp_TC01) ↔ Part 42.in1
simulation,1092,90,ORef 59 (BuffInc) ↔ Part 42.in2
simulation,1092,91,Part 42.out ↔ ORef 60 (Data.Temp_TC01)
simulation,1092,92,ORef 61 (Data.Temp_TC01) ↔ Part 43.in1
simulation,1092,93,ORef 62 (Data.TC01_SETPOINT) ↔ Part 43.in2
simulation,1092,94,Part 43.out ↔ Part 44.in
simulation,1092,95,ORef 63 (Clock3s) ↔ Part 44.operand
simulation,1092,96,Part 44.out ↔ Part 45.en
simulation,1092,97,ORef 64 (Data.Temp_TC01) ↔ Part 45.in1
simulation,1092,98,ORef 65 (1) ↔ Part 45.in2
simulation,1092,99,Part 45.out ↔ ORef 66 (Data.Temp_TC01)
simulation,1092,100,ORef 67 (Start Burner) ↔ Part 46.operand
simulation,1092,101,Part 46.out ↔ Part 47.in
simulation,1092,102,ORef 68 (Clock100ms) ↔ Part 47.operand
simulation,1092,103,Part 47.out ↔ Part 48.pre
simulation,1092,104,ORef 69 (Data.Temp_TC01) ↔ Part 48.in1
simulation,1092,105,ORef 70 (551) ↔ Part 48.in2
simulation,1092,106,Part 48.out ↔ Part 49.en
simulation,1092,107,ORef 71 (Data.Temp_TC01) ↔ Part 49.in1
simulation,1092,108,ORef 72 (1) ↔ Part 49.in2
simulation,1092,109,Part 49.out ↔ ORef 73 (Data.Temp_TC01)
simulation,1092,110,ORef 74 (Data.Temp_TC01) ↔ Part 50.in1
simulation,1092,111,ORef 75 (3) ↔ Part 50.in2
simulation,1092,112,Part 50.out ↔ ORef 76 (Data.Temp_TC02)
hmi,1178,21,Powerrail {} ↔ Part 23.en
hmi,1178,24,ORef 25 (RefId 772) ↔ Part 23.Ingresso_run
hmi,1178,28,ORef 29 (RefId 15) ↔ Part 23.Allarme1
hmi,1178,30,ORef 31 (RefId 16) ↔ Part 23.Allarme2
hmi,1178,32,ORef 33 (RefId 20) ↔ Part 23.Allarme3
hmi,1178,34,ORef 35 (RefId 18) ↔ Part 23.Allarme4
hmi,1178,45,ORef 44 (RefId 20) ↔ Part 23.Allarme5
hmi,1178,36,Part 23.Risposta ↔ ORef 37 (RefId 6)
hmi,1178,40,Part 23.Comulativo_allarmi ↔ ORef 41 (RefId 773)
hmi,1179,21,Powerrail {} ↔ Part 23.en
hmi,1179,24,ORef 25 (RefId 713) ↔ Part 23.Ingresso_run
hmi,1179,28,ORef 29 (RefId 32) ↔ Part 23.Allarme1
hmi,1179,30,ORef 31 (RefId 33) ↔ Part 23.Allarme2
hmi,1179,32,ORef 33 (RefId 20) ↔ Part 23.Allarme3
hmi,1179,34,ORef 35 (RefId 20) ↔ Part 23.Allarme4
hmi,1179,36,ORef 37 (RefId 20) ↔ Part 23.Allarme5
hmi,1179,42,Part 23.Risposta ↔ ORef 43 (RefId 25)
hmi,1179,46,Part 23.Comulativo_allarmi ↔ ORef 47 (RefId 27)
hmi,1180,21,Powerrail {} ↔ Part 22.en
hmi,1180,37,ORef 24 (RefId 712) ↔ Part 22.Ingresso_run
hmi,1180,39,ORef 26 (RefId 44) ↔ Part 22.Allarme1
hmi,1180,40,ORef 27 (RefId 48) ↔ Part 22.Allarme2
hmi,1180,41,ORef 28 (RefId 20) ↔ Part 22.Allarme3
hmi,1180,42,ORef 29 (RefId 20) ↔ Part 22.Allarme4
hmi,1180,43,ORef 30 (RefId 20) ↔ Part 22.Allarme5
hmi,1180,46,Part 22.Risposta ↔ ORef 33 (RefId 37)
hmi,1180,48,Part 22.Comulativo_allarmi ↔ ORef 35 (RefId 39)
hmi,1181,21,Powerrail {} ↔ Part 23.en
hmi,1181,24,ORef 25 (RefId 711) ↔ Part 23.Ingresso_run
hmi,1181,28,ORef 29 (RefId 59) ↔ Part 23.Allarme1
hmi,1181,30,ORef 31 (RefId 60) ↔ Part 23.Allarme2
hmi,1181,32,ORef 33 (RefId 48) ↔ Part 23.Allarme3
hmi,1181,34,ORef 35 (RefId 48) ↔ Part 23.Allarme4
hmi,1181,36,ORef 37 (RefId 48) ↔ Part 23.Allarme5
hmi,1181,42,Part 23.Risposta ↔ ORef 43 (RefId 57)
hmi,1181,46,Part 23.Comulativo_allarmi ↔ ORef 47 (RefId 55)
hmi,1182,21,Powerrail {} ↔ Part 23.en
hmi,1182,24,ORef 25 (RefId 710) ↔ Part 23.Ingresso_run
hmi,1182,28,ORef 29 (RefId 76) ↔ Part 23.Allarme1
hmi,1182,30,ORef 31 (RefId 20) ↔ Part 23.Allarme2
hmi,1182,32,ORef 33 (RefId 78) ↔ Part 23.Allarme3
hmi,1182,34,ORef 35 (RefId 48) ↔ Part 23.Allarme4
hmi,1182,36,ORef 37 (RefId 48) ↔ Part 23.Allarme5
hmi,1182,42,Part 23.Risposta ↔ ORef 43 (RefId 70)
hmi,1182,46,Part 23.Comulativo_allarmi ↔ ORef 47 (RefId 72)
hmi,1184,21,Powerrail {} ↔ Part 23.en
hmi,1184,24,ORef 25 (RefId 708) ↔ Part 23.Ingresso_run
hmi,1184,28,ORef 29 (RefId 101) ↔ Part 23.Allarme1
hmi,1184,30,ORef 31 (RefId 102) ↔ Part 23.Allarme2
hmi,1184,32,ORef 33 (RefId 48) ↔ Part 23.Allarme3
hmi,1184,34,ORef 35 (RefId 48) ↔ Part 23.Allarme4
hmi,1184,36,ORef 37 (RefId 48) ↔ Part 23.Allarme5
hmi,1184,42,Part 23.Risposta ↔ ORef 43 (RefId 95)
hmi,1184,46,Part 23.Comulativo_allarmi ↔ ORef 47 (RefId 97)
hmi,1186,21,Powerrail {} ↔ Part 23.en ↔ Part 63.in
hmi,1186,24,ORef 25 (RefId 706) ↔ Part 23.Ingresso_run
hmi,1186,28,ORef 29 (RefId 125) ↔ Part 23.Allarme1
hmi,1186,30,ORef 31 (RefId 126) ↔ Part 23.Allarme2
hmi,1186,32,ORef 33 (RefId 48) ↔ Part 23.Allarme3
hmi,1186,34,ORef 35 (RefId 48) ↔ Part 23.Allarme4
hmi,1186,36,ORef 37 (RefId 48) ↔ Part 23.Allarme5
hmi,1186,42,Part 23.Risposta ↔ ORef 43 (RefId 118)
hmi,1186,46,Part 23.Comulativo_allarmi ↔ ORef 47 (RefId 120)
hmi,1186,38,ORef 39 (RefId 120) ↔ Part 63.operand
hmi,1186,40,Part 63.out ↔ Part 64.in
hmi,1186,41,ORef 44 (Start Aux INV) ↔ Part 64.operand
hmi,1187,21,Powerrail {} ↔ Part 23.en
hmi,1187,24,ORef 25 (RefId 705) ↔ Part 23.Ingresso_run_Opening
hmi,1187,26,ORef 27 (RefId 704) ↔ Part 23.Ingresso_run_Closing
hmi,1187,28,ORef 29 (RefId 156) ↔ Part 23.Allarme1
hmi,1187,30,ORef 31 (RefId 20) ↔ Part 23.Allarme2
hmi,1187,32,ORef 33 (RefId 20) ↔ Part 23.Allarme3
hmi,1187,34,ORef 35 (RefId 20) ↔ Part 23.Allarme4
hmi,1187,36,ORef 37 (RefId 20) ↔ Part 23.Allarme5
hmi,1187,42,ORef 43 (RefId 703) ↔ Part 23.Limit_switch_Open
hmi,1187,44,ORef 45 (RefId 702) ↔ Part 23.Limiti_Switch_Close
hmi,1187,50,Part 23.Risposta_Opening ↔ ORef 51 (RefId 150)
hmi,1187,52,Part 23.Risposta_Closing ↔ ORef 53 (RefId 152)
hmi,1187,54,Part 23.Limit_Switch_Open_HMI ↔ ORef 55 (RefId 144)
hmi,1187,56,Part 23.Limit_Switch_Close_HMI ↔ ORef 57 (RefId 146)
hmi,1187,62,Part 23.Comulativo_allarmi ↔ ORef 63 (RefId 148)
hmi,1188,21,Powerrail {} ↔ Part 22.en
hmi,1188,47,ORef 24 (RefId 701) ↔ Part 22.Ingresso_run_Opening
hmi,1188,48,ORef 25 (RefId 700) ↔ Part 22.Ingresso_run_Closing
hmi,1188,49,ORef 26 (RefId 161) ↔ Part 22.Allarme1
hmi,1188,50,ORef 27 (RefId 48) ↔ Part 22.Allarme2
hmi,1188,51,ORef 28 (RefId 20) ↔ Part 22.Allarme3
hmi,1188,52,ORef 29 (RefId 20) ↔ Part 22.Allarme4
hmi,1188,53,ORef 30 (RefId 20) ↔ Part 22.Allarme5
hmi,1188,56,ORef 33 (RefId 699) ↔ Part 22.Limit_switch_Open
hmi,1188,57,ORef 34 (RefId 698) ↔ Part 22.Limiti_Switch_Close
hmi,1188,62,Part 22.Risposta_Opening ↔ ORef 39 (RefId 174)
hmi,1188,63,Part 22.Risposta_Closing ↔ ORef 40 (RefId 175)
hmi,1188,64,Part 22.Limit_Switch_Open_HMI ↔ ORef 41 (RefId 176)
hmi,1188,65,Part 22.Limit_Switch_Close_HMI ↔ ORef 42 (RefId 177)
hmi,1188,68,Part 22.Comulativo_allarmi ↔ ORef 45 (RefId 183)
hmi,1189,21,Powerrail {} ↔ Part 22.en
hmi,1189,47,ORef 24 (RefId 697) ↔ Part 22.Ingresso_run_Opening
hmi,1189,48,ORef 25 (RefId 696) ↔ Part 22.Ingresso_run_Closing
hmi,1189,49,ORef 26 (RefId 192) ↔ Part 22.Allarme1
hmi,1189,50,ORef 27 (RefId 48) ↔ Part 22.Allarme2
hmi,1189,51,ORef 28 (RefId 20) ↔ Part 22.Allarme3
hmi,1189,52,ORef 29 (RefId 20) ↔ Part 22.Allarme4
hmi,1189,53,ORef 30 (RefId 20) ↔ Part 22.Allarme5
hmi,1189,56,ORef 33 (RefId 695) ↔ Part 22.Limit_switch_Open
hmi,1189,57,ORef 34 (RefId 694) ↔ Part 22.Limiti_Switch_Close
hmi,1189,62,Part 22.Risposta_Opening ↔ ORef 39 (RefId 204)
hmi,1189,63,Part 22.Risposta_Closing ↔ ORef 40 (RefId 205)
hmi,1189,64,Part 22.Limit_Switch_Open_HMI ↔ ORef 41 (RefId 206)
hmi,1189,65,Part 22.Limit_Switch_Close_HMI ↔ ORef 42 (RefId 207)
hmi,1189,68,Part 22.Comulativo_allarmi ↔ ORef 45 (RefId 210)
hmi,1190,21,Powerrail {} ↔ Part 22.en
hmi,1190,47,ORef 24 (RefId 693) ↔ Part 22.Ingresso_run_Opening
hmi,1190,48,ORef 25 (RefId 692) ↔ Part 22.Ingresso_run_Closing
hmi,1190,49,ORef 26 (RefId 423) ↔ Part 22.Allarme1
hmi,1190,50,ORef 27 (RefId 48) ↔ Part 22.Allarme2
hmi,1190,51,ORef 28 (RefId 20) ↔ Part 22.Allarme3
hmi,1190,52,ORef 29 (RefId 20) ↔ Part 22.Allarme4
hmi,1190,53,ORef 30 (RefId 20) ↔ Part 22.Allarme5
hmi,1190,56,ORef 33 (RefId 691) ↔ Part 22.Limit_switch_Open
hmi,1190,57,ORef 34 (RefId 690) ↔ Part 22.Limiti_Switch_Close
hmi,1190,62,Part 22.Risposta_Opening ↔ ORef 39 (RefId 428)
hmi,1190,63,Part 22.Risposta_Closing ↔ ORef 40 (RefId 429)
hmi,1190,64,Part 22.Limit_Switch_Open_HMI ↔ ORef 41 (RefId 430)
hmi,1190,65,Part 22.Limit_Switch_Close_HMI ↔ ORef 42 (RefId 431)
hmi,1190,68,Part 22.Comulativo_allarmi ↔ ORef 45 (RefId 434)
hmi,1191,21,Powerrail {} ↔ Part 22.en
hmi,1191,47,ORef 24 (RefId 681) ↔ Part 22.Ingresso_run_Opening
hmi,1191,48,ORef 25 (RefId 688) ↔ Part 22.Ingresso_run_Closing
hmi,1191,49,ORef 26 (RefId 444) ↔ Part 22.Allarme1
hmi,1191,50,ORef 27 (RefId 48) ↔ Part 22.Allarme2
hmi,1191,51,ORef 28 (RefId 20) ↔ Part 22.Allarme3
hmi,1191,52,ORef 29 (RefId 20) ↔ Part 22.Allarme4
hmi,1191,53,ORef 30 (RefId 20) ↔ Part 22.Allarme5
hmi,1191,56,ORef 33 (RefId 687) ↔ Part 22.Limit_switch_Open
hmi,1191,57,ORef 34 (RefId 686) ↔ Part 22.Limiti_Switch_Close
hmi,1191,62,Part 22.Risposta_Opening ↔ ORef 39 (RefId 449)
hmi,1191,63,Part 22.Risposta_Closing ↔ ORef 40 (RefId 450)
hmi,1191,64,Part 22.Limit_Switch_Open_HMI ↔ ORef 41 (RefId 451)
hmi,1191,65,Part 22.Limit_Switch_Close_HMI ↔ ORef 42 (RefId 452)
hmi,1191,68,Part 22.Comulativo_allarmi ↔ ORef 45 (RefId 455)
hmi,1192,21,Powerrail {} ↔ Part 23.en
hmi,1192,24,ORef 25 (RefId 677) ↔ Part 23.Ingresso_run
hmi,1192,28,ORef 29 (RefId 214) ↔ Part 23.Allarme1
hmi,1192,30,ORef 31 (RefId 215) ↔ Part 23.Allarme2
hmi,1192,32,ORef 33 (RefId 48) ↔ Part 23.Allarme3
hmi,1192,34,ORef 35 (RefId 48) ↔ Part 23.Allarme4
hmi,1192,36,ORef 37 (RefId 48) ↔ Part 23.Allarme5
hmi,1192,42,Part 23.Risposta ↔ ORef 43 (RefId 222)
hmi,1192,46,Part 23.Comulativo_allarmi ↔ ORef 47 (RefId 224)
hmi,1193,21,Powerrail {} ↔ Part 22.en
hmi,1193,37,ORef 24 (RefId 676) ↔ Part 22.Ingresso_run
hmi,1193,39,ORef 26 (RefId 230) ↔ Part 22.Allarme1
hmi,1193,40,ORef 27 (RefId 48) ↔ Part 22.Allarme2
hmi,1193,41,ORef 28 (RefId 48) ↔ Part 22.Allarme3
hmi,1193,42,ORef 29 (RefId 48) ↔ Part 22.Allarme4
hmi,1193,43,ORef 30 (RefId 48) ↔ Part 22.Allarme5
hmi,1193,46,Part 22.Risposta ↔ ORef 33 (RefId 236)
hmi,1193,48,Part 22.Comulativo_allarmi ↔ ORef 35 (RefId 240)
hmi,1194,21,Powerrail {} ↔ Part 22.en
hmi,1194,37,ORef 24 (RefId 675) ↔ Part 22.Ingresso_run
hmi,1194,39,ORef 26 (RefId 243) ↔ Part 22.Allarme1
hmi,1194,40,ORef 27 (RefId 244) ↔ Part 22.Allarme2
hmi,1194,41,ORef 28 (RefId 48) ↔ Part 22.Allarme3
hmi,1194,42,ORef 29 (RefId 48) ↔ Part 22.Allarme4
hmi,1194,43,ORef 30 (RefId 48) ↔ Part 22.Allarme5
hmi,1194,46,Part 22.Risposta ↔ ORef 33 (RefId 247)
hmi,1194,48,Part 22.Comulativo_allarmi ↔ ORef 35 (RefId 249)
hmi,1195,21,Powerrail {} ↔ Part 22.en
hmi,1195,37,ORef 24 (RefId 674) ↔ Part 22.Ingresso_run
hmi,1195,39,ORef 26 (RefId 252) ↔ Part 22.Allarme1
hmi,1195,40,ORef 27 (RefId 48) ↔ Part 22.Allarme2
hmi,1195,41,ORef 28 (RefId 48) ↔ Part 22.Allarme3
hmi,1195,42,ORef 29 (RefId 48) ↔ Part 22.Allarme4
hmi,1195,43,ORef 30 (RefId 48) ↔ Part 22.Allarme5
hmi,1195,46,Part 22.Risposta ↔ ORef 33 (RefId 255)
hmi,1195,48,Part 22.Comulativo_allarmi ↔ ORef 35 (RefId 257)
hmi,1196,21,Powerrail {} ↔ Part 22.en
hmi,1196,37,ORef 24 (RefId 673) ↔ Part 22.Ingresso_run
hmi,1196,39,ORef 26 (RefId 260) ↔ Part 22.Allarme1
hmi,1196,40,ORef 27 (RefId 48) ↔ Part 22.Allarme2
hmi,1196,41,ORef 28 (RefId 48) ↔ Part 22.Allarme3
hmi,1196,42,ORef 29 (RefId 48) ↔ Part 22.Allarme4
hmi,1196,43,ORef 30 (RefId 48) ↔ Part 22.Allarme5
hmi,1196,46,Part 22.Risposta ↔ ORef 33 (RefId 263)
hmi,1196,48,Part 22.Comulativo_allarmi ↔ ORef 35 (RefId 265)
hmi,1197,21,Powerrail {} ↔ Part 22.en
hmi,1197,37,ORef 24 (RefId 672) ↔ Part 22.Ingresso_run
hmi,1197,39,ORef 26 (RefId 268) ↔ Part 22.Allarme1
hmi,1197,40,ORef 27 (RefId 269) ↔ Part 22.Allarme2
hmi,1197,41,ORef 28 (RefId 48) ↔ Part 22.Allarme3
hmi,1197,42,ORef 29 (RefId 48) ↔ Part 22.Allarme4
hmi,1197,43,ORef 30 (RefId 48) ↔ Part 22.Allarme5
hmi,1197,46,Part 22.Risposta ↔ ORef 33 (RefId 272)
hmi,1197,48,Part 22.Comulativo_allarmi ↔ ORef 35 (RefId 274)
hmi,1198,21,Powerrail {} ↔ Part 22.en
hmi,1198,37,ORef 24 (RefId 671) ↔ Part 22.Ingresso_run
hmi,1198,39,ORef 26 (RefId 284) ↔ Part 22.Allarme1
hmi,1198,40,ORef 27 (RefId 48) ↔ Part 22.Allarme2
hmi,1198,41,ORef 28 (RefId 48) ↔ Part 22.Allarme3
hmi,1198,42,ORef 29 (RefId 48) ↔ Part 22.Allarme4
hmi,1198,43,ORef 30 (RefId 48) ↔ Part 22.Allarme5
hmi,1198,46,Part 22.Risposta ↔ ORef 33 (RefId 287)
hmi,1198,48,Part 22.Comulativo_allarmi ↔ ORef 35 (RefId 289)
hmi,1199,21,Powerrail {} ↔ Part 22.en
hmi,1199,37,ORef 24 (RefId 670) ↔ Part 22.Ingresso_run
hmi,1199,39,ORef 26 (RefId 292) ↔ Part 22.Allarme1
hmi,1199,40,ORef 27 (RefId 48) ↔ Part 22.Allarme2
hmi,1199,41,ORef 28 (RefId 48) ↔ Part 22.Allarme3
hmi,1199,42,ORef 29 (RefId 48) ↔ Part 22.Allarme4
hmi,1199,43,ORef 30 (RefId 48) ↔ Part 22.Allarme5
hmi,1199,46,Part 22.Risposta ↔ ORef 33 (RefId 295)
hmi,1199,48,Part 22.Comulativo_allarmi ↔ ORef 35 (RefId 297)
hmi,1201,21,Powerrail {} ↔ Part 22.en
hmi,1201,37,ORef 24 (RefId 667) ↔ Part 22.Ingresso_run
hmi,1201,39,ORef 26 (RefId 315) ↔ Part 22.Allarme1
hmi,1201,40,ORef 27 (RefId 48) ↔ Part 22.Allarme2
hmi,1201,41,ORef 28 (RefId 48) ↔ Part 22.Allarme3
hmi,1201,42,ORef 29 (RefId 48) ↔ Part 22.Allarme4
hmi,1201,43,ORef 30 (RefId 48) ↔ Part 22.Allarme5
hmi,1201,46,Part 22.Risposta ↔ ORef 33 (RefId 318)
hmi,1201,48,Part 22.Comulativo_allarmi ↔ ORef 35 (RefId 320)
hmi,1202,21,Powerrail {} ↔ Part 22.en
hmi,1202,37,ORef 24 (RefId 666) ↔ Part 22.Ingresso_run
hmi,1202,39,ORef 26 (RefId 323) ↔ Part 22.Allarme1
hmi,1202,40,ORef 27 (RefId 48) ↔ Part 22.Allarme2
hmi,1202,41,ORef 28 (RefId 48) ↔ Part 22.Allarme3
hmi,1202,42,ORef 29 (RefId 48) ↔ Part 22.Allarme4
hmi,1202,43,ORef 30 (RefId 48) ↔ Part 22.Allarme5
hmi,1202,46,Part 22.Risposta ↔ ORef 33 (RefId 326)
hmi,1202,48,Part 22.Comulativo_allarmi ↔ ORef 35 (RefId 328)
hmi,1203,21,Powerrail {} ↔ Part 22.en
hmi,1203,37,ORef 24 (RefId 665) ↔ Part 22.Ingresso_run
hmi,1203,39,ORef 26 (RefId 331) ↔ Part 22.Allarme1
hmi,1203,40,ORef 27 (RefId 48) ↔ Part 22.Allarme2
hmi,1203,41,ORef 28 (RefId 48) ↔ Part 22.Allarme3
hmi,1203,42,ORef 29 (RefId 48) ↔ Part 22.Allarme4
hmi,1203,43,ORef 30 (RefId 48) ↔ Part 22.Allarme5
hmi,1203,46,Part 22.Risposta ↔ ORef 33 (RefId 334)
hmi,1203,48,Part 22.Comulativo_allarmi ↔ ORef 35 (RefId 336)
hmi,1204,21,Powerrail {} ↔ Part 22.en
hmi,1204,37,ORef 24 (RefId 664) ↔ Part 22.Ingresso_run
hmi,1204,39,ORef 26 (RefId 339) ↔ Part 22.Allarme1
hmi,1204,40,ORef 27 (RefId 48) ↔ Part 22.Allarme2
hmi,1204,41,ORef 28 (RefId 48) ↔ Part 22.Allarme3
hmi,1204,42,ORef 29 (RefId 48) ↔ Part 22.Allarme4
hmi,1204,43,ORef 30 (RefId 48) ↔ Part 22.Allarme5
hmi,1204,46,Part 22.Risposta ↔ ORef 33 (RefId 340)
hmi,1204,48,Part 22.Comulativo_allarmi ↔ ORef 35 (RefId 342)
hmi,1205,21,Powerrail {} ↔ Part 23.en
hmi,1205,24,ORef 25 (RefId 787) ↔ Part 23.Ingresso_run
hmi,1205,28,ORef 29 (RefId 410) ↔ Part 23.Allarme1
hmi,1205,30,ORef 31 (RefId 411) ↔ Part 23.Allarme2
hmi,1205,32,ORef 33 (RefId 48) ↔ Part 23.Allarme3
hmi,1205,34,ORef 35 (RefId 48) ↔ Part 23.Allarme4
hmi,1205,36,ORef 37 (RefId 48) ↔ Part 23.Allarme5
hmi,1205,42,Part 23.Risposta ↔ ORef 43 (RefId 415)
hmi,1205,46,Part 23.Comulativo_allarmi ↔ ORef 47 (RefId 417)
hmi,1206,21,Powerrail {} ↔ Part 23.en
hmi,1206,24,ORef 25 (RefId 662) ↔ Part 23.Ingresso_run
hmi,1206,28,ORef 29 (RefId 348) ↔ Part 23.Allarme1
hmi,1206,30,ORef 31 (RefId 48) ↔ Part 23.Allarme2
hmi,1206,32,ORef 33 (RefId 48) ↔ Part 23.Allarme3
hmi,1206,34,ORef 35 (RefId 48) ↔ Part 23.Allarme4
hmi,1206,36,ORef 37 (RefId 48) ↔ Part 23.Allarme5
hmi,1206,42,Part 23.Risposta ↔ ORef 43 (RefId 352)
hmi,1206,46,Part 23.Comulativo_allarmi ↔ ORef 47 (RefId 354)
hmi,1207,21,Powerrail {} ↔ Part 22.en
hmi,1207,37,ORef 24 (RefId 661) ↔ Part 22.Ingresso_run
hmi,1207,39,ORef 26 (RefId 358) ↔ Part 22.Allarme1
hmi,1207,40,ORef 27 (RefId 48) ↔ Part 22.Allarme2
hmi,1207,41,ORef 28 (RefId 48) ↔ Part 22.Allarme3
hmi,1207,42,ORef 29 (RefId 48) ↔ Part 22.Allarme4
hmi,1207,43,ORef 30 (RefId 48) ↔ Part 22.Allarme5
hmi,1207,46,Part 22.Risposta ↔ ORef 33 (RefId 359)
hmi,1207,48,Part 22.Comulativo_allarmi ↔ ORef 35 (RefId 361)
hmi,1208,21,Powerrail {} ↔ Part 22.en
hmi,1208,37,ORef 24 (RefId 660) ↔ Part 22.Ingresso_run
hmi,1208,39,ORef 26 (RefId 366) ↔ Part 22.Allarme1
hmi,1208,40,ORef 27 (RefId 48) ↔ Part 22.Allarme2
hmi,1208,41,ORef 28 (RefId 48) ↔ Part 22.Allarme3
hmi,1208,42,ORef 29 (RefId 48) ↔ Part 22.Allarme4
hmi,1208,43,ORef 30 (RefId 48) ↔ Part 22.Allarme5
hmi,1208,46,Part 22.Risposta ↔ ORef 33 (RefId 367)
hmi,1208,48,Part 22.Comulativo_allarmi ↔ ORef 35 (RefId 369)
hmi,1209,21,Powerrail {} ↔ Part 22.en
hmi,1209,37,ORef 24 (RefId 659) ↔ Part 22.Ingresso_run
hmi,1209,39,ORef 26 (RefId 376) ↔ Part 22.Allarme1
hmi,1209,40,ORef 27 (RefId 48) ↔ Part 22.Allarme2
hmi,1209,41,ORef 28 (RefId 48) ↔ Part 22.Allarme3
hmi,1209,42,ORef 29 (RefId 48) ↔ Part 22.Allarme4
hmi,1209,43,ORef 30 (RefId 48) ↔ Part 22.Allarme5
hmi,1209,46,Part 22.Risposta ↔ ORef 33 (RefId 383)
hmi,1209,48,Part 22.Comulativo_allarmi ↔ ORef 35 (RefId 385)
hmi,1210,21,Powerrail {} ↔ Part 22.en
hmi,1210,37,ORef 24 (RefId 658) ↔ Part 22.Ingresso_run
hmi,1210,39,ORef 26 (RefId 392) ↔ Part 22.Allarme1
hmi,1210,40,ORef 27 (RefId 48) ↔ Part 22.Allarme2
hmi,1210,41,ORef 28 (RefId 48) ↔ Part 22.Allarme3
hmi,1210,42,ORef 29 (RefId 48) ↔ Part 22.Allarme4
hmi,1210,43,ORef 30 (RefId 48) ↔ Part 22.Allarme5
hmi,1210,46,Part 22.Risposta ↔ ORef 33 (RefId 395)
hmi,1210,48,Part 22.Comulativo_allarmi ↔ ORef 35 (RefId 397)
hmi,1211,21,Powerrail {} ↔ Part 22.en
hmi,1211,37,ORef 24 (RefId 657) ↔ Part 22.Ingresso_run
hmi,1211,39,ORef 26 (RefId 401) ↔ Part 22.Allarme1
hmi,1211,40,ORef 27 (RefId 48) ↔ Part 22.Allarme2
hmi,1211,41,ORef 28 (RefId 48) ↔ Part 22.Allarme3
hmi,1211,42,ORef 29 (RefId 48) ↔ Part 22.Allarme4
hmi,1211,43,ORef 30 (RefId 48) ↔ Part 22.Allarme5
hmi,1211,46,Part 22.Risposta ↔ ORef 33 (RefId 404)
hmi,1211,48,Part 22.Comulativo_allarmi ↔ ORef 35 (RefId 406)
hmi,1212,21,Powerrail {} ↔ Part 26.in ↔ Part 29.in
hmi,1212,25,ORef 27 (RefId 481) ↔ Part 26.operand
hmi,1212,35,Part 26.out ↔ Part 37.in
hmi,1212,36,ORef 38 (RefId 483) ↔ Part 37.operand
hmi,1212,28,ORef 30 (RefId 482) ↔ Part 29.operand
hmi,1212,44,Part 29.out ↔ Part 41.in
hmi,1212,40,ORef 42 (RefId 484) ↔ Part 41.operand
hmi,1213,21,Powerrail {} ↔ Part 23.in ↔ Part 26.in ↔ Part 29.in ↔ Part 32.in ↔ Part 35.in ↔ Part 42.in
hmi,1213,22,ORef 24 (RefId 645) ↔ Part 23.operand
hmi,1213,49,Part 23.out ↔ Part 51.in
hmi,1213,50,ORef 52 (RefId 647) ↔ Part 51.operand
hmi,1213,25,ORef 27 (RefId 646) ↔ Part 26.operand
hmi,1213,53,Part 26.out ↔ Part 55.in
hmi,1213,54,ORef 56 (RefId 648) ↔ Part 55.operand
hmi,1213,28,ORef 30 (RefId 640) ↔ Part 29.operand
hmi,1213,40,Part 29.out ↔ Part 37.in1
hmi,1213,31,ORef 33 (RefId 641) ↔ Part 32.operand
hmi,1213,38,Part 32.out ↔ Part 37.in2
hmi,1213,34,ORef 36 (RefId 643) ↔ Part 35.operand
hmi,1213,39,Part 35.out ↔ Part 37.in3
hmi,1213,41,ORef 43 (RefId 643) ↔ Part 42.operand
hmi,1213,44,Part 42.out ↔ Part 37.in4
hmi,1213,45,Part 37.out ↔ Part 47.in
hmi,1213,46,ORef 48 (RefId 644) ↔ Part 47.operand
hmi,1214,21,Powerrail {} ↔ Part 22.in ↔ Part 24.in ↔ Part 26.in ↔ Part 27.in ↔ Part 28.in ↔ Part 29.in
hmi,1214,42,ORef 32 (RefId 649) ↔ Part 22.operand
hmi,1214,43,Part 22.out ↔ Part 23.in
hmi,1214,44,ORef 33 (RefId 650) ↔ Part 23.operand
hmi,1214,45,ORef 34 (RefId 651) ↔ Part 24.operand
hmi,1214,46,Part 24.out ↔ Part 25.in
hmi,1214,47,ORef 35 (RefId 652) ↔ Part 25.operand
hmi,1214,48,ORef 36 (RefId 653) ↔ Part 26.operand
hmi,1214,49,Part 26.out ↔ Part 30.in1
hmi,1214,50,ORef 37 (RefId 654) ↔ Part 27.operand
hmi,1214,51,Part 27.out ↔ Part 30.in2
hmi,1214,52,ORef 38 (RefId 655) ↔ Part 28.operand
hmi,1214,53,Part 28.out ↔ Part 30.in3
hmi,1214,54,ORef 39 (RefId 655) ↔ Part 29.operand
hmi,1214,55,Part 29.out ↔ Part 30.in4
hmi,1214,56,Part 30.out ↔ Part 31.in
hmi,1214,57,ORef 40 (RefId 656) ↔ Part 31.operand
hmi,1215,21,Powerrail {} ↔ Part 32.en
hmi,1215,33,ORef 34 (RefId 717) ↔ Part 32.GateA_Open
hmi,1215,35,ORef 36 (RefId 718) ↔ Part 32.GateA_Close
hmi,1215,37,ORef 38 (RefId 719) ↔ Part 32.GateB_Open
hmi,1215,39,ORef 40 (RefId 720) ↔ Part 32.GateB_Close
hmi,1215,41,ORef 42 (RefId 721) ↔ Part 32.Selector_GateA
hmi,1215,43,ORef 44 (RefId 722) ↔ Part 32.Selector_GateB
hmi,1215,45,ORef 46 (RefId 723) ↔ Part 32.Allarm1
hmi,1215,47,ORef 48 (RefId 724) ↔ Part 32.Allarm2
hmi,1215,49,ORef 50 (RefId 725) ↔ Part 32.Allarm3
hmi,1215,51,ORef 52 (RefId 726) ↔ Part 32.Allarm4
hmi,1215,53,ORef 54 (RefId 48) ↔ Part 32.Allarm5
hmi,1215,55,ORef 56 (RefId 48) ↔ Part 32.Allarm6
hmi,1215,57,ORef 58 (RefId 48) ↔ Part 32.Allarm7
hmi,1215,59,Part 32.HMI_GateA_Open ↔ ORef 60 (RefId 728)
hmi,1215,61,Part 32.HMI_GateA_Close ↔ ORef 62 (RefId 727)
hmi,1215,63,Part 32.HMI_GateB_Open ↔ ORef 64 (RefId 729)
hmi,1215,65,Part 32.HMI_GateB_Close ↔ ORef 66 (RefId 730)
hmi,1215,67,Part 32.HMI_Selector_GateA ↔ ORef 68 (RefId 731)
hmi,1215,69,Part 32.HMI_Selector_GateB ↔ ORef 70 (RefId 732)
hmi,1215,71,Part 32.Total_Allarms ↔ ORef 72 (RefId 733)
hmi,1216,21,Powerrail {} ↔ Part 22.en
hmi,1216,45,ORef 24 (RefId 734) ↔ Part 22.GateA_Open
hmi,1216,46,ORef 25 (RefId 735) ↔ Part 22.GateA_Close
hmi,1216,47,ORef 26 (RefId 736) ↔ Part 22.GateB_Open
hmi,1216,48,ORef 27 (RefId 737) ↔ Part 22.GateB_Close
hmi,1216,49,ORef 28 (RefId 738) ↔ Part 22.Selector_GateA
hmi,1216,50,ORef 29 (RefId 739) ↔ Part 22.Selector_GateB
hmi,1216,51,ORef 30 (RefId 740) ↔ Part 22.Allarm1
hmi,1216,52,ORef 31 (RefId 741) ↔ Part 22.Allarm2
hmi,1216,53,ORef 32 (RefId 742) ↔ Part 22.Allarm3
hmi,1216,54,ORef 33 (RefId 743) ↔ Part 22.Allarm4
hmi,1216,55,ORef 34 (RefId 48) ↔ Part 22.Allarm5
hmi,1216,56,ORef 35 (RefId 48) ↔ Part 22.Allarm6
hmi,1216,57,ORef 36 (RefId 48) ↔ Part 22.Allarm7
hmi,1216,58,Part 22.HMI_GateA_Open ↔ ORef 37 (RefId 744)
hmi,1216,59,Part 22.HMI_GateA_Close ↔ ORef 38 (RefId 745)
hmi,1216,60,Part 22.HMI_GateB_Open ↔ ORef 39 (RefId 746)
hmi,1216,61,Part 22.HMI_GateB_Close ↔ ORef 40 (RefId 747)
hmi,1216,62,Part 22.HMI_Selector_GateA ↔ ORef 41 (RefId 748)
hmi,1216,63,Part 22.HMI_Selector_GateB ↔ ORef 42 (RefId 749)
hmi,1216,64,Part 22.Total_Allarms ↔ ORef 43 (RefId 750)
hmi,1217,21,Powerrail {} ↔ Part 23.en
hmi,1217,24,ORef 25 (RefId 753) ↔ Part 23.LS_Open
hmi,1217,26,ORef 27 (RefId 754) ↔ Part 23.LS_Close
hmi,1217,28,ORef 29 (RefId 755) ↔ Part 23.Selector
hmi,1217,30,ORef 31 (RefId 756) ↔ Part 23.Allarm1
hmi,1217,32,ORef 33 (RefId 757) ↔ Part 23.Allarm2
hmi,1217,34,ORef 35 (RefId 48) ↔ Part 23.Allarm3
hmi,1217,36,ORef 37 (RefId 48) ↔ Part 23.Allarm4
hmi,1217,38,ORef 39 (RefId 48) ↔ Part 23.Allarm5
hmi,1217,40,Part 23.HMI_LS_Open ↔ ORef 41 (RefId 758)
hmi,1217,42,Part 23.HMI_LS_Close ↔ ORef 43 (RefId 759)
hmi,1217,44,Part 23.Total_Allarms ↔ ORef 45 (RefId 760)
hmi,1217,46,Part 23.HMI_Selectoor ↔ ORef 47 (RefId 761)
hmi,1218,21,Powerrail {} ↔ Part 22.en
hmi,1218,37,ORef 24 (RefId 765) ↔ Part 22.LS_Open
hmi,1218,38,ORef 25 (RefId 766) ↔ Part 22.LS_Close
hmi,1218,39,ORef 26 (RefId 767) ↔ Part 22.Selector
hmi,1218,40,ORef 27 (RefId 771) ↔ Part 22.Allarm1
hmi,1218,41,ORef 28 (RefId 20) ↔ Part 22.Allarm2
hmi,1218,42,ORef 29 (RefId 48) ↔ Part 22.Allarm3
hmi,1218,43,ORef 30 (RefId 48) ↔ Part 22.Allarm4
hmi,1218,44,ORef 31 (RefId 48) ↔ Part 22.Allarm5
hmi,1218,45,Part 22.HMI_LS_Open ↔ ORef 32 (RefId 777)
hmi,1218,46,Part 22.HMI_LS_Close ↔ ORef 33 (RefId 778)
hmi,1218,47,Part 22.Total_Allarms ↔ ORef 34 (RefId 779)
hmi,1218,48,Part 22.HMI_Selectoor ↔ ORef 35 (RefId 780)
hmi,1219,21,Powerrail {} ↔ Part 23.in ↔ Part 30.in
hmi,1219,22,ORef 24 (RefId 781) ↔ Part 23.operand
hmi,1219,25,Part 23.out ↔ Part 27.in
hmi,1219,26,ORef 28 (RefId 783) ↔ Part 27.operand
hmi,1219,29,ORef 31 (RefId 784) ↔ Part 30.operand
hmi,1219,32,Part 30.out ↔ Part 34.in
hmi,1219,33,ORef 35 (RefId 785) ↔ Part 34.operand
hmi,1220,21,Powerrail {} ↔ Part 23.in ↔ Part 29.in
hmi,1220,22,ORef 24 (EV03) ↔ Part 23.operand
hmi,1220,25,Part 23.out ↔ Part 27.in
hmi,1220,26,ORef 28 (RefId 790) ↔ Part 27.operand
hmi,1220,33,ORef 34 (EV03) ↔ Part 29.operand
hmi,1220,31,Part 29.out ↔ Part 30.in
hmi,1220,36,ORef 32 (RefId 791) ↔ Part 30.operand
allarms 2,1226,589,Powerrail {} ↔ Part 513.in
allarms 2,1226,425,ORef 363 (ON) ↔ Part 513.operand
allarms 2,1226,514,Part 513.out ↔ Part 515.in ↔ Part 525.in ↔ Part 535.in ↔ Part 555.in ↔ Part 565.in ↔ Part 575.in
allarms 2,1226,426,ORef 364 (ON) ↔ Part 515.operand
allarms 2,1226,516,Part 515.out ↔ Part 517.in ↔ Part 519.in
allarms 2,1226,427,ORef 365 (Start Open MV-01) ↔ Part 517.operand
allarms 2,1226,518,Part 517.out ↔ Part 594.in
allarms 2,1226,597,ORef 595 (Inputs.MV01 Run_Opening) ↔ Part 594.operand
allarms 2,1226,22,Part 594.out ↔ Part 242.in1
allarms 2,1226,428,ORef 366 (Start Close MV-01) ↔ Part 519.operand
allarms 2,1226,520,Part 519.out ↔ Part 590.in
allarms 2,1226,593,ORef 591 (Inputs.MV01 Run_Closing) ↔ Part 590.operand
allarms 2,1226,21,Part 590.out ↔ Part 242.in2
allarms 2,1226,522,Part 242.out ↔ Part 249.in ↔ Part 523.in
allarms 2,1226,431,ORef 368 (S5T#150mS) ↔ Part 249.value
allarms 2,1226,432,ORef 369 (Tag_92) ↔ Part 249.operand
allarms 2,1226,433,ORef 370 (Tag_92) ↔ Part 523.operand
allarms 2,1226,524,Part 523.out ↔ Part 254.in
allarms 2,1226,435,ORef 371 (Allarm.MV01_FAULT) ↔ Part 254.operand
allarms 2,1226,437,ORef 372 (ON) ↔ Part 525.operand
allarms 2,1226,526,Part 525.out ↔ Part 527.in ↔ Part 529.in
allarms 2,1226,438,ORef 373 (Open MV02) ↔ Part 527.operand
allarms 2,1226,23,Part 527.out ↔ Part 531.in
allarms 2,1226,441,ORef 375 (Inputs.MV02 RUN_Opening) ↔ Part 531.operand
allarms 2,1226,29,Part 531.out ↔ Part 28.in1
allarms 2,1226,439,ORef 374 (Close MV02) ↔ Part 529.operand
allarms 2,1226,24,Part 529.out ↔ Part 26.in
allarms 2,1226,25,ORef 27 (Inputs.MV02 RUN_Closing) ↔ Part 26.operand
allarms 2,1226,30,Part 26.out ↔ Part 28.in2
allarms 2,1226,532,Part 28.out ↔ Part 265.in ↔ Part 533.in
allarms 2,1226,442,ORef 376 (S5T#150MS) ↔ Part 265.value
allarms 2,1226,443,ORef 377 (Tag_93) ↔ Part 265.operand
allarms 2,1226,444,ORef 378 (Tag_93) ↔ Part 533.operand
allarms 2,1226,534,Part 533.out ↔ Part 270.in
allarms 2,1226,446,ORef 379 (Allarm.MV02_FAULT) ↔ Part 270.operand
allarms 2,1226,448,ORef 380 (ON) ↔ Part 535.operand
allarms 2,1226,536,Part 535.out ↔ Part 537.in ↔ Part 539.in
allarms 2,1226,449,ORef 381 (Start open MV03) ↔ Part 537.operand
allarms 2,1226,31,Part 537.out ↔ Part 541.in
allarms 2,1226,452,ORef 383 (Inputs.MV03 Run_Opening) ↔ Part 541.operand
allarms 2,1226,37,Part 541.out ↔ Part 36.in1
allarms 2,1226,450,ORef 382 (Start Close MV03) ↔ Part 539.operand
allarms 2,1226,32,Part 539.out ↔ Part 34.in
allarms 2,1226,33,ORef 35 (Inputs.MV03 Run_Closing) ↔ Part 34.operand
allarms 2,1226,38,Part 34.out ↔ Part 36.in2
allarms 2,1226,542,Part 36.out ↔ Part 281.in ↔ Part 543.in
allarms 2,1226,453,ORef 384 (S5T#150S) ↔ Part 281.value
allarms 2,1226,454,ORef 385 (Tag_94) ↔ Part 281.operand
allarms 2,1226,455,ORef 386 (Tag_94) ↔ Part 543.operand
allarms 2,1226,544,Part 543.out ↔ Part 286.in
allarms 2,1226,457,ORef 387 (Allarm.MV03_FAULT) ↔ Part 286.operand
allarms 2,1226,470,ORef 396 (ON) ↔ Part 555.operand
allarms 2,1226,556,Part 555.out ↔ Part 557.in ↔ Part 559.in
allarms 2,1226,471,ORef 397 (Open MV05) ↔ Part 557.operand
allarms 2,1226,55,Part 557.out ↔ Part 561.in
allarms 2,1226,474,ORef 399 (Inputs.MV05 RUN_Opening) ↔ Part 561.operand
allarms 2,1226,61,Part 561.out ↔ Part 60.in1
allarms 2,1226,472,ORef 398 (Close MV05) ↔ Part 559.operand
allarms 2,1226,56,Part 559.out ↔ Part 58.in
allarms 2,1226,57,ORef 59 (Inputs.MV05 RUN_Closing) ↔ Part 58.operand
allarms 2,1226,62,Part 58.out ↔ Part 60.in2
allarms 2,1226,562,Part 60.out ↔ Part 313.in ↔ Part 563.in
allarms 2,1226,475,ORef 400 (S5T#150MS) ↔ Part 313.value
allarms 2,1226,476,ORef 401 (Tag_96) ↔ Part 313.operand
allarms 2,1226,477,ORef 402 (Tag_96) ↔ Part 563.operand
allarms 2,1226,564,Part 563.out ↔ Part 318.in
allarms 2,1226,479,ORef 403 (Allarm.MV_05_FAULT) ↔ Part 318.operand
allarms 2,1226,481,ORef 404 (ON) ↔ Part 565.operand
allarms 2,1226,566,Part 565.out ↔ Part 567.in ↔ Part 569.in
allarms 2,1226,482,ORef 405 (Open MV06) ↔ Part 567.operand
allarms 2,1226,47,Part 567.out ↔ Part 571.in
allarms 2,1226,485,ORef 407 (Inputs.MV06 Run_Opening) ↔ Part 571.operand
allarms 2,1226,53,Part 571.out ↔ Part 52.in1
allarms 2,1226,483,ORef 406 (Close MV06) ↔ Part 569.operand
allarms 2,1226,48,Part 569.out ↔ Part 50.in
allarms 2,1226,49,ORef 51 (Inputs.MV06 Run_Closing) ↔ Part 50.operand
allarms 2,1226,54,Part 50.out ↔ Part 52.in2
allarms 2,1226,572,Part 52.out ↔ Part 329.in ↔ Part 573.in
allarms 2,1226,486,ORef 408 (S5T#150MS) ↔ Part 329.value
allarms 2,1226,487,ORef 409 (Tag_97) ↔ Part 329.operand
allarms 2,1226,488,ORef 410 (Tag_97) ↔ Part 573.operand
allarms 2,1226,574,Part 573.out ↔ Part 334.in
allarms 2,1226,490,ORef 411 (Allarm.MV_06_FAULT) ↔ Part 334.operand
allarms 2,1226,492,ORef 412 (Flag.RESET_ALLARM) ↔ Part 575.operand
allarms 2,1226,576,Part 575.out ↔ Part 577.in ↔ Part 579.in ↔ Part 581.in ↔ Part 583.in ↔ Part 585.in ↔ Part 587.in
allarms 2,1226,493,ORef 413 (Allarm.MV01_FAULT) ↔ Part 577.operand
allarms 2,1226,578,Part 577.out ↔ Part 342.in
allarms 2,1226,495,ORef 414 (Allarm.MV01_FAULT) ↔ Part 342.operand
allarms 2,1226,496,ORef 415 (Allarm.MV02_FAULT) ↔ Part 579.operand
allarms 2,1226,580,Part 579.out ↔ Part 346.in
allarms 2,1226,498,ORef 416 (Allarm.MV02_FAULT) ↔ Part 346.operand
allarms 2,1226,499,ORef 417 (Allarm.MV03_FAULT) ↔ Part 581.operand
allarms 2,1226,582,Part 581.out ↔ Part 350.in
allarms 2,1226,501,ORef 418 (Allarm.MV03_FAULT) ↔ Part 350.operand
allarms 2,1226,502,ORef 419 (Allarm.MV04_FAULT) ↔ Part 583.operand
allarms 2,1226,584,Part 583.out ↔ Part 354.in
allarms 2,1226,504,ORef 420 (Allarm.MV04_FAULT) ↔ Part 354.operand
allarms 2,1226,505,ORef 421 (Allarm.MV_05_FAULT) ↔ Part 585.operand
allarms 2,1226,586,Part 585.out ↔ Part 358.in
allarms 2,1226,507,ORef 422 (Allarm.MV_05_FAULT) ↔ Part 358.operand
allarms 2,1226,508,ORef 423 (Allarm.MV_06_FAULT) ↔ Part 587.operand
allarms 2,1226,588,Part 587.out ↔ Part 362.in
allarms 2,1226,510,ORef 424 (Allarm.MV_06_FAULT) ↔ Part 362.operand
allarms 2,1227,296,Powerrail {} ↔ Part 286.in
allarms 2,1227,276,ORef 269 (ON) ↔ Part 286.operand
allarms 2,1227,287,Part 286.out ↔ Part 288.in ↔ Part 290.in
allarms 2,1227,277,ORef 270 (Inputs.Low Pressure Air) ↔ Part 288.operand
allarms 2,1227,289,Part 288.out ↔ Part 262.in
allarms 2,1227,279,ORef 271 (Allarm.PSL_AIR_LOW) ↔ Part 262.operand
allarms 2,1227,280,ORef 272 (Flag.RESET_ALLARM) ↔ Part 290.operand
allarms 2,1227,291,Part 290.out ↔ Part 292.in
allarms 2,1227,281,ORef 273 (Allarm.PSL_AIR_LOW) ↔ Part 292.operand
allarms 2,1227,293,Part 292.out ↔ Part 294.in
allarms 2,1227,282,ORef 274 (Inputs.Low Pressure Air) ↔ Part 294.operand
allarms 2,1227,295,Part 294.out ↔ Part 268.in
allarms 2,1227,284,ORef 275 (Allarm.PSL_AIR_LOW) ↔ Part 268.operand
allarms 2,1228,316,Powerrail {} ↔ Part 306.in
allarms 2,1228,296,ORef 289 (ON) ↔ Part 306.operand
allarms 2,1228,307,Part 306.out ↔ Part 308.in ↔ Part 310.in
allarms 2,1228,29,ORef 30 (Inputs.LD-01 Minimo) ↔ Part 308.operand
allarms 2,1228,27,Part 308.out ↔ Part 21.IN
allarms 2,1228,23,ORef 24 (T#10S) ↔ Part 21.PT
allarms 2,1228,25,Part 21.Q ↔ Part 282.in
allarms 2,1228,26,Part 21.ET ↔ ORef 28 (RefId (RefId 없음))
allarms 2,1228,299,ORef 291 (Allarm.LD_01_MIN) ↔ Part 282.operand
allarms 2,1228,300,ORef 292 (Flag.RESET_ALLARM) ↔ Part 310.operand
allarms 2,1228,311,Part 310.out ↔ Part 312.in
allarms 2,1228,301,ORef 293 (Allarm.LD_01_MIN) ↔ Part 312.operand
allarms 2,1228,31,Part 312.out ↔ Part 314.in
allarms 2,1228,33,ORef 34 (Inputs.LD-01 Minimo) ↔ Part 314.operand
allarms 2,1228,32,Part 314.out ↔ Part 288.in
allarms 2,1228,304,ORef 295 (Allarm.LD_01_MIN) ↔ Part 288.operand
main,1612,25,Powerrail {} ↔ Part 21.in
main,1612,26,ORef 24 (Simulation(1)) ↔ Part 21.operand
main,1612,27,Part 21.out ↔ Part 22.en
main,1613,31,Powerrail {} ↔ Part 21.en
main,1613,32,Part 21.eno ↔ Part 23.en
main,1613,33,Part 23.eno ↔ Part 25.en
main,1613,42,Part 25.eno ↔ Part 37.in
main,1613,44,ORef 45 (Simulation(1)) ↔ Part 37.operand
main,1613,43,Part 37.out ↔ Part 28.en
main,1614,92,ORef 82 (Tag_171) ↔ Part 69.in
main,1614,93,Part 69.out1 ↔ ORef 83 (Word_inputs.word1)
main,1614,94,Part 69.eno ↔ Part 73.en
main,1614,95,ORef 84 (Tag_172) ↔ Part 73.in
main,1614,96,Part 73.out1 ↔ ORef 85 (Word_inputs.word2)
main,1614,97,Part 73.eno ↔ Part 76.en
main,1614,98,ORef 86 (Tag_173) ↔ Part 76.in
main,1614,99,Part 76.out1 ↔ ORef 87 (Word_inputs.word3)
main,1614,100,Part 76.eno ↔ Part 79.en
main,1614,101,ORef 88 (Tag_174) ↔ Part 79.in
main,1614,102,Part 79.out1 ↔ ORef 89 (Word_inputs.word4)
main,1614,103,Powerrail {} ↔ Part 69.en
main,1615,117,ORef 109 (Tag_175) ↔ Part 99.in
main,1615,118,Part 99.out1 ↔ ORef 110 (Word_inputs.word5)
main,1615,119,Part 99.eno ↔ Part 103.en
main,1615,120,ORef 111 (Tag_176) ↔ Part 103.in
main,1615,121,Part 103.out1 ↔ ORef 112 (Word_inputs.word6)
main,1615,122,Part 103.eno ↔ Part 106.en
main,1615,123,ORef 113 (Tag_177) ↔ Part 106.in
main,1615,124,Part 106.out1 ↔ ORef 114 (Word_inputs.word7)
main,1615,125,Powerrail {} ↔ Part 99.en
main,1616,167,ORef 157 (Tag_178) ↔ Part 144.in
main,1616,168,Part 144.out1 ↔ ORef 158 (Word_outputs.WORD1)
main,1616,169,Part 144.eno ↔ Part 148.en
main,1616,170,ORef 159 (Tag_179) ↔ Part 148.in
main,1616,171,Part 148.out1 ↔ ORef 160 (Word_outputs.WORD2)
main,1616,172,Part 148.eno ↔ Part 151.en
main,1616,173,ORef 161 (Tag_180) ↔ Part 151.in
main,1616,174,Part 151.out1 ↔ ORef 162 (Word_outputs.WORD3)
main,1616,175,Part 151.eno ↔ Part 154.en
main,1616,176,ORef 163 (Tag_181) ↔ Part 154.in
main,1616,177,Part 154.out1 ↔ ORef 164 (Word_outputs.WORD4)
main,1616,178,Powerrail {} ↔ Part 144.en
main,1617,211,ORef 201 (Tag_182) ↔ Part 188.in
main,1617,212,Part 188.out1 ↔ ORef 202 (Word_outputs.WORD5)
main,1617,213,Part 188.eno ↔ Part 192.en
main,1617,214,ORef 203 (Tag_183) ↔ Part 192.in
main,1617,215,Part 192.out1 ↔ ORef 204 (Word_outputs.WORD6)
main,1617,216,Part 192.eno ↔ Part 195.en
main,1617,217,ORef 205 (Tag_184) ↔ Part 195.in
main,1617,218,Part 195.out1 ↔ ORef 206 (Word_outputs.WORD7)
main,1617,219,Part 195.eno ↔ Part 198.en
main,1617,220,ORef 207 (Tag_185) ↔ Part 198.in
main,1617,221,Part 198.out1 ↔ ORef 208 (Word_outputs.WORD8)
main,1617,222,Powerrail {} ↔ Part 188.en
main,1618,236,ORef 228 (Tag_186) ↔ Part 218.in
main,1618,237,Part 218.out1 ↔ ORef 229 (Word_outputs.WORD9)
main,1618,238,Part 218.eno ↔ Part 222.en
main,1618,239,ORef 230 (Tag_187) ↔ Part 222.in
main,1618,240,Part 222.out1 ↔ ORef 231 (Word_outputs.WORD10)
main,1618,241,Part 222.eno ↔ Part 225.en
main,1618,242,ORef 232 (Tag_188) ↔ Part 225.in
main,1618,243,Part 225.out1 ↔ ORef 233 (Word_outputs.WORD11)
main,1618,244,Powerrail {} ↔ Part 218.en
main,1619,284,Powerrail {} ↔ Part 282.in
main,1619,280,ORef 271 (ON) ↔ Part 282.operand
main,1619,283,Part 282.out ↔ Part 261.en ↔ Part 264.en ↔ Part 267.en ↔ Part 270.en
main,1620,352,Powerrail {} ↔ Part 350.in
main,1620,348,ORef 335 (ON) ↔ Part 350.operand
main,1620,351,Part 350.out ↔ Part 319.en ↔ Part 322.en ↔ Part 325.en ↔ Part 328.en ↔ Part 331.en ↔ Part 334.en
main,1621,354,Powerrail {} ↔ Part 352.in
main,1621,350,ORef 345 (ON) ↔ Part 352.operand
main,1621,353,Part 352.out ↔ Part 341.en ↔ Part 344.en
main,1622,354,Powerrail {} ↔ Part 352.in
main,1622,351,ORef 349 (ON) ↔ Part 352.operand
main,1622,353,Part 352.out ↔ Part 347.en
main,1623,397,Powerrail {} ↔ Part 395.in
main,1623,389,ORef 384 (OFF) ↔ Part 395.operand
main,1623,396,Part 395.out ↔ Part 376.en ↔ Part 381.en
main,1623,390,Part 376.RET_VAL ↔ ORef 385 (ReadClkRetValue)
main,1623,391,Part 376.OUT ↔ ORef 386 (TodayDateTime)
main,1623,392,ORef 387 (TodayDateTime) ↔ Part 381.IN
main,1623,393,Part 381.OUT ↔ ORef 388 (TodayDate)
main,1624,421,Powerrail {} ↔ Part 419.in
main,1624,413,ORef 408 (ON) ↔ Part 419.operand
main,1624,420,Part 419.out ↔ Part 400.en ↔ Part 405.en
main,1624,414,ORef 409 (Data.Maint_code_0) ↔ Part 400.in
main,1624,415,Part 400.out1 ↔ ORef 410 (Tag_189)
main,1624,416,ORef 411 (Data.Maint_code_3) ↔ Part 405.in
main,1624,417,Part 405.out1 ↔ ORef 412 (Tag_190)
main,1626,457,Powerrail {} ↔ Part 451.in
main,1626,446,ORef 442 (ON) ↔ Part 451.operand
main,1626,452,Part 451.out ↔ Part 453.in
main,1626,447,ORef 443 (Flag.RESET_ALLARM) ↔ Part 453.operand
main,1626,454,Part 453.out ↔ Part 455.in
main,1626,448,ORef 444 (Allarm.MAINTENANCE_PERIOD_LIMIT) ↔ Part 455.operand
main,1626,456,Part 455.out ↔ Part 441.in
main,1626,450,ORef 445 (Allarm.MAINTENANCE_PERIOD_LIMIT) ↔ Part 441.operand
signal linearization,1658,257,Powerrail {} ↔ Part 255.in
signal linearization,1658,220,ORef 196 (IN0) ↔ Part 255.operand
signal linearization,1658,256,Part 255.out ↔ Part 258.pre ↔ Part 190.pre ↔ Part 259.pre
signal linearization,1658,30,ORef 32 (Analog_input) ↔ Part 258.in1
signal linearization,1658,31,ORef 33 (-1382) ↔ Part 258.in2
signal linearization,1658,25,Part 258.out ↔ Part 161.pre
signal linearization,1658,27,ORef 29 (Analog_input) ↔ Part 161.in1
signal linearization,1658,28,ORef 34 (32767) ↔ Part 161.in2
signal linearization,1658,26,Part 161.out ↔ Part 164.en
signal linearization,1658,225,ORef 199 (Analog_input) ↔ Part 164.in
signal linearization,1658,227,Part 164.eno ↔ Part 167.en
signal linearization,1658,226,Part 164.out ↔ ORef 200 (App5)
signal linearization,1658,228,ORef 201 (Zero) ↔ Part 167.in
signal linearization,1658,230,Part 167.eno ↔ Part 170.en
signal linearization,1658,229,Part 167.out ↔ ORef 202 (App6)
signal linearization,1658,231,ORef 203 (App5) ↔ Part 170.in1
signal linearization,1658,232,ORef 204 (App6) ↔ Part 170.in2
signal linearization,1658,234,Part 170.eno ↔ Part 174.en
signal linearization,1658,233,Part 170.out ↔ ORef 205 (App3)
signal linearization,1658,235,ORef 206 (Coeff) ↔ Part 174.in
signal linearization,1658,237,Part 174.eno ↔ Part 177.en
signal linearization,1658,236,Part 174.out ↔ ORef 207 (App4)
signal linearization,1658,238,ORef 208 (App3) ↔ Part 177.in1
signal linearization,1658,239,ORef 209 (App4) ↔ Part 177.in2
signal linearization,1658,241,Part 177.eno ↔ Part 181.en
signal linearization,1658,240,Part 177.out ↔ ORef 210 (App3)
signal linearization,1658,242,ORef 211 (App3) ↔ Part 181.in1
signal linearization,1658,243,ORef 212 (28000) ↔ Part 181.in2
signal linearization,1658,245,Part 181.eno ↔ Part 185.en
signal linearization,1658,244,Part 181.out ↔ ORef 213 (App3)
signal linearization,1658,246,ORef 214 (App3) ↔ Part 185.in
signal linearization,1658,247,Part 185.out1 ↔ ORef 215 (OutValue)
signal linearization,1658,36,ORef 42 (Analog_input) ↔ Part 190.in1
signal linearization,1658,37,ORef 43 (32767) ↔ Part 190.in2
signal linearization,1658,35,Part 190.out ↔ Part 47.in1
signal linearization,1658,38,ORef 40 (Analog_input) ↔ Part 259.in1
signal linearization,1658,39,ORef 41 (-1382) ↔ Part 259.in2
signal linearization,1658,48,Part 259.out ↔ Part 47.in2
signal linearization,1658,49,Part 47.out ↔ Part 193.en
signal linearization,1658,252,ORef 218 (-9999) ↔ Part 193.in
signal linearization,1658,21,Part 193.eno ↔ Part 23.in
signal linearization,1658,253,Part 193.out1 ↔ ORef 219 (OutValue)
signal linearization,1658,22,ORef 24 (Out_of_range) ↔ Part 23.operand
signal linearization,1659,173,Powerrail {} ↔ Part 171.in
signal linearization,1659,168,ORef 165 (IN0) ↔ Part 171.operand
signal linearization,1659,172,Part 171.out ↔ Part 162.en
signal linearization,1659,169,ORef 166 (0) ↔ Part 162.in
signal linearization,1659,170,Part 162.out1 ↔ ORef 167 (OutValue)
analog output conversion,1679,104,Powerrail {} ↔ Part 102.in ↔ Part 21.en ↔ Part 105.in ↔ Part 204.en ↔ Part 167.in
analog output conversion,1679,88,ORef 79 (ON) ↔ Part 102.operand
analog output conversion,1679,103,Part 102.out ↔ Part 65.pre ↔ Part 73.pre
analog output conversion,1679,89,ORef 80 (RefId 4) ↔ Part 65.in1
analog output conversion,1679,90,ORef 81 (0) ↔ Part 65.in2
analog output conversion,1679,91,Part 65.out ↔ Part 68.en
analog output conversion,1679,93,ORef 82 (0) ↔ Part 68.in
analog output conversion,1679,94,Part 68.out1 ↔ ORef 83 (Data2.Set_TH)
analog output conversion,1679,95,ORef 84 (Data2.Set_TH) ↔ Part 73.in1
analog output conversion,1679,96,ORef 85 (Data2.Set_MAX_TH) ↔ Part 73.in2
analog output conversion,1679,97,Part 73.out ↔ Part 76.en
analog output conversion,1679,99,ORef 86 (Data2.Set_MAX_TH) ↔ Part 76.in
analog output conversion,1679,100,Part 76.out1 ↔ ORef 87 (Data2.Set_TH)
analog output conversion,1679,22,ORef 25 (Data.SET_PERC_BWF01) ↔ Part 21.in1
analog output conversion,1679,23,ORef 26 (100) ↔ Part 21.in2
analog output conversion,1679,30,Part 21.eno ↔ Part 29.en
analog output conversion,1679,24,Part 21.out ↔ ORef 27 (Prod_h)
analog output conversion,1679,31,ORef 34 (Prod_h) ↔ Part 29.in1
analog output conversion,1679,32,ORef 35 (Data2.Set_TH) ↔ Part 29.in2
analog output conversion,1679,33,Part 29.out ↔ ORef 36 (Prod_h)
analog output conversion,1679,120,ORef 110 (ON) ↔ Part 105.operand
analog output conversion,1679,121,Part 105.out ↔ Part 106.pre ↔ Part 108.pre
analog output conversion,1679,122,ORef 111 (Prod_h) ↔ Part 106.in1
analog output conversion,1679,123,ORef 112 (0.0) ↔ Part 106.in2
analog output conversion,1679,124,Part 106.out ↔ Part 107.en
analog output conversion,1679,125,ORef 113 (0) ↔ Part 107.in
analog output conversion,1679,126,Part 107.out1 ↔ ORef 114 (Data.SET_PERC_BWF01)
analog output conversion,1679,127,ORef 115 (Prod_h) ↔ Part 108.in1
analog output conversion,1679,128,ORef 116 (Data2.Set_MAX_TH1) ↔ Part 108.in2
analog output conversion,1679,37,Part 108.out ↔ Part 159.en
analog output conversion,1679,164,ORef 160 (Data2.Set_MAX_TH1) ↔ Part 159.in1
analog output conversion,1679,165,ORef 161 (100.0) ↔ Part 159.in2
analog output conversion,1679,40,Part 159.eno ↔ Part 39.en
analog output conversion,1679,166,Part 159.out ↔ ORef 162 (tmp)
analog output conversion,1679,41,ORef 44 (tmp) ↔ Part 39.in1
analog output conversion,1679,42,ORef 45 (Data2.Set_MAX_TH) ↔ Part 39.in2
analog output conversion,1679,43,Part 39.out ↔ ORef 46 (Data.SET_PERC_BWF01)
analog output conversion,1679,213,ORef 206 (Data.SET_PERC_BWF02) ↔ Part 204.in1
analog output conversion,1679,214,ORef 207 (100) ↔ Part 204.in2
analog output conversion,1679,215,Part 204.eno ↔ Part 205.en
analog output conversion,1679,216,Part 204.out ↔ ORef 208 (Prod_h)
analog output conversion,1679,217,ORef 209 (Prod_h) ↔ Part 205.in1
analog output conversion,1679,218,ORef 210 (Data2.Set_TH) ↔ Part 205.in2
analog output conversion,1679,219,Part 205.out ↔ ORef 211 (Prod_h)
analog output conversion,1679,187,ORef 173 (ON) ↔ Part 167.operand
analog output conversion,1679,188,Part 167.out ↔ Part 168.pre ↔ Part 170.pre
analog output conversion,1679,189,ORef 174 (Prod_h) ↔ Part 168.in1
analog output conversion,1679,190,ORef 175 (0.0) ↔ Part 168.in2
analog output conversion,1679,191,Part 168.out ↔ Part 169.en
analog output conversion,1679,192,ORef 176 (0) ↔ Part 169.in
analog output conversion,1679,193,Part 169.out1 ↔ ORef 177 (Data.SET_PERC_BWF02)
analog output conversion,1679,194,ORef 178 (Prod_h) ↔ Part 170.in1
analog output conversion,1679,195,ORef 179 (Data2.Set_MAX_TH2) ↔ Part 170.in2
analog output conversion,1679,196,Part 170.out ↔ Part 171.en
analog output conversion,1679,197,ORef 180 (Data2.Set_MAX_TH2) ↔ Part 171.in1
analog output conversion,1679,198,ORef 181 (100.0) ↔ Part 171.in2
analog output conversion,1679,199,Part 171.eno ↔ Part 172.en
analog output conversion,1679,200,Part 171.out ↔ ORef 182 (tmp)
analog output conversion,1679,201,ORef 183 (tmp) ↔ Part 172.in1
analog output conversion,1679,202,ORef 184 (Data2.Set_MAX_TH) ↔ Part 172.in2
analog output conversion,1679,203,Part 172.out ↔ ORef 185 (Data.SET_PERC_BWF02)
analog output conversion,1680,175,Powerrail {} ↔ Part 171.in
analog output conversion,1680,152,ORef 139 (ON) ↔ Part 171.operand
analog output conversion,1680,172,Part 171.out ↔ Part 118.pre ↔ Part 126.pre
analog output conversion,1680,153,ORef 140 (Data.SET_PERC_BWF01) ↔ Part 118.in1
analog output conversion,1680,154,ORef 141 (0) ↔ Part 118.in2
analog output conversion,1680,155,Part 118.out ↔ Part 121.en
analog output conversion,1680,157,ORef 142 (0) ↔ Part 121.in
analog output conversion,1680,158,Part 121.out1 ↔ ORef 143 (Data.SET_PERC_BWF01)
analog output conversion,1680,159,ORef 144 (Data.SET_PERC_BWF01) ↔ Part 126.in1
analog output conversion,1680,160,ORef 145 (100) ↔ Part 126.in2
analog output conversion,1680,161,Part 126.out ↔ Part 129.en
analog output conversion,1680,163,ORef 146 (100) ↔ Part 129.in
analog output conversion,1680,164,Part 129.out1 ↔ ORef 147 (Data.SET_PERC_BWF01)
analog output conversion,1681,285,Powerrail {} ↔ Part 283.in
analog output conversion,1681,261,ORef 243 (ON) ↔ Part 283.operand
analog output conversion,1681,284,Part 283.out ↔ Part 210.en ↔ Part 215.en ↔ Part 350.en ↔ Part 316.in ↔ Part 320.en
analog output conversion,1681,262,ORef 244 (Data.SET_PERC_BWF01) ↔ Part 210.in
analog output conversion,1681,263,Part 210.out1 ↔ ORef 245 (App00)
analog output conversion,1681,264,ORef 246 (Data2.Set_TH) ↔ Part 215.in
analog output conversion,1681,265,Part 215.out1 ↔ ORef 247 (App01)
analog output conversion,1681,354,ORef 351 (Data2.Set_MAX_TH1) ↔ Part 350.in
analog output conversion,1681,355,Part 350.out1 ↔ ORef 352 (App03)
analog output conversion,1681,319,ORef 317 (ON) ↔ Part 316.operand
analog output conversion,1681,22,Part 316.out ↔ Part 228.en
analog output conversion,1681,268,ORef 250 (App00) ↔ Part 228.in1
analog output conversion,1681,269,ORef 251 (272) ↔ Part 228.in2
analog output conversion,1681,271,Part 228.eno ↔ Part 232.en
analog output conversion,1681,270,Part 228.out ↔ ORef 252 (App00)
analog output conversion,1681,272,ORef 253 (App00) ↔ Part 232.in1
analog output conversion,1681,273,ORef 254 (App01) ↔ Part 232.in2
analog output conversion,1681,275,Part 232.eno ↔ Part 236.en
analog output conversion,1681,274,Part 232.out ↔ ORef 255 (App01)
analog output conversion,1681,276,ORef 256 (App01) ↔ Part 236.in1
analog output conversion,1681,277,ORef 257 (App03) ↔ Part 236.in2
analog output conversion,1681,279,Part 236.eno ↔ Part 240.en
analog output conversion,1681,278,Part 236.out ↔ ORef 258 (App03)
analog output conversion,1681,280,ORef 259 (App03) ↔ Part 240.in
analog output conversion,1681,281,Part 240.out1 ↔ ORef 260 (BWF01_SP_FlowRate)
analog output conversion,1681,336,ORef 324 (App00) ↔ Part 320.in1
analog output conversion,1681,337,ORef 325 (272) ↔ Part 320.in2
analog output conversion,1681,338,Part 320.eno ↔ Part 321.en
analog output conversion,1681,339,Part 320.out ↔ ORef 326 (App00)
analog output conversion,1681,340,ORef 327 (App00) ↔ Part 321.in1
analog output conversion,1681,341,ORef 328 (App01) ↔ Part 321.in2
analog output conversion,1681,23,Part 321.eno ↔ Part 356.en
analog output conversion,1681,343,Part 321.out ↔ ORef 329 (App01)
analog output conversion,1681,361,ORef 357 (App01) ↔ Part 356.in1
analog output conversion,1681,362,ORef 358 (App03) ↔ Part 356.in2
analog output conversion,1681,24,Part 356.eno ↔ Part 323.en
analog output conversion,1681,363,Part 356.out ↔ ORef 359 (App03)
analog output conversion,1681,348,ORef 333 (App03) ↔ Part 323.in
analog output conversion,1681,349,Part 323.out1 ↔ ORef 334 (BWF01_SP_FlowRate)
analog output conversion,1682,320,Powerrail {} ↔ Part 316.in
analog output conversion,1682,297,ORef 284 (ON) ↔ Part 316.operand
analog output conversion,1682,317,Part 316.out ↔ Part 263.pre ↔ Part 271.pre ↔ Part 318.in
analog output conversion,1682,298,ORef 285 (Data.SET_PERC_BWF02) ↔ Part 263.in1
analog output conversion,1682,299,ORef 286 (0) ↔ Part 263.in2
analog output conversion,1682,300,Part 263.out ↔ Part 266.en
analog output conversion,1682,302,ORef 287 (0) ↔ Part 266.in
analog output conversion,1682,303,Part 266.out1 ↔ ORef 288 (Data.SET_PERC_BWF02)
analog output conversion,1682,304,ORef 289 (Data.SET_PERC_BWF02) ↔ Part 271.in1
analog output conversion,1682,305,ORef 290 (100) ↔ Part 271.in2
analog output conversion,1682,306,Part 271.out ↔ Part 274.en
analog output conversion,1682,308,ORef 291 (100) ↔ Part 274.in
analog output conversion,1682,309,Part 274.out1 ↔ ORef 292 (Data.SET_PERC_BWF02)
analog output conversion,1682,310,ORef 293 (OFF) ↔ Part 318.operand
analog output conversion,1682,319,Part 318.out ↔ Part 280.en
analog output conversion,1682,312,ORef 294 (Data.SET_PERC_BWF02) ↔ Part 280.in1
analog output conversion,1682,313,ORef 295 (272) ↔ Part 280.in2
analog output conversion,1682,314,Part 280.out ↔ ORef 296 (BWF02_SP_FlowRate)
analog output conversion,1683,430,Powerrail {} ↔ Part 428.in
analog output conversion,1683,406,ORef 388 (ON) ↔ Part 428.operand
analog output conversion,1683,429,Part 428.out ↔ Part 355.en ↔ Part 360.en ↔ Part 365.en ↔ Part 373.en
analog output conversion,1683,407,ORef 389 (Data.SET_PERC_BWF02) ↔ Part 355.in
analog output conversion,1683,408,Part 355.out1 ↔ ORef 390 (App00)
analog output conversion,1683,409,ORef 391 (Data2.Set_TH) ↔ Part 360.in
analog output conversion,1683,410,Part 360.out1 ↔ ORef 392 (App01)
analog output conversion,1683,411,ORef 393 (Data2.Set_MAX_TH2) ↔ Part 365.in
analog output conversion,1683,412,Part 365.out1 ↔ ORef 394 (App03)
analog output conversion,1683,413,ORef 395 (App00) ↔ Part 373.in1
analog output conversion,1683,414,ORef 396 (272) ↔ Part 373.in2
analog output conversion,1683,416,Part 373.eno ↔ Part 377.en
analog output conversion,1683,415,Part 373.out ↔ ORef 397 (App00)
analog output conversion,1683,417,ORef 398 (App00) ↔ Part 377.in1
analog output conversion,1683,418,ORef 399 (App01) ↔ Part 377.in2
analog output conversion,1683,420,Part 377.eno ↔ Part 381.en
analog output conversion,1683,419,Part 377.out ↔ ORef 400 (App01)
analog output conversion,1683,421,ORef 401 (App01) ↔ Part 381.in1
analog output conversion,1683,422,ORef 402 (App03) ↔ Part 381.in2
analog output conversion,1683,424,Part 381.eno ↔ Part 385.en
analog output conversion,1683,423,Part 381.out ↔ ORef 403 (App03)
analog output conversion,1683,425,ORef 404 (App03) ↔ Part 385.in
analog output conversion,1683,426,Part 385.out1 ↔ ORef 405 (BWF02_SP_FlowRate)
analog output conversion,1684,457,Powerrail {} ↔ Part 455.in
analog output conversion,1684,438,ORef 426 (ON) ↔ Part 455.operand
analog output conversion,1684,456,Part 455.out ↔ Part 406.pre ↔ Part 414.pre ↔ Part 422.en
analog output conversion,1684,439,ORef 427 (Data.SET_PERC_FR01) ↔ Part 406.in1
analog output conversion,1684,440,ORef 428 (5) ↔ Part 406.in2
analog output conversion,1684,441,Part 406.out ↔ Part 409.en
analog output conversion,1684,443,ORef 429 (5) ↔ Part 409.in
analog output conversion,1684,444,Part 409.out1 ↔ ORef 430 (Data.SET_PERC_FR01)
analog output conversion,1684,445,ORef 431 (Data.SET_PERC_FR01) ↔ Part 414.in1
analog output conversion,1684,446,ORef 432 (100) ↔ Part 414.in2
analog output conversion,1684,447,Part 414.out ↔ Part 417.en
analog output conversion,1684,449,ORef 433 (100) ↔ Part 417.in
analog output conversion,1684,450,Part 417.out1 ↔ ORef 434 (Data.SET_PERC_FR01)
analog output conversion,1684,451,ORef 435 (Data.SET_PERC_FR01) ↔ Part 422.in1
analog output conversion,1684,452,ORef 436 (272) ↔ Part 422.in2
analog output conversion,1684,453,Part 422.out ↔ ORef 437 (RD01_SP_SPEED)
analog output conversion,1685,508,Powerrail {} ↔ Part 506.in
analog output conversion,1685,489,ORef 477 (ON) ↔ Part 506.operand
analog output conversion,1685,507,Part 506.out ↔ Part 457.pre ↔ Part 465.pre ↔ Part 473.en
analog output conversion,1685,490,ORef 478 (Data.SET_PERC_VT01) ↔ Part 457.in1
analog output conversion,1685,491,ORef 479 (5) ↔ Part 457.in2
analog output conversion,1685,492,Part 457.out ↔ Part 460.en
analog output conversion,1685,494,ORef 480 (5) ↔ Part 460.in
analog output conversion,1685,495,Part 460.out1 ↔ ORef 481 (Data.SET_PERC_VT01)
analog output conversion,1685,496,ORef 482 (Data.SET_PERC_VT01) ↔ Part 465.in1
analog output conversion,1685,497,ORef 483 (100) ↔ Part 465.in2
analog output conversion,1685,498,Part 465.out ↔ Part 468.en
analog output conversion,1685,500,ORef 484 (100) ↔ Part 468.in
analog output conversion,1685,501,Part 468.out1 ↔ ORef 485 (Data.SET_PERC_VT01)
analog output conversion,1685,502,ORef 486 (Data.SET_PERC_VT01) ↔ Part 473.in1
analog output conversion,1685,503,ORef 487 (272) ↔ Part 473.in2
analog output conversion,1685,504,Part 473.out ↔ ORef 488 (FN01_SP_SPEED)
analog output conversion,1686,586,Powerrail {} ↔ Part 582.in
analog output conversion,1686,561,ORef 546 (ON) ↔ Part 582.operand
analog output conversion,1686,583,Part 582.out ↔ Part 520.pre ↔ Part 528.pre ↔ Part 536.en ↔ Part 584.in
analog output conversion,1686,562,ORef 547 (Data.Burner_Air_Out) ↔ Part 520.in1
analog output conversion,1686,563,ORef 548 (0) ↔ Part 520.in2
analog output conversion,1686,564,Part 520.out ↔ Part 523.en
analog output conversion,1686,566,ORef 549 (0) ↔ Part 523.in
analog output conversion,1686,567,Part 523.out1 ↔ ORef 550 (Data.Burner_Air_Out)
analog output conversion,1686,568,ORef 551 (Data.Burner_Air_Out) ↔ Part 528.in1
analog output conversion,1686,569,ORef 552 (100) ↔ Part 528.in2
analog output conversion,1686,570,Part 528.out ↔ Part 531.en
analog output conversion,1686,572,ORef 553 (100) ↔ Part 531.in
analog output conversion,1686,573,Part 531.out1 ↔ ORef 554 (Data.Burner_Air_Out)
analog output conversion,1686,574,ORef 555 (Data.Burner_Air_Out) ↔ Part 536.in1
analog output conversion,1686,575,ORef 556 (272) ↔ Part 536.in2
analog output conversion,1686,576,Part 536.out ↔ ORef 557 (Calcolo_Aria)
analog output conversion,1686,577,ORef 558 (ON) ↔ Part 584.operand
analog output conversion,1686,585,Part 584.out ↔ Part 543.en
analog output conversion,1686,579,ORef 559 (Calcolo_Aria) ↔ Part 543.in
analog output conversion,1686,580,Part 543.out1 ↔ ORef 560 (BR01_AIR_SP)
analog output conversion,1687,630,Powerrail {} ↔ Part 626.in
analog output conversion,1687,607,ORef 594 (ON) ↔ Part 626.operand
analog output conversion,1687,627,Part 626.out ↔ Part 573.pre ↔ Part 581.pre ↔ Part 628.in
analog output conversion,1687,608,ORef 595 (Data.Burner_Gas_Out) ↔ Part 573.in1
analog output conversion,1687,609,ORef 596 (0) ↔ Part 573.in2
analog output conversion,1687,610,Part 573.out ↔ Part 576.en
analog output conversion,1687,612,ORef 597 (0) ↔ Part 576.in
analog output conversion,1687,613,Part 576.out1 ↔ ORef 598 (Data.Burner_Gas_Out)
analog output conversion,1687,614,ORef 599 (Data.Burner_Gas_Out) ↔ Part 581.in1
analog output conversion,1687,615,ORef 600 (100) ↔ Part 581.in2
analog output conversion,1687,616,Part 581.out ↔ Part 584.en
analog output conversion,1687,618,ORef 601 (100) ↔ Part 584.in
analog output conversion,1687,619,Part 584.out1 ↔ ORef 602 (Data.Burner_Gas_Out)
analog output conversion,1687,620,ORef 603 (ON) ↔ Part 628.operand
analog output conversion,1687,629,Part 628.out ↔ Part 590.en
analog output conversion,1687,622,ORef 604 (Data.Burner_Gas_Out) ↔ Part 590.in1
analog output conversion,1687,623,ORef 605 (285) ↔ Part 590.in2
analog output conversion,1687,23,Part 590.eno ↔ Part 22.en
analog output conversion,1687,624,Part 590.out ↔ ORef 606 (BR01_GAS_SP)
analog output conversion,1687,24,ORef 26 (BR01_GAS_SP) ↔ Part 22.in
analog output conversion,1687,25,Part 22.out1 ↔ ORef 27 (test_out)
analog output conversion,1688,675,Powerrail {} ↔ Part 673.in
analog output conversion,1688,656,ORef 644 (ON) ↔ Part 673.operand
analog output conversion,1688,674,Part 673.out ↔ Part 624.pre ↔ Part 632.pre ↔ Part 640.en
analog output conversion,1688,657,ORef 645 (Data.Set_Perc_VT02) ↔ Part 624.in1
analog output conversion,1688,658,ORef 646 (5) ↔ Part 624.in2
analog output conversion,1688,659,Part 624.out ↔ Part 627.en
analog output conversion,1688,661,ORef 647 (5) ↔ Part 627.in
analog output conversion,1688,662,Part 627.out1 ↔ ORef 648 (Data.Set_Perc_VT02)
analog output conversion,1688,663,ORef 649 (Data.Set_Perc_VT02) ↔ Part 632.in1
analog output conversion,1688,664,ORef 650 (100) ↔ Part 632.in2
analog output conversion,1688,665,Part 632.out ↔ Part 635.en
analog output conversion,1688,667,ORef 651 (100) ↔ Part 635.in
analog output conversion,1688,668,Part 635.out1 ↔ ORef 652 (Data.Set_Perc_VT02)
analog output conversion,1688,669,ORef 653 (Data.Set_Perc_VT02) ↔ Part 640.in1
analog output conversion,1688,670,ORef 654 (272) ↔ Part 640.in2
analog output conversion,1688,671,Part 640.out ↔ ORef 655 (FN02_SP)
analog output conversion,1689,879,Powerrail {} ↔ Part 877.in
analog output conversion,1689,860,ORef 848 (ON) ↔ Part 877.operand
analog output conversion,1689,878,Part 877.out ↔ Part 828.pre ↔ Part 836.pre ↔ Part 844.en
analog output conversion,1689,861,ORef 849 (Data.SET_PERC_FN04) ↔ Part 828.in1
analog output conversion,1689,862,ORef 850 (5) ↔ Part 828.in2
analog output conversion,1689,863,Part 828.out ↔ Part 831.en
analog output conversion,1689,865,ORef 851 (5) ↔ Part 831.in
analog output conversion,1689,866,Part 831.out1 ↔ ORef 852 (Data.SET_PERC_FN04)
analog output conversion,1689,867,ORef 853 (Data.SET_PERC_FN04) ↔ Part 836.in1
analog output conversion,1689,868,ORef 854 (100) ↔ Part 836.in2
analog output conversion,1689,869,Part 836.out ↔ Part 839.en
analog output conversion,1689,871,ORef 855 (100) ↔ Part 839.in
analog output conversion,1689,872,Part 839.out1 ↔ ORef 856 (Data.SET_PERC_FN04)
analog output conversion,1689,873,ORef 857 (Data.SET_PERC_FN04) ↔ Part 844.in1
analog output conversion,1689,874,ORef 858 (272) ↔ Part 844.in2
analog output conversion,1689,875,Part 844.out ↔ ORef 859 (FN04_SP)
analog output conversion,1690,893,Powerrail {} ↔ Part 889.in
analog output conversion,1690,878,ORef 870 (ON) ↔ Part 889.operand
analog output conversion,1690,890,Part 889.out ↔ Part 856.pre
analog output conversion,1690,879,ORef 871 (Data2.Set_TH) ↔ Part 856.in1
analog output conversion,1690,880,ORef 872 (Tag_158) ↔ Part 856.in2
analog output conversion,1690,881,Part 856.out ↔ Part 862.in ↔ Part 891.in
analog output conversion,1690,882,ORef 873 (S5T#15M) ↔ Part 862.value
analog output conversion,1690,883,ORef 874 (Tag_159) ↔ Part 862.operand
analog output conversion,1690,884,ORef 875 (Tag_159) ↔ Part 891.operand
analog output conversion,1690,892,Part 891.out ↔ Part 867.en
analog output conversion,1690,886,ORef 876 (Data2.Set_TH) ↔ Part 867.in
analog output conversion,1690,887,Part 867.out1 ↔ ORef 877 (Tag_158)
analog output conversion,1691,932,Powerrail {} ↔ Part 930.in
analog output conversion,1691,920,ORef 912 (ON) ↔ Part 930.operand
analog output conversion,1691,931,Part 930.out ↔ Part 899.en ↔ Part 905.en
analog output conversion,1691,921,ORef 913 (Tag_158) ↔ Part 899.in
analog output conversion,1691,922,Part 899.out1 ↔ ORef 914 (App04)
analog output conversion,1691,923,ORef 915 (App04) ↔ Part 905.in1
analog output conversion,1691,924,ORef 916 (181) ↔ Part 905.in2
analog output conversion,1691,926,Part 905.eno ↔ Part 909.en
analog output conversion,1691,925,Part 905.out ↔ ORef 917 (app05)
analog output conversion,1691,927,ORef 918 (app05) ↔ Part 909.in
analog output conversion,1691,928,Part 909.out1 ↔ ORef 919 (LIW_SP_SPEED)
analog output conversion,1692,21,Powerrail {} ↔ Part 34.in
analog output conversion,1692,53,ORef 40 (ON) ↔ Part 34.operand
analog output conversion,1692,54,Part 34.out ↔ Part 35.pre ↔ Part 37.pre ↔ Part 39.en
analog output conversion,1692,55,ORef 41 (HMI_DB.SET_PERC_BC01) ↔ Part 35.in1
analog output conversion,1692,56,ORef 42 (10) ↔ Part 35.in2
analog output conversion,1692,57,Part 35.out ↔ Part 36.en
analog output conversion,1692,58,ORef 43 (10) ↔ Part 36.in
analog output conversion,1692,59,Part 36.out1 ↔ ORef 44 (HMI_DB.SET_PERC_BC01)
analog output conversion,1692,60,ORef 45 (HMI_DB.SET_PERC_BC01) ↔ Part 37.in1
analog output conversion,1692,61,ORef 46 (100) ↔ Part 37.in2
analog output conversion,1692,62,Part 37.out ↔ Part 38.en
analog output conversion,1692,63,ORef 47 (100) ↔ Part 38.in
analog output conversion,1692,64,Part 38.out1 ↔ ORef 48 (HMI_DB.SET_PERC_BC01)
analog output conversion,1692,65,ORef 49 (HMI_DB.SET_PERC_BC01) ↔ Part 39.in1
analog output conversion,1692,66,ORef 50 (272) ↔ Part 39.in2
analog output conversion,1692,67,Part 39.out ↔ ORef 51 (102A5_SPARE0)
analog output conversion,1693,21,Powerrail {} ↔ Part 22.in
analog output conversion,1693,41,ORef 28 (ON) ↔ Part 22.operand
analog output conversion,1693,42,Part 22.out ↔ Part 23.pre ↔ Part 25.pre ↔ Part 27.en
analog output conversion,1693,43,ORef 29 (HMI_DB.SET_PERC_MC04) ↔ Part 23.in1
analog output conversion,1693,44,ORef 30 (10) ↔ Part 23.in2
analog output conversion,1693,45,Part 23.out ↔ Part 24.en
analog output conversion,1693,46,ORef 31 (10) ↔ Part 24.in
analog output conversion,1693,47,Part 24.out1 ↔ ORef 32 (HMI_DB.SET_PERC_MC04)
analog output conversion,1693,48,ORef 33 (HMI_DB.SET_PERC_MC04) ↔ Part 25.in1
analog output conversion,1693,49,ORef 34 (100) ↔ Part 25.in2
analog output conversion,1693,50,Part 25.out ↔ Part 26.en
analog output conversion,1693,51,ORef 35 (100) ↔ Part 26.in
analog output conversion,1693,52,Part 26.out1 ↔ ORef 36 (HMI_DB.SET_PERC_MC04)
analog output conversion,1693,53,ORef 37 (HMI_DB.SET_PERC_MC04) ↔ Part 27.in1
analog output conversion,1693,54,ORef 38 (272) ↔ Part 27.in2
analog output conversion,1693,55,Part 27.out ↔ ORef 39 (102A5_SPARE3)
valve control loop,1702,272,Powerrail {} ↔ Part 226.in
valve control loop,1702,184,ORef 157 (ON) ↔ Part 226.operand
valve control loop,1702,227,Part 226.out ↔ Part 228.in ↔ Part 242.in
valve control loop,1702,185,ORef 158 (ON) ↔ Part 228.operand
valve control loop,1702,229,Part 228.out ↔ Part 230.in ↔ Part 232.in ↔ Part 234.in ↔ Part 236.in ↔ Part 238.in ↔ Part 240.in
valve control loop,1702,186,ORef 159 (Inputs.MV01 Open) ↔ Part 230.operand
valve control loop,1702,231,Part 230.out ↔ Part 115.in1
valve control loop,1702,187,ORef 160 (Flag.M_MV01_Close) ↔ Part 232.operand
valve control loop,1702,233,Part 232.out ↔ Part 115.in2
valve control loop,1702,188,ORef 161 (Flag.MV01_Auto) ↔ Part 234.operand
valve control loop,1702,235,Part 234.out ↔ Part 115.in3
valve control loop,1702,189,Part 115.out ↔ Part 119.in
valve control loop,1702,191,ORef 162 (Flag.M_MV01_OPEN) ↔ Part 119.operand
valve control loop,1702,192,ORef 163 (Inputs.MV01 Close) ↔ Part 236.operand
valve control loop,1702,237,Part 236.out ↔ Part 122.in1
valve control loop,1702,193,ORef 164 (Flag.M_MV01_OPEN) ↔ Part 238.operand
valve control loop,1702,239,Part 238.out ↔ Part 122.in2
valve control loop,1702,194,ORef 165 (Flag.MV01_Auto) ↔ Part 240.operand
valve control loop,1702,241,Part 240.out ↔ Part 122.in3
valve control loop,1702,195,Part 122.out ↔ Part 126.in
valve control loop,1702,197,ORef 166 (Flag.M_MV01_Close) ↔ Part 126.operand
valve control loop,1702,199,ORef 167 (Allarm.MV01_FAULT) ↔ Part 242.operand
valve control loop,1702,243,Part 242.out ↔ Part 244.in ↔ Part 248.in ↔ Part 258.in ↔ Part 262.in ↔ Part 273.in
valve control loop,1702,200,ORef 168 (Flag.MV01_Auto) ↔ Part 244.operand
valve control loop,1702,245,Part 244.out ↔ Part 246.in
valve control loop,1702,201,ORef 169 (UP MV01 PID) ↔ Part 246.operand
valve control loop,1702,247,Part 246.out ↔ Part 137.in1
valve control loop,1702,203,ORef 170 (Flag.M_MV01_OPEN) ↔ Part 248.operand
valve control loop,1702,249,Part 248.out ↔ Part 137.in2
valve control loop,1702,204,Part 137.out ↔ Part 250.in ↔ Part 252.in
valve control loop,1702,205,ORef 171 (MV WORK PULSE) ↔ Part 250.operand
valve control loop,1702,251,Part 250.out ↔ Part 138.in1
valve control loop,1702,206,ORef 172 (RefId 1) ↔ Part 252.operand
valve control loop,1702,253,Part 252.out ↔ Part 138.in2
valve control loop,1702,207,Part 138.out ↔ Part 254.in
valve control loop,1702,208,ORef 173 (Start Close MV-01) ↔ Part 254.operand
valve control loop,1702,255,Part 254.out ↔ Part 256.in
valve control loop,1702,209,ORef 174 (Inputs.MV01 Open) ↔ Part 256.operand
valve control loop,1702,257,Part 256.out ↔ Part 23.in
valve control loop,1702,22,ORef 24 (HMI_DB.ResetEncoderProcedure_MV01) ↔ Part 23.operand
valve control loop,1702,25,Part 23.out ↔ Part 143.in
valve control loop,1702,211,ORef 175 (Start Open MV-01) ↔ Part 143.operand
valve control loop,1702,212,ORef 176 (Flag.MV01_Auto) ↔ Part 258.operand
valve control loop,1702,259,Part 258.out ↔ Part 260.in
valve control loop,1702,213,ORef 177 (DOWN MV01 PID) ↔ Part 260.operand
valve control loop,1702,261,Part 260.out ↔ Part 150.in1
valve control loop,1702,215,ORef 178 (Flag.M_MV01_Close) ↔ Part 262.operand
valve control loop,1702,263,Part 262.out ↔ Part 150.in2
valve control loop,1702,216,Part 150.out ↔ Part 264.in ↔ Part 266.in
valve control loop,1702,217,ORef 179 (MV WORK PULSE) ↔ Part 264.operand
valve control loop,1702,265,Part 264.out ↔ Part 151.in1
valve control loop,1702,218,ORef 180 (ON) ↔ Part 266.operand
valve control loop,1702,267,Part 266.out ↔ Part 151.in2
valve control loop,1702,276,ORef 274 (HMI_DB.ResetEncoderProcedure_MV01) ↔ Part 273.operand
valve control loop,1702,21,Part 273.out ↔ Part 151.in3
valve control loop,1702,219,Part 151.out ↔ Part 268.in
valve control loop,1702,220,ORef 181 (Start Open MV-01) ↔ Part 268.operand
valve control loop,1702,269,Part 268.out ↔ Part 270.in
valve control loop,1702,221,ORef 182 (Inputs.MV01 Close) ↔ Part 270.operand
valve control loop,1702,271,Part 270.out ↔ Part 156.in
valve control loop,1702,223,ORef 183 (Start Close MV-01) ↔ Part 156.operand
valve control loop,1703,34,Powerrail {} ↔ Part 21.in
valve control loop,1703,35,ORef 27 (HMI_DB.ResetEncoderProcedure_MV01) ↔ Part 21.operand
valve control loop,1703,36,Part 21.out ↔ Part 22.in
valve control loop,1703,37,ORef 28 (Inputs.MV01 Close) ↔ Part 22.operand
valve control loop,1703,38,Part 22.out ↔ Part 23.en
valve control loop,1703,39,ORef 29 (0) ↔ Part 23.in
valve control loop,1703,40,Part 23.eno ↔ Part 24.in
valve control loop,1703,41,Part 23.out1 ↔ ORef 30 (MV01_Encoder.NewCountValue)
valve control loop,1703,42,ORef 31 (MV01_Encoder.SetCountValue) ↔ Part 24.operand
valve control loop,1703,43,Part 24.out ↔ Part 25.in
valve control loop,1703,44,ORef 32 (MV01_Encoder.SetCountValue) ↔ Part 25.operand
valve control loop,1703,45,Part 25.out ↔ Part 26.in
valve control loop,1703,46,ORef 33 (HMI_DB.ResetEncoderProcedure_MV01) ↔ Part 26.operand
valve control loop,1704,356,Powerrail {} ↔ Part 310.in
valve control loop,1704,27,ORef 28 (ON) ↔ Part 310.operand
valve control loop,1704,311,Part 310.out ↔ Part 312.in ↔ Part 326.in
valve control loop,1704,25,ORef 26 (ON) ↔ Part 312.operand
valve control loop,1704,313,Part 312.out ↔ Part 314.in ↔ Part 316.in ↔ Part 318.in ↔ Part 320.in ↔ Part 322.in ↔ Part 324.in
valve control loop,1704,270,ORef 243 (Inputs.MV02 Open) ↔ Part 314.operand
valve control loop,1704,315,Part 314.out ↔ Part 199.in1
valve control loop,1704,271,ORef 244 (Flag.M_MV02_CLOSE) ↔ Part 316.operand
valve control loop,1704,317,Part 316.out ↔ Part 199.in2
valve control loop,1704,272,ORef 245 (Flag.MV02_Auto) ↔ Part 318.operand
valve control loop,1704,319,Part 318.out ↔ Part 199.in3
valve control loop,1704,273,Part 199.out ↔ Part 203.in
valve control loop,1704,275,ORef 246 (Flag.M_MV02_OPEN) ↔ Part 203.operand
valve control loop,1704,276,ORef 247 (Inputs.MV02 Close) ↔ Part 320.operand
valve control loop,1704,321,Part 320.out ↔ Part 206.in1
valve control loop,1704,277,ORef 248 (Flag.M_MV02_OPEN) ↔ Part 322.operand
valve control loop,1704,323,Part 322.out ↔ Part 206.in2
valve control loop,1704,278,ORef 249 (Flag.MV02_Auto) ↔ Part 324.operand
valve control loop,1704,325,Part 324.out ↔ Part 206.in3
valve control loop,1704,279,Part 206.out ↔ Part 210.in
valve control loop,1704,281,ORef 250 (Flag.M_MV02_CLOSE) ↔ Part 210.operand
valve control loop,1704,283,ORef 251 (Allarm.MV02_FAULT) ↔ Part 326.operand
valve control loop,1704,327,Part 326.out ↔ Part 328.in ↔ Part 332.in ↔ Part 342.in ↔ Part 346.in
valve control loop,1704,284,ORef 252 (Flag.MV02_Auto) ↔ Part 328.operand
valve control loop,1704,329,Part 328.out ↔ Part 330.in
valve control loop,1704,285,ORef 253 (PID MV02 UP) ↔ Part 330.operand
valve control loop,1704,331,Part 330.out ↔ Part 221.in1
valve control loop,1704,287,ORef 254 (Flag.M_MV02_OPEN) ↔ Part 332.operand
valve control loop,1704,333,Part 332.out ↔ Part 221.in2
valve control loop,1704,288,Part 221.out ↔ Part 334.in ↔ Part 336.in
valve control loop,1704,289,ORef 255 (MV WORK PULSE) ↔ Part 334.operand
valve control loop,1704,335,Part 334.out ↔ Part 222.in1
valve control loop,1704,290,ORef 256 (ON) ↔ Part 336.operand
valve control loop,1704,337,Part 336.out ↔ Part 222.in2
valve control loop,1704,291,Part 222.out ↔ Part 338.in
valve control loop,1704,292,ORef 257 (Close MV02) ↔ Part 338.operand
valve control loop,1704,21,Part 338.out ↔ Part 340.in
valve control loop,1704,293,ORef 258 (Inputs.MV02 Open) ↔ Part 340.operand
valve control loop,1704,22,Part 340.out ↔ Part 227.in
valve control loop,1704,295,ORef 259 (Open MV02) ↔ Part 227.operand
valve control loop,1704,296,ORef 260 (Flag.MV02_Auto) ↔ Part 342.operand
valve control loop,1704,343,Part 342.out ↔ Part 344.in
valve control loop,1704,297,ORef 261 (PID MV02 Down) ↔ Part 344.operand
valve control loop,1704,345,Part 344.out ↔ Part 234.in1
valve control loop,1704,299,ORef 262 (Flag.M_MV02_CLOSE) ↔ Part 346.operand
valve control loop,1704,347,Part 346.out ↔ Part 234.in2
valve control loop,1704,300,Part 234.out ↔ Part 348.in ↔ Part 350.in
valve control loop,1704,301,ORef 263 (MV WORK PULSE) ↔ Part 348.operand
valve control loop,1704,349,Part 348.out ↔ Part 235.in1
valve control loop,1704,302,ORef 264 (ON) ↔ Part 350.operand
valve control loop,1704,351,Part 350.out ↔ Part 235.in2
valve control loop,1704,303,Part 235.out ↔ Part 352.in
valve control loop,1704,304,ORef 265 (Open MV02) ↔ Part 352.operand
valve control loop,1704,23,Part 352.out ↔ Part 354.in
valve control loop,1704,305,ORef 266 (Inputs.MV02 Close) ↔ Part 354.operand
valve control loop,1704,24,Part 354.out ↔ Part 240.in
valve control loop,1704,307,ORef 267 (Close MV02) ↔ Part 240.operand
valve control loop,1705,336,Powerrail {} ↔ Part 328.in
valve control loop,1705,303,ORef 286 (ON) ↔ Part 328.operand
valve control loop,1705,329,Part 328.out ↔ Part 256.en ↔ Part 330.in ↔ Part 332.in ↔ Part 334.in
valve control loop,1705,304,ORef 287 (Data.PSH03_SETPOINT) ↔ Part 256.in1
valve control loop,1705,305,ORef 288 (Data.PSH03) ↔ Part 256.in2
valve control loop,1705,306,Part 256.out ↔ ORef 289 (ErrPSH03)
valve control loop,1705,308,ORef 291 (Tag_147) ↔ Part 330.operand
valve control loop,1705,331,Part 330.out ↔ Part 263.in
valve control loop,1705,307,ORef 290 (S5T#4S) ↔ Part 263.value
valve control loop,1705,310,ORef 292 (Tag_148) ↔ Part 263.operand
valve control loop,1705,312,ORef 294 (Tag_148) ↔ Part 332.operand
valve control loop,1705,333,Part 332.out ↔ Part 268.in
valve control loop,1705,311,ORef 293 (S5T#10S) ↔ Part 268.value
valve control loop,1705,314,ORef 295 (Tag_147) ↔ Part 268.operand
valve control loop,1705,315,ORef 296 (Tag_148) ↔ Part 334.operand
valve control loop,1705,335,Part 334.out ↔ Part 276.pre ↔ Part 282.pre
valve control loop,1705,316,ORef 297 (ErrPSH03) ↔ Part 276.in1
valve control loop,1705,317,ORef 298 (5) ↔ Part 276.in2
valve control loop,1705,318,Part 276.out ↔ Part 279.in
valve control loop,1705,320,ORef 299 (PID down MV03) ↔ Part 279.operand
valve control loop,1705,321,ORef 300 (ErrPSH03) ↔ Part 282.in1
valve control loop,1705,322,ORef 301 (-5) ↔ Part 282.in2
valve control loop,1705,323,Part 282.out ↔ Part 285.in
valve control loop,1705,325,ORef 302 (PID UP MV03) ↔ Part 285.operand
valve control loop,1706,545,Powerrail {} ↔ Part 489.in
valve control loop,1706,439,ORef 408 (ON) ↔ Part 489.operand
valve control loop,1706,490,Part 489.out ↔ Part 491.in ↔ Part 505.in
valve control loop,1706,440,ORef 409 (ON) ↔ Part 491.operand
valve control loop,1706,492,Part 491.out ↔ Part 493.in ↔ Part 495.in ↔ Part 497.in ↔ Part 499.in ↔ Part 501.in ↔ Part 503.in ↔ Part 42.in
valve control loop,1706,22,ORef 23 (Inputs.MV03 open) ↔ Part 493.operand
valve control loop,1706,21,Part 493.out ↔ Part 358.in1
valve control loop,1706,442,ORef 411 (Flag.M_MV03_CLOSE) ↔ Part 495.operand
valve control loop,1706,496,Part 495.out ↔ Part 358.in2
valve control loop,1706,443,ORef 412 (Flag.MV03_Auto) ↔ Part 497.operand
valve control loop,1706,498,Part 497.out ↔ Part 358.in3
valve control loop,1706,444,Part 358.out ↔ Part 362.in
valve control loop,1706,446,ORef 413 (Flag.M_MV03_OPEN) ↔ Part 362.operand
valve control loop,1706,25,ORef 26 (Inputs.MV03 Close) ↔ Part 499.operand
valve control loop,1706,24,Part 499.out ↔ Part 365.in1
valve control loop,1706,448,ORef 415 (Flag.M_MV03_OPEN) ↔ Part 501.operand
valve control loop,1706,502,Part 501.out ↔ Part 365.in2
valve control loop,1706,449,ORef 416 (Flag.MV03_Auto) ↔ Part 503.operand
valve control loop,1706,504,Part 503.out ↔ Part 365.in3
valve control loop,1706,40,Part 365.out ↔ Part 369.in
valve control loop,1706,452,ORef 417 (Flag.M_MV03_CLOSE) ↔ Part 369.operand
valve control loop,1706,41,ORef 43 (Inputs.MV03 Close) ↔ Part 42.operand
valve control loop,1706,48,Part 42.out ↔ Part 46.in
valve control loop,1706,49,ORef 50 (Close MV03 for Burner Startup) ↔ Part 46.operand
valve control loop,1706,454,ORef 418 (Allarm.MV03_FAULT) ↔ Part 505.operand
valve control loop,1706,506,Part 505.out ↔ Part 507.in ↔ Part 515.in ↔ Part 521.in ↔ Part 525.in ↔ Part 533.in ↔ Part 36.in ↔ Part 546.in
valve control loop,1706,455,ORef 419 (Flag.MV03_Auto) ↔ Part 507.operand
valve control loop,1706,508,Part 507.out ↔ Part 509.in
valve control loop,1706,456,ORef 420 (PID UP MV03) ↔ Part 509.operand
valve control loop,1706,510,Part 509.out ↔ Part 511.in ↔ Part 513.in
valve control loop,1706,457,ORef 421 (MV WORK PULSE) ↔ Part 511.operand
valve control loop,1706,512,Part 511.out ↔ Part 543.in1
valve control loop,1706,458,ORef 422 (ON) ↔ Part 513.operand
valve control loop,1706,514,Part 513.out ↔ Part 543.in2
valve control loop,1706,461,ORef 423 (Flag.M_MV03_OPEN) ↔ Part 515.operand
valve control loop,1706,516,Part 515.out ↔ Part 517.in ↔ Part 519.in
valve control loop,1706,462,ORef 424 (MV WORK PULSE) ↔ Part 517.operand
valve control loop,1706,518,Part 517.out ↔ Part 543.in3
valve control loop,1706,463,ORef 425 (ON) ↔ Part 519.operand
valve control loop,1706,520,Part 519.out ↔ Part 543.in4
valve control loop,1706,466,ORef 426 (Open MV03 for washing) ↔ Part 521.operand
valve control loop,1706,522,Part 521.out ↔ Part 543.in5
valve control loop,1706,27,Part 543.out ↔ Part 44.in
valve control loop,1706,39,ORef 45 (HMI_DB.ResetEncoderProcedure_MV03) ↔ Part 44.operand
valve control loop,1706,47,Part 44.out ↔ Part 523.in
valve control loop,1706,29,ORef 30 (Inputs.MV03 open) ↔ Part 523.operand
valve control loop,1706,28,Part 523.out ↔ Part 390.in
valve control loop,1706,470,ORef 428 (Start open MV03) ↔ Part 390.operand
valve control loop,1706,471,ORef 429 (Flag.MV03_Auto) ↔ Part 525.operand
valve control loop,1706,526,Part 525.out ↔ Part 527.in
valve control loop,1706,472,ORef 430 (PID down MV03) ↔ Part 527.operand
valve control loop,1706,528,Part 527.out ↔ Part 529.in ↔ Part 531.in
valve control loop,1706,473,ORef 431 (MV WORK PULSE) ↔ Part 529.operand
valve control loop,1706,530,Part 529.out ↔ Part 544.in1
valve control loop,1706,474,ORef 432 (ON) ↔ Part 531.operand
valve control loop,1706,532,Part 531.out ↔ Part 544.in2
valve control loop,1706,477,ORef 433 (Flag.M_MV03_CLOSE) ↔ Part 533.operand
valve control loop,1706,534,Part 533.out ↔ Part 535.in ↔ Part 537.in
valve control loop,1706,478,ORef 434 (MV WORK PULSE) ↔ Part 535.operand
valve control loop,1706,536,Part 535.out ↔ Part 544.in3
valve control loop,1706,479,ORef 435 (ON) ↔ Part 537.operand
valve control loop,1706,538,Part 537.out ↔ Part 544.in4
valve control loop,1706,35,ORef 37 (Close MV03 for Burner Startup) ↔ Part 36.operand
valve control loop,1706,38,Part 36.out ↔ Part 544.in5
valve control loop,1706,482,Part 544.out ↔ Part 539.in
valve control loop,1706,483,ORef 436 (Open MV03 for washing) ↔ Part 539.operand
valve control loop,1706,31,Part 539.out ↔ Part 53.in1
valve control loop,1706,51,ORef 52 (HMI_DB.ResetEncoderProcedure_MV03) ↔ Part 546.operand
valve control loop,1706,54,Part 546.out ↔ Part 53.in2
valve control loop,1706,55,Part 53.out ↔ Part 541.in
valve control loop,1706,33,ORef 34 (Inputs.MV03 Close) ↔ Part 541.operand
valve control loop,1706,32,Part 541.out ↔ Part 407.in
valve control loop,1706,486,ORef 438 (Start Close MV03) ↔ Part 407.operand
valve control loop,1707,21,Powerrail {} ↔ Part 22.in
valve control loop,1707,25,ORef 23 (HMI_DB.ResetEncoderProcedure_MV03) ↔ Part 22.operand
valve control loop,1707,28,Part 22.out ↔ Part 26.in
valve control loop,1707,29,ORef 30 (Inputs.MV03 Close) ↔ Part 26.operand
valve control loop,1707,33,Part 26.out ↔ Part 32.en
valve control loop,1707,34,ORef 36 (0) ↔ Part 32.in
valve control loop,1707,38,Part 32.eno ↔ Part 40.in
valve control loop,1707,35,Part 32.out1 ↔ ORef 37 (MV03_Encoder.NewCountValue)
valve control loop,1707,39,ORef 41 (MV03_Encoder.SetCountValue) ↔ Part 40.operand
valve control loop,1707,42,Part 40.out ↔ Part 44.in
valve control loop,1707,43,ORef 45 (MV03_Encoder.SetCountValue) ↔ Part 44.operand
valve control loop,1707,50,Part 44.out ↔ Part 48.in
valve control loop,1707,51,ORef 52 (HMI_DB.ResetEncoderProcedure_MV03) ↔ Part 48.operand
valve control loop,1708,702,Powerrail {} ↔ Part 652.in
valve control loop,1708,23,ORef 24 (RefId 1) ↔ Part 652.operand
valve control loop,1708,653,Part 652.out ↔ Part 654.in ↔ Part 668.in
valve control loop,1708,21,ORef 22 (ON) ↔ Part 654.operand
valve control loop,1708,655,Part 654.out ↔ Part 656.in ↔ Part 658.in ↔ Part 660.in ↔ Part 662.in ↔ Part 664.in ↔ Part 666.in
valve control loop,1708,608,ORef 579 (Inputs.MV05 open) ↔ Part 656.operand
valve control loop,1708,657,Part 656.out ↔ Part 531.in1
valve control loop,1708,609,ORef 580 (Flag.M_MV05_CLOSE) ↔ Part 658.operand
valve control loop,1708,659,Part 658.out ↔ Part 531.in2
valve control loop,1708,610,ORef 581 (Flag.MV05_Auto) ↔ Part 660.operand
valve control loop,1708,661,Part 660.out ↔ Part 531.in3
valve control loop,1708,611,Part 531.out ↔ Part 535.in
valve control loop,1708,613,ORef 582 (Flag.M_MV05_OPEN) ↔ Part 535.operand
valve control loop,1708,614,ORef 583 (Inputs.MV05 Close) ↔ Part 662.operand
valve control loop,1708,663,Part 662.out ↔ Part 538.in1
valve control loop,1708,615,ORef 584 (Flag.M_MV05_OPEN) ↔ Part 664.operand
valve control loop,1708,665,Part 664.out ↔ Part 538.in2
valve control loop,1708,616,ORef 585 (Flag.MV05_Auto) ↔ Part 666.operand
valve control loop,1708,667,Part 666.out ↔ Part 538.in3
valve control loop,1708,617,Part 538.out ↔ Part 542.in
valve control loop,1708,619,ORef 586 (Flag.M_MV05_CLOSE) ↔ Part 542.operand
valve control loop,1708,621,ORef 587 (Allarm.MV_05_FAULT) ↔ Part 668.operand
valve control loop,1708,669,Part 668.out ↔ Part 670.in ↔ Part 674.in ↔ Part 686.in ↔ Part 690.in ↔ Part 694.in
valve control loop,1708,622,ORef 588 (Flag.MV05_Auto) ↔ Part 670.operand
valve control loop,1708,671,Part 670.out ↔ Part 672.in
valve control loop,1708,623,ORef 589 (PID UP MV05) ↔ Part 672.operand
valve control loop,1708,673,Part 672.out ↔ Part 552.in1
valve control loop,1708,625,ORef 590 (Flag.M_MV05_OPEN) ↔ Part 674.operand
valve control loop,1708,675,Part 674.out ↔ Part 676.in
valve control loop,1708,626,ORef 591 (MV WORK PULSE) ↔ Part 676.operand
valve control loop,1708,677,Part 676.out ↔ Part 552.in2
valve control loop,1708,628,Part 552.out ↔ Part 678.in ↔ Part 680.in
valve control loop,1708,629,ORef 592 (Allarm.Oxigen_Fault) ↔ Part 678.operand
valve control loop,1708,679,Part 678.out ↔ Part 556.in1
valve control loop,1708,630,ORef 593 (UNDER TESTING) ↔ Part 680.operand
valve control loop,1708,681,Part 680.out ↔ Part 556.in2
valve control loop,1708,631,Part 556.out ↔ Part 682.in
valve control loop,1708,632,ORef 594 (Close MV05) ↔ Part 682.operand
valve control loop,1708,683,Part 682.out ↔ Part 684.in
valve control loop,1708,633,ORef 595 (Inputs.MV05 open) ↔ Part 684.operand
valve control loop,1708,685,Part 684.out ↔ Part 561.in
valve control loop,1708,635,ORef 596 (Open MV05) ↔ Part 561.operand
valve control loop,1708,636,ORef 597 (Flag.MV05_Auto) ↔ Part 686.operand
valve control loop,1708,687,Part 686.out ↔ Part 688.in
valve control loop,1708,637,ORef 598 (PID DOWN MV05) ↔ Part 688.operand
valve control loop,1708,689,Part 688.out ↔ Part 567.in1
valve control loop,1708,639,ORef 599 (Flag.M_MV05_CLOSE) ↔ Part 690.operand
valve control loop,1708,691,Part 690.out ↔ Part 692.in
valve control loop,1708,640,ORef 600 (MV WORK PULSE) ↔ Part 692.operand
valve control loop,1708,693,Part 692.out ↔ Part 567.in2
valve control loop,1708,642,ORef 601 (Allarm.Oxigen_Fault) ↔ Part 694.operand
valve control loop,1708,695,Part 694.out ↔ Part 696.in
valve control loop,1708,643,ORef 602 (UNDER TESTING) ↔ Part 696.operand
valve control loop,1708,697,Part 696.out ↔ Part 567.in3
valve control loop,1708,645,Part 567.out ↔ Part 698.in
valve control loop,1708,646,ORef 603 (Open MV05) ↔ Part 698.operand
valve control loop,1708,699,Part 698.out ↔ Part 700.in
valve control loop,1708,647,ORef 604 (Inputs.MV05 Close) ↔ Part 700.operand
valve control loop,1708,701,Part 700.out ↔ Part 576.in
valve control loop,1708,649,ORef 605 (Close MV05) ↔ Part 576.operand
valve control loop,1709,683,Powerrail {} ↔ Part 675.in
valve control loop,1709,647,ORef 628 (ON) ↔ Part 675.operand
valve control loop,1709,676,Part 675.out ↔ Part 592.pre
valve control loop,1709,648,ORef 629 (Data.PSH02_SETPOINT) ↔ Part 592.in1
valve control loop,1709,649,ORef 630 (0) ↔ Part 592.in2
valve control loop,1709,650,Part 592.out ↔ Part 598.en ↔ Part 677.in ↔ Part 679.in ↔ Part 681.in
valve control loop,1709,651,ORef 631 (Data.PSH02_SETPOINT) ↔ Part 598.in1
valve control loop,1709,652,ORef 632 (Data.PSH_02) ↔ Part 598.in2
valve control loop,1709,653,Part 598.out ↔ ORef 633 (ErrPSH02)
valve control loop,1709,655,ORef 635 (Tag_149) ↔ Part 677.operand
valve control loop,1709,678,Part 677.out ↔ Part 605.in
valve control loop,1709,654,ORef 634 (S5T#300MS) ↔ Part 605.value
valve control loop,1709,657,ORef 636 (Tag_150) ↔ Part 605.operand
valve control loop,1709,659,ORef 638 (Tag_150) ↔ Part 679.operand
valve control loop,1709,680,Part 679.out ↔ Part 610.in
valve control loop,1709,658,ORef 637 (S5T#4S) ↔ Part 610.value
valve control loop,1709,661,ORef 639 (Tag_149) ↔ Part 610.operand
valve control loop,1709,662,ORef 640 (Tag_150) ↔ Part 681.operand
valve control loop,1709,682,Part 681.out ↔ Part 618.pre ↔ Part 624.pre
valve control loop,1709,663,ORef 641 (ErrPSH02) ↔ Part 618.in1
valve control loop,1709,664,ORef 642 (5) ↔ Part 618.in2
valve control loop,1709,665,Part 618.out ↔ Part 621.in
valve control loop,1709,667,ORef 643 (MV06 PID DOWN) ↔ Part 621.operand
valve control loop,1709,668,ORef 644 (ErrPSH02) ↔ Part 624.in1
valve control loop,1709,669,ORef 645 (-5) ↔ Part 624.in2
valve control loop,1709,670,Part 624.out ↔ Part 627.in
valve control loop,1709,672,ORef 646 (MV06 PID UP) ↔ Part 627.operand
valve control loop,1710,825,Powerrail {} ↔ Part 807.in
valve control loop,1710,770,ORef 745 (ON) ↔ Part 807.operand
valve control loop,1710,808,Part 807.out ↔ Part 809.in ↔ Part 819.in ↔ Part 821.in
valve control loop,1710,771,ORef 746 (Flag.MV06_Auto) ↔ Part 809.operand
valve control loop,1710,810,Part 809.out ↔ Part 693.pre
valve control loop,1710,772,ORef 747 (Data.PSH02_SETPOINT) ↔ Part 693.in1
valve control loop,1710,773,ORef 748 (0) ↔ Part 693.in2
valve control loop,1710,774,Part 693.out ↔ Part 811.in
valve control loop,1710,775,ORef 749 (Shot to close) ↔ Part 811.operand
valve control loop,1710,812,Part 811.out ↔ Part 813.in
valve control loop,1710,776,ORef 750 (Shot to open) ↔ Part 813.operand
valve control loop,1710,814,Part 813.out ↔ Part 701.pre ↔ Part 715.pre
valve control loop,1710,777,ORef 751 (PSH02) ↔ Part 701.in1
valve control loop,1710,778,ORef 752 (0) ↔ Part 701.in2
valve control loop,1710,779,Part 701.out ↔ Part 707.in ↔ Part 815.in
valve control loop,1710,780,ORef 753 (S5T#20S) ↔ Part 707.value
valve control loop,1710,781,ORef 754 (Tag_151) ↔ Part 707.operand
valve control loop,1710,782,ORef 755 (Tag_151) ↔ Part 815.operand
valve control loop,1710,816,Part 815.out ↔ Part 712.in
valve control loop,1710,784,ORef 756 (Shot to close) ↔ Part 712.operand
valve control loop,1710,786,ORef 757 (PSH02) ↔ Part 715.in1
valve control loop,1710,787,ORef 758 (0) ↔ Part 715.in2
valve control loop,1710,788,Part 715.out ↔ Part 721.in ↔ Part 817.in
valve control loop,1710,789,ORef 759 (S5T#2S) ↔ Part 721.value
valve control loop,1710,790,ORef 760 (Tag_152) ↔ Part 721.operand
valve control loop,1710,791,ORef 761 (Tag_152) ↔ Part 817.operand
valve control loop,1710,818,Part 817.out ↔ Part 726.in
valve control loop,1710,793,ORef 762 (Shot to open) ↔ Part 726.operand
valve control loop,1710,796,ORef 763 (Shot to close) ↔ Part 819.operand
valve control loop,1710,820,Part 819.out ↔ Part 729.in1
valve control loop,1710,797,ORef 764 (Shot to open) ↔ Part 821.operand
valve control loop,1710,822,Part 821.out ↔ Part 729.in2
valve control loop,1710,798,Part 729.out ↔ Part 735.in ↔ Part 823.in
valve control loop,1710,799,ORef 765 (S5T#300MS) ↔ Part 735.value
valve control loop,1710,800,ORef 766 (Tag_153) ↔ Part 735.operand
valve control loop,1710,801,ORef 767 (Tag_153) ↔ Part 823.operand
valve control loop,1710,824,Part 823.out ↔ Part 741.in ↔ Part 743.in
valve control loop,1710,802,ORef 768 (Shot to close) ↔ Part 741.operand
valve control loop,1710,803,ORef 769 (Shot to open) ↔ Part 743.operand
valve control loop,1711,967,Powerrail {} ↔ Part 915.in
valve control loop,1711,27,ORef 28 (ON) ↔ Part 915.operand
valve control loop,1711,916,Part 915.out ↔ Part 917.in ↔ Part 931.in
valve control loop,1711,21,ORef 22 (ON) ↔ Part 917.operand
valve control loop,1711,918,Part 917.out ↔ Part 919.in ↔ Part 921.in ↔ Part 923.in ↔ Part 925.in ↔ Part 927.in ↔ Part 929.in
valve control loop,1711,869,ORef 840 (Inputs.MV06_Open) ↔ Part 919.operand
valve control loop,1711,67,Part 919.out ↔ Part 790.in1
valve control loop,1711,870,ORef 841 (Flag.MV06_Close) ↔ Part 921.operand
valve control loop,1711,922,Part 921.out ↔ Part 790.in2
valve control loop,1711,871,ORef 842 (Flag.MV06_Auto) ↔ Part 923.operand
valve control loop,1711,924,Part 923.out ↔ Part 790.in3
valve control loop,1711,71,Part 790.out ↔ Part 794.in
valve control loop,1711,874,ORef 843 (Flag.MV06_Open) ↔ Part 794.operand
valve control loop,1711,875,ORef 844 (Inputs.MV06 Close) ↔ Part 925.operand
valve control loop,1711,70,Part 925.out ↔ Part 797.in1
valve control loop,1711,876,ORef 845 (Flag.MV06_Open) ↔ Part 927.operand
valve control loop,1711,928,Part 927.out ↔ Part 797.in2
valve control loop,1711,877,ORef 846 (Flag.MV06_Auto) ↔ Part 929.operand
valve control loop,1711,930,Part 929.out ↔ Part 797.in3
valve control loop,1711,72,Part 797.out ↔ Part 801.in
valve control loop,1711,880,ORef 847 (Flag.MV06_Close) ↔ Part 801.operand
valve control loop,1711,882,ORef 848 (Allarm.MV_06_FAULT) ↔ Part 931.operand
valve control loop,1711,932,Part 931.out ↔ Part 933.in ↔ Part 939.in ↔ Part 949.in ↔ Part 955.in
valve control loop,1711,883,ORef 849 (Flag.MV06_Auto) ↔ Part 933.operand
valve control loop,1711,934,Part 933.out ↔ Part 935.in ↔ Part 937.in
valve control loop,1711,884,ORef 850 (MV06 PID UP) ↔ Part 935.operand
valve control loop,1711,936,Part 935.out ↔ Part 965.in1
valve control loop,1711,885,ORef 851 (Shot to open) ↔ Part 937.operand
valve control loop,1711,938,Part 937.out ↔ Part 965.in2
valve control loop,1711,888,ORef 852 (Flag.MV06_Open) ↔ Part 939.operand
valve control loop,1711,940,Part 939.out ↔ Part 941.in ↔ Part 943.in
valve control loop,1711,889,ORef 853 (MV WORK PULSE) ↔ Part 941.operand
valve control loop,1711,942,Part 941.out ↔ Part 965.in3
valve control loop,1711,890,ORef 854 (ON) ↔ Part 943.operand
valve control loop,1711,944,Part 943.out ↔ Part 965.in4
valve control loop,1711,893,Part 965.out ↔ Part 945.in
valve control loop,1711,894,ORef 855 (Close MV06) ↔ Part 945.operand
valve control loop,1711,946,Part 945.out ↔ Part 947.in
valve control loop,1711,895,ORef 856 (Inputs.MV06_Open) ↔ Part 947.operand
valve control loop,1711,948,Part 947.out ↔ Part 821.in
valve control loop,1711,897,ORef 857 (Open MV06) ↔ Part 821.operand
valve control loop,1711,898,ORef 858 (Flag.MV06_Auto) ↔ Part 949.operand
valve control loop,1711,950,Part 949.out ↔ Part 951.in ↔ Part 953.in
valve control loop,1711,899,ORef 859 (MV06 PID DOWN) ↔ Part 951.operand
valve control loop,1711,952,Part 951.out ↔ Part 966.in1
valve control loop,1711,900,ORef 860 (Shot to close) ↔ Part 953.operand
valve control loop,1711,954,Part 953.out ↔ Part 966.in2
valve control loop,1711,903,ORef 861 (Flag.MV06_Close) ↔ Part 955.operand
valve control loop,1711,956,Part 955.out ↔ Part 957.in ↔ Part 959.in
valve control loop,1711,904,ORef 862 (MV WORK PULSE) ↔ Part 957.operand
valve control loop,1711,958,Part 957.out ↔ Part 966.in3
valve control loop,1711,905,ORef 863 (ON) ↔ Part 959.operand
valve control loop,1711,960,Part 959.out ↔ Part 966.in4
valve control loop,1711,908,Part 966.out ↔ Part 961.in
valve control loop,1711,909,ORef 864 (Open MV06) ↔ Part 961.operand
valve control loop,1711,962,Part 961.out ↔ Part 963.in
valve control loop,1711,910,ORef 865 (Inputs.MV06 Close) ↔ Part 963.operand
valve control loop,1711,964,Part 963.out ↔ Part 837.in
valve control loop,1711,912,ORef 866 (Close MV06) ↔ Part 837.operand
valve control loop,1712,854,Powerrail {} ↔ Part 846.in
valve control loop,1712,833,ORef 824 (ON) ↔ Part 846.operand
valve control loop,1712,847,Part 846.out ↔ Part 848.in ↔ Part 850.in ↔ Part 852.in
valve control loop,1712,835,ORef 826 (Tag_154) ↔ Part 848.operand
valve control loop,1712,849,Part 848.out ↔ Part 813.in
valve control loop,1712,834,ORef 825 (S5T#200MS) ↔ Part 813.value
valve control loop,1712,837,ORef 827 (Tag_155) ↔ Part 813.operand
valve control loop,1712,839,ORef 829 (Tag_155) ↔ Part 850.operand
valve control loop,1712,851,Part 850.out ↔ Part 818.in
valve control loop,1712,838,ORef 828 (S5T#2S) ↔ Part 818.value
valve control loop,1712,841,ORef 830 (Tag_154) ↔ Part 818.operand
valve control loop,1712,842,ORef 831 (Tag_155) ↔ Part 852.operand
valve control loop,1712,853,Part 852.out ↔ Part 823.in
valve control loop,1712,844,ORef 832 (MV WORK PULSE) ↔ Part 823.operand
valve control loop,1713,1683,Powerrail {} ↔ Part 1639.in
valve control loop,1713,1529,ORef 1442 (ON) ↔ Part 1639.operand
valve control loop,1713,1640,Part 1639.out ↔ Part 1641.in ↔ Part 1643.in ↔ Part 1645.in
valve control loop,1713,1531,ORef 1444 (Tag_156) ↔ Part 1641.operand
valve control loop,1713,1642,Part 1641.out ↔ Part 1225.in
valve control loop,1713,1530,ORef 1443 (S5T#10MS) ↔ Part 1225.value
valve control loop,1713,1533,ORef 1445 (Tag_157) ↔ Part 1225.operand
valve control loop,1713,1535,ORef 1447 (Tag_157) ↔ Part 1643.operand
valve control loop,1713,1644,Part 1643.out ↔ Part 1230.in
valve control loop,1713,1534,ORef 1446 (S5T#10MS) ↔ Part 1230.value
valve control loop,1713,1537,ORef 1448 (Tag_156) ↔ Part 1230.operand
valve control loop,1713,1538,ORef 1449 (Tag_157) ↔ Part 1645.operand
valve control loop,1713,1646,Part 1645.out ↔ Part 1235.in
valve control loop,1713,1540,ORef 1450 (PLS 50 7) ↔ Part 1235.bit
valve control loop,1713,1637,Part 1235.out ↔ Part 1647.in ↔ Part 1653.in ↔ Part 1659.in ↔ Part 1671.in ↔ Part 1677.in
valve control loop,1713,1541,ORef 1451 (ON) ↔ Part 1647.operand
valve control loop,1713,1648,Part 1647.out ↔ Part 1649.in ↔ Part 1651.in
valve control loop,1713,1542,ORef 1452 (Start Open MV-01) ↔ Part 1649.operand
valve control loop,1713,1650,Part 1649.out ↔ Part 1248.en ↔ Part 1254.en
valve control loop,1713,1543,ORef 1453 (WorkData.W33) ↔ Part 1248.in1
valve control loop,1713,1544,ORef 1454 (1) ↔ Part 1248.in2
valve control loop,1713,1545,Part 1248.out ↔ ORef 1455 (WorkData.W33)
valve control loop,1713,1546,ORef 1456 (0) ↔ Part 1254.in
valve control loop,1713,1547,Part 1254.out1 ↔ ORef 1457 (WorkData.W34)
valve control loop,1713,1549,ORef 1458 (Start Close MV-01) ↔ Part 1651.operand
valve control loop,1713,1652,Part 1651.out ↔ Part 1263.en ↔ Part 1269.en
valve control loop,1713,1550,ORef 1459 (WorkData.W34) ↔ Part 1263.in1
valve control loop,1713,1551,ORef 1460 (1) ↔ Part 1263.in2
valve control loop,1713,1552,Part 1263.out ↔ ORef 1461 (WorkData.W34)
valve control loop,1713,1553,ORef 1462 (0) ↔ Part 1269.in
valve control loop,1713,1554,Part 1269.out1 ↔ ORef 1463 (WorkData.W33)
valve control loop,1713,1557,ORef 1464 (ON) ↔ Part 1653.operand
valve control loop,1713,1654,Part 1653.out ↔ Part 1655.in ↔ Part 1657.in
valve control loop,1713,1558,ORef 1465 (Open MV02) ↔ Part 1655.operand
valve control loop,1713,1656,Part 1655.out ↔ Part 1282.en ↔ Part 1288.en
valve control loop,1713,1559,ORef 1466 (WorkData.W35) ↔ Part 1282.in1
valve control loop,1713,1560,ORef 1467 (1) ↔ Part 1282.in2
valve control loop,1713,1561,Part 1282.out ↔ ORef 1468 (WorkData.W35)
valve control loop,1713,1562,ORef 1469 (0) ↔ Part 1288.in
valve control loop,1713,1563,Part 1288.out1 ↔ ORef 1470 (WorkData.W36)
valve control loop,1713,1565,ORef 1471 (Close MV02) ↔ Part 1657.operand
valve control loop,1713,1658,Part 1657.out ↔ Part 1297.en ↔ Part 1303.en
valve control loop,1713,1566,ORef 1472 (WorkData.W36) ↔ Part 1297.in1
valve control loop,1713,1567,ORef 1473 (1) ↔ Part 1297.in2
valve control loop,1713,1568,Part 1297.out ↔ ORef 1474 (WorkData.W36)
valve control loop,1713,1569,ORef 1475 (0) ↔ Part 1303.in
valve control loop,1713,1570,Part 1303.out1 ↔ ORef 1476 (WorkData.W35)
valve control loop,1713,1573,ORef 1477 (ON) ↔ Part 1659.operand
valve control loop,1713,1660,Part 1659.out ↔ Part 1661.in ↔ Part 1663.in
valve control loop,1713,1574,ORef 1478 (Start open MV03) ↔ Part 1661.operand
valve control loop,1713,1662,Part 1661.out ↔ Part 1316.en ↔ Part 1322.en
valve control loop,1713,1575,ORef 1479 (WorkData.W29) ↔ Part 1316.in1
valve control loop,1713,1576,ORef 1480 (1) ↔ Part 1316.in2
valve control loop,1713,1577,Part 1316.out ↔ ORef 1481 (WorkData.W29)
valve control loop,1713,1578,ORef 1482 (0) ↔ Part 1322.in
valve control loop,1713,1579,Part 1322.out1 ↔ ORef 1483 (WorkData.W30)
valve control loop,1713,1581,ORef 1484 (Start Close MV03) ↔ Part 1663.operand
valve control loop,1713,1664,Part 1663.out ↔ Part 1331.en ↔ Part 1337.en
valve control loop,1713,1582,ORef 1485 (WorkData.W30) ↔ Part 1331.in1
valve control loop,1713,1583,ORef 1486 (1) ↔ Part 1331.in2
valve control loop,1713,1584,Part 1331.out ↔ ORef 1487 (WorkData.W30)
valve control loop,1713,1585,ORef 1488 (0) ↔ Part 1337.in
valve control loop,1713,1586,Part 1337.out1 ↔ ORef 1489 (WorkData.W29)
valve control loop,1713,1605,ORef 1503 (ON) ↔ Part 1671.operand
valve control loop,1713,1672,Part 1671.out ↔ Part 1673.in ↔ Part 1675.in
valve control loop,1713,1606,ORef 1504 (Open MV05) ↔ Part 1673.operand
valve control loop,1713,1674,Part 1673.out ↔ Part 1384.en ↔ Part 1390.en
valve control loop,1713,1607,ORef 1505 (WorkData.W31) ↔ Part 1384.in1
valve control loop,1713,1608,ORef 1506 (1) ↔ Part 1384.in2
valve control loop,1713,1609,Part 1384.out ↔ ORef 1507 (WorkData.W31)
valve control loop,1713,1610,ORef 1508 (0) ↔ Part 1390.in
valve control loop,1713,1611,Part 1390.out1 ↔ ORef 1509 (WorkData.W32)
valve control loop,1713,1613,ORef 1510 (Close MV05) ↔ Part 1675.operand
valve control loop,1713,1676,Part 1675.out ↔ Part 1399.en ↔ Part 1405.en
valve control loop,1713,1614,ORef 1511 (WorkData.W32) ↔ Part 1399.in1
valve control loop,1713,1615,ORef 1512 (1) ↔ Part 1399.in2
valve control loop,1713,1616,Part 1399.out ↔ ORef 1513 (WorkData.W32)
valve control loop,1713,1617,ORef 1514 (0) ↔ Part 1405.in
valve control loop,1713,1618,Part 1405.out1 ↔ ORef 1515 (WorkData.W31)
valve control loop,1713,1621,ORef 1516 (ON) ↔ Part 1677.operand
valve control loop,1713,1678,Part 1677.out ↔ Part 1679.in ↔ Part 1681.in
valve control loop,1713,1622,ORef 1517 (Open MV06) ↔ Part 1679.operand
valve control loop,1713,1680,Part 1679.out ↔ Part 1418.en ↔ Part 1424.en
valve control loop,1713,1623,ORef 1518 (WorkData.W19) ↔ Part 1418.in1
valve control loop,1713,1624,ORef 1519 (1) ↔ Part 1418.in2
valve control loop,1713,1625,Part 1418.out ↔ ORef 1520 (WorkData.W19)
valve control loop,1713,1626,ORef 1521 (0) ↔ Part 1424.in
valve control loop,1713,1627,Part 1424.out1 ↔ ORef 1522 (WorkData.W20)
valve control loop,1713,1629,ORef 1523 (Close MV06) ↔ Part 1681.operand
valve control loop,1713,1682,Part 1681.out ↔ Part 1433.en ↔ Part 1439.en
valve control loop,1713,1630,ORef 1524 (WorkData.W20) ↔ Part 1433.in1
valve control loop,1713,1631,ORef 1525 (1) ↔ Part 1433.in2
valve control loop,1713,1632,Part 1433.out ↔ ORef 1526 (WorkData.W20)
valve control loop,1713,1633,ORef 1527 (0) ↔ Part 1439.in
valve control loop,1713,1634,Part 1439.out1 ↔ ORef 1528 (WorkData.W19)
valve control loop,1714,1957,Powerrail {} ↔ Part 1943.in
valve control loop,1714,1845,ORef 1778 (ON) ↔ Part 1943.operand
valve control loop,1714,1944,Part 1943.out ↔ Part 1945.in ↔ Part 1947.in ↔ Part 1949.in ↔ Part 1951.in ↔ Part 1953.in ↔ Part 1955.in
valve control loop,1714,1846,ORef 1779 (ON) ↔ Part 1945.operand
valve control loop,1714,1946,Part 1945.out ↔ Part 1592.pre ↔ Part 1606.pre
valve control loop,1714,1847,ORef 1780 (WorkData.W33) ↔ Part 1592.in1
valve control loop,1714,1848,ORef 1781 (2000) ↔ Part 1592.in2
valve control loop,1714,1849,Part 1592.out ↔ Part 1598.in ↔ Part 1601.en
valve control loop,1714,1850,ORef 1782 (Allarm.MV01_FAULT) ↔ Part 1598.operand
valve control loop,1714,1851,ORef 1783 (0) ↔ Part 1601.in
valve control loop,1714,1852,Part 1601.out1 ↔ ORef 1784 (WorkData.W33)
valve control loop,1714,1854,ORef 1785 (WorkData.W34) ↔ Part 1606.in1
valve control loop,1714,1855,ORef 1786 (-2000) ↔ Part 1606.in2
valve control loop,1714,1856,Part 1606.out ↔ Part 1612.in ↔ Part 1615.en
valve control loop,1714,1857,ORef 1787 (Allarm.MV01_FAULT) ↔ Part 1612.operand
valve control loop,1714,1858,ORef 1788 (0) ↔ Part 1615.in
valve control loop,1714,1859,Part 1615.out1 ↔ ORef 1789 (WorkData.W34)
valve control loop,1714,1862,ORef 1790 (ON) ↔ Part 1947.operand
valve control loop,1714,1948,Part 1947.out ↔ Part 1624.pre ↔ Part 1638.pre
valve control loop,1714,1863,ORef 1791 (WorkData.W35) ↔ Part 1624.in1
valve control loop,1714,1864,ORef 1792 (1000) ↔ Part 1624.in2
valve control loop,1714,1865,Part 1624.out ↔ Part 1630.in ↔ Part 1633.en
valve control loop,1714,1866,ORef 1793 (Allarm.MV02_FAULT) ↔ Part 1630.operand
valve control loop,1714,1867,ORef 1794 (0) ↔ Part 1633.in
valve control loop,1714,1868,Part 1633.out1 ↔ ORef 1795 (WorkData.W35)
valve control loop,1714,1870,ORef 1796 (WorkData.W36) ↔ Part 1638.in1
valve control loop,1714,1871,ORef 1797 (-1000) ↔ Part 1638.in2
valve control loop,1714,1872,Part 1638.out ↔ Part 1644.in ↔ Part 1647.en
valve control loop,1714,1873,ORef 1798 (Allarm.MV02_FAULT) ↔ Part 1644.operand
valve control loop,1714,1874,ORef 1799 (0) ↔ Part 1647.in
valve control loop,1714,1875,Part 1647.out1 ↔ ORef 1800 (WorkData.W36)
valve control loop,1714,1878,ORef 1801 (ON) ↔ Part 1949.operand
valve control loop,1714,1950,Part 1949.out ↔ Part 1656.pre ↔ Part 1670.pre
valve control loop,1714,1879,ORef 1802 (WorkData.W29) ↔ Part 1656.in1
valve control loop,1714,1880,ORef 1803 (3400) ↔ Part 1656.in2
valve control loop,1714,1881,Part 1656.out ↔ Part 1662.in ↔ Part 1665.en
valve control loop,1714,1882,ORef 1804 (Allarm.MV03_FAULT) ↔ Part 1662.operand
valve control loop,1714,1883,ORef 1805 (0) ↔ Part 1665.in
valve control loop,1714,1884,Part 1665.out1 ↔ ORef 1806 (WorkData.W29)
valve control loop,1714,1886,ORef 1807 (WorkData.W30) ↔ Part 1670.in1
valve control loop,1714,1887,ORef 1808 (-3400) ↔ Part 1670.in2
valve control loop,1714,1888,Part 1670.out ↔ Part 1676.in ↔ Part 1679.en
valve control loop,1714,1889,ORef 1809 (Allarm.MV03_FAULT) ↔ Part 1676.operand
valve control loop,1714,1890,ORef 1810 (0) ↔ Part 1679.in
valve control loop,1714,1891,Part 1679.out1 ↔ ORef 1811 (WorkData.W30)
valve control loop,1714,1894,ORef 1812 (ON) ↔ Part 1951.operand
valve control loop,1714,1952,Part 1951.out ↔ Part 1688.pre ↔ Part 1702.pre
valve control loop,1714,1895,ORef 1813 (WorkData.W37) ↔ Part 1688.in1
valve control loop,1714,1896,ORef 1814 (700) ↔ Part 1688.in2
valve control loop,1714,1897,Part 1688.out ↔ Part 1694.in ↔ Part 1697.en
valve control loop,1714,1898,ORef 1815 (Allarm.MV04_FAULT) ↔ Part 1694.operand
valve control loop,1714,1899,ORef 1816 (0) ↔ Part 1697.in
valve control loop,1714,1900,Part 1697.out1 ↔ ORef 1817 (WorkData.W37)
valve control loop,1714,1902,ORef 1818 (WorkData.W38) ↔ Part 1702.in1
valve control loop,1714,1903,ORef 1819 (-700) ↔ Part 1702.in2
valve control loop,1714,1904,Part 1702.out ↔ Part 1708.in ↔ Part 1711.en
valve control loop,1714,1905,ORef 1820 (Allarm.MV04_FAULT) ↔ Part 1708.operand
valve control loop,1714,1906,ORef 1821 (0) ↔ Part 1711.in
valve control loop,1714,1907,Part 1711.out1 ↔ ORef 1822 (WorkData.W38)
valve control loop,1714,1910,ORef 1823 (ON) ↔ Part 1953.operand
valve control loop,1714,1954,Part 1953.out ↔ Part 1720.pre ↔ Part 1734.pre
valve control loop,1714,1911,ORef 1824 (WorkData.W31) ↔ Part 1720.in1
valve control loop,1714,1912,ORef 1825 (700) ↔ Part 1720.in2
valve control loop,1714,1913,Part 1720.out ↔ Part 1726.in ↔ Part 1729.en
valve control loop,1714,1914,ORef 1826 (Allarm.MV_05_FAULT) ↔ Part 1726.operand
valve control loop,1714,1915,ORef 1827 (0) ↔ Part 1729.in
valve control loop,1714,1916,Part 1729.out1 ↔ ORef 1828 (WorkData.W31)
valve control loop,1714,1918,ORef 1829 (WorkData.W32) ↔ Part 1734.in1
valve control loop,1714,1919,ORef 1830 (-700) ↔ Part 1734.in2
valve control loop,1714,1920,Part 1734.out ↔ Part 1740.in ↔ Part 1743.en
valve control loop,1714,1921,ORef 1831 (Allarm.MV_05_FAULT) ↔ Part 1740.operand
valve control loop,1714,1922,ORef 1832 (0) ↔ Part 1743.in
valve control loop,1714,1923,Part 1743.out1 ↔ ORef 1833 (WorkData.W32)
valve control loop,1714,1926,ORef 1834 (ON) ↔ Part 1955.operand
valve control loop,1714,1956,Part 1955.out ↔ Part 1752.pre ↔ Part 1766.pre
valve control loop,1714,1927,ORef 1835 (WorkData.W19) ↔ Part 1752.in1
valve control loop,1714,1928,ORef 1836 (2200) ↔ Part 1752.in2
valve control loop,1714,1929,Part 1752.out ↔ Part 1758.in ↔ Part 1761.en
valve control loop,1714,1930,ORef 1837 (Allarm.MV_06_FAULT) ↔ Part 1758.operand
valve control loop,1714,1931,ORef 1838 (0) ↔ Part 1761.in
valve control loop,1714,1932,Part 1761.out1 ↔ ORef 1839 (WorkData.W19)
valve control loop,1714,1934,ORef 1840 (WorkData.W20) ↔ Part 1766.in1
valve control loop,1714,1935,ORef 1841 (-2200) ↔ Part 1766.in2
valve control loop,1714,1936,Part 1766.out ↔ Part 1772.in ↔ Part 1775.en
valve control loop,1714,1937,ORef 1842 (Allarm.MV_06_FAULT) ↔ Part 1772.operand
valve control loop,1714,1938,ORef 1843 (0) ↔ Part 1775.in
valve control loop,1714,1939,Part 1775.out1 ↔ ORef 1844 (WorkData.W20)
cyc_int2 ogni 1s,1721,183,ORef 175 (OFF) ↔ Part 194.operand
cyc_int2 ogni 1s,1721,184,ORef 176 (Manuale) ↔ Part 196.operand
cyc_int2 ogni 1s,1721,186,ORef 177 (I_FFWD) ↔ Part 165.in
cyc_int2 ogni 1s,1721,187,Part 165.out1 ↔ ORef 178 (WorkData.Burner_PID_Result)
cyc_int2 ogni 1s,1721,188,ORef 179 (Manuale) ↔ Part 198.operand
cyc_int2 ogni 1s,1721,190,ORef 180 (0) ↔ Part 171.in1
cyc_int2 ogni 1s,1721,191,ORef 181 (I_Outvalue) ↔ Part 171.in2
cyc_int2 ogni 1s,1721,192,Part 171.out ↔ ORef 182 (WorkData.Burner_PID_Result)
cyc_int2 ogni 1s,1721,195,Part 194.out ↔ Part 196.in ↔ Part 198.in
cyc_int2 ogni 1s,1721,197,Part 196.out ↔ Part 165.en
cyc_int2 ogni 1s,1721,199,Part 198.out ↔ Part 171.en
cyc_int2 ogni 1s,1721,200,Powerrail {} ↔ Part 194.in
cyc_int2 ogni 1s,1722,182,ORef 178 (ON) ↔ Part 186.operand
cyc_int2 ogni 1s,1722,183,ORef 179 (RefId 35) ↔ Part 174.in1
cyc_int2 ogni 1s,1722,184,ORef 180 (I_Outvalue) ↔ Part 174.in2
cyc_int2 ogni 1s,1722,185,Part 174.out ↔ ORef 181 (WorkData.Burner_PID_Result)
cyc_int2 ogni 1s,1722,187,Part 186.out ↔ Part 174.en
cyc_int2 ogni 1s,1722,188,Powerrail {} ↔ Part 186.in
cyc_int2 ogni 1s,1723,187,ORef 185 (ON) ↔ Part 188.operand
cyc_int2 ogni 1s,1723,189,Part 188.out ↔ Part 183.en
cyc_int2 ogni 1s,1723,190,Powerrail {} ↔ Part 188.in
cyc_int2 ogni 1s,1724,275,Powerrail {} ↔ Part 273.in
cyc_int2 ogni 1s,1724,257,ORef 246 (ON) ↔ Part 273.operand
cyc_int2 ogni 1s,1724,274,Part 273.out ↔ Part 230.pre ↔ Part 239.pre
cyc_int2 ogni 1s,1724,258,ORef 247 (Data.Burner_Panel_SetPoint) ↔ Part 230.in1
cyc_int2 ogni 1s,1724,259,ORef 248 (Data.Burner_Air_Out) ↔ Part 230.in2
cyc_int2 ogni 1s,1724,260,Part 230.out ↔ Part 233.en
cyc_int2 ogni 1s,1724,262,ORef 249 (Data.Burner_Air_Out) ↔ Part 233.in1
cyc_int2 ogni 1s,1724,263,ORef 250 (1) ↔ Part 233.in2
cyc_int2 ogni 1s,1724,264,Part 233.out ↔ ORef 251 (Data.Burner_Air_Out)
cyc_int2 ogni 1s,1724,265,ORef 252 (Data.Burner_Panel_SetPoint) ↔ Part 239.in1
cyc_int2 ogni 1s,1724,266,ORef 253 (Data.Burner_Air_Out) ↔ Part 239.in2
cyc_int2 ogni 1s,1724,267,Part 239.out ↔ Part 242.en
cyc_int2 ogni 1s,1724,269,ORef 254 (Data.Burner_Air_Out) ↔ Part 242.in1
cyc_int2 ogni 1s,1724,270,ORef 255 (-1) ↔ Part 242.in2
cyc_int2 ogni 1s,1724,271,Part 242.out ↔ ORef 256 (Data.Burner_Air_Out)
analog input conversion,1731,67,Powerrail {} ↔ Part 65.in
analog input conversion,1731,59,ORef 52 (ON) ↔ Part 65.operand
analog input conversion,1731,66,Part 65.out ↔ Part 46.en
analog input conversion,1731,60,ORef 53 (ON) ↔ Part 46.IN0
analog input conversion,1731,61,ORef 54 (TC04) ↔ Part 46.Analog_input
analog input conversion,1731,62,ORef 55 (Coeff.COEFF_TC04) ↔ Part 46.Coeff
analog input conversion,1731,63,ORef 56 (Coeff.ZERO_TC04) ↔ Part 46.Zero
analog input conversion,1731,64,Part 46.OutValue ↔ ORef 57 (Data.Temp_TC04)
analog input conversion,1731,24,Part 46.Out_of_range ↔ ORef 23 (Allarm.TC04_OFR)
analog input conversion,1732,87,Powerrail {} ↔ Part 85.in
analog input conversion,1732,79,ORef 72 (OFF) ↔ Part 85.operand
analog input conversion,1732,86,Part 85.out ↔ Part 66.en
analog input conversion,1732,80,ORef 73 (ON) ↔ Part 66.IN0
analog input conversion,1732,81,ORef 74 (TC05) ↔ Part 66.Analog_input
analog input conversion,1732,82,ORef 75 (Coeff.COEFF_TC05) ↔ Part 66.Coeff
analog input conversion,1732,83,ORef 76 (Coeff.ZERO_TC05) ↔ Part 66.Zero
analog input conversion,1732,84,Part 66.OutValue ↔ ORef 77 (Data.Temp_TC05)
analog input conversion,1732,24,Part 66.Out_of_range ↔ ORef 23 (Allarm.TC05_OFR)
analog input conversion,1733,107,Powerrail {} ↔ Part 105.in
analog input conversion,1733,99,ORef 92 (ON) ↔ Part 105.operand
analog input conversion,1733,106,Part 105.out ↔ Part 86.en
analog input conversion,1733,100,ORef 93 (ON) ↔ Part 86.IN0
analog input conversion,1733,101,ORef 94 (TC09) ↔ Part 86.Analog_input
analog input conversion,1733,102,ORef 95 (Coeff.COEFF_TC09) ↔ Part 86.Coeff
analog input conversion,1733,103,ORef 96 (Coeff.ZERO_TC09) ↔ Part 86.Zero
analog input conversion,1733,104,Part 86.OutValue ↔ ORef 97 (Data.TC_09)
analog input conversion,1733,24,Part 86.Out_of_range ↔ ORef 23 (Allarm.TC09_OFR)
analog input conversion,1734,127,Powerrail {} ↔ Part 125.in
analog input conversion,1734,119,ORef 112 (OFF) ↔ Part 125.operand
analog input conversion,1734,126,Part 125.out ↔ Part 106.en
analog input conversion,1734,120,ORef 113 (ON) ↔ Part 106.IN0
analog input conversion,1734,121,ORef 114 (TC-10) ↔ Part 106.Analog_input
analog input conversion,1734,122,ORef 115 (Coeff.COEFF_TC10) ↔ Part 106.Coeff
analog input conversion,1734,123,ORef 116 (Coeff.ZERO_TC10) ↔ Part 106.Zero
analog input conversion,1734,124,Part 106.OutValue ↔ ORef 117 (Data.TC_10)
analog input conversion,1734,24,Part 106.Out_of_range ↔ ORef 23 (Allarm.TC10_OFR)
analog input conversion,1735,266,Powerrail {} ↔ Part 256.in
analog input conversion,1735,232,ORef 212 (ON) ↔ Part 256.operand
analog input conversion,1735,257,Part 256.out ↔ Part 258.in ↔ Part 260.in
analog input conversion,1735,233,ORef 214 (ON) ↔ Part 258.operand
analog input conversion,1735,259,Part 258.out ↔ Part 185.en
analog input conversion,1735,235,ORef 215 (ON) ↔ Part 185.IN0
analog input conversion,1735,236,ORef 216 (BWF01_FlowRate) ↔ Part 185.Analog_input
analog input conversion,1735,237,ORef 217 (Coeff.COEFF_BWF1_FEEDER_FLOW_RATE) ↔ Part 185.Coeff
analog input conversion,1735,238,ORef 218 (Coeff.ZERO_BWF1_FEEDER_FLOW_RATE) ↔ Part 185.Zero
analog input conversion,1735,239,Part 185.OutValue ↔ ORef 219 (Data.CLIENT_1)
analog input conversion,1735,24,Part 185.Out_of_range ↔ ORef 23 (Allarm.Flow_rate_BWF01_OFR)
analog input conversion,1735,240,ORef 221 (ON) ↔ Part 260.operand
analog input conversion,1735,261,Part 260.out ↔ Part 262.in ↔ Part 264.in
analog input conversion,1735,241,ORef 222 (BWF 01 RUN) ↔ Part 262.operand
analog input conversion,1735,263,Part 262.out ↔ Part 198.en
analog input conversion,1735,243,ORef 223 (Data.SET_PERC_BWF01) ↔ Part 198.in1
analog input conversion,1735,244,ORef 224 (Data2.Set_TH) ↔ Part 198.in2
analog input conversion,1735,246,Part 198.eno ↔ Part 202.en
analog input conversion,1735,245,Part 198.out ↔ ORef 225 (temp4)
analog input conversion,1735,247,ORef 226 (temp4) ↔ Part 202.in1
analog input conversion,1735,248,ORef 227 (100) ↔ Part 202.in2
analog input conversion,1735,249,Part 202.out ↔ ORef 228 (Data.CLIENT_1)
analog input conversion,1735,250,ORef 229 (BWF 01 RUN) ↔ Part 264.operand
analog input conversion,1735,265,Part 264.out ↔ Part 209.en
analog input conversion,1735,252,ORef 230 (0) ↔ Part 209.in
analog input conversion,1735,253,Part 209.out1 ↔ ORef 231 (Data.CLIENT_1)
analog input conversion,1736,341,Powerrail {} ↔ Part 331.in
analog input conversion,1736,307,ORef 287 (ON) ↔ Part 331.operand
analog input conversion,1736,332,Part 331.out ↔ Part 333.in ↔ Part 335.in
analog input conversion,1736,308,ORef 289 (ON) ↔ Part 333.operand
analog input conversion,1736,334,Part 333.out ↔ Part 260.en
analog input conversion,1736,310,ORef 290 (ON) ↔ Part 260.IN0
analog input conversion,1736,311,ORef 291 (BWF02_FlowRate) ↔ Part 260.Analog_input
analog input conversion,1736,312,ORef 292 (Coeff.COEFF_BWF2_FEEDER_FLOW_RATE) ↔ Part 260.Coeff
analog input conversion,1736,313,ORef 293 (Coeff.ZERO_BWF2_FEEDER_FLOW_RATE) ↔ Part 260.Zero
analog input conversion,1736,314,Part 260.OutValue ↔ ORef 294 (Data.CLIENT_2)
analog input conversion,1736,24,Part 260.Out_of_range ↔ ORef 23 (Allarm.Flow_rate_BWF02_OFR)
analog input conversion,1736,315,ORef 296 (OFF) ↔ Part 335.operand
analog input conversion,1736,336,Part 335.out ↔ Part 337.in ↔ Part 339.in
analog input conversion,1736,316,ORef 297 (BWF 02 RUN) ↔ Part 337.operand
analog input conversion,1736,338,Part 337.out ↔ Part 273.en
analog input conversion,1736,318,ORef 298 (Data.SET_PERC_BWF02) ↔ Part 273.in1
analog input conversion,1736,319,ORef 299 (Data2.Set_TH) ↔ Part 273.in2
analog input conversion,1736,321,Part 273.eno ↔ Part 277.en
analog input conversion,1736,320,Part 273.out ↔ ORef 300 (temp4)
analog input conversion,1736,322,ORef 301 (temp4) ↔ Part 277.in1
analog input conversion,1736,323,ORef 302 (100) ↔ Part 277.in2
analog input conversion,1736,324,Part 277.out ↔ ORef 303 (Data.CLIENT_2)
analog input conversion,1736,325,ORef 304 (BWF 02 RUN) ↔ Part 339.operand
analog input conversion,1736,340,Part 339.out ↔ Part 284.en
analog input conversion,1736,327,ORef 305 (0) ↔ Part 284.in
analog input conversion,1736,328,Part 284.out1 ↔ ORef 306 (Data.CLIENT_2)
analog input conversion,1737,297,Powerrail {} ↔ Part 295.in
analog input conversion,1737,289,ORef 282 (OFF) ↔ Part 295.operand
analog input conversion,1737,296,Part 295.out ↔ Part 276.en
analog input conversion,1737,290,ORef 283 (ON) ↔ Part 276.IN0
analog input conversion,1737,291,ORef 284 (BWF01_Level) ↔ Part 276.Analog_input
analog input conversion,1737,292,ORef 285 (Coeff.COEFF_BWF1_HOPPER_LEVEL) ↔ Part 276.Coeff
analog input conversion,1737,293,ORef 286 (Coeff.ZERO_BWF1_HOPPER_LEVEL) ↔ Part 276.Zero
analog input conversion,1737,294,Part 276.OutValue ↔ ORef 287 (Data.CLIENT_3)
analog input conversion,1737,24,Part 276.Out_of_range ↔ ORef 23 (Allarm.Level_BWF01_OFR)
analog input conversion,1738,317,Powerrail {} ↔ Part 315.in
analog input conversion,1738,309,ORef 302 (ON) ↔ Part 315.operand
analog input conversion,1738,316,Part 315.out ↔ Part 296.en
analog input conversion,1738,310,ORef 303 (ON) ↔ Part 296.IN0
analog input conversion,1738,311,ORef 304 (BWF02_Level) ↔ Part 296.Analog_input
analog input conversion,1738,312,ORef 305 (Coeff.COEFF_BWF2_HOPPER_LEVEL) ↔ Part 296.Coeff
analog input conversion,1738,313,ORef 306 (Coeff.ZERO_BWF2_HOPPER_LEVEL) ↔ Part 296.Zero
analog input conversion,1738,314,Part 296.OutValue ↔ ORef 307 (Data.CLIENT_4)
analog input conversion,1738,24,Part 296.Out_of_range ↔ ORef 23 (Allarm.Level_BWF02_OFR)
analog input conversion,1739,337,Powerrail {} ↔ Part 335.in
analog input conversion,1739,329,ORef 322 (ON) ↔ Part 335.operand
analog input conversion,1739,336,Part 335.out ↔ Part 316.en
analog input conversion,1739,330,ORef 323 (ON) ↔ Part 316.IN0
analog input conversion,1739,331,ORef 324 (TC01) ↔ Part 316.Analog_input
analog input conversion,1739,332,ORef 325 (Coeff.COEFF_TC01) ↔ Part 316.Coeff
analog input conversion,1739,333,ORef 326 (Coeff.ZERO_TC01) ↔ Part 316.Zero
analog input conversion,1739,334,Part 316.OutValue ↔ ORef 327 (Data.Temp_TC01)
analog input conversion,1739,24,Part 316.Out_of_range ↔ ORef 23 (Allarm.TC01_OFR)
analog input conversion,1740,357,Powerrail {} ↔ Part 355.in
analog input conversion,1740,349,ORef 342 (ON) ↔ Part 355.operand
analog input conversion,1740,356,Part 355.out ↔ Part 336.en
analog input conversion,1740,350,ORef 343 (ON) ↔ Part 336.IN0
analog input conversion,1740,351,ORef 344 (TC02) ↔ Part 336.Analog_input
analog input conversion,1740,352,ORef 345 (Coeff.COEFF_TC02) ↔ Part 336.Coeff
analog input conversion,1740,353,ORef 346 (Coeff.ZERO_TC02) ↔ Part 336.Zero
analog input conversion,1740,354,Part 336.OutValue ↔ ORef 347 (Data.Temp_TC02)
analog input conversion,1740,24,Part 336.Out_of_range ↔ ORef 23 (Allarm.TC02_OFR)
analog input conversion,1741,377,Powerrail {} ↔ Part 375.in
analog input conversion,1741,369,ORef 362 (ON) ↔ Part 375.operand
analog input conversion,1741,376,Part 375.out ↔ Part 356.en
analog input conversion,1741,370,ORef 363 (ON) ↔ Part 356.IN0
analog input conversion,1741,371,ORef 364 (TC03) ↔ Part 356.Analog_input
analog input conversion,1741,372,ORef 365 (Coeff.COEFF_TC03) ↔ Part 356.Coeff
analog input conversion,1741,373,ORef 366 (Coeff.ZERO_TC03) ↔ Part 356.Zero
analog input conversion,1741,374,Part 356.OutValue ↔ ORef 367 (Data.Temp_TC03)
analog input conversion,1741,24,Part 356.Out_of_range ↔ ORef 23 (Allarm.TC03_OFR)
analog input conversion,1742,397,Powerrail {} ↔ Part 395.in
analog input conversion,1742,389,ORef 382 (ON) ↔ Part 395.operand
analog input conversion,1742,396,Part 395.out ↔ Part 376.en
analog input conversion,1742,390,ORef 383 (ON) ↔ Part 376.IN0
analog input conversion,1742,391,ORef 384 (TC06) ↔ Part 376.Analog_input
analog input conversion,1742,392,ORef 385 (Coeff.COEFF_TC06) ↔ Part 376.Coeff
analog input conversion,1742,393,ORef 386 (Coeff.ZERO_TC06) ↔ Part 376.Zero
analog input conversion,1742,394,Part 376.OutValue ↔ ORef 387 (Data.Temp_T6)
analog input conversion,1742,24,Part 376.Out_of_range ↔ ORef 23 (Allarm.TC06_OFR)
analog input conversion,1743,417,Powerrail {} ↔ Part 415.in
analog input conversion,1743,409,ORef 402 (OFF) ↔ Part 415.operand
analog input conversion,1743,416,Part 415.out ↔ Part 396.en
analog input conversion,1743,410,ORef 403 (ON) ↔ Part 396.IN0
analog input conversion,1743,411,ORef 404 (TC07) ↔ Part 396.Analog_input
analog input conversion,1743,412,ORef 405 (Coeff.COEFF_TC07) ↔ Part 396.Coeff
analog input conversion,1743,413,ORef 406 (Coeff.ZERO_TC07) ↔ Part 396.Zero
analog input conversion,1743,414,Part 396.OutValue ↔ ORef 407 (Data.TC_07)
analog input conversion,1743,24,Part 396.Out_of_range ↔ ORef 23 (Allarm.TC07_OFR)
analog input conversion,1744,437,Powerrail {} ↔ Part 435.in
analog input conversion,1744,29,ORef 30 (OFF) ↔ Part 435.operand
analog input conversion,1744,28,Part 435.out ↔ Part 416.en
analog input conversion,1744,430,ORef 423 (ON) ↔ Part 416.IN0
analog input conversion,1744,431,ORef 424 (ZT01) ↔ Part 416.Analog_input
analog input conversion,1744,432,ORef 425 (Coeff.COEFF_ZT01) ↔ Part 416.Coeff
analog input conversion,1744,433,ORef 426 (Coeff.ZERO_ZT01) ↔ Part 416.Zero
analog input conversion,1744,434,Part 416.OutValue ↔ ORef 427 (Data.ZT_01)
analog input conversion,1744,24,Part 416.Out_of_range ↔ ORef 23 (Allarm.ZT01_OFR)
analog input conversion,1745,457,Powerrail {} ↔ Part 455.in
analog input conversion,1745,449,ORef 442 (ON) ↔ Part 455.operand
analog input conversion,1745,456,Part 455.out ↔ Part 436.en
analog input conversion,1745,450,ORef 443 (ON) ↔ Part 436.IN0
analog input conversion,1745,451,ORef 444 (PSH01) ↔ Part 436.Analog_input
analog input conversion,1745,452,ORef 445 (Coeff.COEFF_PSH01) ↔ Part 436.Coeff
analog input conversion,1745,453,ORef 446 (Coeff.ZERO_PSH01) ↔ Part 436.Zero
analog input conversion,1745,454,Part 436.OutValue ↔ ORef 447 (Data.Press_PC01)
analog input conversion,1745,24,Part 436.Out_of_range ↔ ORef 23 (Allarm.PSH01_OFR)
analog input conversion,1746,477,Powerrail {} ↔ Part 475.in
analog input conversion,1746,469,ORef 462 (ON) ↔ Part 475.operand
analog input conversion,1746,476,Part 475.out ↔ Part 456.en
analog input conversion,1746,470,ORef 463 (ON) ↔ Part 456.IN0
analog input conversion,1746,471,ORef 464 (PSH02) ↔ Part 456.Analog_input
analog input conversion,1746,472,ORef 465 (Coeff.COEFF_PSH02) ↔ Part 456.Coeff
analog input conversion,1746,473,ORef 466 (Coeff.ZERO_PSH02) ↔ Part 456.Zero
analog input conversion,1746,474,Part 456.OutValue ↔ ORef 467 (Data.PSH_02)
analog input conversion,1746,24,Part 456.Out_of_range ↔ ORef 23 (Allarm.PSH02_OFR)
analog input conversion,1747,497,Powerrail {} ↔ Part 495.in
analog input conversion,1747,489,ORef 482 (ON) ↔ Part 495.operand
analog input conversion,1747,496,Part 495.out ↔ Part 476.en
analog input conversion,1747,490,ORef 483 (ON) ↔ Part 476.IN0
analog input conversion,1747,491,ORef 484 (PSH03) ↔ Part 476.Analog_input
analog input conversion,1747,492,ORef 485 (Coeff.Coeff_PSH03) ↔ Part 476.Coeff
analog input conversion,1747,493,ORef 486 (Coeff.Zero_PSH03) ↔ Part 476.Zero
analog input conversion,1747,494,Part 476.OutValue ↔ ORef 487 (Data.PSH03)
analog input conversion,1747,24,Part 476.Out_of_range ↔ ORef 23 (Allarm.PSH03_OFR)
analog input conversion,1748,517,Powerrail {} ↔ Part 515.in
analog input conversion,1748,509,ORef 502 (OFF) ↔ Part 515.operand
analog input conversion,1748,516,Part 515.out ↔ Part 496.en
analog input conversion,1748,510,ORef 503 (ON) ↔ Part 496.IN0
analog input conversion,1748,511,ORef 504 (R001) ↔ Part 496.Analog_input
analog input conversion,1748,512,ORef 505 (Coeff.COEFF_R01) ↔ Part 496.Coeff
analog input conversion,1748,513,ORef 506 (Coeff.ZERO_R01) ↔ Part 496.Zero
analog input conversion,1748,514,Part 496.OutValue ↔ ORef 507 (Data.Oxigen_RO01)
analog input conversion,1748,24,Part 496.Out_of_range ↔ ORef 23 (Allarm.Ro01_OFR)
analog input conversion,1749,537,Powerrail {} ↔ Part 535.in
analog input conversion,1749,529,ORef 522 (OFF) ↔ Part 535.operand
analog input conversion,1749,536,Part 535.out ↔ Part 516.en
analog input conversion,1749,530,ORef 523 (ON) ↔ Part 516.IN0
analog input conversion,1749,531,ORef 524 (R002) ↔ Part 516.Analog_input
analog input conversion,1749,532,ORef 525 (Coeff.COEFF_R02) ↔ Part 516.Coeff
analog input conversion,1749,533,ORef 526 (Coeff.ZERO_R02) ↔ Part 516.Zero
analog input conversion,1749,534,Part 516.OutValue ↔ ORef 527 (Data.Oxigen_RO02)
analog input conversion,1749,24,Part 516.Out_of_range ↔ ORef 23 (Allarm.RO02_OFR)
analog input conversion,1750,598,Powerrail {} ↔ Part 594.in
analog input conversion,1750,21,ORef 22 (OFF) ↔ Part 594.operand
analog input conversion,1750,595,Part 594.out ↔ Part 558.en ↔ Part 596.in
analog input conversion,1750,583,ORef 572 (ON) ↔ Part 558.IN0
analog input conversion,1750,584,ORef 573 (R003) ↔ Part 558.Analog_input
analog input conversion,1750,585,ORef 574 (Coeff.COEFF_R03) ↔ Part 558.Coeff
analog input conversion,1750,586,ORef 575 (Coeff.ZERO_R03) ↔ Part 558.Zero
analog input conversion,1750,587,Part 558.OutValue ↔ ORef 576 (Data.RO03)
analog input conversion,1750,24,Part 558.Out_of_range ↔ ORef 23 (Allarm.RO03_OFR)
analog input conversion,1750,588,ORef 578 (OFF) ↔ Part 596.operand
analog input conversion,1750,597,Part 596.out ↔ Part 566.en
analog input conversion,1750,590,ORef 579 (Data.Oxigen_RO02) ↔ Part 566.in1
analog input conversion,1750,591,ORef 580 (11) ↔ Part 566.in2
analog input conversion,1750,592,Part 566.out ↔ ORef 581 (Data.RO03)
analog input conversion,1751,596,Powerrail {} ↔ Part 594.in
analog input conversion,1751,588,ORef 581 (OFF) ↔ Part 594.operand
analog input conversion,1751,595,Part 594.out ↔ Part 575.en
analog input conversion,1751,589,ORef 582 (ON) ↔ Part 575.IN0
analog input conversion,1751,590,ORef 583 (R004) ↔ Part 575.Analog_input
analog input conversion,1751,591,ORef 584 (Coeff.COEFF_R04) ↔ Part 575.Coeff
analog input conversion,1751,592,ORef 585 (Coeff.ZERO_R04) ↔ Part 575.Zero
analog input conversion,1751,593,Part 575.OutValue ↔ ORef 586 (Data.RO04)
analog input conversion,1751,24,Part 575.Out_of_range ↔ ORef 23 (Allarm.RO04_OFR)
analog input conversion,1752,616,Powerrail {} ↔ Part 614.in
analog input conversion,1752,608,ORef 601 (ON) ↔ Part 614.operand
analog input conversion,1752,615,Part 614.out ↔ Part 595.en
analog input conversion,1752,609,ORef 602 (ON) ↔ Part 595.IN0
analog input conversion,1752,610,ORef 603 (BR01_GAS) ↔ Part 595.Analog_input
analog input conversion,1752,611,ORef 604 (Coeff.COEFF_TRASM_GAS_BR01) ↔ Part 595.Coeff
analog input conversion,1752,612,ORef 605 (Coeff.ZERO_TRASM_GAS_BR01) ↔ Part 595.Zero
analog input conversion,1752,613,Part 595.OutValue ↔ ORef 606 (Data.GAS_BR_01)
analog input conversion,1752,24,Part 595.Out_of_range ↔ ORef 23 (Allarm.BR01_Gas_OFR)
analog input conversion,1753,636,Powerrail {} ↔ Part 634.in
analog input conversion,1753,628,ORef 621 (ON) ↔ Part 634.operand
analog input conversion,1753,635,Part 634.out ↔ Part 615.en
analog input conversion,1753,629,ORef 622 (ON) ↔ Part 615.IN0
analog input conversion,1753,630,ORef 623 (BR01_AIR) ↔ Part 615.Analog_input
analog input conversion,1753,631,ORef 624 (Coeff.COEFF_TRASM_AIR_BR01) ↔ Part 615.Coeff
analog input conversion,1753,632,ORef 625 (Coeff.ZERO_TRASM_AIR_BR01) ↔ Part 615.Zero
analog input conversion,1753,633,Part 615.OutValue ↔ ORef 626 (Data.AIR_BR_01)
analog input conversion,1753,24,Part 615.Out_of_range ↔ ORef 23 (Allarm.BR01_Air_OFR)
analog input conversion,1754,699,Powerrail {} ↔ Part 697.in
analog input conversion,1754,684,ORef 672 (ON) ↔ Part 697.operand
analog input conversion,1754,698,Part 697.out ↔ Part 659.en ↔ Part 666.pre
analog input conversion,1754,685,ORef 674 (ON) ↔ Part 659.IN0
analog input conversion,1754,686,ORef 675 (BR01_FlowMeter_GAS) ↔ Part 659.Analog_input
analog input conversion,1754,687,ORef 676 (Coeff.COEFF_FLOW_GAS_BR01) ↔ Part 659.Coeff
analog input conversion,1754,688,ORef 677 (Coeff.ZERO_FLOW_GAS_BR01) ↔ Part 659.Zero
analog input conversion,1754,689,Part 659.OutValue ↔ ORef 678 (Data.MASSICO_FLOW_GAS)
analog input conversion,1754,24,Part 659.Out_of_range ↔ ORef 23 (Allarm.Massico_Gas_OFR)
analog input conversion,1754,690,ORef 680 (Data.MASSICO_FLOW_GAS) ↔ Part 666.in1
analog input conversion,1754,691,ORef 681 (1) ↔ Part 666.in2
analog input conversion,1754,692,Part 666.out ↔ Part 669.en
analog input conversion,1754,694,ORef 682 (1) ↔ Part 669.in
analog input conversion,1754,695,Part 669.out1 ↔ ORef 683 (Data.MASSICO_FLOW_GAS)
analog input conversion,1755,697,Powerrail {} ↔ Part 695.in
analog input conversion,1755,689,ORef 682 (ON) ↔ Part 695.operand
analog input conversion,1755,696,Part 695.out ↔ Part 676.en
analog input conversion,1755,690,ORef 683 (ON) ↔ Part 676.IN0
analog input conversion,1755,691,ORef 684 (BR01_FlowMeter_AIR) ↔ Part 676.Analog_input
analog input conversion,1755,692,ORef 685 (Coeff.COEFF_FLOW_AIR_BR01) ↔ Part 676.Coeff
analog input conversion,1755,693,ORef 686 (Coeff.ZERO_FLOW_AIR_BR01) ↔ Part 676.Zero
analog input conversion,1755,694,Part 676.OutValue ↔ ORef 687 (Data.MASSICO_FLOW_AIR)
analog input conversion,1755,24,Part 676.Out_of_range ↔ ORef 23 (Allarm.Massico_Air_OFR)
analog input conversion,1756,50,Powerrail {} ↔ Part 21.in
analog input conversion,1756,51,ORef 25 (Simulation(1)) ↔ Part 21.operand
analog input conversion,1756,52,Part 21.out ↔ Part 22.in
analog input conversion,1756,53,ORef 26 (EM_OK) ↔ Part 22.operand
analog input conversion,1756,54,Part 22.out ↔ Part 23.en
analog input conversion,1756,55,ORef 27 (fill_unit1.CONTROL_SIGNALS.SW_GATE0) ↔ Part 23.SwGate
analog input conversion,1756,56,ORef 28 (RefId (RefId 없음)) ↔ Part 23.CaptureEnable
analog input conversion,1756,57,ORef 29 (RefId (RefId 없음)) ↔ Part 23.SyncEnable
analog input conversion,1756,58,ORef 30 (Flag.RESET_ALLARM) ↔ Part 23.ErrorAck
analog input conversion,1756,59,ORef 31 (Flag.RESET_ALLARM) ↔ Part 23.EventAck
analog input conversion,1756,60,ORef 32 (RefId (RefId 없음)) ↔ Part 23.SetCountValue
analog input conversion,1756,61,Part 23.StatusHW ↔ ORef 33 (RefId (RefId 없음))
analog input conversion,1756,62,Part 23.StatusGate ↔ ORef 34 (RefId (RefId 없음))
analog input conversion,1756,63,Part 23.StatusUp ↔ ORef 35 (RefId (RefId 없음))
analog input conversion,1756,64,Part 23.StatusDown ↔ ORef 36 (RefId (RefId 없음))
analog input conversion,1756,65,Part 23.CompResult0 ↔ ORef 37 (RefId (RefId 없음))
analog input conversion,1756,66,Part 23.CompResult1 ↔ ORef 38 (RefId (RefId 없음))
analog input conversion,1756,67,Part 23.SyncStatus ↔ ORef 39 (RefId (RefId 없음))
analog input conversion,1756,68,Part 23.CaptureStatus ↔ ORef 40 (RefId (RefId 없음))
analog input conversion,1756,69,Part 23.CapturedValue ↔ ORef 41 (RefId (RefId 없음))
analog input conversion,1756,70,Part 23.ZeroStatus ↔ ORef 42 (RefId (RefId 없음))
analog input conversion,1756,71,Part 23.PosOverflow ↔ ORef 43 (RefId (RefId 없음))
analog input conversion,1756,72,Part 23.NegOverflow ↔ ORef 44 (RefId (RefId 없음))
analog input conversion,1756,73,Part 23.Error ↔ ORef 45 (RefId (RefId 없음))
analog input conversion,1756,74,Part 23.ErrorID ↔ ORef 46 (RefId (RefId 없음))
analog input conversion,1756,75,Part 23.CountValue ↔ ORef 47 (fill_unit1.ACT_CNTV0)
analog input conversion,1756,76,Part 23.MeasuredValue ↔ ORef 48 (RefId (RefId 없음))
analog input conversion,1756,77,Part 23.CompareMeasuredValue ↔ ORef 49 (RefId (RefId 없음))
analog input conversion,1757,48,Powerrail {} ↔ Part 74.in
analog input conversion,1757,77,ORef 75 (Simulation(1)) ↔ Part 74.operand
analog input conversion,1757,76,Part 74.out ↔ Part 21.in
analog input conversion,1757,49,ORef 24 (EM_OK) ↔ Part 21.operand
analog input conversion,1757,50,Part 21.out ↔ Part 22.en
analog input conversion,1757,51,ORef 25 (fill_unit1.CONTROL_SIGNALS.SW_GATE1) ↔ Part 22.SwGate
analog input conversion,1757,52,ORef 26 (RefId (RefId 없음)) ↔ Part 22.CaptureEnable
analog input conversion,1757,53,ORef 27 (RefId (RefId 없음)) ↔ Part 22.SyncEnable
analog input conversion,1757,54,ORef 28 (RefId (RefId 없음)) ↔ Part 22.ErrorAck
analog input conversion,1757,55,ORef 29 (RefId (RefId 없음)) ↔ Part 22.EventAck
analog input conversion,1757,56,ORef 30 (RefId (RefId 없음)) ↔ Part 22.SetCountValue
analog input conversion,1757,57,Part 22.StatusHW ↔ ORef 31 (RefId (RefId 없음))
analog input conversion,1757,58,Part 22.StatusGate ↔ ORef 32 (RefId (RefId 없음))
analog input conversion,1757,59,Part 22.StatusUp ↔ ORef 33 (RefId (RefId 없음))
analog input conversion,1757,60,Part 22.StatusDown ↔ ORef 34 (RefId (RefId 없음))
analog input conversion,1757,61,Part 22.CompResult0 ↔ ORef 35 (RefId (RefId 없음))
analog input conversion,1757,62,Part 22.CompResult1 ↔ ORef 36 (RefId (RefId 없음))
analog input conversion,1757,63,Part 22.SyncStatus ↔ ORef 37 (RefId (RefId 없음))
analog input conversion,1757,64,Part 22.CaptureStatus ↔ ORef 38 (RefId (RefId 없음))
analog input conversion,1757,65,Part 22.CapturedValue ↔ ORef 39 (RefId (RefId 없음))
analog input conversion,1757,66,Part 22.ZeroStatus ↔ ORef 40 (RefId (RefId 없음))
analog input conversion,1757,67,Part 22.PosOverflow ↔ ORef 41 (RefId (RefId 없음))
analog input conversion,1757,68,Part 22.NegOverflow ↔ ORef 42 (RefId (RefId 없음))
analog input conversion,1757,69,Part 22.Error ↔ ORef 43 (RefId (RefId 없음))
analog input conversion,1757,70,Part 22.ErrorID ↔ ORef 44 (RefId (RefId 없음))
analog input conversion,1757,71,Part 22.CountValue ↔ ORef 45 (fill_unit1.ACT_CNTV1)
analog input conversion,1757,72,Part 22.MeasuredValue ↔ ORef 46 (RefId (RefId 없음))
analog input conversion,1757,73,Part 22.CompareMeasuredValue ↔ ORef 47 (RefId (RefId 없음))
analog input conversion,1758,48,Powerrail {} ↔ Part 75.in
analog input conversion,1758,74,ORef 76 (Simulation(1)) ↔ Part 75.operand
analog input conversion,1758,77,Part 75.out ↔ Part 21.in
analog input conversion,1758,49,ORef 24 (EM_OK) ↔ Part 21.operand
analog input conversion,1758,50,Part 21.out ↔ Part 22.en
analog input conversion,1758,51,ORef 25 (fill_unit1.CONTROL_SIGNALS.SW_GATE2) ↔ Part 22.SwGate
analog input conversion,1758,52,ORef 26 (RefId (RefId 없음)) ↔ Part 22.CaptureEnable
analog input conversion,1758,53,ORef 27 (RefId (RefId 없음)) ↔ Part 22.SyncEnable
analog input conversion,1758,54,ORef 28 (RefId (RefId 없음)) ↔ Part 22.ErrorAck
analog input conversion,1758,55,ORef 29 (RefId (RefId 없음)) ↔ Part 22.EventAck
analog input conversion,1758,56,ORef 30 (RefId (RefId 없음)) ↔ Part 22.SetCountValue
analog input conversion,1758,57,Part 22.StatusHW ↔ ORef 31 (RefId (RefId 없음))
analog input conversion,1758,58,Part 22.StatusGate ↔ ORef 32 (RefId (RefId 없음))
analog input conversion,1758,59,Part 22.StatusUp ↔ ORef 33 (RefId (RefId 없음))
analog input conversion,1758,60,Part 22.StatusDown ↔ ORef 34 (RefId (RefId 없음))
analog input conversion,1758,61,Part 22.CompResult0 ↔ ORef 35 (RefId (RefId 없음))
analog input conversion,1758,62,Part 22.CompResult1 ↔ ORef 36 (RefId (RefId 없음))
analog input conversion,1758,63,Part 22.SyncStatus ↔ ORef 37 (RefId (RefId 없음))
analog input conversion,1758,64,Part 22.CaptureStatus ↔ ORef 38 (RefId (RefId 없음))
analog input conversion,1758,65,Part 22.CapturedValue ↔ ORef 39 (RefId (RefId 없음))
analog input conversion,1758,66,Part 22.ZeroStatus ↔ ORef 40 (RefId (RefId 없음))
analog input conversion,1758,67,Part 22.PosOverflow ↔ ORef 41 (RefId (RefId 없음))
analog input conversion,1758,68,Part 22.NegOverflow ↔ ORef 42 (RefId (RefId 없음))
analog input conversion,1758,69,Part 22.Error ↔ ORef 43 (RefId (RefId 없음))
analog input conversion,1758,70,Part 22.ErrorID ↔ ORef 44 (RefId (RefId 없음))
analog input conversion,1758,71,Part 22.CountValue ↔ ORef 45 (fill_unit1.ACT_CNTV2)
analog input conversion,1758,72,Part 22.MeasuredValue ↔ ORef 46 (RefId (RefId 없음))
analog input conversion,1758,73,Part 22.CompareMeasuredValue ↔ ORef 47 (RefId (RefId 없음))
analog input conversion,1759,50,Powerrail {} ↔ Part 21.in
analog input conversion,1759,51,ORef 25 (Simulation(1)) ↔ Part 21.operand
analog input conversion,1759,52,Part 21.out ↔ Part 22.in
analog input conversion,1759,53,ORef 26 (EM_OK) ↔ Part 22.operand
analog input conversion,1759,54,Part 22.out ↔ Part 23.en
analog input conversion,1759,55,ORef 27 (fill_unit1.CONTROL_SIGNALS.SW_GATE3) ↔ Part 23.SwGate
analog input conversion,1759,56,ORef 28 (RefId (RefId 없음)) ↔ Part 23.CaptureEnable
analog input conversion,1759,57,ORef 29 (RefId (RefId 없음)) ↔ Part 23.SyncEnable
analog input conversion,1759,58,ORef 30 (RefId (RefId 없음)) ↔ Part 23.ErrorAck
analog input conversion,1759,59,ORef 31 (RefId (RefId 없음)) ↔ Part 23.EventAck
analog input conversion,1759,60,ORef 32 (RefId (RefId 없음)) ↔ Part 23.SetCountValue
analog input conversion,1759,61,Part 23.StatusHW ↔ ORef 33 (RefId (RefId 없음))
analog input conversion,1759,62,Part 23.StatusGate ↔ ORef 34 (RefId (RefId 없음))
analog input conversion,1759,63,Part 23.StatusUp ↔ ORef 35 (RefId (RefId 없음))
analog input conversion,1759,64,Part 23.StatusDown ↔ ORef 36 (RefId (RefId 없음))
analog input conversion,1759,65,Part 23.CompResult0 ↔ ORef 37 (RefId (RefId 없음))
analog input conversion,1759,66,Part 23.CompResult1 ↔ ORef 38 (RefId (RefId 없음))
analog input conversion,1759,67,Part 23.SyncStatus ↔ ORef 39 (RefId (RefId 없음))
analog input conversion,1759,68,Part 23.CaptureStatus ↔ ORef 40 (RefId (RefId 없음))
analog input conversion,1759,69,Part 23.CapturedValue ↔ ORef 41 (RefId (RefId 없음))
analog input conversion,1759,70,Part 23.ZeroStatus ↔ ORef 42 (RefId (RefId 없음))
analog input conversion,1759,71,Part 23.PosOverflow ↔ ORef 43 (RefId (RefId 없음))
analog input conversion,1759,72,Part 23.NegOverflow ↔ ORef 44 (RefId (RefId 없음))
analog input conversion,1759,73,Part 23.Error ↔ ORef 45 (RefId (RefId 없음))
analog input conversion,1759,74,Part 23.ErrorID ↔ ORef 46 (RefId (RefId 없음))
analog input conversion,1759,75,Part 23.CountValue ↔ ORef 47 (fill_unit1.ACT_CNTV3)
analog input conversion,1759,76,Part 23.MeasuredValue ↔ ORef 48 (RefId (RefId 없음))
analog input conversion,1759,77,Part 23.CompareMeasuredValue ↔ ORef 49 (RefId (RefId 없음))
analog input conversion,1760,50,Powerrail {} ↔ Part 21.in
analog input conversion,1760,51,ORef 25 (Simulation(1)) ↔ Part 21.operand
analog input conversion,1760,52,Part 21.out ↔ Part 22.in
analog input conversion,1760,53,ORef 26 (EM_OK) ↔ Part 22.operand
analog input conversion,1760,54,Part 22.out ↔ Part 23.en
analog input conversion,1760,55,ORef 27 (fill_unit1.CONTROL_SIGNALS.SW_GATE4) ↔ Part 23.SwGate
analog input conversion,1760,56,ORef 28 (RefId (RefId 없음)) ↔ Part 23.CaptureEnable
analog input conversion,1760,57,ORef 29 (RefId (RefId 없음)) ↔ Part 23.SyncEnable
analog input conversion,1760,58,ORef 30 (RefId (RefId 없음)) ↔ Part 23.ErrorAck
analog input conversion,1760,59,ORef 31 (RefId (RefId 없음)) ↔ Part 23.EventAck
analog input conversion,1760,60,ORef 32 (RefId (RefId 없음)) ↔ Part 23.SetCountValue
analog input conversion,1760,61,Part 23.StatusHW ↔ ORef 33 (RefId (RefId 없음))
analog input conversion,1760,62,Part 23.StatusGate ↔ ORef 34 (RefId (RefId 없음))
analog input conversion,1760,63,Part 23.StatusUp ↔ ORef 35 (RefId (RefId 없음))
analog input conversion,1760,64,Part 23.StatusDown ↔ ORef 36 (RefId (RefId 없음))
analog input conversion,1760,65,Part 23.CompResult0 ↔ ORef 37 (RefId (RefId 없음))
analog input conversion,1760,66,Part 23.CompResult1 ↔ ORef 38 (RefId (RefId 없음))
analog input conversion,1760,67,Part 23.SyncStatus ↔ ORef 39 (RefId (RefId 없음))
analog input conversion,1760,68,Part 23.CaptureStatus ↔ ORef 40 (RefId (RefId 없음))
analog input conversion,1760,69,Part 23.CapturedValue ↔ ORef 41 (RefId (RefId 없음))
analog input conversion,1760,70,Part 23.ZeroStatus ↔ ORef 42 (RefId (RefId 없음))
analog input conversion,1760,71,Part 23.PosOverflow ↔ ORef 43 (RefId (RefId 없음))
analog input conversion,1760,72,Part 23.NegOverflow ↔ ORef 44 (RefId (RefId 없음))
analog input conversion,1760,73,Part 23.Error ↔ ORef 45 (RefId (RefId 없음))
analog input conversion,1760,74,Part 23.ErrorID ↔ ORef 46 (RefId (RefId 없음))
analog input conversion,1760,75,Part 23.CountValue ↔ ORef 47 (fill_unit1.ACT_CNTV4)
analog input conversion,1760,76,Part 23.MeasuredValue ↔ ORef 48 (RefId (RefId 없음))
analog input conversion,1760,77,Part 23.CompareMeasuredValue ↔ ORef 49 (RefId (RefId 없음))
analog input conversion,1761,965,Powerrail {} ↔ Part 963.in
analog input conversion,1761,951,ORef 940 (EM_OK) ↔ Part 963.operand
analog input conversion,1761,964,Part 963.out ↔ Part 917.en ↔ Part 922.en ↔ Part 927.en ↔ Part 932.en ↔ Part 937.en
analog input conversion,1761,952,ORef 941 (CNT_Act_0) ↔ Part 917.in
analog input conversion,1761,953,Part 917.out1 ↔ ORef 942 (Memory encoder.Encoder_CH00)
analog input conversion,1761,954,ORef 943 (CNT_Act_1) ↔ Part 922.in
analog input conversion,1761,955,Part 922.out1 ↔ ORef 944 (Memory encoder.Encoder_CH01)
analog input conversion,1761,956,ORef 945 (CNT_Act_2) ↔ Part 927.in
analog input conversion,1761,957,Part 927.out1 ↔ ORef 946 (Memory encoder.Encoder_CH02)
analog input conversion,1761,958,ORef 947 (CNT_Act_3) ↔ Part 932.in
analog input conversion,1761,959,Part 932.out1 ↔ ORef 948 (Memory encoder.Encoder_CH03)
analog input conversion,1761,960,ORef 949 (CNT_Act_4) ↔ Part 937.in
analog input conversion,1761,961,Part 937.out1 ↔ ORef 950 (Memory encoder.Encoder_CH04)
analog input conversion,1762,1119,Powerrail {} ↔ Part 1113.in
analog input conversion,1762,1087,ORef 1064 (EM_OK) ↔ Part 1113.operand
analog input conversion,1762,1114,Part 1113.out ↔ Part 1115.in ↔ Part 1117.in ↔ Part 1059.en
analog input conversion,1762,1088,ORef 1065 (MV01_Close) ↔ Part 1115.operand
analog input conversion,1762,1116,Part 1115.out ↔ Part 1025.in ↔ Part 1030.en
analog input conversion,1762,1089,ORef 1066 (fill_unit1.CONTROL_SIGNALS.SW_GATE0) ↔ Part 1025.operand
analog input conversion,1762,1090,ORef 1067 (Memory encoder.Encoder_CH00) ↔ Part 1030.in1
analog input conversion,1762,1091,ORef 1068 (fill_unit1.ACT_CNTV0) ↔ Part 1030.in2
analog input conversion,1762,1093,Part 1030.eno ↔ Part 1034.en
analog input conversion,1762,1092,Part 1030.out ↔ ORef 1069 (CNT_Act_0)
analog input conversion,1762,1094,ORef 1070 (CNT_Act_0) ↔ Part 1034.in1
analog input conversion,1762,1095,ORef 1071 (100) ↔ Part 1034.in2
analog input conversion,1762,1097,Part 1034.eno ↔ Part 1038.en
analog input conversion,1762,1096,Part 1034.out ↔ ORef 1072 (CNTV0_100)
analog input conversion,1762,1098,ORef 1073 (CNTV0_100) ↔ Part 1038.in
analog input conversion,1762,1099,Part 1038.out1 ↔ ORef 1074 (Memory encoder.Encoder_CH00_10)
analog input conversion,1762,1101,ORef 1075 (fill_unit1.CONTROL_SIGNALS.SW_GATE0) ↔ Part 1117.operand
analog input conversion,1762,1118,Part 1117.out ↔ Part 1047.en ↔ Part 1052.en
analog input conversion,1762,1102,ORef 1076 (0) ↔ Part 1047.in
analog input conversion,1762,1103,Part 1047.out1 ↔ ORef 1077 (Memory encoder.Encoder_CH00_10)
analog input conversion,1762,1104,ORef 1078 (INT#0) ↔ Part 1052.in
analog input conversion,1762,1105,Part 1052.out1 ↔ ORef 1079 (Memory encoder.Encoder_CH00)
analog input conversion,1762,1107,ORef 1081 (ON) ↔ Part 1059.IN0
analog input conversion,1762,1108,ORef 1082 (Memory encoder.Encoder_CH00_10) ↔ Part 1059.Analog_input
analog input conversion,1762,1109,ORef 1083 (Coeff.COEFF_TRASM_MV01) ↔ Part 1059.Coeff
analog input conversion,1762,1110,ORef 1084 (Coeff.ZERO_TRASM_MV01) ↔ Part 1059.Zero
analog input conversion,1762,1111,Part 1059.OutValue ↔ ORef 1085 (Data.Pot_MV01)
analog input conversion,1762,24,Part 1059.Out_of_range ↔ ORef 23 (Allarm.Pot_MV01_OFR)
analog input conversion,1763,53,Powerrail {} ↔ Part 21.in
analog input conversion,1763,54,ORef 32 (EM_OK) ↔ Part 21.operand
analog input conversion,1763,55,Part 21.out ↔ Part 22.in ↔ Part 27.in ↔ Part 30.en
analog input conversion,1763,33,ORef 56 (MV02_Close) ↔ Part 22.operand
analog input conversion,1763,57,Part 22.out ↔ Part 23.in ↔ Part 24.en
analog input conversion,1763,58,ORef 34 (fill_unit1.CONTROL_SIGNALS.SW_GATE1) ↔ Part 23.operand
analog input conversion,1763,59,ORef 35 (Memory encoder.Encoder_CH01) ↔ Part 24.in1
analog input conversion,1763,60,ORef 36 (fill_unit1.ACT_CNTV1) ↔ Part 24.in2
analog input conversion,1763,61,Part 24.eno ↔ Part 25.en
analog input conversion,1763,62,Part 24.out ↔ ORef 37 (CNT_Act_1)
analog input conversion,1763,63,ORef 38 (CNT_Act_1) ↔ Part 25.in1
analog input conversion,1763,64,ORef 39 (100) ↔ Part 25.in2
analog input conversion,1763,65,Part 25.eno ↔ Part 26.en
analog input conversion,1763,66,Part 25.out ↔ ORef 40 (CNTV1_100)
analog input conversion,1763,67,ORef 41 (CNTV1_100) ↔ Part 26.in
analog input conversion,1763,68,Part 26.out1 ↔ ORef 42 (Memory encoder.Encoder_CH01_10)
analog input conversion,1763,69,ORef 43 (fill_unit1.CONTROL_SIGNALS.SW_GATE1) ↔ Part 27.operand
analog input conversion,1763,70,Part 27.out ↔ Part 28.en ↔ Part 29.en
analog input conversion,1763,71,ORef 44 (0) ↔ Part 28.in
analog input conversion,1763,72,Part 28.out1 ↔ ORef 45 (Memory encoder.Encoder_CH01_10)
analog input conversion,1763,73,ORef 46 (INT#0) ↔ Part 29.in
analog input conversion,1763,74,Part 29.out1 ↔ ORef 47 (Memory encoder.Encoder_CH01)
analog input conversion,1763,75,ORef 48 (ON) ↔ Part 30.IN0
analog input conversion,1763,76,ORef 49 (Memory encoder.Encoder_CH01_10) ↔ Part 30.Analog_input
analog input conversion,1763,77,ORef 50 (Coeff.COEFF_TRASM_MV02) ↔ Part 30.Coeff
analog input conversion,1763,78,ORef 51 (Coeff.ZERO_TRASM_MV02) ↔ Part 30.Zero
analog input conversion,1763,79,Part 30.OutValue ↔ ORef 52 (Data.Pot_MV02)
analog input conversion,1763,83,Part 30.Out_of_range ↔ ORef 82 (Allarm.Pot_MV02_OFR)
analog input conversion,1764,1223,Powerrail {} ↔ Part 1217.in
analog input conversion,1764,1191,ORef 1168 (EM_OK) ↔ Part 1217.operand
analog input conversion,1764,1218,Part 1217.out ↔ Part 1219.in ↔ Part 1221.in ↔ Part 1163.en
analog input conversion,1764,21,ORef 22 (Inputs.MV03 Close) ↔ Part 1219.operand
analog input conversion,1764,1220,Part 1219.out ↔ Part 1129.in ↔ Part 1134.en
analog input conversion,1764,1193,ORef 1170 (fill_unit1.CONTROL_SIGNALS.SW_GATE2) ↔ Part 1129.operand
analog input conversion,1764,1194,ORef 1171 (Memory encoder.Encoder_CH02) ↔ Part 1134.in1
analog input conversion,1764,1195,ORef 1172 (fill_unit1.ACT_CNTV2) ↔ Part 1134.in2
analog input conversion,1764,1197,Part 1134.eno ↔ Part 1138.en
analog input conversion,1764,1196,Part 1134.out ↔ ORef 1173 (CNT_Act_2)
analog input conversion,1764,1198,ORef 1174 (CNT_Act_2) ↔ Part 1138.in1
analog input conversion,1764,1199,ORef 1175 (100) ↔ Part 1138.in2
analog input conversion,1764,1201,Part 1138.eno ↔ Part 1142.en
analog input conversion,1764,1200,Part 1138.out ↔ ORef 1176 (CNTV2_100)
analog input conversion,1764,1202,ORef 1177 (CNTV2_100) ↔ Part 1142.in
analog input conversion,1764,1203,Part 1142.out1 ↔ ORef 1178 (Memory encoder.Encoder_CH02_10)
analog input conversion,1764,1205,ORef 1179 (fill_unit1.CONTROL_SIGNALS.SW_GATE2) ↔ Part 1221.operand
analog input conversion,1764,1222,Part 1221.out ↔ Part 1151.en ↔ Part 1156.en
analog input conversion,1764,1206,ORef 1180 (0) ↔ Part 1151.in
analog input conversion,1764,1207,Part 1151.out1 ↔ ORef 1181 (Memory encoder.Encoder_CH02_10)
analog input conversion,1764,1208,ORef 1182 (INT#0) ↔ Part 1156.in
analog input conversion,1764,1209,Part 1156.out1 ↔ ORef 1183 (Memory encoder.Encoder_CH02)
analog input conversion,1764,1211,ORef 1185 (ON) ↔ Part 1163.IN0
analog input conversion,1764,1212,ORef 1186 (Memory encoder.Encoder_CH02_10) ↔ Part 1163.Analog_input
analog input conversion,1764,1213,ORef 1187 (Coeff.COEFF_TRASM_MV03) ↔ Part 1163.Coeff
analog input conversion,1764,1214,ORef 1188 (Coeff.ZERO_TRASM_MV03) ↔ Part 1163.Zero
analog input conversion,1764,1215,Part 1163.OutValue ↔ ORef 1189 (Data.Pot_MV03)
analog input conversion,1764,24,Part 1163.Out_of_range ↔ ORef 23 (Allarm.Pot_MV03_OFR)
analog input conversion,1765,1327,Powerrail {} ↔ Part 1321.in
analog input conversion,1765,1295,ORef 1272 (EM_OK) ↔ Part 1321.operand
analog input conversion,1765,1322,Part 1321.out ↔ Part 1323.in ↔ Part 1325.in ↔ Part 1267.en
analog input conversion,1765,21,ORef 22 (MV05_Close) ↔ Part 1323.operand
analog input conversion,1765,1324,Part 1323.out ↔ Part 1233.in ↔ Part 1238.en
analog input conversion,1765,1297,ORef 1274 (fill_unit1.CONTROL_SIGNALS.SW_GATE3) ↔ Part 1233.operand
analog input conversion,1765,1298,ORef 1275 (Memory encoder.Encoder_CH03) ↔ Part 1238.in1
analog input conversion,1765,1299,ORef 1276 (fill_unit1.ACT_CNTV3) ↔ Part 1238.in2
analog input conversion,1765,1301,Part 1238.eno ↔ Part 1242.en
analog input conversion,1765,1300,Part 1238.out ↔ ORef 1277 (CNT_Act_3)
analog input conversion,1765,1302,ORef 1278 (CNT_Act_3) ↔ Part 1242.in1
analog input conversion,1765,1303,ORef 1279 (100) ↔ Part 1242.in2
analog input conversion,1765,1305,Part 1242.eno ↔ Part 1246.en
analog input conversion,1765,1304,Part 1242.out ↔ ORef 1280 (CNTV3_100)
analog input conversion,1765,1306,ORef 1281 (CNTV3_100) ↔ Part 1246.in
analog input conversion,1765,1307,Part 1246.out1 ↔ ORef 1282 (Memory encoder.Encoder_CH03_10)
analog input conversion,1765,1309,ORef 1283 (fill_unit1.CONTROL_SIGNALS.SW_GATE3) ↔ Part 1325.operand
analog input conversion,1765,1326,Part 1325.out ↔ Part 1255.en ↔ Part 1260.en
analog input conversion,1765,1310,ORef 1284 (0) ↔ Part 1255.in
analog input conversion,1765,1311,Part 1255.out1 ↔ ORef 1285 (Memory encoder.Encoder_CH03_10)
analog input conversion,1765,1312,ORef 1286 (INT#0) ↔ Part 1260.in
analog input conversion,1765,1313,Part 1260.out1 ↔ ORef 1287 (Memory encoder.Encoder_CH03)
analog input conversion,1765,1315,ORef 1289 (ON) ↔ Part 1267.IN0
analog input conversion,1765,1316,ORef 1290 (Memory encoder.Encoder_CH03_10) ↔ Part 1267.Analog_input
analog input conversion,1765,1317,ORef 1291 (Coeff.COEFF_TRASM_MV05) ↔ Part 1267.Coeff
analog input conversion,1765,1318,ORef 1292 (Coeff.ZERO_TRASM_MV05) ↔ Part 1267.Zero
analog input conversion,1765,1319,Part 1267.OutValue ↔ ORef 1293 (Data.Pot_MV05)
analog input conversion,1765,24,Part 1267.Out_of_range ↔ ORef 23 (Allarm.Pot_MV05_OFR)
analog input conversion,1766,1535,Powerrail {} ↔ Part 1529.in
analog input conversion,1766,1503,ORef 1480 (EM_OK) ↔ Part 1529.operand
analog input conversion,1766,1530,Part 1529.out ↔ Part 1531.in ↔ Part 1533.in ↔ Part 1475.en
analog input conversion,1766,1504,ORef 1481 (MV06_Close) ↔ Part 1531.operand
analog input conversion,1766,1532,Part 1531.out ↔ Part 1441.in ↔ Part 1446.en
analog input conversion,1766,1505,ORef 1482 (fill_unit1.CONTROL_SIGNALS.SW_GATE4) ↔ Part 1441.operand
analog input conversion,1766,1506,ORef 1483 (Memory encoder.Encoder_CH04) ↔ Part 1446.in1
analog input conversion,1766,1507,ORef 1484 (fill_unit1.ACT_CNTV4) ↔ Part 1446.in2
analog input conversion,1766,1509,Part 1446.eno ↔ Part 1450.en
analog input conversion,1766,1508,Part 1446.out ↔ ORef 1485 (CNT_Act_4)
analog input conversion,1766,1510,ORef 1486 (CNT_Act_4) ↔ Part 1450.in1
analog input conversion,1766,1511,ORef 1487 (100) ↔ Part 1450.in2
analog input conversion,1766,1513,Part 1450.eno ↔ Part 1454.en
analog input conversion,1766,1512,Part 1450.out ↔ ORef 1488 (CNTV4_100)
analog input conversion,1766,1514,ORef 1489 (CNTV4_100) ↔ Part 1454.in
analog input conversion,1766,1515,Part 1454.out1 ↔ ORef 1490 (Memory encoder.Encoder_CH04_10)
analog input conversion,1766,1517,ORef 1491 (fill_unit1.CONTROL_SIGNALS.SW_GATE4) ↔ Part 1533.operand
analog input conversion,1766,1534,Part 1533.out ↔ Part 1463.en ↔ Part 1468.en
analog input conversion,1766,1518,ORef 1492 (0) ↔ Part 1463.in
analog input conversion,1766,1519,Part 1463.out1 ↔ ORef 1493 (Memory encoder.Encoder_CH04_10)
analog input conversion,1766,1520,ORef 1494 (INT#0) ↔ Part 1468.in
analog input conversion,1766,1521,Part 1468.out1 ↔ ORef 1495 (Memory encoder.Encoder_CH04)
analog input conversion,1766,1523,ORef 1497 (ON) ↔ Part 1475.IN0
analog input conversion,1766,1524,ORef 1498 (Memory encoder.Encoder_CH04_10) ↔ Part 1475.Analog_input
analog input conversion,1766,1525,ORef 1499 (Coeff.Coeff_MV06) ↔ Part 1475.Coeff
analog input conversion,1766,1526,ORef 1500 (Coeff.Zero_MV06) ↔ Part 1475.Zero
analog input conversion,1766,1527,Part 1475.OutValue ↔ ORef 1501 (Data.Pot_MV06)
analog input conversion,1766,24,Part 1475.Out_of_range ↔ ORef 23 (Allarm.Pot_MV06_OFR)
analog input conversion,1767,1477,Powerrail {} ↔ Part 1475.in
analog input conversion,1767,1469,ORef 1462 (ON) ↔ Part 1475.operand
analog input conversion,1767,1476,Part 1475.out ↔ Part 1456.en
analog input conversion,1767,1470,ORef 1463 (ON) ↔ Part 1456.IN0
analog input conversion,1767,1471,ORef 1464 (FN02_Current) ↔ Part 1456.Analog_input
analog input conversion,1767,1472,ORef 1465 (Coeff.COEFF_FAN_A_FN02) ↔ Part 1456.Coeff
analog input conversion,1767,1473,ORef 1466 (Coeff.ZERO_FAN_A_FN02) ↔ Part 1456.Zero
analog input conversion,1767,1474,Part 1456.OutValue ↔ ORef 1467 (Data.FN_02_FAN)
analog input conversion,1767,24,Part 1456.Out_of_range ↔ ORef 23 (Allarm.FN02_Absorbption_OFR)
analog input conversion,1768,31,Powerrail {} ↔ Part 21.in
analog input conversion,1768,32,ORef 24 (ON) ↔ Part 21.operand
analog input conversion,1768,33,Part 21.out ↔ Part 22.en
analog input conversion,1768,34,ORef 25 (ON) ↔ Part 22.IN0
analog input conversion,1768,35,ORef 26 (102A3_SPARE0) ↔ Part 22.Analog_input
analog input conversion,1768,36,ORef 27 (10) ↔ Part 22.Coeff
analog input conversion,1768,37,ORef 28 (0) ↔ Part 22.Zero
analog input conversion,1768,38,Part 22.OutValue ↔ ORef 29 (HMI_DB.Amp_BC01)
analog input conversion,1768,39,Part 22.Out_of_range ↔ ORef 30 (Allarm.BC01_Absorbption_OFR)
analog input conversion,1769,31,Powerrail {} ↔ Part 21.in
analog input conversion,1769,32,ORef 24 (ON) ↔ Part 21.operand
analog input conversion,1769,33,Part 21.out ↔ Part 22.en
analog input conversion,1769,34,ORef 25 (ON) ↔ Part 22.IN0
analog input conversion,1769,35,ORef 26 (MV04_M18A) ↔ Part 22.Analog_input
analog input conversion,1769,36,ORef 27 (100) ↔ Part 22.Coeff
analog input conversion,1769,37,ORef 28 (0) ↔ Part 22.Zero
analog input conversion,1769,38,Part 22.OutValue ↔ ORef 29 (HMI_DB.Amp_MC04)
analog input conversion,1769,39,Part 22.Out_of_range ↔ ORef 30 (Allarm.MC04_Absorbption_OFR)
analog input conversion,1770,1497,Powerrail {} ↔ Part 1495.in
analog input conversion,1770,1489,ORef 1482 (ON) ↔ Part 1495.operand
analog input conversion,1770,1496,Part 1495.out ↔ Part 1476.en
analog input conversion,1770,1490,ORef 1483 (ON) ↔ Part 1476.IN0
analog input conversion,1770,1491,ORef 1484 (FN04_Current) ↔ Part 1476.Analog_input
analog input conversion,1770,1492,ORef 1485 (Coeff.COEFF_ASPIRATOR_A_FN04) ↔ Part 1476.Coeff
analog input conversion,1770,1493,ORef 1486 (Coeff.ZERO_ASPIRATOR_A_FN04) ↔ Part 1476.Zero
analog input conversion,1770,1494,Part 1476.OutValue ↔ ORef 1487 (Data.FN_04_ASPIRATOR)
analog input conversion,1770,24,Part 1476.Out_of_range ↔ ORef 23 (Allarm.FN04_Absorbption_OFR)
analog input conversion,1771,1517,Powerrail {} ↔ Part 1515.in
analog input conversion,1771,1509,ORef 1502 (ON) ↔ Part 1515.operand
analog input conversion,1771,1516,Part 1515.out ↔ Part 1496.en
analog input conversion,1771,1510,ORef 1503 (ON) ↔ Part 1496.IN0
analog input conversion,1771,1511,ORef 1504 (RD01_Current) ↔ Part 1496.Analog_input
analog input conversion,1771,1512,ORef 1505 (Coeff.COEFF_DRUM_A_RD01) ↔ Part 1496.Coeff
analog input conversion,1771,1513,ORef 1506 (Coeff.ZERO_DRUM_A_RD01) ↔ Part 1496.Zero
analog input conversion,1771,1514,Part 1496.OutValue ↔ ORef 1507 (Data.Amp_RD01)
analog input conversion,1771,24,Part 1496.Out_of_range ↔ ORef 23 (Allarm.RD01_Absorbption_OFR)
analog input conversion,1772,1537,Powerrail {} ↔ Part 1535.in
analog input conversion,1772,1529,ORef 1522 (ON) ↔ Part 1535.operand
analog input conversion,1772,1536,Part 1535.out ↔ Part 1516.en
analog input conversion,1772,1530,ORef 1523 (ON) ↔ Part 1516.IN0
analog input conversion,1772,1531,ORef 1524 (FN01_Current) ↔ Part 1516.Analog_input
analog input conversion,1772,1532,ORef 1525 (Coeff.COEFF_FAN_A_FN01) ↔ Part 1516.Coeff
analog input conversion,1772,1533,ORef 1526 (Coeff.ZERO_FAN_A_FN01) ↔ Part 1516.Zero
analog input conversion,1772,1534,Part 1516.OutValue ↔ ORef 1527 (Data.Amp_FN01)
analog input conversion,1772,24,Part 1516.Out_of_range ↔ ORef 23 (Allarm.FN01_Absorbption_OFR)
analog input conversion,1773,1557,Powerrail {} ↔ Part 1555.in
analog input conversion,1773,1549,ORef 1542 (ON) ↔ Part 1555.operand
analog input conversion,1773,1556,Part 1555.out ↔ Part 1536.en
analog input conversion,1773,1550,ORef 1543 (ON) ↔ Part 1536.IN0
analog input conversion,1773,1551,ORef 1544 (PR_BF01) ↔ Part 1536.Analog_input
analog input conversion,1773,1552,ORef 1545 (Coeff.COEFF_DP01) ↔ Part 1536.Coeff
analog input conversion,1773,1553,ORef 1546 (Coeff.ZERO_DP01) ↔ Part 1536.Zero
analog input conversion,1773,1554,Part 1536.OutValue ↔ ORef 1547 (Data.DP_01)
analog input conversion,1773,24,Part 1536.Out_of_range ↔ ORef 23 (Allarm.BF01_OFR)
analog input conversion,1774,1577,Powerrail {} ↔ Part 1575.in
analog input conversion,1774,1569,ORef 1562 (ON) ↔ Part 1575.operand
analog input conversion,1774,1576,Part 1575.out ↔ Part 1556.en
analog input conversion,1774,1570,ORef 1563 (ON) ↔ Part 1556.IN0
analog input conversion,1774,1571,ORef 1564 (PR_BR02) ↔ Part 1556.Analog_input
analog input conversion,1774,1572,ORef 1565 (Coeff.COEFF_DP02) ↔ Part 1556.Coeff
analog input conversion,1774,1573,ORef 1566 (Coeff.ZERO_DP02) ↔ Part 1556.Zero
analog input conversion,1774,1574,Part 1556.OutValue ↔ ORef 1567 (Data.DP_02)
analog input conversion,1774,24,Part 1556.Out_of_range ↔ ORef 23 (Allarm.BF02_OFR)
analog input conversion,1775,1597,Powerrail {} ↔ Part 1595.in
analog input conversion,1775,1589,ORef 1582 (ON) ↔ Part 1595.operand
analog input conversion,1775,1596,Part 1595.out ↔ Part 1576.en
analog input conversion,1775,1590,ORef 1583 (ON) ↔ Part 1576.IN0
analog input conversion,1775,1591,ORef 1584 (PC01) ↔ Part 1576.Analog_input
analog input conversion,1775,1592,ORef 1585 (Coeff.COEFF_PC01) ↔ Part 1576.Coeff
analog input conversion,1775,1593,ORef 1586 (Coeff.ZERO_PC01) ↔ Part 1576.Zero
analog input conversion,1775,1594,Part 1576.OutValue ↔ ORef 1587 (Data.PC_01)
analog input conversion,1775,24,Part 1576.Out_of_range ↔ ORef 23 (Allarm.PC01_OFR)
analog input conversion,1776,1778,Powerrail {} ↔ Part 1772.in
analog input conversion,1776,1744,ORef 1721 (ON) ↔ Part 1772.operand
analog input conversion,1776,1773,Part 1772.out ↔ Part 1774.in ↔ Part 1776.in
analog input conversion,1776,1745,ORef 1722 (BWF01 Pulse) ↔ Part 1774.operand
analog input conversion,1776,1775,Part 1774.out ↔ Part 1676.in
analog input conversion,1776,1747,ORef 1723 (PLS M51 0) ↔ Part 1676.bit
analog input conversion,1776,21,Part 1676.out ↔ Part 1693.en
analog input conversion,1776,1754,ORef 1730 (Data.BWF01_count_rep) ↔ Part 1693.in1
analog input conversion,1776,1755,ORef 1731 (1) ↔ Part 1693.in2
analog input conversion,1776,1756,Part 1693.out ↔ ORef 1732 (Data.BWF01_count_rep)
analog input conversion,1776,1758,ORef 1733 (BWF02 Pulse) ↔ Part 1776.operand
analog input conversion,1776,1777,Part 1776.out ↔ Part 1700.in
analog input conversion,1776,1760,ORef 1734 (PLS 51 1) ↔ Part 1700.bit
analog input conversion,1776,22,Part 1700.out ↔ Part 1717.en
analog input conversion,1776,1767,ORef 1741 (Data.BWF02_count_rep) ↔ Part 1717.in1
analog input conversion,1776,1768,ORef 1742 (1) ↔ Part 1717.in2
analog input conversion,1776,1769,Part 1717.out ↔ ORef 1743 (Data.BWF02_count_rep)
allarms 1,1781,133,Powerrail {} ↔ Part 117.in
allarms 1,1781,99,ORef 87 (ON) ↔ Part 117.operand
allarms 1,1781,118,Part 117.out ↔ Part 119.in ↔ Part 127.in
allarms 1,1781,100,ORef 88 (Consent Start BWF01) ↔ Part 119.operand
allarms 1,1781,120,Part 119.out ↔ Part 134.in ↔ Part 121.in ↔ Part 125.in
allarms 1,1781,137,ORef 135 (Inputs.BWF 01 RUN) ↔ Part 134.operand
allarms 1,1781,21,Part 134.out ↔ Part 71.in
allarms 1,1781,101,ORef 89 (S5T#10S) ↔ Part 71.value
allarms 1,1781,102,ORef 90 (Tag_49) ↔ Part 71.operand
allarms 1,1781,103,ORef 91 (Tag_49) ↔ Part 121.operand
allarms 1,1781,122,Part 121.out ↔ Part 123.in
allarms 1,1781,104,ORef 92 (Inputs.BWF 01 RUN) ↔ Part 123.operand
allarms 1,1781,124,Part 123.out ↔ Part 79.in1
allarms 1,1781,106,ORef 93 (Inputs.BWF01 FAULT) ↔ Part 125.operand
allarms 1,1781,126,Part 125.out ↔ Part 79.in2
allarms 1,1781,107,Part 79.out ↔ Part 80.in
allarms 1,1781,109,ORef 94 (Allarm.BWF01_FAULT) ↔ Part 80.operand
allarms 1,1781,111,ORef 95 (Flag.RESET_ALLARM) ↔ Part 127.operand
allarms 1,1781,128,Part 127.out ↔ Part 129.in
allarms 1,1781,112,ORef 96 (Allarm.BWF01_FAULT) ↔ Part 129.operand
allarms 1,1781,130,Part 129.out ↔ Part 131.in
allarms 1,1781,113,ORef 97 (Inputs.BWF01 FAULT) ↔ Part 131.operand
allarms 1,1781,132,Part 131.out ↔ Part 86.in
allarms 1,1781,115,ORef 98 (Allarm.BWF01_FAULT) ↔ Part 86.operand
allarms 1,1782,164,Powerrail {} ↔ Part 150.in
allarms 1,1782,133,ORef 122 (ON) ↔ Part 150.operand
allarms 1,1782,151,Part 150.out ↔ Part 152.in ↔ Part 156.in ↔ Part 158.in
allarms 1,1782,134,ORef 123 (Consent Start BWF01) ↔ Part 152.operand
allarms 1,1782,153,Part 152.out ↔ Part 154.in
allarms 1,1782,135,ORef 124 (Inputs.min LEV BWF01) ↔ Part 154.operand
allarms 1,1782,155,Part 154.out ↔ Part 105.in
allarms 1,1782,137,ORef 125 (Allarm.BWF01_min_LEVEL) ↔ Part 105.operand
allarms 1,1782,138,ORef 126 (Inputs.MAX LEV BWF01) ↔ Part 156.operand
allarms 1,1782,157,Part 156.out ↔ Part 109.in
allarms 1,1782,140,ORef 127 (Allarm.BWF01_MAX_LEVEL) ↔ Part 109.operand
allarms 1,1782,141,ORef 128 (Flag.RESET_ALLARM) ↔ Part 158.operand
allarms 1,1782,159,Part 158.out ↔ Part 160.in ↔ Part 162.in
allarms 1,1782,142,ORef 129 (Inputs.min LEV BWF01) ↔ Part 160.operand
allarms 1,1782,161,Part 160.out ↔ Part 117.in
allarms 1,1782,144,ORef 130 (Allarm.BWF01_min_LEVEL) ↔ Part 117.operand
allarms 1,1782,145,ORef 131 (Inputs.MAX LEV BWF01) ↔ Part 162.operand
allarms 1,1782,163,Part 162.out ↔ Part 121.in
allarms 1,1782,147,ORef 132 (Allarm.BWF01_MAX_LEVEL) ↔ Part 121.operand
allarms 1,1783,209,Powerrail {} ↔ Part 193.in
allarms 1,1783,175,ORef 163 (ON) ↔ Part 193.operand
allarms 1,1783,194,Part 193.out ↔ Part 195.in ↔ Part 203.in
allarms 1,1783,176,ORef 164 (Consent Start BWF02) ↔ Part 195.operand
allarms 1,1783,196,Part 195.out ↔ Part 210.in ↔ Part 197.in ↔ Part 201.in
allarms 1,1783,213,ORef 211 (Inputs.BWF 02 RUN) ↔ Part 210.operand
allarms 1,1783,21,Part 210.out ↔ Part 147.in
allarms 1,1783,177,ORef 165 (S5T#10S) ↔ Part 147.value
allarms 1,1783,178,ORef 166 (Tag_50) ↔ Part 147.operand
allarms 1,1783,179,ORef 167 (Tag_50) ↔ Part 197.operand
allarms 1,1783,198,Part 197.out ↔ Part 199.in
allarms 1,1783,180,ORef 168 (Inputs.BWF 02 RUN) ↔ Part 199.operand
allarms 1,1783,200,Part 199.out ↔ Part 155.in1
allarms 1,1783,182,ORef 169 (Inputs.BWF02 FAULT) ↔ Part 201.operand
allarms 1,1783,202,Part 201.out ↔ Part 155.in2
allarms 1,1783,183,Part 155.out ↔ Part 156.in
allarms 1,1783,185,ORef 170 (Allarm.BWF02_FAULT) ↔ Part 156.operand
allarms 1,1783,187,ORef 171 (Flag.RESET_ALLARM) ↔ Part 203.operand
allarms 1,1783,204,Part 203.out ↔ Part 205.in
allarms 1,1783,188,ORef 172 (Allarm.BWF02_FAULT) ↔ Part 205.operand
allarms 1,1783,206,Part 205.out ↔ Part 207.in
allarms 1,1783,189,ORef 173 (Inputs.BWF02 FAULT) ↔ Part 207.operand
allarms 1,1783,208,Part 207.out ↔ Part 162.in
allarms 1,1783,191,ORef 174 (Allarm.BWF02_FAULT) ↔ Part 162.operand
allarms 1,1784,240,Powerrail {} ↔ Part 226.in
allarms 1,1784,209,ORef 198 (ON) ↔ Part 226.operand
allarms 1,1784,227,Part 226.out ↔ Part 228.in ↔ Part 232.in ↔ Part 234.in
allarms 1,1784,210,ORef 199 (Consent Start BWF02) ↔ Part 228.operand
allarms 1,1784,229,Part 228.out ↔ Part 230.in
allarms 1,1784,211,ORef 200 (Inputs.min LEV BWF02) ↔ Part 230.operand
allarms 1,1784,231,Part 230.out ↔ Part 181.in
allarms 1,1784,213,ORef 201 (Allarm.BWF02_min_LEVEL) ↔ Part 181.operand
allarms 1,1784,214,ORef 202 (Inputs.MAX LEV BWF02) ↔ Part 232.operand
allarms 1,1784,233,Part 232.out ↔ Part 185.in
allarms 1,1784,216,ORef 203 (Allarm.BWF02_MAX_LEVEL) ↔ Part 185.operand
allarms 1,1784,217,ORef 204 (Flag.RESET_ALLARM) ↔ Part 234.operand
allarms 1,1784,235,Part 234.out ↔ Part 236.in ↔ Part 238.in
allarms 1,1784,218,ORef 205 (Inputs.min LEV BWF02) ↔ Part 236.operand
allarms 1,1784,237,Part 236.out ↔ Part 193.in
allarms 1,1784,220,ORef 206 (Allarm.BWF02_min_LEVEL) ↔ Part 193.operand
allarms 1,1784,221,ORef 207 (Inputs.MAX LEV BWF02) ↔ Part 238.operand
allarms 1,1784,239,Part 238.out ↔ Part 197.in
allarms 1,1784,223,ORef 208 (Allarm.BWF02_MAX_LEVEL) ↔ Part 197.operand
allarms 1,1785,265,Powerrail {} ↔ Part 253.in
allarms 1,1785,239,ORef 229 (ON) ↔ Part 253.operand
allarms 1,1785,254,Part 253.out ↔ Part 255.in ↔ Part 261.in
allarms 1,1785,240,ORef 230 (Start BC01) ↔ Part 255.operand
allarms 1,1785,256,Part 255.out ↔ Part 268.in ↔ Part 272.in ↔ Part 257.in
allarms 1,1785,271,ORef 269 (Inputs.BC01 run) ↔ Part 268.operand
allarms 1,1785,22,Part 268.out ↔ Part 24.in1
allarms 1,1785,275,ORef 273 (Inputs.BC01_All_inv) ↔ Part 272.operand
allarms 1,1785,25,Part 272.out ↔ Part 24.in2
allarms 1,1785,26,Part 24.out ↔ Part 217.in
allarms 1,1785,241,ORef 231 (S5T#2S) ↔ Part 217.value
allarms 1,1785,242,ORef 232 (Tag_51) ↔ Part 217.operand
allarms 1,1785,243,ORef 233 (Tag_51) ↔ Part 257.operand
allarms 1,1785,21,Part 257.out ↔ Part 259.in ↔ Part 23.in
allarms 1,1785,244,ORef 234 (Inputs.BC01 run) ↔ Part 259.operand
allarms 1,1785,260,Part 259.out ↔ Part 223.in
allarms 1,1785,246,ORef 235 (Allarm.BC_01_FAULT) ↔ Part 223.operand
allarms 1,1785,43,ORef 44 (Inputs.BC01_All_inv) ↔ Part 23.operand
allarms 1,1785,42,Part 23.out ↔ Part 27.in
allarms 1,1785,33,ORef 34 (Allarm.BC01_INV) ↔ Part 27.operand
allarms 1,1785,248,ORef 236 (Flag.RESET_ALLARM) ↔ Part 261.operand
allarms 1,1785,35,Part 261.out ↔ Part 263.in ↔ Part 266.in
allarms 1,1785,249,ORef 237 (Allarm.BC_01_FAULT) ↔ Part 263.operand
allarms 1,1785,264,Part 263.out ↔ Part 228.in
allarms 1,1785,251,ORef 238 (Allarm.BC_01_FAULT) ↔ Part 228.operand
allarms 1,1785,37,ORef 38 (Allarm.BC01_INV) ↔ Part 266.operand
allarms 1,1785,39,Part 266.out ↔ Part 267.in
allarms 1,1785,40,ORef 41 (Allarm.BC01_INV) ↔ Part 267.operand
allarms 1,1786,268,Powerrail {} ↔ Part 258.in
allarms 1,1786,248,ORef 241 (ON) ↔ Part 258.operand
allarms 1,1786,259,Part 258.out ↔ Part 260.in ↔ Part 262.in
allarms 1,1786,249,ORef 242 (Inputs.BC01 trip wire) ↔ Part 260.operand
allarms 1,1786,261,Part 260.out ↔ Part 234.in
allarms 1,1786,251,ORef 243 (Allarm.BC_01_FC) ↔ Part 234.operand
allarms 1,1786,252,ORef 244 (Flag.RESET_ALLARM) ↔ Part 262.operand
allarms 1,1786,263,Part 262.out ↔ Part 264.in
allarms 1,1786,253,ORef 245 (Inputs.BC01 trip wire) ↔ Part 264.operand
allarms 1,1786,265,Part 264.out ↔ Part 266.in
allarms 1,1786,254,ORef 246 (Allarm.BC_01_FC) ↔ Part 266.operand
allarms 1,1786,267,Part 266.out ↔ Part 240.in
allarms 1,1786,256,ORef 247 (Allarm.BC_01_FC) ↔ Part 240.operand
allarms 1,1787,363,Powerrail {} ↔ Part 351.in
allarms 1,1787,337,ORef 327 (ON) ↔ Part 351.operand
allarms 1,1787,352,Part 351.out ↔ Part 353.in ↔ Part 359.in
allarms 1,1787,338,ORef 328 (Start RD01) ↔ Part 353.operand
allarms 1,1787,354,Part 353.out ↔ Part 374.in ↔ Part 378.in ↔ Part 355.in
allarms 1,1787,377,ORef 375 (Inputs.RD01 run) ↔ Part 374.operand
allarms 1,1787,23,Part 374.out ↔ Part 32.in1
allarms 1,1787,381,ORef 379 (Inputs.RD01_All_inv) ↔ Part 378.operand
allarms 1,1787,33,Part 378.out ↔ Part 32.in2
allarms 1,1787,34,Part 32.out ↔ Part 315.in
allarms 1,1787,339,ORef 329 (S5T#5S) ↔ Part 315.value
allarms 1,1787,340,ORef 330 (Tag_54) ↔ Part 315.operand
allarms 1,1787,341,ORef 331 (Tag_54) ↔ Part 355.operand
allarms 1,1787,21,Part 355.out ↔ Part 357.in ↔ Part 364.in
allarms 1,1787,342,ORef 332 (Inputs.RD01 run) ↔ Part 357.operand
allarms 1,1787,358,Part 357.out ↔ Part 321.in
allarms 1,1787,344,ORef 333 (Allarm.RD_01_FAULT) ↔ Part 321.operand
allarms 1,1787,30,ORef 31 (Inputs.RD01_All_inv) ↔ Part 364.operand
allarms 1,1787,29,Part 364.out ↔ Part 365.in
allarms 1,1787,371,ORef 367 (Allarm.RD01_INV) ↔ Part 365.operand
allarms 1,1787,346,ORef 334 (Flag.RESET_ALLARM) ↔ Part 359.operand
allarms 1,1787,22,Part 359.out ↔ Part 361.in ↔ Part 372.in
allarms 1,1787,347,ORef 335 (Allarm.RD_01_FAULT) ↔ Part 361.operand
allarms 1,1787,362,Part 361.out ↔ Part 326.in
allarms 1,1787,349,ORef 336 (Allarm.RD_01_FAULT) ↔ Part 326.operand
allarms 1,1787,24,ORef 25 (Allarm.RD01_INV) ↔ Part 372.operand
allarms 1,1787,26,Part 372.out ↔ Part 373.in
allarms 1,1787,27,ORef 28 (Allarm.RD01_INV) ↔ Part 373.operand
allarms 1,1788,397,Powerrail {} ↔ Part 385.in
allarms 1,1788,371,ORef 361 (ON) ↔ Part 385.operand
allarms 1,1788,386,Part 385.out ↔ Part 387.in ↔ Part 393.in
allarms 1,1788,372,ORef 362 (Start fan RD01) ↔ Part 387.operand
allarms 1,1788,388,Part 387.out ↔ Part 398.in ↔ Part 389.in
allarms 1,1788,401,ORef 399 (Inputs.fan RD01 run) ↔ Part 398.operand
allarms 1,1788,21,Part 398.out ↔ Part 349.in
allarms 1,1788,373,ORef 363 (S5T#2S) ↔ Part 349.value
allarms 1,1788,374,ORef 364 (Tag_55) ↔ Part 349.operand
allarms 1,1788,375,ORef 365 (Tag_55) ↔ Part 389.operand
allarms 1,1788,390,Part 389.out ↔ Part 391.in
allarms 1,1788,376,ORef 366 (Inputs.fan RD01 run) ↔ Part 391.operand
allarms 1,1788,392,Part 391.out ↔ Part 355.in
allarms 1,1788,378,ORef 367 (Allarm.RD_01_FAN_FAULT) ↔ Part 355.operand
allarms 1,1788,380,ORef 368 (Flag.RESET_ALLARM) ↔ Part 393.operand
allarms 1,1788,394,Part 393.out ↔ Part 395.in
allarms 1,1788,381,ORef 369 (Allarm.RD_01_FAN_FAULT) ↔ Part 395.operand
allarms 1,1788,396,Part 395.out ↔ Part 360.in
allarms 1,1788,383,ORef 370 (Allarm.RD_01_FAN_FAULT) ↔ Part 360.operand
allarms 1,1789,431,Powerrail {} ↔ Part 419.in
allarms 1,1789,405,ORef 395 (OFF) ↔ Part 419.operand
allarms 1,1789,420,Part 419.out ↔ Part 421.in ↔ Part 427.in
allarms 1,1789,406,ORef 396 (Start Spare Motor) ↔ Part 421.operand
allarms 1,1789,422,Part 421.out ↔ Part 432.in ↔ Part 423.in
allarms 1,1789,435,ORef 433 (Inputs.MC03 run) ↔ Part 432.operand
allarms 1,1789,21,Part 432.out ↔ Part 383.in
allarms 1,1789,407,ORef 397 (S5T#2S) ↔ Part 383.value
allarms 1,1789,408,ORef 398 (Tag_56) ↔ Part 383.operand
allarms 1,1789,409,ORef 399 (Tag_56) ↔ Part 423.operand
allarms 1,1789,424,Part 423.out ↔ Part 425.in
allarms 1,1789,410,ORef 400 (Inputs.MC03 run) ↔ Part 425.operand
allarms 1,1789,426,Part 425.out ↔ Part 389.in
allarms 1,1789,412,ORef 401 (Allarm.MC_03_FAULT) ↔ Part 389.operand
allarms 1,1789,414,ORef 402 (Flag.RESET_ALLARM) ↔ Part 427.operand
allarms 1,1789,428,Part 427.out ↔ Part 429.in
allarms 1,1789,415,ORef 403 (Allarm.MC_03_FAULT) ↔ Part 429.operand
allarms 1,1789,430,Part 429.out ↔ Part 394.in
allarms 1,1789,417,ORef 404 (Allarm.MC_03_FAULT) ↔ Part 394.operand
allarms 1,1790,434,Powerrail {} ↔ Part 424.in
allarms 1,1790,414,ORef 407 (OFF) ↔ Part 424.operand
allarms 1,1790,425,Part 424.out ↔ Part 426.in ↔ Part 428.in
allarms 1,1790,415,ORef 408 (Inputs.MC03 torque) ↔ Part 426.operand
allarms 1,1790,427,Part 426.out ↔ Part 400.in
allarms 1,1790,417,ORef 409 (Allarm.MC_03_TORQUE) ↔ Part 400.operand
allarms 1,1790,418,ORef 410 (Flag.RESET_ALLARM) ↔ Part 428.operand
allarms 1,1790,429,Part 428.out ↔ Part 430.in
allarms 1,1790,419,ORef 411 (Inputs.MC03 torque) ↔ Part 430.operand
allarms 1,1790,431,Part 430.out ↔ Part 432.in
allarms 1,1790,420,ORef 412 (Allarm.MC_03_TORQUE) ↔ Part 432.operand
allarms 1,1790,433,Part 432.out ↔ Part 406.in
allarms 1,1790,422,ORef 413 (Allarm.MC_03_TORQUE) ↔ Part 406.operand
allarms 1,1791,485,Powerrail {} ↔ Part 473.in
allarms 1,1791,459,ORef 449 (ON) ↔ Part 473.operand
allarms 1,1791,474,Part 473.out ↔ Part 475.in ↔ Part 481.in
allarms 1,1791,460,ORef 450 (Start MC04) ↔ Part 475.operand
allarms 1,1791,476,Part 475.out ↔ Part 496.in ↔ Part 500.in ↔ Part 477.in
allarms 1,1791,499,ORef 497 (Inputs.MC04_All_inv) ↔ Part 496.operand
allarms 1,1791,23,Part 496.out ↔ Part 32.in1
allarms 1,1791,503,ORef 501 (Inputs.MC04 run) ↔ Part 500.operand
allarms 1,1791,33,Part 500.out ↔ Part 32.in2
allarms 1,1791,34,Part 32.out ↔ Part 437.in
allarms 1,1791,461,ORef 451 (S5T#5S) ↔ Part 437.value
allarms 1,1791,462,ORef 452 (Tag_57) ↔ Part 437.operand
allarms 1,1791,463,ORef 453 (Tag_57) ↔ Part 477.operand
allarms 1,1791,21,Part 477.out ↔ Part 479.in ↔ Part 486.in
allarms 1,1791,464,ORef 454 (Inputs.MC04 run) ↔ Part 479.operand
allarms 1,1791,480,Part 479.out ↔ Part 443.in
allarms 1,1791,466,ORef 455 (Allarm.MC_04_FAULT) ↔ Part 443.operand
allarms 1,1791,30,ORef 31 (Inputs.MC04_All_inv) ↔ Part 486.operand
allarms 1,1791,29,Part 486.out ↔ Part 487.in
allarms 1,1791,493,ORef 489 (Allarm.MC04_INV) ↔ Part 487.operand
allarms 1,1791,468,ORef 456 (Flag.RESET_ALLARM) ↔ Part 481.operand
allarms 1,1791,22,Part 481.out ↔ Part 483.in ↔ Part 494.in
allarms 1,1791,469,ORef 457 (Allarm.MC_04_FAULT) ↔ Part 483.operand
allarms 1,1791,484,Part 483.out ↔ Part 448.in
allarms 1,1791,471,ORef 458 (Allarm.MC_04_FAULT) ↔ Part 448.operand
allarms 1,1791,24,ORef 25 (Allarm.MC04_INV) ↔ Part 494.operand
allarms 1,1791,26,Part 494.out ↔ Part 495.in
allarms 1,1791,27,ORef 28 (Allarm.MC04_INV) ↔ Part 495.operand
allarms 1,1792,488,Powerrail {} ↔ Part 478.in
allarms 1,1792,34,ORef 35 (OFF) ↔ Part 478.operand
allarms 1,1792,479,Part 478.out ↔ Part 480.in ↔ Part 482.in
allarms 1,1792,27,ORef 28 (Inputs.MC04 torque) ↔ Part 480.operand
allarms 1,1792,36,Part 480.out ↔ Part 454.in
allarms 1,1792,37,ORef 38 (Allarm.MC_04_TORQUE) ↔ Part 454.operand
allarms 1,1792,472,ORef 464 (Flag.RESET_ALLARM) ↔ Part 482.operand
allarms 1,1792,483,Part 482.out ↔ Part 484.in
allarms 1,1792,473,ORef 465 (Inputs.MC04 torque) ↔ Part 484.operand
allarms 1,1792,485,Part 484.out ↔ Part 486.in
allarms 1,1792,474,ORef 466 (Allarm.MC_04_TORQUE) ↔ Part 486.operand
allarms 1,1792,487,Part 486.out ↔ Part 460.in
allarms 1,1792,476,ORef 467 (Allarm.MC_04_TORQUE) ↔ Part 460.operand
allarms 1,1794,593,Powerrail {} ↔ Part 581.in
allarms 1,1794,567,ORef 557 (ON) ↔ Part 581.operand
allarms 1,1794,582,Part 581.out ↔ Part 583.in ↔ Part 589.in
allarms 1,1794,568,ORef 558 (Start VS01) ↔ Part 583.operand
allarms 1,1794,584,Part 583.out ↔ Part 604.in ↔ Part 608.in ↔ Part 585.in
allarms 1,1794,607,ORef 605 (Inputs.VS01 run) ↔ Part 604.operand
allarms 1,1794,23,Part 604.out ↔ Part 32.in1
allarms 1,1794,611,ORef 609 (Inputs.VS01_All_Inv) ↔ Part 608.operand
allarms 1,1794,33,Part 608.out ↔ Part 32.in2
allarms 1,1794,34,Part 32.out ↔ Part 545.in
allarms 1,1794,569,ORef 559 (S5T#2S) ↔ Part 545.value
allarms 1,1794,570,ORef 560 (Tag_59) ↔ Part 545.operand
allarms 1,1794,571,ORef 561 (Tag_59) ↔ Part 585.operand
allarms 1,1794,21,Part 585.out ↔ Part 587.in ↔ Part 594.in
allarms 1,1794,572,ORef 562 (Inputs.VS01 run) ↔ Part 587.operand
allarms 1,1794,588,Part 587.out ↔ Part 551.in
allarms 1,1794,574,ORef 563 (Allarm.VS_01_FAULT) ↔ Part 551.operand
allarms 1,1794,30,ORef 31 (Inputs.VS01_All_Inv) ↔ Part 594.operand
allarms 1,1794,29,Part 594.out ↔ Part 595.in
allarms 1,1794,601,ORef 597 (Allarm.VS01_INV) ↔ Part 595.operand
allarms 1,1794,576,ORef 564 (Flag.RESET_ALLARM) ↔ Part 589.operand
allarms 1,1794,22,Part 589.out ↔ Part 591.in ↔ Part 602.in
allarms 1,1794,577,ORef 565 (Allarm.VS_01_FAULT) ↔ Part 591.operand
allarms 1,1794,592,Part 591.out ↔ Part 556.in
allarms 1,1794,579,ORef 566 (Allarm.VS_01_FAULT) ↔ Part 556.operand
allarms 1,1794,24,ORef 25 (Allarm.VS01_INV) ↔ Part 602.operand
allarms 1,1794,26,Part 602.out ↔ Part 603.in
allarms 1,1794,27,ORef 28 (Allarm.VS01_INV) ↔ Part 603.operand
allarms 1,1796,661,Powerrail {} ↔ Part 649.in
allarms 1,1796,635,ORef 625 (ON) ↔ Part 649.operand
allarms 1,1796,650,Part 649.out ↔ Part 651.in ↔ Part 657.in
allarms 1,1796,636,ORef 626 (Start FN02) ↔ Part 651.operand
allarms 1,1796,652,Part 651.out ↔ Part 672.in ↔ Part 676.in ↔ Part 653.in
allarms 1,1796,675,ORef 673 (Inputs.FN02 Run) ↔ Part 672.operand
allarms 1,1796,23,Part 672.out ↔ Part 32.in1
allarms 1,1796,679,ORef 677 (Inputs.FN02_All_Inv) ↔ Part 676.operand
allarms 1,1796,33,Part 676.out ↔ Part 32.in2
allarms 1,1796,34,Part 32.out ↔ Part 613.in
allarms 1,1796,637,ORef 627 (S5T#2S) ↔ Part 613.value
allarms 1,1796,638,ORef 628 (Tag_61) ↔ Part 613.operand
allarms 1,1796,639,ORef 629 (Tag_61) ↔ Part 653.operand
allarms 1,1796,21,Part 653.out ↔ Part 655.in ↔ Part 662.in
allarms 1,1796,640,ORef 630 (Inputs.FN02 Run) ↔ Part 655.operand
allarms 1,1796,656,Part 655.out ↔ Part 619.in
allarms 1,1796,642,ORef 631 (Allarm.FN_02_FAULT) ↔ Part 619.operand
allarms 1,1796,30,ORef 31 (Inputs.FN02_All_Inv) ↔ Part 662.operand
allarms 1,1796,29,Part 662.out ↔ Part 663.in
allarms 1,1796,669,ORef 665 (Allarm.FN02_INV) ↔ Part 663.operand
allarms 1,1796,644,ORef 632 (Flag.RESET_ALLARM) ↔ Part 657.operand
allarms 1,1796,22,Part 657.out ↔ Part 659.in ↔ Part 670.in
allarms 1,1796,645,ORef 633 (Allarm.FN_02_FAULT) ↔ Part 659.operand
allarms 1,1796,660,Part 659.out ↔ Part 624.in
allarms 1,1796,647,ORef 634 (Allarm.FN_02_FAULT) ↔ Part 624.operand
allarms 1,1796,24,ORef 25 (Allarm.FN02_INV) ↔ Part 670.operand
allarms 1,1796,26,Part 670.out ↔ Part 671.in
allarms 1,1796,27,ORef 28 (Allarm.FN02_INV) ↔ Part 671.operand
allarms 1,1797,695,Powerrail {} ↔ Part 683.in
allarms 1,1797,669,ORef 659 (ON) ↔ Part 683.operand
allarms 1,1797,684,Part 683.out ↔ Part 685.in ↔ Part 691.in
allarms 1,1797,670,ORef 660 (Start VR01) ↔ Part 685.operand
allarms 1,1797,686,Part 685.out ↔ Part 696.in ↔ Part 687.in
allarms 1,1797,699,ORef 697 (Inputs.VR-01 RUN) ↔ Part 696.operand
allarms 1,1797,21,Part 696.out ↔ Part 647.in
allarms 1,1797,671,ORef 661 (S5T#2S) ↔ Part 647.value
allarms 1,1797,672,ORef 662 (Tag_62) ↔ Part 647.operand
allarms 1,1797,673,ORef 663 (Tag_62) ↔ Part 687.operand
allarms 1,1797,22,Part 687.out ↔ Part 653.in
allarms 1,1797,676,ORef 665 (Allarm.VR_01_FAULT) ↔ Part 653.operand
allarms 1,1797,678,ORef 666 (Flag.RESET_ALLARM) ↔ Part 691.operand
allarms 1,1797,692,Part 691.out ↔ Part 693.in
allarms 1,1797,679,ORef 667 (Allarm.VR_01_FAULT) ↔ Part 693.operand
allarms 1,1797,694,Part 693.out ↔ Part 658.in
allarms 1,1797,681,ORef 668 (Allarm.VR_01_FAULT) ↔ Part 658.operand
allarms 1,1798,729,Powerrail {} ↔ Part 717.in
allarms 1,1798,703,ORef 693 (ON) ↔ Part 717.operand
allarms 1,1798,718,Part 717.out ↔ Part 719.in ↔ Part 725.in
allarms 1,1798,704,ORef 694 (Start FN01) ↔ Part 719.operand
allarms 1,1798,720,Part 719.out ↔ Part 740.in ↔ Part 744.in ↔ Part 721.in
allarms 1,1798,743,ORef 741 (Inputs.FN01 Run) ↔ Part 740.operand
allarms 1,1798,23,Part 740.out ↔ Part 32.in1
allarms 1,1798,747,ORef 745 (Inputs.FN01_All_Inv) ↔ Part 744.operand
allarms 1,1798,33,Part 744.out ↔ Part 32.in2
allarms 1,1798,34,Part 32.out ↔ Part 681.in
allarms 1,1798,705,ORef 695 (S5T#2S) ↔ Part 681.value
allarms 1,1798,706,ORef 696 (Tag_63) ↔ Part 681.operand
allarms 1,1798,707,ORef 697 (Tag_63) ↔ Part 721.operand
allarms 1,1798,21,Part 721.out ↔ Part 723.in ↔ Part 730.in
allarms 1,1798,708,ORef 698 (Inputs.FN01 Run) ↔ Part 723.operand
allarms 1,1798,724,Part 723.out ↔ Part 687.in
allarms 1,1798,710,ORef 699 (Allarm.FN_01_FAULT) ↔ Part 687.operand
allarms 1,1798,30,ORef 31 (Inputs.FN01_All_Inv) ↔ Part 730.operand
allarms 1,1798,29,Part 730.out ↔ Part 731.in
allarms 1,1798,737,ORef 733 (Allarm.FN01_INV) ↔ Part 731.operand
allarms 1,1798,712,ORef 700 (Flag.RESET_ALLARM) ↔ Part 725.operand
allarms 1,1798,22,Part 725.out ↔ Part 727.in ↔ Part 738.in
allarms 1,1798,713,ORef 701 (Allarm.FN_01_FAULT) ↔ Part 727.operand
allarms 1,1798,728,Part 727.out ↔ Part 692.in
allarms 1,1798,715,ORef 702 (Allarm.FN_01_FAULT) ↔ Part 692.operand
allarms 1,1798,24,ORef 25 (Allarm.FN01_INV) ↔ Part 738.operand
allarms 1,1798,26,Part 738.out ↔ Part 739.in
allarms 1,1798,27,ORef 28 (Allarm.FN01_INV) ↔ Part 739.operand
allarms 1,1799,763,Powerrail {} ↔ Part 751.in
allarms 1,1799,737,ORef 727 (ON) ↔ Part 751.operand
allarms 1,1799,752,Part 751.out ↔ Part 753.in ↔ Part 759.in
allarms 1,1799,738,ORef 728 (Start VR02) ↔ Part 753.operand
allarms 1,1799,754,Part 753.out ↔ Part 764.in ↔ Part 755.in
allarms 1,1799,767,ORef 765 (Inputs.VR02 Run) ↔ Part 764.operand
allarms 1,1799,21,Part 764.out ↔ Part 715.in
allarms 1,1799,739,ORef 729 (S5T#2S) ↔ Part 715.value
allarms 1,1799,740,ORef 730 (Tag_64) ↔ Part 715.operand
allarms 1,1799,741,ORef 731 (Tag_64) ↔ Part 755.operand
allarms 1,1799,22,Part 755.out ↔ Part 721.in
allarms 1,1799,744,ORef 733 (Allarm.VR_02_FAULT) ↔ Part 721.operand
allarms 1,1799,746,ORef 734 (Flag.RESET_ALLARM) ↔ Part 759.operand
allarms 1,1799,760,Part 759.out ↔ Part 761.in
allarms 1,1799,747,ORef 735 (Allarm.VR_02_FAULT) ↔ Part 761.operand
allarms 1,1799,762,Part 761.out ↔ Part 726.in
allarms 1,1799,749,ORef 736 (Allarm.VR_02_FAULT) ↔ Part 726.operand
allarms 1,1800,797,Powerrail {} ↔ Part 785.in
allarms 1,1800,771,ORef 761 (ON) ↔ Part 785.operand
allarms 1,1800,786,Part 785.out ↔ Part 787.in ↔ Part 793.in
allarms 1,1800,772,ORef 762 (Start CH01) ↔ Part 787.operand
allarms 1,1800,788,Part 787.out ↔ Part 798.in ↔ Part 789.in
allarms 1,1800,801,ORef 799 (Inputs.CH01 Run) ↔ Part 798.operand
allarms 1,1800,21,Part 798.out ↔ Part 749.in
allarms 1,1800,773,ORef 763 (S5T#2S) ↔ Part 749.value
allarms 1,1800,774,ORef 764 (Tag_65) ↔ Part 749.operand
allarms 1,1800,775,ORef 765 (Tag_65) ↔ Part 789.operand
allarms 1,1800,22,Part 789.out ↔ Part 755.in
allarms 1,1800,778,ORef 767 (Allarm.CH_01_FAULT) ↔ Part 755.operand
allarms 1,1800,780,ORef 768 (Flag.RESET_ALLARM) ↔ Part 793.operand
allarms 1,1800,794,Part 793.out ↔ Part 795.in
allarms 1,1800,781,ORef 769 (Allarm.CH_01_FAULT) ↔ Part 795.operand
allarms 1,1800,796,Part 795.out ↔ Part 760.in
allarms 1,1800,783,ORef 770 (Allarm.CH_01_FAULT) ↔ Part 760.operand
allarms 1,1801,831,Powerrail {} ↔ Part 44.in ↔ Part 906.in ↔ Part 59.in ↔ Part 851.in
allarms 1,1801,43,ORef 45 (Start FN03) ↔ Part 44.operand
allarms 1,1801,51,Part 44.out ↔ Part 905.pre
allarms 1,1801,52,ORef 54 (FP_M25_Run) ↔ Part 905.bit
allarms 1,1801,53,ORef 55 (Inputs.FN03 Run) ↔ Part 905.operand
allarms 1,1801,78,Part 905.out ↔ Part 73.in
allarms 1,1801,79,ORef 80 (Memo_M25_Running) ↔ Part 73.operand
allarms 1,1801,56,ORef 57 (Start FN03) ↔ Part 906.operand
allarms 1,1801,62,Part 906.out ↔ Part 61.in1
allarms 1,1801,58,ORef 60 (Inputs.FN03 Run) ↔ Part 59.operand
allarms 1,1801,63,Part 59.out ↔ Part 61.in2
allarms 1,1801,68,Part 61.out ↔ Part 66.in
allarms 1,1801,69,ORef 70 (Memo_M25_Running) ↔ Part 66.operand
allarms 1,1801,881,ORef 865 (ON) ↔ Part 851.operand
allarms 1,1801,882,Part 851.out ↔ Part 852.in ↔ Part 860.in
allarms 1,1801,883,ORef 866 (Start FN03) ↔ Part 852.operand
allarms 1,1801,884,Part 852.out ↔ Part 853.in ↔ Part 855.in ↔ Part 857.in
allarms 1,1801,885,ORef 867 (Inputs.FN03 Run) ↔ Part 853.operand
allarms 1,1801,90,Part 853.out ↔ Part 87.in ↔ Part 907.in
allarms 1,1801,92,ORef 93 (Memo_M25_Running) ↔ Part 87.operand
allarms 1,1801,91,Part 87.out ↔ Part 854.in
allarms 1,1801,887,ORef 869 (S5T#35S) ↔ Part 854.value
allarms 1,1801,888,ORef 868 (Tag_66) ↔ Part 854.operand
allarms 1,1801,95,ORef 96 (Memo_M25_Running) ↔ Part 907.operand
allarms 1,1801,94,Part 907.out ↔ Part 908.in
allarms 1,1801,915,ORef 911 (S5T#35S) ↔ Part 908.value
allarms 1,1801,916,ORef 910 (Tag_66) ↔ Part 908.operand
allarms 1,1801,889,ORef 870 (Inputs.FN03_All_SoftStarter) ↔ Part 855.operand
allarms 1,1801,890,Part 855.out ↔ Part 856.in
allarms 1,1801,891,ORef 871 (Allarm.FN03_INV) ↔ Part 856.operand
allarms 1,1801,892,ORef 872 (Tag_66) ↔ Part 857.operand
allarms 1,1801,893,Part 857.out ↔ Part 858.in
allarms 1,1801,894,ORef 873 (Inputs.FN03 Run) ↔ Part 858.operand
allarms 1,1801,895,Part 858.out ↔ Part 859.in
allarms 1,1801,896,ORef 874 (Allarm.FN_03_FAULT) ↔ Part 859.operand
allarms 1,1801,897,ORef 875 (Flag.RESET_ALLARM) ↔ Part 860.operand
allarms 1,1801,898,Part 860.out ↔ Part 861.in ↔ Part 863.in
allarms 1,1801,899,ORef 876 (Allarm.FN_03_FAULT) ↔ Part 861.operand
allarms 1,1801,900,Part 861.out ↔ Part 862.in
allarms 1,1801,901,ORef 877 (Allarm.FN_03_FAULT) ↔ Part 862.operand
allarms 1,1801,902,ORef 878 (Allarm.FN03_INV) ↔ Part 863.operand
allarms 1,1801,903,Part 863.out ↔ Part 864.in
allarms 1,1801,904,ORef 879 (Allarm.FN03_INV) ↔ Part 864.operand
allarms 1,1802,865,Powerrail {} ↔ Part 853.in
allarms 1,1802,839,ORef 829 (ON) ↔ Part 853.operand
allarms 1,1802,854,Part 853.out ↔ Part 855.in ↔ Part 861.in
allarms 1,1802,840,ORef 830 (Start FN06) ↔ Part 855.operand
allarms 1,1802,856,Part 855.out ↔ Part 866.in ↔ Part 857.in
allarms 1,1802,869,ORef 867 (Inputs.FEEDBACKMOTOR FN-06) ↔ Part 866.operand
allarms 1,1802,21,Part 866.out ↔ Part 817.in
allarms 1,1802,841,ORef 831 (S5T#2S) ↔ Part 817.value
allarms 1,1802,842,ORef 832 (Tag_67) ↔ Part 817.operand
allarms 1,1802,843,ORef 833 (Tag_67) ↔ Part 857.operand
allarms 1,1802,22,Part 857.out ↔ Part 823.in
allarms 1,1802,846,ORef 835 (Allarm.MBVA01_FAULT) ↔ Part 823.operand
allarms 1,1802,848,ORef 836 (Flag.RESET_ALLARM) ↔ Part 861.operand
allarms 1,1802,862,Part 861.out ↔ Part 863.in
allarms 1,1802,849,ORef 837 (Allarm.MBVA01_FAULT) ↔ Part 863.operand
allarms 1,1802,864,Part 863.out ↔ Part 828.in
allarms 1,1802,851,ORef 838 (Allarm.MBVA01_FAULT) ↔ Part 828.operand
allarms 1,1803,899,Powerrail {} ↔ Part 887.in
allarms 1,1803,873,ORef 863 (ON) ↔ Part 887.operand
allarms 1,1803,888,Part 887.out ↔ Part 889.in ↔ Part 895.in
allarms 1,1803,874,ORef 864 (Start SC01) ↔ Part 889.operand
allarms 1,1803,890,Part 889.out ↔ Part 900.in ↔ Part 891.in
allarms 1,1803,903,ORef 901 (Inputs.FEEDBACKMOTOR SC-01) ↔ Part 900.operand
allarms 1,1803,21,Part 900.out ↔ Part 851.in
allarms 1,1803,875,ORef 865 (S5T#2S) ↔ Part 851.value
allarms 1,1803,876,ORef 866 (Tag_68) ↔ Part 851.operand
allarms 1,1803,877,ORef 867 (Tag_68) ↔ Part 891.operand
allarms 1,1803,22,Part 891.out ↔ Part 857.in
allarms 1,1803,880,ORef 869 (Allarm.SC_01_FAULT) ↔ Part 857.operand
allarms 1,1803,882,ORef 870 (Flag.RESET_ALLARM) ↔ Part 895.operand
allarms 1,1803,896,Part 895.out ↔ Part 897.in
allarms 1,1803,883,ORef 871 (Allarm.SC_01_FAULT) ↔ Part 897.operand
allarms 1,1803,898,Part 897.out ↔ Part 862.in
allarms 1,1803,885,ORef 872 (Allarm.SC_01_FAULT) ↔ Part 862.operand
allarms 1,1805,967,Powerrail {} ↔ Part 955.in
allarms 1,1805,941,ORef 931 (ON) ↔ Part 955.operand
allarms 1,1805,956,Part 955.out ↔ Part 957.in ↔ Part 963.in
allarms 1,1805,942,ORef 932 (Start LD01) ↔ Part 957.operand
allarms 1,1805,958,Part 957.out ↔ Part 968.in ↔ Part 959.in
allarms 1,1805,971,ORef 969 (Inputs.FEEDBACKMOTOR LD-01) ↔ Part 968.operand
allarms 1,1805,21,Part 968.out ↔ Part 919.in
allarms 1,1805,943,ORef 933 (S5T#2S) ↔ Part 919.value
allarms 1,1805,944,ORef 934 (Tag_70) ↔ Part 919.operand
allarms 1,1805,945,ORef 935 (Tag_70) ↔ Part 959.operand
allarms 1,1805,22,Part 959.out ↔ Part 925.in
allarms 1,1805,948,ORef 937 (Allarm.LD_01_FAULT) ↔ Part 925.operand
allarms 1,1805,950,ORef 938 (Flag.RESET_ALLARM) ↔ Part 963.operand
allarms 1,1805,964,Part 963.out ↔ Part 965.in
allarms 1,1805,951,ORef 939 (Allarm.LD_01_FAULT) ↔ Part 965.operand
allarms 1,1805,966,Part 965.out ↔ Part 930.in
allarms 1,1805,953,ORef 940 (Allarm.LD_01_FAULT) ↔ Part 930.operand
allarms 1,1806,1001,Powerrail {} ↔ Part 989.in
allarms 1,1806,975,ORef 965 (ON) ↔ Part 989.operand
allarms 1,1806,990,Part 989.out ↔ Part 991.in ↔ Part 997.in
allarms 1,1806,976,ORef 966 (Start Vibrator LD-01) ↔ Part 991.operand
allarms 1,1806,992,Part 991.out ↔ Part 1002.in ↔ Part 993.in
allarms 1,1806,1005,ORef 1003 (Inputs.FEEDBACKMOTOR-LD-01A) ↔ Part 1002.operand
allarms 1,1806,21,Part 1002.out ↔ Part 953.in
allarms 1,1806,977,ORef 967 (S5T#2S) ↔ Part 953.value
allarms 1,1806,978,ORef 968 (Tag_71) ↔ Part 953.operand
allarms 1,1806,979,ORef 969 (Tag_71) ↔ Part 993.operand
allarms 1,1806,22,Part 993.out ↔ Part 959.in
allarms 1,1806,982,ORef 971 (Allarm.LD_01_VIB_FAULT) ↔ Part 959.operand
allarms 1,1806,984,ORef 972 (Flag.RESET_ALLARM) ↔ Part 997.operand
allarms 1,1806,998,Part 997.out ↔ Part 999.in
allarms 1,1806,985,ORef 973 (Allarm.LD_01_VIB_FAULT) ↔ Part 999.operand
allarms 1,1806,1000,Part 999.out ↔ Part 964.in
allarms 1,1806,987,ORef 974 (Allarm.LD_01_VIB_FAULT) ↔ Part 964.operand
allarms 1,1807,1035,Powerrail {} ↔ Part 1023.in
allarms 1,1807,1009,ORef 999 (ON) ↔ Part 1023.operand
allarms 1,1807,1024,Part 1023.out ↔ Part 1025.in ↔ Part 1031.in
allarms 1,1807,1010,ORef 1000 (Start SC10) ↔ Part 1025.operand
allarms 1,1807,1026,Part 1025.out ↔ Part 1036.in ↔ Part 1027.in
allarms 1,1807,1039,ORef 1037 (Inputs.FEEDBACKMOTOR SC-10) ↔ Part 1036.operand
allarms 1,1807,21,Part 1036.out ↔ Part 987.in
allarms 1,1807,1011,ORef 1001 (S5T#2S) ↔ Part 987.value
allarms 1,1807,1012,ORef 1002 (Tag_72) ↔ Part 987.operand
allarms 1,1807,1013,ORef 1003 (Tag_72) ↔ Part 1027.operand
allarms 1,1807,22,Part 1027.out ↔ Part 993.in
allarms 1,1807,1016,ORef 1005 (Allarm.SC_10_FAULT) ↔ Part 993.operand
allarms 1,1807,1018,ORef 1006 (Flag.RESET_ALLARM) ↔ Part 1031.operand
allarms 1,1807,1032,Part 1031.out ↔ Part 1033.in
allarms 1,1807,1019,ORef 1007 (Allarm.SC_10_FAULT) ↔ Part 1033.operand
allarms 1,1807,1034,Part 1033.out ↔ Part 998.in
allarms 1,1807,1021,ORef 1008 (Allarm.SC_10_FAULT) ↔ Part 998.operand
allarms 1,1808,1069,Powerrail {} ↔ Part 1057.in
allarms 1,1808,1043,ORef 1033 (ON) ↔ Part 1057.operand
allarms 1,1808,1058,Part 1057.out ↔ Part 1059.in ↔ Part 1065.in
allarms 1,1808,1044,ORef 1034 (Start SC11) ↔ Part 1059.operand
allarms 1,1808,1060,Part 1059.out ↔ Part 1070.in ↔ Part 1061.in
allarms 1,1808,1073,ORef 1071 (Inputs.FEEDBACKMOTOR SC-11) ↔ Part 1070.operand
allarms 1,1808,21,Part 1070.out ↔ Part 1021.in
allarms 1,1808,1045,ORef 1035 (S5T#2S) ↔ Part 1021.value
allarms 1,1808,1046,ORef 1036 (Tag_73) ↔ Part 1021.operand
allarms 1,1808,1047,ORef 1037 (Tag_73) ↔ Part 1061.operand
allarms 1,1808,22,Part 1061.out ↔ Part 1027.in
allarms 1,1808,1050,ORef 1039 (Allarm.SC_11_FAULT) ↔ Part 1027.operand
allarms 1,1808,1052,ORef 1040 (Flag.RESET_ALLARM) ↔ Part 1065.operand
allarms 1,1808,1066,Part 1065.out ↔ Part 1067.in
allarms 1,1808,1053,ORef 1041 (Allarm.SC_11_FAULT) ↔ Part 1067.operand
allarms 1,1808,1068,Part 1067.out ↔ Part 1032.in
allarms 1,1808,1055,ORef 1042 (Allarm.SC_11_FAULT) ↔ Part 1032.operand
allarms 1,1809,1103,Powerrail {} ↔ Part 1091.in
allarms 1,1809,1077,ORef 1067 (ON) ↔ Part 1091.operand
allarms 1,1809,1092,Part 1091.out ↔ Part 1093.in ↔ Part 1099.in
allarms 1,1809,1078,ORef 1068 (Start FN04) ↔ Part 1093.operand
allarms 1,1809,1094,Part 1093.out ↔ Part 1114.in ↔ Part 1118.in ↔ Part 1095.in
allarms 1,1809,1117,ORef 1115 (Inputs.FN04 Run) ↔ Part 1114.operand
allarms 1,1809,23,Part 1114.out ↔ Part 32.in1
allarms 1,1809,1121,ORef 1119 (Inputs.FN04_All_inv) ↔ Part 1118.operand
allarms 1,1809,33,Part 1118.out ↔ Part 32.in2
allarms 1,1809,34,Part 32.out ↔ Part 1055.in
allarms 1,1809,1079,ORef 1069 (S5T#17S) ↔ Part 1055.value
allarms 1,1809,1080,ORef 1070 (Tag_74) ↔ Part 1055.operand
allarms 1,1809,1081,ORef 1071 (Tag_74) ↔ Part 1095.operand
allarms 1,1809,21,Part 1095.out ↔ Part 1097.in ↔ Part 1104.in
allarms 1,1809,1082,ORef 1072 (Inputs.FN04 Run) ↔ Part 1097.operand
allarms 1,1809,1098,Part 1097.out ↔ Part 1061.in
allarms 1,1809,1084,ORef 1073 (Allarm.FN_04_FAULT) ↔ Part 1061.operand
allarms 1,1809,30,ORef 31 (Inputs.FN04_All_inv) ↔ Part 1104.operand
allarms 1,1809,29,Part 1104.out ↔ Part 1105.in
allarms 1,1809,1111,ORef 1107 (Allarm.FN04_INV) ↔ Part 1105.operand
allarms 1,1809,1086,ORef 1074 (Flag.RESET_ALLARM) ↔ Part 1099.operand
allarms 1,1809,22,Part 1099.out ↔ Part 1101.in ↔ Part 1112.in
allarms 1,1809,1087,ORef 1075 (Allarm.FN_04_FAULT) ↔ Part 1101.operand
allarms 1,1809,1102,Part 1101.out ↔ Part 1066.in
allarms 1,1809,1089,ORef 1076 (Allarm.FN_04_FAULT) ↔ Part 1066.operand
allarms 1,1809,24,ORef 25 (Allarm.FN04_INV) ↔ Part 1112.operand
allarms 1,1809,26,Part 1112.out ↔ Part 1113.in
allarms 1,1809,27,ORef 28 (Allarm.FN04_INV) ↔ Part 1113.operand
allarms 1,1810,1137,Powerrail {} ↔ Part 1125.in
allarms 1,1810,1111,ORef 1101 (ON) ↔ Part 1125.operand
allarms 1,1810,1126,Part 1125.out ↔ Part 1127.in ↔ Part 1133.in
allarms 1,1810,1112,ORef 1102 (Start VR03) ↔ Part 1127.operand
allarms 1,1810,1128,Part 1127.out ↔ Part 1138.in ↔ Part 1129.in
allarms 1,1810,1141,ORef 1139 (Inputs.VR03 Run) ↔ Part 1138.operand
allarms 1,1810,21,Part 1138.out ↔ Part 1089.in
allarms 1,1810,1113,ORef 1103 (S5T#2S) ↔ Part 1089.value
allarms 1,1810,1114,ORef 1104 (Tag_75) ↔ Part 1089.operand
allarms 1,1810,1115,ORef 1105 (Tag_75) ↔ Part 1129.operand
allarms 1,1810,22,Part 1129.out ↔ Part 1095.in
allarms 1,1810,1118,ORef 1107 (Allarm.VR_03_FAULT) ↔ Part 1095.operand
allarms 1,1810,1120,ORef 1108 (Flag.RESET_ALLARM) ↔ Part 1133.operand
allarms 1,1810,1134,Part 1133.out ↔ Part 1135.in
allarms 1,1810,1121,ORef 1109 (Allarm.VR_03_FAULT) ↔ Part 1135.operand
allarms 1,1810,1136,Part 1135.out ↔ Part 1100.in
allarms 1,1810,1123,ORef 1110 (Allarm.VR_03_FAULT) ↔ Part 1100.operand
allarms 1,1811,1171,Powerrail {} ↔ Part 1159.in
allarms 1,1811,1145,ORef 1135 (ON) ↔ Part 1159.operand
allarms 1,1811,1160,Part 1159.out ↔ Part 1161.in ↔ Part 1167.in
allarms 1,1811,1146,ORef 1136 (Start VR04) ↔ Part 1161.operand
allarms 1,1811,1162,Part 1161.out ↔ Part 1172.in ↔ Part 1163.in
allarms 1,1811,1175,ORef 1173 (Inputs.VR04 Run) ↔ Part 1172.operand
allarms 1,1811,21,Part 1172.out ↔ Part 1123.in
allarms 1,1811,1147,ORef 1137 (S5T#2S) ↔ Part 1123.value
allarms 1,1811,1148,ORef 1138 (Tag_76) ↔ Part 1123.operand
allarms 1,1811,1149,ORef 1139 (Tag_76) ↔ Part 1163.operand
allarms 1,1811,22,Part 1163.out ↔ Part 1129.in
allarms 1,1811,1152,ORef 1141 (Allarm.VR_04_FAULT) ↔ Part 1129.operand
allarms 1,1811,1154,ORef 1142 (Flag.RESET_ALLARM) ↔ Part 1167.operand
allarms 1,1811,1168,Part 1167.out ↔ Part 1169.in
allarms 1,1811,1155,ORef 1143 (Allarm.VR_04_FAULT) ↔ Part 1169.operand
allarms 1,1811,1170,Part 1169.out ↔ Part 1134.in
allarms 1,1811,1157,ORef 1144 (Allarm.VR_04_FAULT) ↔ Part 1134.operand
allarms 1,1812,1205,Powerrail {} ↔ Part 1193.in
allarms 1,1812,1179,ORef 1169 (ON) ↔ Part 1193.operand
allarms 1,1812,1194,Part 1193.out ↔ Part 1195.in ↔ Part 1201.in
allarms 1,1812,1180,ORef 1170 (Start VR05) ↔ Part 1195.operand
allarms 1,1812,1196,Part 1195.out ↔ Part 1206.in ↔ Part 1197.in
allarms 1,1812,1209,ORef 1207 (Inputs.VR05 Run) ↔ Part 1206.operand
allarms 1,1812,21,Part 1206.out ↔ Part 1157.in
allarms 1,1812,1181,ORef 1171 (S5T#2S) ↔ Part 1157.value
allarms 1,1812,1182,ORef 1172 (Tag_77) ↔ Part 1157.operand
allarms 1,1812,1183,ORef 1173 (Tag_77) ↔ Part 1197.operand
allarms 1,1812,22,Part 1197.out ↔ Part 1163.in
allarms 1,1812,1186,ORef 1175 (Allarm.VR_05_FAULT) ↔ Part 1163.operand
allarms 1,1812,1188,ORef 1176 (Flag.RESET_ALLARM) ↔ Part 1201.operand
allarms 1,1812,1202,Part 1201.out ↔ Part 1203.in
allarms 1,1812,1189,ORef 1177 (Allarm.VR_05_FAULT) ↔ Part 1203.operand
allarms 1,1812,1204,Part 1203.out ↔ Part 1168.in
allarms 1,1812,1191,ORef 1178 (Allarm.VR_05_FAULT) ↔ Part 1168.operand
allarms 1,1813,1239,Powerrail {} ↔ Part 1227.in
allarms 1,1813,1213,ORef 1203 (ON) ↔ Part 1227.operand
allarms 1,1813,1228,Part 1227.out ↔ Part 1229.in ↔ Part 1235.in
allarms 1,1813,1214,ORef 1204 (Start VR06) ↔ Part 1229.operand
allarms 1,1813,1230,Part 1229.out ↔ Part 1240.in ↔ Part 1231.in
allarms 1,1813,1243,ORef 1241 (Inputs.VR-06 RUN) ↔ Part 1240.operand
allarms 1,1813,21,Part 1240.out ↔ Part 1191.in
allarms 1,1813,1215,ORef 1205 (S5T#2S) ↔ Part 1191.value
allarms 1,1813,1216,ORef 1206 (Tag_78) ↔ Part 1191.operand
allarms 1,1813,1217,ORef 1207 (Tag_78) ↔ Part 1231.operand
allarms 1,1813,22,Part 1231.out ↔ Part 1197.in
allarms 1,1813,1220,ORef 1209 (Allarm.VR_06_FAULT) ↔ Part 1197.operand
allarms 1,1813,1222,ORef 1210 (Flag.RESET_ALLARM) ↔ Part 1235.operand
allarms 1,1813,1236,Part 1235.out ↔ Part 1237.in
allarms 1,1813,1223,ORef 1211 (Allarm.VR_06_FAULT) ↔ Part 1237.operand
allarms 1,1813,1238,Part 1237.out ↔ Part 1202.in
allarms 1,1813,1225,ORef 1212 (Allarm.VR_06_FAULT) ↔ Part 1202.operand
allarms 1,1814,1273,Powerrail {} ↔ Part 1261.in
allarms 1,1814,1247,ORef 1237 (ON) ↔ Part 1261.operand
allarms 1,1814,1262,Part 1261.out ↔ Part 1263.in ↔ Part 1269.in
allarms 1,1814,1248,ORef 1238 (Start FN05) ↔ Part 1263.operand
allarms 1,1814,1264,Part 1263.out ↔ Part 1274.in ↔ Part 1265.in
allarms 1,1814,1277,ORef 1275 (Inputs.FN-05 RUN) ↔ Part 1274.operand
allarms 1,1814,21,Part 1274.out ↔ Part 1225.in
allarms 1,1814,1249,ORef 1239 (S5T#2S) ↔ Part 1225.value
allarms 1,1814,1250,ORef 1240 (Tag_79) ↔ Part 1225.operand
allarms 1,1814,1251,ORef 1241 (Tag_79) ↔ Part 1265.operand
allarms 1,1814,22,Part 1265.out ↔ Part 1231.in
allarms 1,1814,1254,ORef 1243 (Allarm.FN_05_FAULT) ↔ Part 1231.operand
allarms 1,1814,1256,ORef 1244 (Flag.RESET_ALLARM) ↔ Part 1269.operand
allarms 1,1814,1270,Part 1269.out ↔ Part 1271.in
allarms 1,1814,1257,ORef 1245 (Allarm.FN_05_FAULT) ↔ Part 1271.operand
allarms 1,1814,1272,Part 1271.out ↔ Part 1236.in
allarms 1,1814,1259,ORef 1246 (Allarm.FN_05_FAULT) ↔ Part 1236.operand
allarms 1,1815,1550,Powerrail {} ↔ Part 1528.in
allarms 1,1815,1502,ORef 1483 (ON) ↔ Part 1528.operand
allarms 1,1815,1529,Part 1528.out ↔ Part 1530.in ↔ Part 1536.in ↔ Part 1540.in ↔ Part 1546.in
allarms 1,1815,1503,ORef 1484 (PV-01 Gate a) ↔ Part 1530.operand
allarms 1,1815,1531,Part 1530.out ↔ Part 1551.in ↔ Part 1532.in
allarms 1,1815,1554,ORef 1552 (Flag.PV_01_GATE_A_MEM_OPEN) ↔ Part 1551.operand
allarms 1,1815,21,Part 1551.out ↔ Part 1453.in
allarms 1,1815,1504,ORef 1485 (S5T#4S) ↔ Part 1453.value
allarms 1,1815,1505,ORef 1486 (Tag_80) ↔ Part 1453.operand
allarms 1,1815,1506,ORef 1487 (Tag_80) ↔ Part 1532.operand
allarms 1,1815,22,Part 1532.out ↔ Part 1459.in
allarms 1,1815,1509,ORef 1489 (Allarm.PV_01_GATE_A_NOT_OPEN) ↔ Part 1459.operand
allarms 1,1815,1511,ORef 1490 (Flag.RESET_ALLARM) ↔ Part 1536.operand
allarms 1,1815,1537,Part 1536.out ↔ Part 1538.in
allarms 1,1815,1512,ORef 1491 (Allarm.PV_01_GATE_A_NOT_OPEN) ↔ Part 1538.operand
allarms 1,1815,1539,Part 1538.out ↔ Part 1464.in
allarms 1,1815,1514,ORef 1492 (Allarm.PV_01_GATE_A_NOT_OPEN) ↔ Part 1464.operand
allarms 1,1815,1515,ORef 1493 (PV-01 Gate a) ↔ Part 1540.operand
allarms 1,1815,1541,Part 1540.out ↔ Part 1555.in ↔ Part 1542.in
allarms 1,1815,1558,ORef 1556 (Flag.PV_01_GATE_A_MEM_CLOSE) ↔ Part 1555.operand
allarms 1,1815,23,Part 1555.out ↔ Part 1471.in
allarms 1,1815,1516,ORef 1494 (S5T#4S) ↔ Part 1471.value
allarms 1,1815,1517,ORef 1495 (Tag_81) ↔ Part 1471.operand
allarms 1,1815,1518,ORef 1496 (Tag_81) ↔ Part 1542.operand
allarms 1,1815,24,Part 1542.out ↔ Part 1477.in
allarms 1,1815,1521,ORef 1498 (Allarm.PV_01_GATE_A_NOT_CLOSE) ↔ Part 1477.operand
allarms 1,1815,1523,ORef 1499 (Flag.RESET_ALLARM) ↔ Part 1546.operand
allarms 1,1815,1547,Part 1546.out ↔ Part 1548.in
allarms 1,1815,1524,ORef 1500 (Allarm.PV_01_GATE_A_NOT_CLOSE) ↔ Part 1548.operand
allarms 1,1815,1549,Part 1548.out ↔ Part 1482.in
allarms 1,1815,1526,ORef 1501 (Allarm.PV_01_GATE_A_NOT_CLOSE) ↔ Part 1482.operand
allarms 1,1816,1614,Powerrail {} ↔ Part 1592.in
allarms 1,1816,1566,ORef 1547 (ON) ↔ Part 1592.operand
allarms 1,1816,1593,Part 1592.out ↔ Part 1594.in ↔ Part 1600.in ↔ Part 1604.in ↔ Part 1610.in
allarms 1,1816,29,ORef 30 (PV-01 GATE B EV) ↔ Part 1594.operand
allarms 1,1816,1595,Part 1594.out ↔ Part 1615.in ↔ Part 1596.in
allarms 1,1816,1618,ORef 1616 (Flag.PV_01_GATE_B_MEM_OPEN) ↔ Part 1615.operand
allarms 1,1816,21,Part 1615.out ↔ Part 1517.in
allarms 1,1816,1568,ORef 1549 (S5T#7S) ↔ Part 1517.value
allarms 1,1816,1569,ORef 1550 (Tag_82) ↔ Part 1517.operand
allarms 1,1816,1570,ORef 1551 (Tag_82) ↔ Part 1596.operand
allarms 1,1816,22,Part 1596.out ↔ Part 1523.in
allarms 1,1816,1573,ORef 1553 (Allarm.PV_01_GATE_B_NOT_OPEN) ↔ Part 1523.operand
allarms 1,1816,1575,ORef 1554 (Flag.RESET_ALLARM) ↔ Part 1600.operand
allarms 1,1816,1601,Part 1600.out ↔ Part 1602.in
allarms 1,1816,1576,ORef 1555 (Allarm.PV_01_GATE_B_NOT_OPEN) ↔ Part 1602.operand
allarms 1,1816,1603,Part 1602.out ↔ Part 1528.in
allarms 1,1816,1578,ORef 1556 (Allarm.PV_01_GATE_B_NOT_OPEN) ↔ Part 1528.operand
allarms 1,1816,31,ORef 32 (PV-01 GATE B EV) ↔ Part 1604.operand
allarms 1,1816,1605,Part 1604.out ↔ Part 1619.in ↔ Part 1606.in
allarms 1,1816,1622,ORef 1620 (Flag.PV_01_GATE_B_MEM_CLOSE) ↔ Part 1619.operand
allarms 1,1816,23,Part 1619.out ↔ Part 1535.in
allarms 1,1816,1580,ORef 1558 (S5T#7S) ↔ Part 1535.value
allarms 1,1816,1581,ORef 1559 (Tag_83) ↔ Part 1535.operand
allarms 1,1816,1582,ORef 1560 (Tag_83) ↔ Part 1606.operand
allarms 1,1816,24,Part 1606.out ↔ Part 1541.in
allarms 1,1816,1585,ORef 1562 (Allarm.PV_01_GATE_B_NOT_CLOSE) ↔ Part 1541.operand
allarms 1,1816,1587,ORef 1563 (Flag.RESET_ALLARM) ↔ Part 1610.operand
allarms 1,1816,1611,Part 1610.out ↔ Part 1612.in
allarms 1,1816,1588,ORef 1564 (Allarm.PV_01_GATE_B_NOT_CLOSE) ↔ Part 1612.operand
allarms 1,1816,1613,Part 1612.out ↔ Part 1546.in
allarms 1,1816,1590,ORef 1565 (Allarm.PV_01_GATE_B_NOT_CLOSE) ↔ Part 1546.operand
allarms 1,1817,1678,Powerrail {} ↔ Part 1656.in
allarms 1,1817,1630,ORef 1611 (ON) ↔ Part 1656.operand
allarms 1,1817,1657,Part 1656.out ↔ Part 1658.in ↔ Part 1664.in ↔ Part 1668.in ↔ Part 1674.in
allarms 1,1817,1631,ORef 1612 (PV-02 GATE A EV) ↔ Part 1658.operand
allarms 1,1817,1659,Part 1658.out ↔ Part 1679.in ↔ Part 1660.in
allarms 1,1817,1682,ORef 1680 (Flag.PV_02_GATE_A_MEM_OPEN) ↔ Part 1679.operand
allarms 1,1817,21,Part 1679.out ↔ Part 1581.in
allarms 1,1817,1632,ORef 1613 (S5T#7S) ↔ Part 1581.value
allarms 1,1817,1633,ORef 1614 (Tag_84) ↔ Part 1581.operand
allarms 1,1817,1634,ORef 1615 (Tag_84) ↔ Part 1660.operand
allarms 1,1817,22,Part 1660.out ↔ Part 1587.in
allarms 1,1817,1637,ORef 1617 (Allarm.PV_02_GATE_A_NOT_OPEN) ↔ Part 1587.operand
allarms 1,1817,1639,ORef 1618 (Flag.RESET_ALLARM) ↔ Part 1664.operand
allarms 1,1817,1665,Part 1664.out ↔ Part 1666.in
allarms 1,1817,1640,ORef 1619 (Allarm.PV_02_GATE_A_NOT_OPEN) ↔ Part 1666.operand
allarms 1,1817,1667,Part 1666.out ↔ Part 1592.in
allarms 1,1817,1642,ORef 1620 (Allarm.PV_02_GATE_A_NOT_OPEN) ↔ Part 1592.operand
allarms 1,1817,1643,ORef 1621 (PV-02 GATE A EV) ↔ Part 1668.operand
allarms 1,1817,1669,Part 1668.out ↔ Part 1683.in ↔ Part 1670.in
allarms 1,1817,1686,ORef 1684 (Flag.PV_02_GATE_A_MEM_CLOSE) ↔ Part 1683.operand
allarms 1,1817,23,Part 1683.out ↔ Part 1599.in
allarms 1,1817,1644,ORef 1622 (S5T#7S) ↔ Part 1599.value
allarms 1,1817,1645,ORef 1623 (Tag_85) ↔ Part 1599.operand
allarms 1,1817,1646,ORef 1624 (Tag_85) ↔ Part 1670.operand
allarms 1,1817,24,Part 1670.out ↔ Part 1605.in
allarms 1,1817,1649,ORef 1626 (Allarm.PV_02_GATE_A_NOT_CLOSE) ↔ Part 1605.operand
allarms 1,1817,1651,ORef 1627 (Flag.RESET_ALLARM) ↔ Part 1674.operand
allarms 1,1817,1675,Part 1674.out ↔ Part 1676.in
allarms 1,1817,1652,ORef 1628 (Allarm.PV_02_GATE_A_NOT_CLOSE) ↔ Part 1676.operand
allarms 1,1817,1677,Part 1676.out ↔ Part 1610.in
allarms 1,1817,1654,ORef 1629 (Allarm.PV_02_GATE_A_NOT_CLOSE) ↔ Part 1610.operand
allarms 1,1818,1742,Powerrail {} ↔ Part 1720.in
allarms 1,1818,1694,ORef 1675 (ON) ↔ Part 1720.operand
allarms 1,1818,1721,Part 1720.out ↔ Part 1722.in ↔ Part 1728.in ↔ Part 1732.in ↔ Part 1738.in
allarms 1,1818,29,ORef 30 (PV-02 GATE B EV) ↔ Part 1722.operand
allarms 1,1818,1723,Part 1722.out ↔ Part 1743.in ↔ Part 1724.in
allarms 1,1818,1746,ORef 1744 (Flag.PV_02_GATE_B_MEM_OPEN) ↔ Part 1743.operand
allarms 1,1818,21,Part 1743.out ↔ Part 1645.in
allarms 1,1818,1696,ORef 1677 (S5T#7S) ↔ Part 1645.value
allarms 1,1818,1697,ORef 1678 (Tag_86) ↔ Part 1645.operand
allarms 1,1818,1698,ORef 1679 (Tag_86) ↔ Part 1724.operand
allarms 1,1818,22,Part 1724.out ↔ Part 1651.in
allarms 1,1818,1701,ORef 1681 (Allarm.PV_02_GATE_B_NOT_OPEN) ↔ Part 1651.operand
allarms 1,1818,1703,ORef 1682 (Flag.RESET_ALLARM) ↔ Part 1728.operand
allarms 1,1818,1729,Part 1728.out ↔ Part 1730.in
allarms 1,1818,1704,ORef 1683 (Allarm.PV_02_GATE_B_NOT_OPEN) ↔ Part 1730.operand
allarms 1,1818,1731,Part 1730.out ↔ Part 1656.in
allarms 1,1818,1706,ORef 1684 (Allarm.PV_02_GATE_B_NOT_OPEN) ↔ Part 1656.operand
allarms 1,1818,31,ORef 32 (PV-02 GATE B EV) ↔ Part 1732.operand
allarms 1,1818,1733,Part 1732.out ↔ Part 1747.in ↔ Part 1734.in
allarms 1,1818,1750,ORef 1748 (Flag.PV_02_GATE_B_MEM_CLOSE) ↔ Part 1747.operand
allarms 1,1818,23,Part 1747.out ↔ Part 1663.in
allarms 1,1818,1708,ORef 1686 (S5T#7S) ↔ Part 1663.value
allarms 1,1818,1709,ORef 1687 (Tag_87) ↔ Part 1663.operand
allarms 1,1818,1710,ORef 1688 (Tag_87) ↔ Part 1734.operand
allarms 1,1818,24,Part 1734.out ↔ Part 1669.in
allarms 1,1818,1713,ORef 1690 (Allarm.PV_02_GATE_B_NOT_CLOSE) ↔ Part 1669.operand
allarms 1,1818,1715,ORef 1691 (Flag.RESET_ALLARM) ↔ Part 1738.operand
allarms 1,1818,1739,Part 1738.out ↔ Part 1740.in
allarms 1,1818,1716,ORef 1692 (Allarm.PV_02_GATE_B_NOT_CLOSE) ↔ Part 1740.operand
allarms 1,1818,1741,Part 1740.out ↔ Part 1674.in
allarms 1,1818,1718,ORef 1693 (Allarm.PV_02_GATE_B_NOT_CLOSE) ↔ Part 1674.operand
allarms 1,1819,1806,Powerrail {} ↔ Part 1784.in
allarms 1,1819,1758,ORef 1739 (ON) ↔ Part 1784.operand
allarms 1,1819,1785,Part 1784.out ↔ Part 1786.in ↔ Part 1792.in ↔ Part 1796.in ↔ Part 1802.in
allarms 1,1819,1759,ORef 1740 (PV-03 GATE EV) ↔ Part 1786.operand
allarms 1,1819,1787,Part 1786.out ↔ Part 1807.in ↔ Part 1788.in
allarms 1,1819,1810,ORef 1808 (Flag.PV_03_GATE_MEM_OPEN) ↔ Part 1807.operand
allarms 1,1819,21,Part 1807.out ↔ Part 1709.in
allarms 1,1819,1760,ORef 1741 (S5T#5S) ↔ Part 1709.value
allarms 1,1819,1761,ORef 1742 (Tag_88) ↔ Part 1709.operand
allarms 1,1819,1762,ORef 1743 (Tag_88) ↔ Part 1788.operand
allarms 1,1819,22,Part 1788.out ↔ Part 1715.in
allarms 1,1819,1765,ORef 1745 (Allarm.PV_03_GATE_NOT_OPEN1) ↔ Part 1715.operand
allarms 1,1819,1767,ORef 1746 (Flag.RESET_ALLARM) ↔ Part 1792.operand
allarms 1,1819,1793,Part 1792.out ↔ Part 1794.in
allarms 1,1819,1768,ORef 1747 (Allarm.PV_03_GATE_NOT_OPEN1) ↔ Part 1794.operand
allarms 1,1819,1795,Part 1794.out ↔ Part 1720.in
allarms 1,1819,1770,ORef 1748 (Allarm.PV_03_GATE_NOT_OPEN1) ↔ Part 1720.operand
allarms 1,1819,1771,ORef 1749 (PV-03 GATE EV) ↔ Part 1796.operand
allarms 1,1819,1797,Part 1796.out ↔ Part 1811.in ↔ Part 1798.in
allarms 1,1819,1814,ORef 1812 (Flag.PV_03_GATE_MEM_CLOSE) ↔ Part 1811.operand
allarms 1,1819,23,Part 1811.out ↔ Part 1727.in
allarms 1,1819,1772,ORef 1750 (S5T#5S) ↔ Part 1727.value
allarms 1,1819,1773,ORef 1751 (Tag_89) ↔ Part 1727.operand
allarms 1,1819,1774,ORef 1752 (Tag_89) ↔ Part 1798.operand
allarms 1,1819,24,Part 1798.out ↔ Part 1733.in
allarms 1,1819,1777,ORef 1754 (Allarm.PV_03_GATE_NOT_CLOSE1) ↔ Part 1733.operand
allarms 1,1819,1779,ORef 1755 (Flag.RESET_ALLARM) ↔ Part 1802.operand
allarms 1,1819,1803,Part 1802.out ↔ Part 1804.in
allarms 1,1819,1780,ORef 1756 (Allarm.PV_03_GATE_NOT_CLOSE1) ↔ Part 1804.operand
allarms 1,1819,1805,Part 1804.out ↔ Part 1738.in
allarms 1,1819,1782,ORef 1757 (Allarm.PV_03_GATE_NOT_CLOSE1) ↔ Part 1738.operand
allarms 1,1820,1871,Powerrail {} ↔ Part 1851.in
allarms 1,1820,1825,ORef 1807 (OFF) ↔ Part 1851.operand
allarms 1,1820,1852,Part 1851.out ↔ Part 1853.in ↔ Part 1857.in ↔ Part 1861.in
allarms 1,1820,1826,ORef 1808 (Inputs.BWF1_INVERTER_HIGH_SPEED) ↔ Part 1853.operand
allarms 1,1820,1854,Part 1853.out ↔ Part 1775.in ↔ Part 1855.in
allarms 1,1820,1827,ORef 1809 (S5T#30S) ↔ Part 1775.value
allarms 1,1820,1828,ORef 1810 (Tag_90) ↔ Part 1775.operand
allarms 1,1820,1829,ORef 1811 (Tag_90) ↔ Part 1855.operand
allarms 1,1820,1856,Part 1855.out ↔ Part 1780.in
allarms 1,1820,1831,ORef 1812 (Allarm.BWF01_Fault_Control) ↔ Part 1780.operand
allarms 1,1820,1833,ORef 1813 (Inputs.BWF2_INVERTER_HIGH_SPEED) ↔ Part 1857.operand
allarms 1,1820,1858,Part 1857.out ↔ Part 1787.in ↔ Part 1859.in
allarms 1,1820,1834,ORef 1814 (S5T#30S) ↔ Part 1787.value
allarms 1,1820,1835,ORef 1815 (Tag_91) ↔ Part 1787.operand
allarms 1,1820,1836,ORef 1816 (Tag_91) ↔ Part 1859.operand
allarms 1,1820,1860,Part 1859.out ↔ Part 1792.in
allarms 1,1820,1838,ORef 1817 (Allarm.BWF02_Fault_Control) ↔ Part 1792.operand
allarms 1,1820,1840,ORef 1818 (Flag.RESET_ALLARM) ↔ Part 1861.operand
allarms 1,1820,1862,Part 1861.out ↔ Part 1863.in ↔ Part 1867.in
allarms 1,1820,1841,ORef 1819 (Allarm.BWF01_Fault_Control) ↔ Part 1863.operand
allarms 1,1820,1864,Part 1863.out ↔ Part 1865.in
allarms 1,1820,1842,ORef 1820 (Inputs.BWF1_INVERTER_HIGH_SPEED) ↔ Part 1865.operand
allarms 1,1820,1866,Part 1865.out ↔ Part 1801.in
allarms 1,1820,1844,ORef 1821 (Allarm.BWF01_Fault_Control) ↔ Part 1801.operand
allarms 1,1820,1845,ORef 1822 (Allarm.BWF02_Fault_Control) ↔ Part 1867.operand
allarms 1,1820,1868,Part 1867.out ↔ Part 1869.in
allarms 1,1820,1846,ORef 1823 (Inputs.BWF2_INVERTER_HIGH_SPEED) ↔ Part 1869.operand
allarms 1,1820,1870,Part 1869.out ↔ Part 1806.in
allarms 1,1820,1848,ORef 1824 (Allarm.BWF02_Fault_Control) ↔ Part 1806.operand
allarms 1,1821,1826,Powerrail {} ↔ Part 1816.in
allarms 1,1821,1806,ORef 1799 (ON) ↔ Part 1816.operand
allarms 1,1821,1817,Part 1816.out ↔ Part 1837.in ↔ Part 1820.in
allarms 1,1821,1840,ORef 1838 (Start Aux INV) ↔ Part 1837.operand
allarms 1,1821,41,Part 1837.out ↔ Part 22.in
allarms 1,1821,43,ORef 44 (Start Aux INV) ↔ Part 22.operand
allarms 1,1821,25,Part 22.out ↔ Part 1818.in ↔ Part 1827.in
allarms 1,1821,1807,ORef 1800 (Inputs.Aux inverter RUN) ↔ Part 1818.operand
allarms 1,1821,1819,Part 1818.out ↔ Part 24.IN
allarms 1,1821,36,ORef 37 (T#2S) ↔ Part 24.PT
allarms 1,1821,38,Part 24.Q ↔ Part 1792.in
allarms 1,1821,39,Part 24.ET ↔ ORef 40 (RefId (RefId 없음))
allarms 1,1821,1809,ORef 1801 (Allarm.Aux_Inverter_Fault) ↔ Part 1792.operand
allarms 1,1821,34,ORef 35 (Inputs.Aux_Inv_All) ↔ Part 1827.operand
allarms 1,1821,42,Part 1827.out ↔ Part 1828.in
allarms 1,1821,1834,ORef 1830 (Allarm.Aux_INV) ↔ Part 1828.operand
allarms 1,1821,1810,ORef 1802 (Flag.RESET_ALLARM) ↔ Part 1820.operand
allarms 1,1821,26,Part 1820.out ↔ Part 1822.in ↔ Part 1835.in
allarms 1,1821,1811,ORef 1803 (Allarm.Aux_Inverter_Fault) ↔ Part 1822.operand
allarms 1,1821,1823,Part 1822.out ↔ Part 1824.in
allarms 1,1821,1812,ORef 1804 (Inputs.Aux inverter RUN) ↔ Part 1824.operand
allarms 1,1821,1825,Part 1824.out ↔ Part 1798.in
allarms 1,1821,1814,ORef 1805 (Allarm.Aux_Inverter_Fault) ↔ Part 1798.operand
allarms 1,1821,31,ORef 32 (Allarm.Aux_INV) ↔ Part 1835.operand
allarms 1,1821,30,Part 1835.out ↔ Part 1836.in
allarms 1,1821,28,ORef 29 (Allarm.Aux_INV) ↔ Part 1836.operand
allarms 1,1822,45,Powerrail {} ↔ Part 21.in
allarms 1,1822,46,ORef 33 (ON) ↔ Part 21.operand
allarms 1,1822,47,Part 21.out ↔ Part 22.in ↔ Part 27.in
allarms 1,1822,48,ORef 34 (Start ER-01) ↔ Part 22.operand
allarms 1,1822,25,Part 22.out ↔ Part 23.in
allarms 1,1822,50,ORef 35 (Inputs.Feedback_ER01) ↔ Part 23.operand
allarms 1,1822,51,Part 23.out ↔ Part 28.IN
allarms 1,1822,30,ORef 37 (T#2S) ↔ Part 28.PT
allarms 1,1822,38,Part 28.Q ↔ Part 24.in
allarms 1,1822,40,Part 28.ET ↔ ORef 41 (RefId (RefId 없음))
allarms 1,1822,52,ORef 36 (Allarm.ER01_run) ↔ Part 24.operand
allarms 1,1822,56,ORef 39 (Flag.RESET_ALLARM) ↔ Part 27.operand
allarms 1,1822,26,Part 27.out ↔ Part 31.in
allarms 1,1822,63,ORef 43 (Allarm.ER01_run) ↔ Part 31.operand
allarms 1,1822,64,Part 31.out ↔ Part 32.in
allarms 1,1822,65,ORef 44 (Allarm.ER01_run) ↔ Part 32.operand
allarms 1,1823,21,Powerrail {} ↔ Part 23.in ↔ Part 35.in
allarms 1,1823,22,ORef 24 (Inputs.Presenza_110V) ↔ Part 23.operand
allarms 1,1823,41,Part 23.out ↔ Part 27.in
allarms 1,1823,47,ORef 48 (Allarm.110V_Fault) ↔ Part 27.operand
allarms 1,1823,42,ORef 38 (Flag.RESET_ALLARM) ↔ Part 35.operand
allarms 1,1823,43,Part 35.out ↔ Part 36.in
allarms 1,1823,44,ORef 39 (Allarm.110V_Fault) ↔ Part 36.operand
allarms 1,1823,45,Part 36.out ↔ Part 37.in
allarms 1,1823,46,ORef 40 (Allarm.110V_Fault) ↔ Part 37.operand
allarms 1,1824,21,Powerrail {} ↔ Part 26.in ↔ Part 36.in
allarms 1,1824,25,ORef 27 (Inputs.EM_OK) ↔ Part 26.operand
allarms 1,1824,42,Part 26.out ↔ Part 31.in
allarms 1,1824,48,ORef 49 (Allarm.Emergency_module_fault) ↔ Part 31.operand
allarms 1,1824,43,ORef 39 (Flag.RESET_ALLARM) ↔ Part 36.operand
allarms 1,1824,44,Part 36.out ↔ Part 37.in
allarms 1,1824,45,ORef 40 (Allarm.Emergency_module_fault) ↔ Part 37.operand
allarms 1,1824,46,Part 37.out ↔ Part 38.in
allarms 1,1824,47,ORef 41 (Allarm.Emergency_module_fault) ↔ Part 38.operand
allarms 1,1825,21,Powerrail {} ↔ Part 23.in ↔ Part 29.in
allarms 1,1825,22,ORef 24 (Simulation(1)) ↔ Part 23.operand
allarms 1,1825,25,Part 23.out ↔ Part 27.in
allarms 1,1825,26,ORef 28 (Allarm.Simulation enabled) ↔ Part 27.operand
allarms 1,1825,36,ORef 32 (Flag.RESET_ALLARM) ↔ Part 29.operand
allarms 1,1825,37,Part 29.out ↔ Part 30.in
allarms 1,1825,38,ORef 33 (Allarm.Simulation enabled) ↔ Part 30.operand
allarms 1,1825,39,Part 30.out ↔ Part 31.in
allarms 1,1825,40,ORef 34 (Allarm.Simulation enabled) ↔ Part 31.operand
control_stechio,1830,734,Powerrail {} ↔ Part 732.in
control_stechio,1830,610,ORef 529 (ON) ↔ Part 732.operand
control_stechio,1830,733,Part 732.out ↔ Part 371.pre ↔ Part 379.pre ↔ Part 387.pre ↔ Part 395.pre ↔ Part 403.pre ↔ Part 411.pre ↔ Part 419.pre ↔ Part 427.pre ↔ Part 435.pre ↔ Part 443.pre ↔ Part 451.pre ↔ Part 459.pre ↔ Part 467.pre ↔ Part 475.pre ↔ Part 483.pre ↔ Part 491.pre ↔ Part 499.pre ↔ Part 507.pre ↔ Part 515.pre ↔ Part 523.pre
control_stechio,1830,611,ORef 530 (Data.Burner_Air_Out) ↔ Part 371.in1
control_stechio,1830,612,ORef 531 (0) ↔ Part 371.in2
control_stechio,1830,613,Part 371.out ↔ Part 374.en
control_stechio,1830,615,ORef 532 (Stechio.Gas_crv0_4) ↔ Part 374.in
control_stechio,1830,616,Part 374.out1 ↔ ORef 533 (Portata_Presunta_GAS)
control_stechio,1830,617,ORef 534 (Data.Burner_Air_Out) ↔ Part 379.in1
control_stechio,1830,618,ORef 535 (5) ↔ Part 379.in2
control_stechio,1830,619,Part 379.out ↔ Part 382.en
control_stechio,1830,621,ORef 536 (Stechio.Gas_crv5_9) ↔ Part 382.in
control_stechio,1830,622,Part 382.out1 ↔ ORef 537 (Portata_Presunta_GAS)
control_stechio,1830,623,ORef 538 (Data.Burner_Air_Out) ↔ Part 387.in1
control_stechio,1830,624,ORef 539 (10) ↔ Part 387.in2
control_stechio,1830,625,Part 387.out ↔ Part 390.en
control_stechio,1830,627,ORef 540 (Stechio.Gas_crv10_14) ↔ Part 390.in
control_stechio,1830,628,Part 390.out1 ↔ ORef 541 (Portata_Presunta_GAS)
control_stechio,1830,629,ORef 542 (Data.Burner_Air_Out) ↔ Part 395.in1
control_stechio,1830,630,ORef 543 (15) ↔ Part 395.in2
control_stechio,1830,631,Part 395.out ↔ Part 398.en
control_stechio,1830,633,ORef 544 (Stechio.Gas_crv15_19) ↔ Part 398.in
control_stechio,1830,634,Part 398.out1 ↔ ORef 545 (Portata_Presunta_GAS)
control_stechio,1830,635,ORef 546 (Data.Burner_Air_Out) ↔ Part 403.in1
control_stechio,1830,636,ORef 547 (20) ↔ Part 403.in2
control_stechio,1830,637,Part 403.out ↔ Part 406.en
control_stechio,1830,639,ORef 548 (Stechio.Gas_crv20_24) ↔ Part 406.in
control_stechio,1830,640,Part 406.out1 ↔ ORef 549 (Portata_Presunta_GAS)
control_stechio,1830,641,ORef 550 (Data.Burner_Air_Out) ↔ Part 411.in1
control_stechio,1830,642,ORef 551 (25) ↔ Part 411.in2
control_stechio,1830,643,Part 411.out ↔ Part 414.en
control_stechio,1830,645,ORef 552 (Stechio.Gas_crv25_29) ↔ Part 414.in
control_stechio,1830,646,Part 414.out1 ↔ ORef 553 (Portata_Presunta_GAS)
control_stechio,1830,647,ORef 554 (Data.Burner_Air_Out) ↔ Part 419.in1
control_stechio,1830,648,ORef 555 (30) ↔ Part 419.in2
control_stechio,1830,649,Part 419.out ↔ Part 422.en
control_stechio,1830,651,ORef 556 (Stechio.Gas_crv30_34) ↔ Part 422.in
control_stechio,1830,652,Part 422.out1 ↔ ORef 557 (Portata_Presunta_GAS)
control_stechio,1830,653,ORef 558 (Data.Burner_Air_Out) ↔ Part 427.in1
control_stechio,1830,654,ORef 559 (35) ↔ Part 427.in2
control_stechio,1830,655,Part 427.out ↔ Part 430.en
control_stechio,1830,657,ORef 560 (Stechio.Gas_crv35_39) ↔ Part 430.in
control_stechio,1830,658,Part 430.out1 ↔ ORef 561 (Portata_Presunta_GAS)
control_stechio,1830,659,ORef 562 (Data.Burner_Air_Out) ↔ Part 435.in1
control_stechio,1830,660,ORef 563 (40) ↔ Part 435.in2
control_stechio,1830,661,Part 435.out ↔ Part 438.en
control_stechio,1830,663,ORef 564 (Stechio.Gas_crv40_44) ↔ Part 438.in
control_stechio,1830,664,Part 438.out1 ↔ ORef 565 (Portata_Presunta_GAS)
control_stechio,1830,665,ORef 566 (Data.Burner_Air_Out) ↔ Part 443.in1
control_stechio,1830,666,ORef 567 (45) ↔ Part 443.in2
control_stechio,1830,667,Part 443.out ↔ Part 446.en
control_stechio,1830,669,ORef 568 (Stechio.Gas_crv45_49) ↔ Part 446.in
control_stechio,1830,670,Part 446.out1 ↔ ORef 569 (Portata_Presunta_GAS)
control_stechio,1830,671,ORef 570 (Data.Burner_Air_Out) ↔ Part 451.in1
control_stechio,1830,672,ORef 571 (50) ↔ Part 451.in2
control_stechio,1830,673,Part 451.out ↔ Part 454.en
control_stechio,1830,675,ORef 572 (Stechio.Gas_crv50_54) ↔ Part 454.in
control_stechio,1830,676,Part 454.out1 ↔ ORef 573 (Portata_Presunta_GAS)
control_stechio,1830,677,ORef 574 (Data.Burner_Air_Out) ↔ Part 459.in1
control_stechio,1830,678,ORef 575 (55) ↔ Part 459.in2
control_stechio,1830,679,Part 459.out ↔ Part 462.en
control_stechio,1830,681,ORef 576 (Stechio.Gas_crv55_59) ↔ Part 462.in
control_stechio,1830,682,Part 462.out1 ↔ ORef 577 (Portata_Presunta_GAS)
control_stechio,1830,683,ORef 578 (Data.Burner_Air_Out) ↔ Part 467.in1
control_stechio,1830,684,ORef 579 (60) ↔ Part 467.in2
control_stechio,1830,685,Part 467.out ↔ Part 470.en
control_stechio,1830,687,ORef 580 (Stechio.Gas_crv60_64) ↔ Part 470.in
control_stechio,1830,688,Part 470.out1 ↔ ORef 581 (Portata_Presunta_GAS)
control_stechio,1830,689,ORef 582 (Data.Burner_Air_Out) ↔ Part 475.in1
control_stechio,1830,690,ORef 583 (65) ↔ Part 475.in2
control_stechio,1830,691,Part 475.out ↔ Part 478.en
control_stechio,1830,693,ORef 584 (Stechio.Gas_crv65_69) ↔ Part 478.in
control_stechio,1830,694,Part 478.out1 ↔ ORef 585 (Portata_Presunta_GAS)
control_stechio,1830,695,ORef 586 (Data.Burner_Air_Out) ↔ Part 483.in1
control_stechio,1830,696,ORef 587 (70) ↔ Part 483.in2
control_stechio,1830,697,Part 483.out ↔ Part 486.en
control_stechio,1830,699,ORef 588 (Stechio.Gas_crv70_74) ↔ Part 486.in
control_stechio,1830,700,Part 486.out1 ↔ ORef 589 (Portata_Presunta_GAS)
control_stechio,1830,701,ORef 590 (Data.Burner_Air_Out) ↔ Part 491.in1
control_stechio,1830,702,ORef 591 (75) ↔ Part 491.in2
control_stechio,1830,703,Part 491.out ↔ Part 494.en
control_stechio,1830,705,ORef 592 (Stechio.Gas_crv75_79) ↔ Part 494.in
control_stechio,1830,706,Part 494.out1 ↔ ORef 593 (Portata_Presunta_GAS)
control_stechio,1830,707,ORef 594 (Data.Burner_Air_Out) ↔ Part 499.in1
control_stechio,1830,708,ORef 595 (80) ↔ Part 499.in2
control_stechio,1830,709,Part 499.out ↔ Part 502.en
control_stechio,1830,711,ORef 596 (Stechio.Gas_crv80_84) ↔ Part 502.in
control_stechio,1830,712,Part 502.out1 ↔ ORef 597 (Portata_Presunta_GAS)
control_stechio,1830,713,ORef 598 (Data.Burner_Air_Out) ↔ Part 507.in1
control_stechio,1830,714,ORef 599 (85) ↔ Part 507.in2
control_stechio,1830,715,Part 507.out ↔ Part 510.en
control_stechio,1830,717,ORef 600 (Stechio.Gas_crv85_89) ↔ Part 510.in
control_stechio,1830,718,Part 510.out1 ↔ ORef 601 (Portata_Presunta_GAS)
control_stechio,1830,719,ORef 602 (Data.Burner_Air_Out) ↔ Part 515.in1
control_stechio,1830,720,ORef 603 (90) ↔ Part 515.in2
control_stechio,1830,721,Part 515.out ↔ Part 518.en
control_stechio,1830,723,ORef 604 (Stechio.Gas_crv90_94) ↔ Part 518.in
control_stechio,1830,724,Part 518.out1 ↔ ORef 605 (Portata_Presunta_GAS)
control_stechio,1830,725,ORef 606 (Data.Burner_Air_Out) ↔ Part 523.in1
control_stechio,1830,726,ORef 607 (95) ↔ Part 523.in2
control_stechio,1830,727,Part 523.out ↔ Part 526.en
control_stechio,1830,729,ORef 608 (Stechio.Gas_crv95_100) ↔ Part 526.in
control_stechio,1830,730,Part 526.out1 ↔ ORef 609 (Portata_Presunta_GAS)
control_stechio,1832,637,Powerrail {} ↔ Part 663.en ↔ Part 657.in ↔ Part 658.in
control_stechio,1832,721,ORef 672 (Inputs.High Flame Gas) ↔ Part 657.operand
control_stechio,1832,722,Part 657.out ↔ Part 663.COM_RST
control_stechio,1832,723,ORef 673 (ON) ↔ Part 658.operand
control_stechio,1832,724,Part 658.out ↔ Part 659.in ↔ Part 661.in
control_stechio,1832,725,ORef 674 (Inputs.High Flame Gas) ↔ Part 659.operand
control_stechio,1832,726,Part 659.out ↔ Part 765.in
control_stechio,1832,768,ORef 766 (Disable masses) ↔ Part 765.operand
control_stechio,1832,21,Part 765.out ↔ Part 662.in1
control_stechio,1832,729,ORef 676 (OFF) ↔ Part 661.operand
control_stechio,1832,730,Part 661.out ↔ Part 662.in2
control_stechio,1832,731,Part 662.out ↔ Part 663.MAN_ON
control_stechio,1832,732,ORef 677 (OFF) ↔ Part 663.PVPER_ON
control_stechio,1832,733,ORef 678 (ON) ↔ Part 663.P_SEL
control_stechio,1832,734,ORef 679 (ON) ↔ Part 663.I_SEL
control_stechio,1832,735,ORef 680 (RefId (RefId 없음)) ↔ Part 663.INT_HOLD
control_stechio,1832,736,ORef 681 (RefId (RefId 없음)) ↔ Part 663.I_ITL_ON
control_stechio,1832,737,ORef 682 (ON) ↔ Part 663.D_SEL
control_stechio,1832,738,ORef 683 (T#100MS) ↔ Part 663.CYCLE
control_stechio,1832,739,ORef 684 (SetPoint_Stechio) ↔ Part 663.SP_INT
control_stechio,1832,740,ORef 685 (Stechio_attuale) ↔ Part 663.PV_IN
control_stechio,1832,741,ORef 686 (RefId (RefId 없음)) ↔ Part 663.PV_PER
control_stechio,1832,742,ORef 687 (0.0) ↔ Part 663.MAN
control_stechio,1832,743,ORef 688 (Stechio.PID_GAIN) ↔ Part 663.GAIN
control_stechio,1832,744,ORef 689 (Stechio.PID_TI) ↔ Part 663.TI
control_stechio,1832,745,ORef 690 (Stechio.PID_TD) ↔ Part 663.TD
control_stechio,1832,746,ORef 691 (T#1M) ↔ Part 663.TM_LAG
control_stechio,1832,747,ORef 692 (0.1) ↔ Part 663.DEADB_W
control_stechio,1832,748,ORef 693 (Stechio.Limite_MAX) ↔ Part 663.LMN_HLM
control_stechio,1832,749,ORef 694 (Stechio.Limite_min) ↔ Part 663.LMN_LLM
control_stechio,1832,750,ORef 695 (1.0) ↔ Part 663.PV_FAC
control_stechio,1832,751,ORef 696 (0.0) ↔ Part 663.PV_OFF
control_stechio,1832,752,ORef 697 (1.0) ↔ Part 663.LMN_FAC
control_stechio,1832,753,ORef 698 (0.0) ↔ Part 663.LMN_OFF
control_stechio,1832,754,ORef 699 (RefId (RefId 없음)) ↔ Part 663.I_ITLVAL
control_stechio,1832,755,ORef 700 (1.0) ↔ Part 663.DISV
control_stechio,1832,756,Part 663.LMN ↔ ORef 701 (Correzione_Stechio)
control_stechio,1832,757,Part 663.LMN_PER ↔ ORef 702 (RefId (RefId 없음))
control_stechio,1832,758,Part 663.QLMN_HLM ↔ ORef 703 (RefId (RefId 없음))
control_stechio,1832,759,Part 663.QLMN_LLM ↔ ORef 704 (RefId (RefId 없음))
control_stechio,1832,760,Part 663.LMN_P ↔ ORef 705 (RefId (RefId 없음))
control_stechio,1832,761,Part 663.LMN_I ↔ ORef 706 (RefId (RefId 없음))
control_stechio,1832,762,Part 663.LMN_D ↔ ORef 707 (RefId (RefId 없음))
control_stechio,1832,763,Part 663.PV ↔ ORef 708 (RefId (RefId 없음))
control_stechio,1832,764,Part 663.ER ↔ ORef 709 (RefId (RefId 없음))
control_stechio,1834,602,Powerrail {} ↔ Part 600.in
control_stechio,1834,586,ORef 577 (ON) ↔ Part 600.operand
control_stechio,1834,601,Part 600.out ↔ Part 563.pre ↔ Part 571.pre
control_stechio,1834,587,ORef 578 (Data.Burner_Gas_Out) ↔ Part 563.in1
control_stechio,1834,588,ORef 579 (0) ↔ Part 563.in2
control_stechio,1834,589,Part 563.out ↔ Part 566.en
control_stechio,1834,591,ORef 580 (0) ↔ Part 566.in
control_stechio,1834,592,Part 566.out1 ↔ ORef 581 (Data.Burner_Gas_Out)
control_stechio,1834,593,ORef 582 (Data.Burner_Gas_Out) ↔ Part 571.in1
control_stechio,1834,594,ORef 583 (100) ↔ Part 571.in2
control_stechio,1834,595,Part 571.out ↔ Part 574.en
control_stechio,1834,597,ORef 584 (100) ↔ Part 574.in
control_stechio,1834,598,Part 574.out1 ↔ ORef 585 (Data.Burner_Gas_Out)
control_stechio,1835,620,Powerrail {} ↔ Part 618.in
control_stechio,1835,606,ORef 599 (ON) ↔ Part 618.operand
control_stechio,1835,619,Part 618.out ↔ Part 589.pre ↔ Part 595.pre
control_stechio,1835,607,ORef 600 (Correzione_Stechio) ↔ Part 589.in1
control_stechio,1835,608,ORef 601 (Stechio.Limite_min) ↔ Part 589.in2
control_stechio,1835,609,Part 589.out ↔ Part 592.in
control_stechio,1835,611,ORef 602 (Stechio.Sign_lim_min) ↔ Part 592.operand
control_stechio,1835,612,ORef 603 (Correzione_Stechio) ↔ Part 595.in1
control_stechio,1835,613,ORef 604 (Stechio.Limite_MAX) ↔ Part 595.in2
control_stechio,1835,614,Part 595.out ↔ Part 598.in
control_stechio,1835,616,ORef 605 (Stechio.Sign_lim_MAX) ↔ Part 598.operand
auto start motors,1841,94,Powerrail {} ↔ Part 88.in
auto start motors,1841,77,ORef 69 (ON) ↔ Part 88.operand
auto start motors,1841,89,Part 88.out ↔ Part 90.in ↔ Part 92.in
auto start motors,1841,78,ORef 70 (Flag.Auto_ON1) ↔ Part 90.operand
auto start motors,1841,91,Part 90.out ↔ Part 59.en
auto start motors,1841,80,ORef 71 (Data.Tempo_presetting) ↔ Part 59.in1
auto start motors,1841,81,ORef 72 (1) ↔ Part 59.in2
auto start motors,1841,82,Part 59.out ↔ ORef 73 (Data.Tempo_presetting)
auto start motors,1841,83,ORef 74 (RefId 4) ↔ Part 92.operand
auto start motors,1841,93,Part 92.out ↔ Part 66.en
auto start motors,1841,85,ORef 75 (0) ↔ Part 66.in
auto start motors,1841,86,Part 66.out1 ↔ ORef 76 (Data.Tempo_presetting)
auto start motors,1842,119,Powerrail {} ↔ Part 113.in
auto start motors,1842,103,ORef 96 (ON) ↔ Part 113.operand
auto start motors,1842,114,Part 113.out ↔ Part 115.in ↔ Part 117.in
auto start motors,1842,104,ORef 97 (Flag.Auto_ON1) ↔ Part 115.operand
auto start motors,1842,116,Part 115.out ↔ Part 87.en
auto start motors,1842,106,ORef 98 (Data.Tipo_preset) ↔ Part 87.in
auto start motors,1842,107,Part 87.out1 ↔ ORef 99 (Data.D37)
auto start motors,1842,108,ORef 100 (Flag.Auto_ON1) ↔ Part 117.operand
auto start motors,1842,118,Part 117.out ↔ Part 93.en
auto start motors,1842,110,ORef 101 (-1) ↔ Part 93.in
auto start motors,1842,111,Part 93.out1 ↔ ORef 102 (Data.D37)
auto start motors,1843,793,Powerrail {} ↔ Part 785.in
auto start motors,1843,668,ORef 588 (ON) ↔ Part 785.operand
auto start motors,1843,786,Part 785.out ↔ Part 22.in
auto start motors,1843,21,ORef 23 (Allarm.Emergency_module_fault) ↔ Part 22.operand
auto start motors,1843,32,Part 22.out ↔ Part 400.pre
auto start motors,1843,670,ORef 590 (Data.Tipo_preset) ↔ Part 400.in1
auto start motors,1843,671,ORef 591 (1) ↔ Part 400.in2
auto start motors,1843,33,Part 400.out ↔ Part 823.in ↔ Part 827.in ↔ Part 833.in
auto start motors,1843,826,ORef 824 (Flag.Auto_ON1) ↔ Part 823.operand
auto start motors,1843,672,Part 823.out ↔ Part 406.pre ↔ Part 416.pre ↔ Part 428.pre ↔ Part 440.pre ↔ Part 446.pre ↔ Part 452.pre ↔ Part 466.pre ↔ Part 472.pre ↔ Part 486.pre ↔ Part 503.pre ↔ Part 509.pre ↔ Part 521.pre ↔ Part 535.pre ↔ Part 542.pre ↔ Part 548.pre ↔ Part 558.pre ↔ Part 584.pre
auto start motors,1843,673,ORef 592 (Data.Tempo_presetting) ↔ Part 406.in1
auto start motors,1843,674,ORef 593 (1) ↔ Part 406.in2
auto start motors,1843,675,Part 406.out ↔ Part 410.in ↔ Part 412.in
auto start motors,1843,676,ORef 594 (Flag.RESET_ALLARM) ↔ Part 410.operand
auto start motors,1843,677,ORef 595 (Flag.Maintenance_ON) ↔ Part 412.operand
auto start motors,1843,679,ORef 596 (Data.Tempo_presetting) ↔ Part 416.in1
auto start motors,1843,680,ORef 597 (3) ↔ Part 416.in2
auto start motors,1843,681,Part 416.out ↔ Part 420.in ↔ Part 422.in ↔ Part 424.in
auto start motors,1843,682,ORef 598 (Flag.M_VR_03) ↔ Part 420.operand
auto start motors,1843,683,ORef 599 (Flag.M_VR_04) ↔ Part 422.operand
auto start motors,1843,684,ORef 600 (Flag.M_VR_05) ↔ Part 424.operand
auto start motors,1843,686,ORef 601 (Data.Tempo_presetting) ↔ Part 428.in1
auto start motors,1843,687,ORef 602 (5) ↔ Part 428.in2
auto start motors,1843,688,Part 428.out ↔ Part 432.in ↔ Part 434.in ↔ Part 436.in
auto start motors,1843,689,ORef 603 (Flag.M_SC_01) ↔ Part 432.operand
auto start motors,1843,690,ORef 604 (Flag.M_SC_10) ↔ Part 434.operand
auto start motors,1843,691,ORef 605 (Flag.M_SC_11) ↔ Part 436.operand
auto start motors,1843,693,ORef 606 (Data.Tempo_presetting) ↔ Part 440.in1
auto start motors,1843,694,ORef 607 (8) ↔ Part 440.in2
auto start motors,1843,695,Part 440.out ↔ Part 443.in
auto start motors,1843,697,ORef 608 (Flag.M_FN_04) ↔ Part 443.operand
auto start motors,1843,698,ORef 609 (Data.Tempo_presetting) ↔ Part 446.in1
auto start motors,1843,699,ORef 610 (15) ↔ Part 446.in2
auto start motors,1843,700,Part 446.out ↔ Part 449.in
auto start motors,1843,702,ORef 611 (Flag.STANDBY_ON) ↔ Part 449.operand
auto start motors,1843,703,ORef 612 (Data.Tempo_presetting) ↔ Part 452.in1
auto start motors,1843,704,ORef 613 (17) ↔ Part 452.in2
auto start motors,1843,705,Part 452.out ↔ Part 456.in ↔ Part 458.in ↔ Part 460.in ↔ Part 462.in
auto start motors,1843,706,ORef 614 (Flag.M_VS_01) ↔ Part 456.operand
auto start motors,1843,707,ORef 615 (Flag.M_MC_05) ↔ Part 458.operand
auto start motors,1843,708,ORef 616 (Flag.M_MC_04) ↔ Part 460.operand
auto start motors,1843,709,ORef 617 (Flag.Enable_R2_GATE) ↔ Part 462.operand
auto start motors,1843,711,ORef 618 (Data.Tempo_presetting) ↔ Part 466.in1
auto start motors,1843,712,ORef 619 (19) ↔ Part 466.in2
auto start motors,1843,713,Part 466.out ↔ Part 469.in
auto start motors,1843,715,ORef 620 (Flag.M_RD_01_FAN) ↔ Part 469.operand
auto start motors,1843,716,ORef 621 (Data.Tempo_presetting) ↔ Part 472.in1
auto start motors,1843,717,ORef 622 (21) ↔ Part 472.in2
auto start motors,1843,718,Part 472.out ↔ Part 478.in ↔ Part 481.en
auto start motors,1843,719,ORef 623 (Flag.M_RD_01) ↔ Part 478.operand
auto start motors,1843,720,ORef 624 (25) ↔ Part 481.in
auto start motors,1843,721,Part 481.out1 ↔ ORef 625 (Data.SET_PERC_FR01)
auto start motors,1843,723,ORef 626 (Data.Tempo_presetting) ↔ Part 486.in1
auto start motors,1843,724,ORef 627 (24) ↔ Part 486.in2
auto start motors,1843,725,Part 486.out ↔ Part 492.in ↔ Part 495.en ↔ Part 500.in
auto start motors,1843,726,ORef 628 (Flag.M_BC_01) ↔ Part 492.operand
auto start motors,1843,104,Part 492.out ↔ Part 102.in
auto start motors,1843,105,ORef 106 (MemoCMD_BC01_Startup) ↔ Part 102.operand
auto start motors,1843,727,ORef 629 (75) ↔ Part 495.in
auto start motors,1843,728,Part 495.out1 ↔ ORef 630 (Data.Set_Perc_VT02)
auto start motors,1843,729,ORef 631 (Flag.M_FN_02) ↔ Part 500.operand
auto start motors,1843,731,ORef 632 (Data.Tempo_presetting) ↔ Part 503.in1
auto start motors,1843,732,ORef 633 (26) ↔ Part 503.in2
auto start motors,1843,27,Part 503.out ↔ Part 506.in
auto start motors,1843,28,ORef 29 (Flag.Enable_R1_GATE) ↔ Part 506.operand
auto start motors,1843,36,Part 506.out ↔ Part 34.in
auto start motors,1843,37,ORef 38 (MemoCMD_PV1_Startup) ↔ Part 34.operand
auto start motors,1843,736,ORef 635 (Data.Tempo_presetting) ↔ Part 509.in1
auto start motors,1843,737,ORef 636 (28) ↔ Part 509.in2
auto start motors,1843,738,Part 509.out ↔ Part 513.in ↔ Part 515.in ↔ Part 517.in
auto start motors,1843,739,ORef 637 (Flag.M_VR_01) ↔ Part 513.operand
auto start motors,1843,740,ORef 638 (Flag.M_VR_02) ↔ Part 515.operand
auto start motors,1843,25,ORef 26 (Flag.M_CH_01) ↔ Part 517.operand
auto start motors,1843,743,ORef 640 (Data.Tempo_presetting) ↔ Part 521.in1
auto start motors,1843,744,ORef 641 (30) ↔ Part 521.in2
auto start motors,1843,745,Part 521.out ↔ Part 527.in ↔ Part 530.en
auto start motors,1843,746,ORef 642 (Flag.M_FN_01) ↔ Part 527.operand
auto start motors,1843,747,ORef 643 (35) ↔ Part 530.in
auto start motors,1843,748,Part 530.out1 ↔ ORef 644 (Data.SET_PERC_VT01)
auto start motors,1843,750,ORef 645 (Data.Tempo_presetting) ↔ Part 535.in1
auto start motors,1843,751,ORef 646 (33) ↔ Part 535.in2
auto start motors,1843,30,Part 535.out ↔ Part 794.in
auto start motors,1843,797,ORef 795 (OFF) ↔ Part 794.operand
auto start motors,1843,31,Part 794.out ↔ Part 539.in
auto start motors,1843,755,ORef 648 (Flag.M_FN_02) ↔ Part 539.operand
auto start motors,1843,756,ORef 649 (Data.Tempo_presetting) ↔ Part 542.in1
auto start motors,1843,757,ORef 650 (36) ↔ Part 542.in2
auto start motors,1843,758,Part 542.out ↔ Part 545.in
auto start motors,1843,760,ORef 651 (Flag.M_FN_03) ↔ Part 545.operand
auto start motors,1843,761,ORef 652 (Data.Tempo_presetting) ↔ Part 548.in1
auto start motors,1843,762,ORef 653 (40) ↔ Part 548.in2
auto start motors,1843,763,Part 548.out ↔ Part 552.in ↔ Part 554.in
auto start motors,1843,764,ORef 654 (Flag.RESET_ALLARM) ↔ Part 552.operand
auto start motors,1843,765,ORef 655 (Flag.M_FN_06) ↔ Part 554.operand
auto start motors,1843,767,ORef 656 (Data.Tempo_presetting) ↔ Part 558.in1
auto start motors,1843,768,ORef 657 (45) ↔ Part 558.in2
auto start motors,1843,769,Part 558.out ↔ Part 791.in ↔ Part 578.in ↔ Part 581.in
auto start motors,1843,770,ORef 658 (OFF) ↔ Part 791.operand
auto start motors,1843,792,Part 791.out ↔ Part 568.en ↔ Part 573.en
auto start motors,1843,771,ORef 659 (850) ↔ Part 568.in
auto start motors,1843,772,Part 568.out1 ↔ ORef 660 (Data.TC01_SETPOINT)
auto start motors,1843,773,ORef 661 (500) ↔ Part 573.in
auto start motors,1843,774,Part 573.out1 ↔ ORef 662 (Data.TC03_SETPOINT)
auto start motors,1843,776,ORef 663 (Flag.Start_Burner) ↔ Part 578.operand
auto start motors,1843,777,ORef 664 (Flag.AUTO_BURNER) ↔ Part 581.operand
auto start motors,1843,779,ORef 665 (Data.Tempo_presetting) ↔ Part 584.in1
auto start motors,1843,780,ORef 666 (50) ↔ Part 584.in2
auto start motors,1843,781,Part 584.out ↔ Part 587.in
auto start motors,1843,783,ORef 667 (Flag.Auto_ON1) ↔ Part 587.operand
auto start motors,1843,831,Part 827.out ↔ Part 828.in
auto start motors,1843,832,ORef 829 (MemoCMD_BC01_Startup) ↔ Part 828.operand
auto start motors,1843,846,ORef 839 (Flag.Enable_R1_GATE) ↔ Part 833.operand
auto start motors,1843,847,Part 833.out ↔ Part 834.in
auto start motors,1843,848,ORef 840 (MemoCMD_PV1_Startup) ↔ Part 834.operand
auto start motors,1843,849,Part 834.out ↔ Part 835.IN
auto start motors,1843,850,ORef 841 (T#1M) ↔ Part 835.PT
auto start motors,1843,851,Part 835.Q ↔ Part 837.in
auto start motors,1843,852,Part 835.ET ↔ ORef 842 (RefId (RefId 없음))
auto start motors,1843,853,ORef 843 (Flag.Enable_R1_GATE) ↔ Part 837.operand
auto start motors,1843,854,Part 837.out ↔ Part 838.in
auto start motors,1843,855,ORef 844 (MemoCMD_PV1_Startup) ↔ Part 838.operand
auto start motors,1844,1153,Powerrail {} ↔ Part 1145.in
auto start motors,1844,1017,ORef 932 (ON) ↔ Part 1145.operand
auto start motors,1844,1146,Part 1145.out ↔ Part 1154.in
auto start motors,1844,1157,ORef 1155 (Allarm.Emergency_module_fault) ↔ Part 1154.operand
auto start motors,1844,21,Part 1154.out ↔ Part 1147.in
auto start motors,1844,1018,ORef 933 (Flag.Auto_ON1) ↔ Part 1147.operand
auto start motors,1844,1148,Part 1147.out ↔ Part 737.pre
auto start motors,1844,1019,ORef 934 (Data.Tipo_preset) ↔ Part 737.in1
auto start motors,1844,1020,ORef 935 (2) ↔ Part 737.in2
auto start motors,1844,1021,Part 737.out ↔ Part 743.pre ↔ Part 753.pre ↔ Part 765.pre ↔ Part 777.pre ↔ Part 783.pre ↔ Part 789.pre ↔ Part 796.pre ↔ Part 802.pre ↔ Part 808.pre ↔ Part 814.pre ↔ Part 820.pre ↔ Part 834.pre ↔ Part 840.pre ↔ Part 846.pre ↔ Part 858.pre ↔ Part 872.pre ↔ Part 886.pre ↔ Part 892.pre ↔ Part 902.pre ↔ Part 928.pre
auto start motors,1844,1022,ORef 936 (Data.Tempo_presetting) ↔ Part 743.in1
auto start motors,1844,1023,ORef 937 (1) ↔ Part 743.in2
auto start motors,1844,1024,Part 743.out ↔ Part 747.in ↔ Part 749.in
auto start motors,1844,1025,ORef 938 (Flag.RESET_ALLARM) ↔ Part 747.operand
auto start motors,1844,1026,ORef 939 (Flag.Maintenance_ON) ↔ Part 749.operand
auto start motors,1844,1028,ORef 940 (Data.Tempo_presetting) ↔ Part 753.in1
auto start motors,1844,1029,ORef 941 (3) ↔ Part 753.in2
auto start motors,1844,1030,Part 753.out ↔ Part 757.in ↔ Part 759.in ↔ Part 761.in
auto start motors,1844,1031,ORef 942 (Flag.M_VR_03) ↔ Part 757.operand
auto start motors,1844,1032,ORef 943 (Flag.M_VR_04) ↔ Part 759.operand
auto start motors,1844,1033,ORef 944 (Flag.M_VR_05) ↔ Part 761.operand
auto start motors,1844,1035,ORef 945 (Data.Tempo_presetting) ↔ Part 765.in1
auto start motors,1844,1036,ORef 946 (6) ↔ Part 765.in2
auto start motors,1844,1037,Part 765.out ↔ Part 769.in ↔ Part 771.in ↔ Part 773.in
auto start motors,1844,1038,ORef 947 (Flag.M_SC_01) ↔ Part 769.operand
auto start motors,1844,1039,ORef 948 (Flag.M_SC_10) ↔ Part 771.operand
auto start motors,1844,1040,ORef 949 (Flag.M_SC_11) ↔ Part 773.operand
auto start motors,1844,1042,ORef 950 (Data.Tempo_presetting) ↔ Part 777.in1
auto start motors,1844,1043,ORef 951 (10) ↔ Part 777.in2
auto start motors,1844,1044,Part 777.out ↔ Part 780.in
auto start motors,1844,1046,ORef 952 (Flag.M_FN_04) ↔ Part 780.operand
auto start motors,1844,1047,ORef 953 (Data.Tempo_presetting) ↔ Part 783.in1
auto start motors,1844,1048,ORef 954 (18) ↔ Part 783.in2
auto start motors,1844,1049,Part 783.out ↔ Part 786.in
auto start motors,1844,1051,ORef 955 (Flag.M_VS_01) ↔ Part 786.operand
auto start motors,1844,1052,ORef 956 (Data.Tempo_presetting) ↔ Part 789.in1
auto start motors,1844,1053,ORef 957 (21) ↔ Part 789.in2
auto start motors,1844,1054,Part 789.out ↔ Part 1149.in
auto start motors,1844,1055,ORef 958 (OFF) ↔ Part 1149.operand
auto start motors,1844,1150,Part 1149.out ↔ Part 793.in
auto start motors,1844,1057,ORef 959 (Flag.M_MC_05) ↔ Part 793.operand
auto start motors,1844,1058,ORef 960 (Data.Tempo_presetting) ↔ Part 796.in1
auto start motors,1844,1059,ORef 961 (24) ↔ Part 796.in2
auto start motors,1844,1060,Part 796.out ↔ Part 799.in
auto start motors,1844,1062,ORef 962 (Flag.M_MC_04) ↔ Part 799.operand
auto start motors,1844,1063,ORef 963 (Data.Tempo_presetting) ↔ Part 802.in1
auto start motors,1844,1064,ORef 964 (27) ↔ Part 802.in2
auto start motors,1844,1065,Part 802.out ↔ Part 805.in
auto start motors,1844,1067,ORef 965 (Flag.Enable_R2_GATE) ↔ Part 805.operand
auto start motors,1844,1068,ORef 966 (Data.Tempo_presetting) ↔ Part 808.in1
auto start motors,1844,1069,ORef 967 (30) ↔ Part 808.in2
auto start motors,1844,1070,Part 808.out ↔ Part 811.in
auto start motors,1844,1072,ORef 968 (Flag.STANDBY_ON) ↔ Part 811.operand
auto start motors,1844,1073,ORef 969 (Data.Tempo_presetting) ↔ Part 814.in1
auto start motors,1844,1074,ORef 970 (33) ↔ Part 814.in2
auto start motors,1844,1075,Part 814.out ↔ Part 817.in
auto start motors,1844,1077,ORef 971 (Flag.M_RD_01_FAN) ↔ Part 817.operand
auto start motors,1844,1078,ORef 972 (Data.Tempo_presetting) ↔ Part 820.in1
auto start motors,1844,1079,ORef 973 (35) ↔ Part 820.in2
auto start motors,1844,1080,Part 820.out ↔ Part 826.in ↔ Part 829.en
auto start motors,1844,1081,ORef 974 (Flag.M_RD_01) ↔ Part 826.operand
auto start motors,1844,1082,ORef 975 (25) ↔ Part 829.in
auto start motors,1844,1083,Part 829.out1 ↔ ORef 976 (Data.SET_PERC_FR01)
auto start motors,1844,1085,ORef 977 (Data.Tempo_presetting) ↔ Part 834.in1
auto start motors,1844,1086,ORef 978 (40) ↔ Part 834.in2
auto start motors,1844,1087,Part 834.out ↔ Part 1158.in
auto start motors,1844,1161,ORef 1159 (Flag.Enable_R1_GATE) ↔ Part 1158.operand
auto start motors,1844,1090,ORef 980 (Data.Tempo_presetting) ↔ Part 840.in1
auto start motors,1844,1091,ORef 981 (43) ↔ Part 840.in2
auto start motors,1844,23,Part 840.out ↔ Part 1162.in
auto start motors,1844,1165,ORef 1163 (Flag.M_BC_01) ↔ Part 1162.operand
auto start motors,1844,1095,ORef 983 (Data.Tempo_presetting) ↔ Part 846.in1
auto start motors,1844,1096,ORef 984 (46) ↔ Part 846.in2
auto start motors,1844,1097,Part 846.out ↔ Part 850.in ↔ Part 852.in ↔ Part 854.in
auto start motors,1844,1098,ORef 985 (Flag.M_VR_01) ↔ Part 850.operand
auto start motors,1844,1099,ORef 986 (Flag.M_VR_02) ↔ Part 852.operand
auto start motors,1844,1100,ORef 987 (Flag.M_CH_01) ↔ Part 854.operand
auto start motors,1844,1102,ORef 988 (Data.Tempo_presetting) ↔ Part 858.in1
auto start motors,1844,1103,ORef 989 (49) ↔ Part 858.in2
auto start motors,1844,1104,Part 858.out ↔ Part 864.in ↔ Part 867.en
auto start motors,1844,1105,ORef 990 (Flag.M_FN_01) ↔ Part 864.operand
auto start motors,1844,1106,ORef 991 (35) ↔ Part 867.in
auto start motors,1844,1107,Part 867.out1 ↔ ORef 992 (Data.SET_PERC_VT01)
auto start motors,1844,1109,ORef 993 (Data.Tempo_presetting) ↔ Part 872.in1
auto start motors,1844,1110,ORef 994 (52) ↔ Part 872.in2
auto start motors,1844,1111,Part 872.out ↔ Part 878.in ↔ Part 881.en
auto start motors,1844,1112,ORef 995 (Flag.M_FN_02) ↔ Part 878.operand
auto start motors,1844,1113,ORef 996 (80) ↔ Part 881.in
auto start motors,1844,1114,Part 881.out1 ↔ ORef 997 (Data.Set_Perc_VT02)
auto start motors,1844,1116,ORef 998 (Data.Tempo_presetting) ↔ Part 886.in1
auto start motors,1844,1117,ORef 999 (56) ↔ Part 886.in2
auto start motors,1844,1118,Part 886.out ↔ Part 889.in
auto start motors,1844,1120,ORef 1000 (Flag.M_FN_03) ↔ Part 889.operand
auto start motors,1844,1121,ORef 1001 (Data.Tempo_presetting) ↔ Part 892.in1
auto start motors,1844,1122,ORef 1002 (60) ↔ Part 892.in2
auto start motors,1844,1123,Part 892.out ↔ Part 896.in ↔ Part 898.in
auto start motors,1844,1124,ORef 1003 (Flag.RESET_ALLARM) ↔ Part 896.operand
auto start motors,1844,1125,ORef 1004 (Flag.M_FN_06) ↔ Part 898.operand
auto start motors,1844,1127,ORef 1005 (Data.Tempo_presetting) ↔ Part 902.in1
auto start motors,1844,1128,ORef 1006 (62) ↔ Part 902.in2
auto start motors,1844,1129,Part 902.out ↔ Part 1151.in ↔ Part 922.in ↔ Part 925.in
auto start motors,1844,1130,ORef 1007 (OFF) ↔ Part 1151.operand
auto start motors,1844,1152,Part 1151.out ↔ Part 912.en ↔ Part 917.en
auto start motors,1844,1131,ORef 1008 (850) ↔ Part 912.in
auto start motors,1844,1132,Part 912.out1 ↔ ORef 1009 (Data.TC01_SETPOINT)
auto start motors,1844,1133,ORef 1010 (500) ↔ Part 917.in
auto start motors,1844,1134,Part 917.out1 ↔ ORef 1011 (Data.TC03_SETPOINT)
auto start motors,1844,1136,ORef 1012 (Flag.Start_Burner) ↔ Part 922.operand
auto start motors,1844,1137,ORef 1013 (Flag.AUTO_BURNER) ↔ Part 925.operand
auto start motors,1844,1139,ORef 1014 (Data.Tempo_presetting) ↔ Part 928.in1
auto start motors,1844,1140,ORef 1015 (65) ↔ Part 928.in2
auto start motors,1844,1141,Part 928.out ↔ Part 931.in
auto start motors,1844,1143,ORef 1016 (Flag.Auto_ON1) ↔ Part 931.operand
auto start motors,1845,21,Powerrail {} ↔ Part 22.in
auto start motors,1845,30,ORef 25 (ON) ↔ Part 22.operand
auto start motors,1845,31,Part 22.out ↔ Part 23.in
auto start motors,1845,32,ORef 26 (Allarm.Emergency_module_fault) ↔ Part 23.operand
auto start motors,1845,50,Part 23.out ↔ Part 24.pre ↔ Part 39.pre
auto start motors,1845,34,ORef 27 (Data.Tipo_preset) ↔ Part 24.in1
auto start motors,1845,35,ORef 28 (1) ↔ Part 24.in2
auto start motors,1845,45,Part 24.out ↔ Part 29.in1
auto start motors,1845,52,ORef 43 (Data.Tipo_preset) ↔ Part 39.in1
auto start motors,1845,53,ORef 44 (2) ↔ Part 39.in2
auto start motors,1845,54,Part 39.out ↔ Part 29.in2
auto start motors,1845,168,Part 29.out ↔ Part 55.in
auto start motors,1845,117,ORef 79 (HMI_DB.PreheatingControl_Enabled) ↔ Part 55.operand
auto start motors,1845,118,Part 55.out ↔ Part 56.pre ↔ Part 61.pre ↔ Part 66.pre ↔ Part 71.pre ↔ Part 75.pre
auto start motors,1845,119,ORef 80 (Manage_TC1_2.PID_Ref_Temp) ↔ Part 56.in1
auto start motors,1845,120,ORef 81 (HMI_DB.FN01_Preheating_1st_step_temperature) ↔ Part 56.in2
auto start motors,1845,121,Part 56.out ↔ Part 57.pre
auto start motors,1845,122,ORef 82 (Manage_TC1_2.PID_Ref_Temp) ↔ Part 57.in1
auto start motors,1845,123,ORef 83 (HMI_DB.FN01_Preheating_2nd_step_temperature) ↔ Part 57.in2
auto start motors,1845,124,Part 57.out ↔ Part 58.IN
auto start motors,1845,125,ORef 84 (T#10s) ↔ Part 58.PT
auto start motors,1845,126,Part 58.Q ↔ Part 60.en
auto start motors,1845,127,Part 58.ET ↔ ORef 85 (RefId (RefId 없음))
auto start motors,1845,128,ORef 86 (HMI_DB.FN01_Preheating_1st_step_speed) ↔ Part 60.in
auto start motors,1845,129,Part 60.out1 ↔ ORef 87 (Data.SET_PERC_VT01)
auto start motors,1845,130,ORef 88 (Manage_TC1_2.PID_Ref_Temp) ↔ Part 61.in1
auto start motors,1845,131,ORef 89 (HMI_DB.FN01_Preheating_2nd_step_temperature) ↔ Part 61.in2
auto start motors,1845,132,Part 61.out ↔ Part 62.pre
auto start motors,1845,133,ORef 90 (Manage_TC1_2.PID_Ref_Temp) ↔ Part 62.in1
auto start motors,1845,134,ORef 91 (HMI_DB.FN01_Preheating_3rd_step_temperature) ↔ Part 62.in2
auto start motors,1845,135,Part 62.out ↔ Part 63.IN
auto start motors,1845,136,ORef 92 (T#10s) ↔ Part 63.PT
auto start motors,1845,137,Part 63.Q ↔ Part 65.en
auto start motors,1845,138,Part 63.ET ↔ ORef 93 (RefId (RefId 없음))
auto start motors,1845,139,ORef 94 (HMI_DB.FN01_Preheating_2nd_step_speed) ↔ Part 65.in
auto start motors,1845,140,Part 65.out1 ↔ ORef 95 (Data.SET_PERC_VT01)
auto start motors,1845,141,ORef 96 (Manage_TC1_2.PID_Ref_Temp) ↔ Part 66.in1
auto start motors,1845,142,ORef 97 (HMI_DB.FN01_Preheating_3rd_step_temperature) ↔ Part 66.in2
auto start motors,1845,143,Part 66.out ↔ Part 67.pre
auto start motors,1845,144,ORef 98 (Manage_TC1_2.PID_Ref_Temp) ↔ Part 67.in1
auto start motors,1845,145,ORef 99 (HMI_DB.FN01_Preheating_4th_step_temperature) ↔ Part 67.in2
auto start motors,1845,146,Part 67.out ↔ Part 68.IN
auto start motors,1845,147,ORef 100 (T#10s) ↔ Part 68.PT
auto start motors,1845,148,Part 68.Q ↔ Part 70.en
auto start motors,1845,149,Part 68.ET ↔ ORef 101 (RefId (RefId 없음))
auto start motors,1845,150,ORef 102 (HMI_DB.FN01_Preheating_3rd_step_speed) ↔ Part 70.in
auto start motors,1845,151,Part 70.out1 ↔ ORef 103 (Data.SET_PERC_VT01)
auto start motors,1845,152,ORef 104 (Manage_TC1_2.PID_Ref_Temp) ↔ Part 71.in1
auto start motors,1845,153,ORef 105 (HMI_DB.FN01_Preheating_4th_step_temperature) ↔ Part 71.in2
auto start motors,1845,154,Part 71.out ↔ Part 72.IN
auto start motors,1845,155,ORef 106 (T#10s) ↔ Part 72.PT
auto start motors,1845,156,Part 72.Q ↔ Part 74.en
auto start motors,1845,157,Part 72.ET ↔ ORef 107 (RefId (RefId 없음))
auto start motors,1845,158,ORef 108 (HMI_DB.FN01_Preheating_4th_step_speed) ↔ Part 74.in
auto start motors,1845,159,Part 74.out1 ↔ ORef 109 (Data.SET_PERC_VT01)
auto start motors,1845,160,ORef 110 (Manage_TC1_2.PID_Ref_Temp) ↔ Part 75.in1
auto start motors,1845,161,ORef 111 (HMI_DB.FN01_Preheating_1st_step_temperature) ↔ Part 75.in2
auto start motors,1845,162,Part 75.out ↔ Part 76.IN
auto start motors,1845,163,ORef 112 (T#10s) ↔ Part 76.PT
auto start motors,1845,164,Part 76.Q ↔ Part 78.en
auto start motors,1845,165,Part 76.ET ↔ ORef 113 (RefId (RefId 없음))
auto start motors,1845,166,ORef 114 (15) ↔ Part 78.in
auto start motors,1845,167,Part 78.out1 ↔ ORef 115 (Data.SET_PERC_VT01)
auto start motors,1846,31,Powerrail {} ↔ Part 21.pre
auto start motors,1846,49,ORef 51 (Tag_292) ↔ Part 21.bit
auto start motors,1846,50,ORef 52 (Allarm.Emergency_module_fault) ↔ Part 21.operand
auto start motors,1846,48,Part 21.out ↔ Part 22.en
auto start motors,1846,34,ORef 26 (0) ↔ Part 22.in
auto start motors,1846,35,Part 22.eno ↔ Part 23.en
auto start motors,1846,36,Part 22.out1 ↔ ORef 27 (Data.Tempo_presetting)
auto start motors,1846,37,ORef 28 (5) ↔ Part 23.in
auto start motors,1846,38,Part 23.eno ↔ Part 24.in
auto start motors,1846,39,Part 23.out1 ↔ ORef 29 (Data.Tipo_preset)
auto start motors,1846,40,ORef 30 (Flag.Auto_ON1) ↔ Part 24.operand
auto start motors,1847,1097,Powerrail {} ↔ Part 1095.in
auto start motors,1847,1028,ORef 983 (Flag.Auto_ON1) ↔ Part 1095.operand
auto start motors,1847,26,Part 1095.out ↔ Part 881.pre
auto start motors,1847,1029,ORef 984 (Data.Tipo_preset) ↔ Part 881.in1
auto start motors,1847,1030,ORef 985 (5) ↔ Part 881.in2
auto start motors,1847,1031,Part 881.out ↔ Part 887.pre ↔ Part 1134.in ↔ Part 901.pre ↔ Part 1130.in ↔ Part 913.pre ↔ Part 1126.in ↔ Part 923.pre ↔ Part 1122.in ↔ Part 935.pre ↔ Part 1118.in ↔ Part 945.pre ↔ Part 1114.in ↔ Part 951.pre ↔ Part 1110.in ↔ Part 957.pre ↔ Part 1106.in ↔ Part 969.pre ↔ Part 1102.in ↔ Part 979.pre ↔ Part 1098.in
auto start motors,1847,1032,ORef 986 (Data.Tempo_presetting) ↔ Part 887.in1
auto start motors,1847,1033,ORef 987 (1) ↔ Part 887.in2
auto start motors,1847,55,Part 887.out ↔ Part 54.in1
auto start motors,1847,1137,ORef 1135 (Allarm.Emergency_module_fault) ↔ Part 1134.operand
auto start motors,1847,56,Part 1134.out ↔ Part 54.in2
auto start motors,1847,1034,Part 54.out ↔ Part 891.in ↔ Part 893.in ↔ Part 897.in
auto start motors,1847,1035,ORef 988 (Flag.M_FN_03) ↔ Part 891.operand
auto start motors,1847,1036,ORef 989 (Flag.M_FN_02) ↔ Part 893.operand
auto start motors,1847,1038,ORef 991 (Flag.M_FN_06) ↔ Part 897.operand
auto start motors,1847,1040,ORef 992 (Data.Tempo_presetting) ↔ Part 901.in1
auto start motors,1847,1041,ORef 993 (5) ↔ Part 901.in2
auto start motors,1847,52,Part 901.out ↔ Part 51.in1
auto start motors,1847,1133,ORef 1131 (Allarm.Emergency_module_fault) ↔ Part 1130.operand
auto start motors,1847,53,Part 1130.out ↔ Part 51.in2
auto start motors,1847,1042,Part 51.out ↔ Part 905.in ↔ Part 907.in ↔ Part 909.in
auto start motors,1847,1043,ORef 994 (Flag.M_CH_01) ↔ Part 905.operand
auto start motors,1847,1044,ORef 995 (Flag.M_FN_01_FAN) ↔ Part 907.operand
auto start motors,1847,1045,ORef 996 (Flag.M_FN_01) ↔ Part 909.operand
auto start motors,1847,1047,ORef 997 (Data.Tempo_presetting) ↔ Part 913.in1
auto start motors,1847,1048,ORef 998 (11) ↔ Part 913.in2
auto start motors,1847,49,Part 913.out ↔ Part 48.in1
auto start motors,1847,1129,ORef 1127 (Allarm.Emergency_module_fault) ↔ Part 1126.operand
auto start motors,1847,50,Part 1126.out ↔ Part 48.in2
auto start motors,1847,1049,Part 48.out ↔ Part 917.in ↔ Part 919.in
auto start motors,1847,1050,ORef 999 (Flag.M_VR_01) ↔ Part 917.operand
auto start motors,1847,1051,ORef 1000 (Flag.M_VR_02) ↔ Part 919.operand
auto start motors,1847,1053,ORef 1001 (Data.Tempo_presetting) ↔ Part 923.in1
auto start motors,1847,1054,ORef 1002 (13) ↔ Part 923.in2
auto start motors,1847,46,Part 923.out ↔ Part 45.in1
auto start motors,1847,1125,ORef 1123 (Allarm.Emergency_module_fault) ↔ Part 1122.operand
auto start motors,1847,47,Part 1122.out ↔ Part 45.in2
auto start motors,1847,1055,Part 45.out ↔ Part 927.in ↔ Part 929.in ↔ Part 931.in
auto start motors,1847,1056,ORef 1003 (Flag.M_BC_01) ↔ Part 927.operand
auto start motors,1847,1057,ORef 1004 (Flag.M_FN_04) ↔ Part 929.operand
auto start motors,1847,1058,ORef 1005 (Flag.M_ER01) ↔ Part 931.operand
auto start motors,1847,1060,ORef 1006 (Data.Tempo_presetting) ↔ Part 935.in1
auto start motors,1847,1061,ORef 1007 (15) ↔ Part 935.in2
auto start motors,1847,43,Part 935.out ↔ Part 42.in1
auto start motors,1847,1121,ORef 1119 (Allarm.Emergency_module_fault) ↔ Part 1118.operand
auto start motors,1847,44,Part 1118.out ↔ Part 42.in2
auto start motors,1847,1062,Part 42.out ↔ Part 939.in ↔ Part 941.in
auto start motors,1847,1063,ORef 1008 (Flag.M_RD_01) ↔ Part 939.operand
auto start motors,1847,1064,ORef 1009 (Flag.Enable_R1_GATE) ↔ Part 941.operand
auto start motors,1847,1066,ORef 1010 (Data.Tempo_presetting) ↔ Part 945.in1
auto start motors,1847,1067,ORef 1011 (17) ↔ Part 945.in2
auto start motors,1847,1068,Part 945.out ↔ Part 39.in1
auto start motors,1847,1117,ORef 1115 (Allarm.Emergency_module_fault) ↔ Part 1114.operand
auto start motors,1847,40,Part 1114.out ↔ Part 39.in2
auto start motors,1847,41,Part 39.out ↔ Part 948.in
auto start motors,1847,1070,ORef 1012 (Flag.M_RD_01_FAN) ↔ Part 948.operand
auto start motors,1847,1071,ORef 1013 (Data.Tempo_presetting) ↔ Part 951.in1
auto start motors,1847,1072,ORef 1014 (19) ↔ Part 951.in2
auto start motors,1847,1073,Part 951.out ↔ Part 36.in1
auto start motors,1847,1113,ORef 1111 (Allarm.Emergency_module_fault) ↔ Part 1110.operand
auto start motors,1847,37,Part 1110.out ↔ Part 36.in2
auto start motors,1847,38,Part 36.out ↔ Part 954.in
auto start motors,1847,1075,ORef 1015 (Flag.M_MC_04) ↔ Part 954.operand
auto start motors,1847,1076,ORef 1016 (Data.Tempo_presetting) ↔ Part 957.in1
auto start motors,1847,1077,ORef 1017 (20) ↔ Part 957.in2
auto start motors,1847,34,Part 957.out ↔ Part 33.in1
auto start motors,1847,1109,ORef 1107 (Allarm.Emergency_module_fault) ↔ Part 1106.operand
auto start motors,1847,35,Part 1106.out ↔ Part 33.in2
auto start motors,1847,1078,Part 33.out ↔ Part 961.in ↔ Part 963.in ↔ Part 965.in
auto start motors,1847,1079,ORef 1018 (Flag.M_VR_03) ↔ Part 961.operand
auto start motors,1847,1080,ORef 1019 (Flag.M_VR_04) ↔ Part 963.operand
auto start motors,1847,1081,ORef 1020 (Flag.M_VR_05) ↔ Part 965.operand
auto start motors,1847,1083,ORef 1021 (Data.Tempo_presetting) ↔ Part 969.in1
auto start motors,1847,1084,ORef 1022 (21) ↔ Part 969.in2
auto start motors,1847,31,Part 969.out ↔ Part 30.in1
auto start motors,1847,1105,ORef 1103 (Allarm.Emergency_module_fault) ↔ Part 1102.operand
auto start motors,1847,32,Part 1102.out ↔ Part 30.in2
auto start motors,1847,1085,Part 30.out ↔ Part 973.in ↔ Part 975.in
auto start motors,1847,1086,ORef 1023 (Flag.STANDBY_ON) ↔ Part 973.operand
auto start motors,1847,1087,ORef 1024 (Flag.M_VS_01) ↔ Part 975.operand
auto start motors,1847,1089,ORef 1025 (Data.Tempo_presetting) ↔ Part 979.in1
auto start motors,1847,1090,ORef 1026 (25) ↔ Part 979.in2
auto start motors,1847,1091,Part 979.out ↔ Part 27.in1
auto start motors,1847,1101,ORef 1099 (Allarm.Emergency_module_fault) ↔ Part 1098.operand
auto start motors,1847,28,Part 1098.out ↔ Part 27.in2
auto start motors,1847,29,Part 27.out ↔ Part 982.in
auto start motors,1847,1093,ORef 1027 (Flag.Auto_ON1) ↔ Part 982.operand
auto start motors,1848,956,Powerrail {} ↔ Part 954.in
auto start motors,1848,939,ORef 930 (Flag.Auto_ON1) ↔ Part 954.operand
auto start motors,1848,955,Part 954.out ↔ Part 914.pre
auto start motors,1848,940,ORef 931 (Data.Tipo_preset) ↔ Part 914.in1
auto start motors,1848,941,ORef 932 (6) ↔ Part 914.in2
auto start motors,1848,942,Part 914.out ↔ Part 920.pre ↔ Part 926.pre
auto start motors,1848,943,ORef 933 (Data.Tempo_presetting) ↔ Part 920.in1
auto start motors,1848,944,ORef 934 (1) ↔ Part 920.in2
auto start motors,1848,945,Part 920.out ↔ Part 923.in
auto start motors,1848,947,ORef 935 (Flag.STANDBY_ON) ↔ Part 923.operand
auto start motors,1848,948,ORef 936 (Data.Tempo_presetting) ↔ Part 926.in1
auto start motors,1848,949,ORef 937 (25) ↔ Part 926.in2
auto start motors,1848,950,Part 926.out ↔ Part 929.in
auto start motors,1848,952,ORef 938 (Flag.Auto_ON1) ↔ Part 929.operand
auto start motors,1849,21,Powerrail {} ↔ Part 22.en ↔ Part 66.in ↔ Part 61.in ↔ Part 72.in ↔ Part 117.in
auto start motors,1849,27,ORef 23 (Data.SET_PERC_BWF01) ↔ Part 22.in1
auto start motors,1849,28,ORef 24 (100.0) ↔ Part 22.in2
auto start motors,1849,26,Part 22.eno ↔ Part 38.en
auto start motors,1849,29,Part 22.out ↔ ORef 25 (Prod_h_bwf01)
auto start motors,1849,43,ORef 39 (Prod_h_bwf01) ↔ Part 38.in1
auto start motors,1849,44,ORef 40 (Data2.Set_TH) ↔ Part 38.in2
auto start motors,1849,34,Part 38.eno ↔ Part 84.en
auto start motors,1849,45,Part 38.out ↔ ORef 41 (Prod_h_bwf01)
auto start motors,1849,89,ORef 85 (Prod_h_bwf01) ↔ Part 84.in1
auto start motors,1849,90,ORef 86 (3600.0) ↔ Part 84.in2
auto start motors,1849,88,Part 84.eno ↔ Part 30.en
auto start motors,1849,91,Part 84.out ↔ ORef 87 (Prod_s_bwf01)
auto start motors,1849,35,ORef 31 (Data.SET_PERC_BWF02) ↔ Part 30.in1
auto start motors,1849,36,ORef 32 (100.0) ↔ Part 30.in2
auto start motors,1849,42,Part 30.eno ↔ Part 46.en
auto start motors,1849,37,Part 30.out ↔ ORef 33 (Prod_h_bwf02)
auto start motors,1849,51,ORef 47 (Prod_h_bwf02) ↔ Part 46.in1
auto start motors,1849,52,ORef 48 (Data2.Set_TH) ↔ Part 46.in2
auto start motors,1849,100,Part 46.eno ↔ Part 92.en
auto start motors,1849,53,Part 46.out ↔ ORef 49 (Prod_h_bwf02)
auto start motors,1849,97,ORef 93 (Prod_h_bwf02) ↔ Part 92.in1
auto start motors,1849,98,ORef 94 (3600.0) ↔ Part 92.in2
auto start motors,1849,99,Part 92.out ↔ ORef 95 (Prod_s_bwf02)
auto start motors,1849,65,ORef 67 (HMI_DB.ResetCounter_PartialProduction) ↔ Part 66.operand
auto start motors,1849,70,Part 66.out ↔ Part 69.en
auto start motors,1849,71,ORef 75 (0.0) ↔ Part 69.in
auto start motors,1849,82,Part 69.eno ↔ Part 80.in
auto start motors,1849,73,Part 69.out1 ↔ ORef 76 (HMI_DB.Counter_PartialProduction)
auto start motors,1849,83,ORef 96 (HMI_DB.ResetCounter_PartialProduction) ↔ Part 80.operand
auto start motors,1849,60,ORef 62 (Consent Start BWF01) ↔ Part 61.operand
auto start motors,1849,106,Part 61.out ↔ Part 101.in
auto start motors,1849,107,ORef 108 (Consent Start BWF02) ↔ Part 101.operand
auto start motors,1849,127,Part 101.out ↔ Part 126.en
auto start motors,1849,128,ORef 131 (Prod_s_bwf01) ↔ Part 126.in1
auto start motors,1849,129,ORef 132 (HMI_DB.Counter_PartialProduction) ↔ Part 126.in2
auto start motors,1849,50,Part 126.eno ↔ Part 134.en
auto start motors,1849,130,Part 126.out ↔ ORef 133 (HMI_DB.Counter_PartialProduction)
auto start motors,1849,139,ORef 135 (Prod_s_bwf01) ↔ Part 134.in1
auto start motors,1849,140,ORef 136 (HMI_DB.Counter_TotalProduction) ↔ Part 134.in2
auto start motors,1849,141,Part 134.out ↔ ORef 137 (HMI_DB.Counter_TotalProduction)
auto start motors,1849,79,ORef 74 (Consent Start BWF02) ↔ Part 72.operand
auto start motors,1849,114,Part 72.out ↔ Part 109.in
auto start motors,1849,115,ORef 116 (Consent Start BWF01) ↔ Part 109.operand
auto start motors,1849,56,Part 109.out ↔ Part 142.en
auto start motors,1849,151,ORef 144 (Prod_s_bwf02) ↔ Part 142.in1
auto start motors,1849,152,ORef 145 (HMI_DB.Counter_PartialProduction) ↔ Part 142.in2
auto start motors,1849,153,Part 142.eno ↔ Part 143.en
auto start motors,1849,154,Part 142.out ↔ ORef 146 (HMI_DB.Counter_PartialProduction)
auto start motors,1849,155,ORef 147 (Prod_s_bwf02) ↔ Part 143.in1
auto start motors,1849,156,ORef 148 (HMI_DB.Counter_TotalProduction) ↔ Part 143.in2
auto start motors,1849,157,Part 143.out ↔ ORef 149 (HMI_DB.Counter_TotalProduction)
auto start motors,1849,122,ORef 119 (Consent Start BWF01) ↔ Part 117.operand
auto start motors,1849,121,Part 117.out ↔ Part 118.in
auto start motors,1849,123,ORef 124 (Consent Start BWF02) ↔ Part 118.operand
auto start motors,1849,57,Part 118.out ↔ Part 158.en
auto start motors,1849,167,ORef 160 (Prod_s_bwf01) ↔ Part 158.in1
auto start motors,1849,168,ORef 161 (Prod_s_bwf02) ↔ Part 158.in2
auto start motors,1849,58,ORef 59 (HMI_DB.Counter_PartialProduction) ↔ Part 158.in3
auto start motors,1849,169,Part 158.eno ↔ Part 159.en
auto start motors,1849,170,Part 158.out ↔ ORef 162 (HMI_DB.Counter_PartialProduction)
auto start motors,1849,171,ORef 163 (Prod_s_bwf01) ↔ Part 159.in1
auto start motors,1849,172,ORef 164 (Prod_s_bwf02) ↔ Part 159.in2
auto start motors,1849,63,ORef 64 (HMI_DB.Counter_TotalProduction) ↔ Part 159.in3
auto start motors,1849,173,Part 159.out ↔ ORef 165 (HMI_DB.Counter_TotalProduction)
burner control,1854,239,Powerrail {} ↔ Part 219.in
burner control,1854,188,ORef 165 (ON) ↔ Part 219.operand
burner control,1854,220,Part 219.out ↔ Part 221.in ↔ Part 225.in ↔ Part 229.in ↔ Part 233.in
burner control,1854,189,ORef 166 (Brurner Lock Out) ↔ Part 221.operand
burner control,1854,222,Part 221.out ↔ Part 223.in
burner control,1854,190,ORef 167 (APP M10.2) ↔ Part 223.operand
burner control,1854,224,Part 223.out ↔ Part 117.in
burner control,1854,192,ORef 168 (Allarm.BURNER_LDU_FAULT) ↔ Part 117.operand
burner control,1854,193,ORef 169 (Flag.RESET_ALLARM) ↔ Part 225.operand
burner control,1854,226,Part 225.out ↔ Part 227.in
burner control,1854,194,ORef 170 (Allarm.BURNER_LDU_FAULT) ↔ Part 227.operand
burner control,1854,228,Part 227.out ↔ Part 123.in ↔ Part 125.in
burner control,1854,195,ORef 171 (m491) ↔ Part 123.operand
burner control,1854,196,ORef 172 (APP M10.2) ↔ Part 125.operand
burner control,1854,198,ORef 173 (APP M10.2) ↔ Part 229.operand
burner control,1854,230,Part 229.out ↔ Part 133.in ↔ Part 231.in
burner control,1854,199,ORef 174 (S5T#6S) ↔ Part 133.value
burner control,1854,200,ORef 175 (Tag_135) ↔ Part 133.operand
burner control,1854,201,ORef 176 (Tag_135) ↔ Part 231.operand
burner control,1854,232,Part 231.out ↔ Part 138.in
burner control,1854,203,ORef 177 (APP M10.2) ↔ Part 138.operand
burner control,1854,205,ORef 178 (m491) ↔ Part 233.operand
burner control,1854,234,Part 233.out ↔ Part 145.in ↔ Part 149.in ↔ Part 235.in
burner control,1854,206,ORef 179 (S5T#2S) ↔ Part 145.value
burner control,1854,207,ORef 180 (Tag_136) ↔ Part 145.operand
burner control,1854,208,ORef 181 (Rst allarm Burner) ↔ Part 149.operand
burner control,1854,209,ORef 182 (Tag_136) ↔ Part 235.operand
burner control,1854,236,Part 235.out ↔ Part 156.in ↔ Part 159.in ↔ Part 237.in
burner control,1854,210,ORef 183 (Allarm.BURNER_LDU_FAULT) ↔ Part 156.operand
burner control,1854,211,ORef 184 (S5T#2S) ↔ Part 159.value
burner control,1854,212,ORef 185 (Tag_137) ↔ Part 159.operand
burner control,1854,213,ORef 186 (Tag_137) ↔ Part 237.operand
burner control,1854,238,Part 237.out ↔ Part 164.in
burner control,1854,215,ORef 187 (m491) ↔ Part 164.operand
burner control,1855,192,Powerrail {} ↔ Part 32.in
burner control,1855,31,ORef 33 (ON) ↔ Part 32.operand
burner control,1855,259,Part 32.out ↔ Part 238.in ↔ Part 246.in
burner control,1855,260,ORef 249 (Flag.Start_Burner) ↔ Part 238.operand
burner control,1855,261,Part 238.out ↔ Part 239.in
burner control,1855,262,ORef 250 (PLS M50.0) ↔ Part 239.bit
burner control,1855,263,Part 239.out ↔ Part 240.in ↔ Part 242.in
burner control,1855,264,ORef 251 (Inputs.FC GAS Chiuso) ↔ Part 240.operand
burner control,1855,49,Part 240.out ↔ Part 244.in1
burner control,1855,268,ORef 253 (Inputs.FC Aria chiusa) ↔ Part 242.operand
burner control,1855,50,Part 242.out ↔ Part 244.in2
burner control,1855,24,Part 244.out ↔ Part 245.in
burner control,1855,273,ORef 255 (Allarm.SERVOMOTOR_MIN_POS_ALL) ↔ Part 245.operand
burner control,1855,274,ORef 256 (Flag.RESET_ALLARM) ↔ Part 246.operand
burner control,1855,275,Part 246.out ↔ Part 247.in
burner control,1855,276,ORef 257 (Allarm.SERVOMOTOR_MIN_POS_ALL) ↔ Part 247.operand
burner control,1855,277,Part 247.out ↔ Part 248.in
burner control,1855,278,ORef 258 (Allarm.SERVOMOTOR_MIN_POS_ALL) ↔ Part 248.operand
burner control,1856,166,Powerrail {} ↔ Part 160.in
burner control,1856,155,ORef 151 (ON) ↔ Part 160.operand
burner control,1856,161,Part 160.out ↔ Part 162.in
burner control,1856,156,ORef 152 (Allarm.MAX_MAX_TC09) ↔ Part 162.operand
burner control,1856,163,Part 162.out ↔ Part 164.in
burner control,1856,157,ORef 153 (Allarm.MAX_MAX_TC01_TEMP) ↔ Part 164.operand
burner control,1856,165,Part 164.out ↔ Part 150.in
burner control,1856,159,ORef 154 (Temperature Interlock OK) ↔ Part 150.operand
burner control,1857,227,Powerrail {} ↔ Part 207.in
burner control,1857,194,ORef 183 (ON) ↔ Part 207.operand
burner control,1857,208,Part 207.out ↔ Part 209.in
burner control,1857,195,ORef 184 (Allarm.MAX_MAX_TC09) ↔ Part 209.operand
burner control,1857,210,Part 209.out ↔ Part 211.in
burner control,1857,196,ORef 185 (Allarm.BURNER_START_FAULT) ↔ Part 211.operand
burner control,1857,212,Part 211.out ↔ Part 213.in
burner control,1857,197,ORef 186 (Allarm.BURNER_LDU_FAULT) ↔ Part 213.operand
burner control,1857,54,Part 213.out ↔ Part 23.in
burner control,1857,22,ORef 24 (Inputs.FN01 Run) ↔ Part 23.operand
burner control,1857,25,Part 23.out ↔ Part 27.in
burner control,1857,26,ORef 29 (Inputs.FN04 Run) ↔ Part 27.operand
burner control,1857,30,Part 27.out ↔ Part 32.in
burner control,1857,31,ORef 33 (Inputs.RD01 run) ↔ Part 32.operand
burner control,1857,34,Part 32.out ↔ Part 36.in ↔ Part 228.in
burner control,1857,35,ORef 37 (Inputs.FEEDBACKMOTOR FN-06) ↔ Part 36.operand
burner control,1857,53,Part 36.out ↔ Part 38.in1
burner control,1857,231,ORef 229 (Inputs.Burner On) ↔ Part 228.operand
burner control,1857,45,Part 228.out ↔ Part 38.in2
burner control,1857,46,Part 38.out ↔ Part 40.in
burner control,1857,39,ORef 41 (Inputs.FN02 Run) ↔ Part 40.operand
burner control,1857,55,Part 40.out ↔ Part 182.in
burner control,1857,206,ORef 193 (Flag.Burner_ready) ↔ Part 182.operand
burner control,1858,307,Powerrail {} ↔ Part 273.in
burner control,1858,251,ORef 233 (ON) ↔ Part 273.operand
burner control,1858,274,Part 273.out ↔ Part 275.in ↔ Part 277.in ↔ Part 279.in ↔ Part 281.in ↔ Part 283.in ↔ Part 285.in ↔ Part 287.in ↔ Part 289.in ↔ Part 291.in ↔ Part 293.in ↔ Part 295.in ↔ Part 297.in ↔ Part 299.in ↔ Part 301.in ↔ Part 303.in ↔ Part 22.in
burner control,1858,252,ORef 234 (Flag.Burner_ready) ↔ Part 275.operand
burner control,1858,276,Part 275.out ↔ Part 213.in1
burner control,1858,253,ORef 235 (Allarm.MAX_MAX_TC09) ↔ Part 277.operand
burner control,1858,278,Part 277.out ↔ Part 213.in2
burner control,1858,254,ORef 236 (Allarm.BURNER_START_FAULT) ↔ Part 279.operand
burner control,1858,280,Part 279.out ↔ Part 213.in3
burner control,1858,255,ORef 237 (Allarm.BURNER_LDU_FAULT) ↔ Part 281.operand
burner control,1858,282,Part 281.out ↔ Part 213.in4
burner control,1858,256,ORef 238 (Allarm.FN_03_FAULT) ↔ Part 283.operand
burner control,1858,284,Part 283.out ↔ Part 219.in1
burner control,1858,257,ORef 239 (Allarm.SERVOMOTOR_MIN_POS_ALL) ↔ Part 285.operand
burner control,1858,286,Part 285.out ↔ Part 219.in2
burner control,1858,258,ORef 240 (Allarm.MAX_TC04_TEMP) ↔ Part 287.operand
burner control,1858,288,Part 287.out ↔ Part 219.in3
burner control,1858,259,ORef 241 (Allarm.MAX_TC05_TEMP) ↔ Part 289.operand
burner control,1858,290,Part 289.out ↔ Part 219.in4
burner control,1858,260,ORef 242 (Allarm.MAX_MAX_TC03_TEMP) ↔ Part 291.operand
burner control,1858,292,Part 291.out ↔ Part 219.in5
burner control,1858,261,ORef 243 (Allarm.MAX_MAX_TC01_TEMP) ↔ Part 293.operand
burner control,1858,294,Part 293.out ↔ Part 219.in6
burner control,1858,262,ORef 244 (Allarm.RO01_Signal_Fault) ↔ Part 295.operand
burner control,1858,296,Part 295.out ↔ Part 219.in7
burner control,1858,263,ORef 245 (Allarm.TC01_TC02_COMP_FAULT) ↔ Part 297.operand
burner control,1858,298,Part 297.out ↔ Part 219.in8
burner control,1858,264,ORef 246 (Allarm.Low_Aspiration) ↔ Part 299.operand
burner control,1858,300,Part 299.out ↔ Part 219.in9
burner control,1858,265,ORef 247 (Allarm.PSL_AIR_LOW) ↔ Part 301.operand
burner control,1858,302,Part 301.out ↔ Part 219.in10
burner control,1858,266,ORef 248 (Allarm.HYDROGEN_BOX_FAULT) ↔ Part 303.operand
burner control,1858,304,Part 303.out ↔ Part 219.in11
burner control,1858,21,ORef 23 (Allarm.EmergencyStopTC1_2) ↔ Part 22.operand
burner control,1858,24,Part 22.out ↔ Part 219.in12
burner control,1858,267,Part 219.out ↔ Part 305.in
burner control,1858,268,ORef 249 (ON) ↔ Part 305.operand
burner control,1858,306,Part 305.out ↔ Part 213.in5
burner control,1858,270,Part 213.out ↔ Part 232.in
burner control,1858,272,ORef 250 (Flag.Start_Burner) ↔ Part 232.operand
burner control,1859,327,Powerrail {} ↔ Part 317.in
burner control,1859,298,ORef 285 (ON) ↔ Part 317.operand
burner control,1859,318,Part 317.out ↔ Part 319.in ↔ Part 325.in
burner control,1859,299,ORef 286 (Inputs.Burner On) ↔ Part 319.operand
burner control,1859,320,Part 319.out ↔ Part 321.in ↔ Part 323.in
burner control,1859,300,ORef 287 (Tag_138) ↔ Part 321.operand
burner control,1859,322,Part 321.out ↔ Part 268.in
burner control,1859,302,ORef 288 (PLS M51.5) ↔ Part 268.bit
burner control,1859,303,Part 268.out ↔ Part 270.en
burner control,1859,304,ORef 289 (WorkData.W5) ↔ Part 270.in1
burner control,1859,305,ORef 290 (1) ↔ Part 270.in2
burner control,1859,306,Part 270.out ↔ ORef 291 (WorkData.W5)
burner control,1859,308,ORef 293 (Tag_138) ↔ Part 323.operand
burner control,1859,324,Part 323.out ↔ Part 277.in
burner control,1859,307,ORef 292 (S5T#1M) ↔ Part 277.value
burner control,1859,310,ORef 294 (Tag_138) ↔ Part 277.operand
burner control,1859,312,ORef 295 (Inputs.Burner On) ↔ Part 325.operand
burner control,1859,326,Part 325.out ↔ Part 282.en
burner control,1859,314,ORef 296 (0) ↔ Part 282.in
burner control,1859,315,Part 282.out1 ↔ ORef 297 (WorkData.W5)
burner control,1860,53,Powerrail {} ↔ Part 21.pre ↔ Part 24.in ↔ Part 25.in ↔ Part 31.in ↔ Part 83.in
burner control,1860,54,ORef 35 (Data.Tipo_preset) ↔ Part 21.in1
burner control,1860,55,ORef 36 (1) ↔ Part 21.in2
burner control,1860,56,Part 21.out ↔ Part 22.pre
burner control,1860,57,ORef 37 (Data.Tipo_preset) ↔ Part 22.in1
burner control,1860,58,ORef 38 (2) ↔ Part 22.in2
burner control,1860,59,Part 22.out ↔ Part 23.in
burner control,1860,60,ORef 39 (HMI_DB.memoBurnerON) ↔ Part 23.operand
burner control,1860,61,ORef 40 (Flag.Start_Burner) ↔ Part 24.operand
burner control,1860,62,Part 24.out ↔ Part 26.in1
burner control,1860,63,ORef 41 (Flag.AUTO_BURNER) ↔ Part 25.operand
burner control,1860,64,Part 25.out ↔ Part 26.in2
burner control,1860,65,Part 26.out ↔ Part 27.in
burner control,1860,66,ORef 42 (HMI_DB.memoBurnerON) ↔ Part 27.operand
burner control,1860,67,Part 27.out ↔ Part 28.in
burner control,1860,68,ORef 43 (Inputs.Burner On) ↔ Part 28.operand
burner control,1860,69,Part 28.out ↔ Part 29.in ↔ Part 30.en ↔ Part 113.en ↔ Part 119.en
burner control,1860,70,ORef 44 (HMI_DB.memoBurnerON) ↔ Part 29.operand
burner control,1860,71,ORef 45 (0) ↔ Part 30.in
burner control,1860,72,Part 30.out1 ↔ ORef 46 (HMI_DB.Counter_StopBurner)
burner control,1860,117,ORef 114 (0.0) ↔ Part 113.in
burner control,1860,118,Part 113.out1 ↔ ORef 115 (Stechio.Consumo_GAS)
burner control,1860,123,ORef 120 (0.0) ↔ Part 119.in
burner control,1860,124,Part 119.out1 ↔ ORef 121 (HMI_DB.Counter_PartialProduction)
burner control,1860,73,ORef 47 (HMI_DB.memoBurnerON) ↔ Part 31.operand
burner control,1860,74,Part 31.out ↔ Part 32.in
burner control,1860,75,ORef 48 (Inputs.Burner On) ↔ Part 32.operand
burner control,1860,84,Part 32.out ↔ Part 78.in
burner control,1860,86,ORef 87 (PS181_0) ↔ Part 78.operand
burner control,1860,91,Part 78.out ↔ Part 88.IN
burner control,1860,93,ORef 95 (T#1m) ↔ Part 88.PT
burner control,1860,108,Part 88.Q ↔ Part 109.in
burner control,1860,94,Part 88.ET ↔ ORef 96 (RefId (RefId 없음))
burner control,1860,112,ORef 110 (PS181_0) ↔ Part 109.bit
burner control,1860,111,Part 109.out ↔ Part 34.en
burner control,1860,79,ORef 50 (HMI_DB.Counter_StopBurner) ↔ Part 34.in1
burner control,1860,80,ORef 51 (1) ↔ Part 34.in2
burner control,1860,81,Part 34.out ↔ ORef 52 (HMI_DB.Counter_StopBurner)
burner control,1860,82,ORef 85 (HMI_DB.ResetCounter_StopBurner) ↔ Part 83.operand
burner control,1860,92,Part 83.out ↔ Part 90.en
burner control,1860,98,ORef 100 (0) ↔ Part 90.in
burner control,1860,106,Part 90.eno ↔ Part 104.in
burner control,1860,99,Part 90.out1 ↔ ORef 101 (HMI_DB.Counter_StopBurner)
burner control,1860,107,ORef 116 (HMI_DB.ResetCounter_StopBurner) ↔ Part 104.operand
burner control,1861,320,Powerrail {} ↔ Part 318.in
burner control,1861,23,ORef 24 (OFF) ↔ Part 318.operand
burner control,1861,319,Part 318.out ↔ Part 289.pre ↔ Part 295.pre
burner control,1861,307,ORef 300 (WorkData.W5) ↔ Part 289.in1
burner control,1861,308,ORef 301 (1440) ↔ Part 289.in2
burner control,1861,309,Part 289.out ↔ Part 292.in
burner control,1861,311,ORef 302 (Programmed stop burner) ↔ Part 292.operand
burner control,1861,312,ORef 303 (WorkData.W5) ↔ Part 295.in1
burner control,1861,313,ORef 304 (1320) ↔ Part 295.in2
burner control,1861,314,Part 295.out ↔ Part 298.in
burner control,1861,316,ORef 305 (Allarm.BURNER_TIME_LIMIT_22H) ↔ Part 298.operand
burner control,1862,577,Powerrail {} ↔ Part 549.in
burner control,1862,504,ORef 471 (ON) ↔ Part 549.operand
burner control,1862,550,Part 549.out ↔ Part 409.en ↔ Part 415.en ↔ Part 551.in ↔ Part 553.in
burner control,1862,505,ORef 472 (Data.TC01_SETPOINT) ↔ Part 409.in1
burner control,1862,506,ORef 473 (20) ↔ Part 409.in2
burner control,1862,507,Part 409.out ↔ ORef 474 (App00)
burner control,1862,508,ORef 475 (Data.TC01_SETPOINT) ↔ Part 415.in1
burner control,1862,509,ORef 476 (15) ↔ Part 415.in2
burner control,1862,510,Part 415.out ↔ ORef 477 (App01)
burner control,1862,511,ORef 478 (Inputs.Burner ON and OK) ↔ Part 551.operand
burner control,1862,552,Part 551.out ↔ Part 422.in
burner control,1862,513,ORef 479 (Start High Flame) ↔ Part 422.operand
burner control,1862,514,ORef 480 (Burner ON and OK) ↔ Part 553.operand
burner control,1862,554,Part 553.out ↔ Part 555.in ↔ Part 569.in
burner control,1862,515,ORef 481 (Start High Flame) ↔ Part 555.operand
burner control,1862,556,Part 555.out ↔ Part 557.in ↔ Part 559.in ↔ Part 561.in
burner control,1862,516,ORef 482 (ON) ↔ Part 557.operand
burner control,1862,558,Part 557.out ↔ Part 432.pre
burner control,1862,517,ORef 483 (Manage_TC1_2.PID_Ref_Temp) ↔ Part 432.in1
burner control,1862,518,ORef 484 (App00) ↔ Part 432.in2
burner control,1862,519,Part 432.out ↔ Part 436.in1
burner control,1862,521,ORef 485 (Allarm.MAX_TC01_TEMP) ↔ Part 559.operand
burner control,1862,27,Part 559.out ↔ Part 436.in2
burner control,1862,522,ORef 486 (Allarm.MAX_TC03_TEMP) ↔ Part 561.operand
burner control,1862,562,Part 561.out ↔ Part 436.in3
burner control,1862,523,Part 436.out ↔ Part 441.en ↔ Part 563.in ↔ Part 567.in
burner control,1862,524,ORef 487 (0) ↔ Part 441.in
burner control,1862,525,Part 441.out1 ↔ ORef 488 (Data.Burner_Panel_SetPoint)
burner control,1862,527,ORef 490 (Inputs.FC GAS Chiuso) ↔ Part 563.operand
burner control,1862,564,Part 563.out ↔ Part 565.in
burner control,1862,528,ORef 491 (Inputs.FC Aria chiusa) ↔ Part 565.operand
burner control,1862,566,Part 565.out ↔ Part 448.in
burner control,1862,526,ORef 489 (S5T#50MS) ↔ Part 448.value
burner control,1862,530,ORef 492 (Tag_139) ↔ Part 448.operand
burner control,1862,531,ORef 493 (Tag_139) ↔ Part 567.operand
burner control,1862,568,Part 567.out ↔ Part 453.in
burner control,1862,533,ORef 494 (Start High Flame) ↔ Part 453.operand
burner control,1862,535,ORef 495 (Start High Flame) ↔ Part 569.operand
burner control,1862,570,Part 569.out ↔ Part 457.pre
burner control,1862,536,ORef 496 (Manage_TC1_2.PID_Ref_Temp) ↔ Part 457.in1
burner control,1862,537,ORef 497 (App01) ↔ Part 457.in2
burner control,1862,538,Part 457.out ↔ Part 571.in
burner control,1862,539,ORef 498 (Allarm.MAX_TC01_TEMP) ↔ Part 571.operand
burner control,1862,572,Part 571.out ↔ Part 573.in
burner control,1862,540,ORef 499 (Allarm.MAX_TC03_TEMP) ↔ Part 573.operand
burner control,1862,574,Part 573.out ↔ Part 465.in ↔ Part 575.in
burner control,1862,541,ORef 500 (S5T#8S) ↔ Part 465.value
burner control,1862,542,ORef 501 (Tag_140) ↔ Part 465.operand
burner control,1862,543,ORef 502 (Tag_140) ↔ Part 575.operand
burner control,1862,576,Part 575.out ↔ Part 470.in
burner control,1862,545,ORef 503 (Start High Flame) ↔ Part 470.operand
burner control,1863,537,Powerrail {} ↔ Part 521.in
burner control,1863,500,ORef 486 (ON) ↔ Part 521.operand
burner control,1863,522,Part 521.out ↔ Part 523.in ↔ Part 535.in
burner control,1863,501,ORef 487 (Inputs.Burner On) ↔ Part 523.operand
burner control,1863,524,Part 523.out ↔ Part 525.in ↔ Part 527.in
burner control,1863,502,ORef 488 (Start High Flame) ↔ Part 525.operand
burner control,1863,526,Part 525.out ↔ Part 464.in
burner control,1863,504,ORef 489 (Main flame ON) ↔ Part 464.operand
burner control,1863,505,ORef 490 (Start High Flame) ↔ Part 527.operand
burner control,1863,528,Part 527.out ↔ Part 529.in
burner control,1863,506,ORef 491 (Main flame ON) ↔ Part 529.operand
burner control,1863,530,Part 529.out ↔ Part 472.in ↔ Part 531.in ↔ Part 533.in
burner control,1863,507,ORef 492 (S5T#4S) ↔ Part 472.value
burner control,1863,508,ORef 493 (Tag_141) ↔ Part 472.operand
burner control,1863,509,ORef 494 (Tag_141) ↔ Part 531.operand
burner control,1863,532,Part 531.out ↔ Part 477.in
burner control,1863,511,ORef 495 (Foced Spark) ↔ Part 477.operand
burner control,1863,512,ORef 496 (Tag_141) ↔ Part 533.operand
burner control,1863,534,Part 533.out ↔ Part 481.in
burner control,1863,514,ORef 497 (Main flame ON) ↔ Part 481.operand
burner control,1863,517,ORef 498 (Inputs.Burner On) ↔ Part 535.operand
burner control,1863,536,Part 535.out ↔ Part 485.in
burner control,1863,519,ORef 499 (Main flame ON) ↔ Part 485.operand
burner control,1864,581,Powerrail {} ↔ Part 577.in
burner control,1864,557,ORef 543 (OFF) ↔ Part 577.operand
burner control,1864,578,Part 577.out ↔ Part 517.en ↔ Part 523.en ↔ Part 579.in
burner control,1864,558,ORef 544 (Data.TC01_SETPOINT) ↔ Part 517.in1
burner control,1864,559,ORef 545 (30) ↔ Part 517.in2
burner control,1864,560,Part 517.out ↔ ORef 546 (App02)
burner control,1864,561,ORef 547 (Data.TC01_SETPOINT) ↔ Part 523.in1
burner control,1864,562,ORef 548 (25) ↔ Part 523.in2
burner control,1864,563,Part 523.out ↔ ORef 549 (App03)
burner control,1864,564,ORef 550 (ON) ↔ Part 579.operand
burner control,1864,580,Part 579.out ↔ Part 533.pre ↔ Part 539.pre
burner control,1864,565,ORef 551 (Manage_TC1_2.PID_Ref_Temp) ↔ Part 533.in1
burner control,1864,566,ORef 552 (App02) ↔ Part 533.in2
burner control,1864,567,Part 533.out ↔ Part 536.in
burner control,1864,569,ORef 553 (Riduce MN01) ↔ Part 536.operand
burner control,1864,570,ORef 554 (Manage_TC1_2.PID_Ref_Temp) ↔ Part 539.in1
burner control,1864,571,ORef 555 (App03) ↔ Part 539.in2
burner control,1864,572,Part 539.out ↔ Part 542.in
burner control,1864,574,ORef 556 (Riduce MN01) ↔ Part 542.operand
burner control,1865,653,Powerrail {} ↔ Part 630.in
burner control,1865,604,ORef 589 (ON) ↔ Part 630.operand
burner control,1865,631,Part 630.out ↔ Part 632.in ↔ Part 638.in ↔ Part 644.in ↔ Part 648.in
burner control,1865,605,ORef 590 (OFF) ↔ Part 632.operand
burner control,1865,633,Part 632.out ↔ Part 634.in ↔ Part 636.in
burner control,1865,606,ORef 591 (Allarm.MAX_TC01_TEMP) ↔ Part 634.operand
burner control,1865,635,Part 634.out ↔ Part 652.in1
burner control,1865,607,ORef 592 (Allarm.MAX_TC03_TEMP) ↔ Part 636.operand
burner control,1865,637,Part 636.out ↔ Part 652.in2
burner control,1865,610,ORef 593 (Programmed stop burner) ↔ Part 638.operand
burner control,1865,639,Part 638.out ↔ Part 652.in3
burner control,1865,611,Part 652.out ↔ Part 573.pre ↔ Part 640.in
burner control,1865,612,ORef 594 (Data.GAS_BR_01) ↔ Part 573.in1
burner control,1865,613,ORef 595 (30) ↔ Part 573.in2
burner control,1865,614,Part 573.out ↔ Part 572.in1
burner control,1865,615,ORef 596 (Inputs.FC GAS Chiuso) ↔ Part 640.operand
burner control,1865,641,Part 640.out ↔ Part 642.in
burner control,1865,616,ORef 597 (Inputs.FC Aria chiusa) ↔ Part 642.operand
burner control,1865,643,Part 642.out ↔ Part 572.in2
burner control,1865,618,Part 572.out ↔ Part 579.in
burner control,1865,620,ORef 598 (Lock Burner) ↔ Part 579.operand
burner control,1865,621,ORef 599 (Allarm.MAX_TC01_TEMP) ↔ Part 644.operand
burner control,1865,645,Part 644.out ↔ Part 646.in
burner control,1865,622,ORef 600 (Allarm.MAX_TC03_TEMP) ↔ Part 646.operand
burner control,1865,647,Part 646.out ↔ Part 586.in1
burner control,1865,624,ORef 601 (ON) ↔ Part 648.operand
burner control,1865,649,Part 648.out ↔ Part 586.in2
burner control,1865,625,Part 586.out ↔ Part 650.in
burner control,1865,626,ORef 602 (Programmed stop burner) ↔ Part 650.operand
burner control,1865,651,Part 650.out ↔ Part 588.in
burner control,1865,628,ORef 603 (Lock Burner) ↔ Part 588.operand
burner control,1866,646,Powerrail {} ↔ Part 634.in
burner control,1866,621,ORef 612 (Flag.Start_Burner) ↔ Part 634.operand
burner control,1866,635,Part 634.out ↔ Part 636.in
burner control,1866,622,ORef 613 (Lock Burner) ↔ Part 636.operand
burner control,1866,637,Part 636.out ↔ Part 638.in ↔ Part 642.in
burner control,1866,623,ORef 614 (Flag.M_FN_03) ↔ Part 638.operand
burner control,1866,639,Part 638.out ↔ Part 640.in
burner control,1866,624,ORef 615 (OFF) ↔ Part 640.operand
burner control,1866,641,Part 640.out ↔ Part 600.in
burner control,1866,626,ORef 616 (Flag.M_FN_03) ↔ Part 600.operand
burner control,1866,627,ORef 617 (Inputs.FN03 Run) ↔ Part 642.operand
burner control,1866,643,Part 642.out ↔ Part 607.in ↔ Part 644.in
burner control,1866,628,ORef 618 (Enable start burner(1)) ↔ Part 607.operand
burner control,1866,629,ORef 619 (Enable start burner) ↔ Part 644.operand
burner control,1866,645,Part 644.out ↔ Part 611.in
burner control,1866,631,ORef 620 (Rem. Start/Stop Burner) ↔ Part 611.operand
burner control,1867,659,Powerrail {} ↔ Part 653.in
burner control,1867,642,ORef 634 (ON) ↔ Part 653.operand
burner control,1867,654,Part 653.out ↔ Part 655.in ↔ Part 657.in
burner control,1867,643,ORef 635 (Tag_142) ↔ Part 655.operand
burner control,1867,656,Part 655.out ↔ Part 625.en
burner control,1867,645,ORef 636 (WorkData.BR01_CleanTime) ↔ Part 625.in1
burner control,1867,646,ORef 637 (1) ↔ Part 625.in2
burner control,1867,647,Part 625.out ↔ ORef 638 (WorkData.BR01_CleanTime)
burner control,1867,649,ORef 640 (Tag_142) ↔ Part 657.operand
burner control,1867,658,Part 657.out ↔ Part 632.in
burner control,1867,648,ORef 639 (S5T#1S) ↔ Part 632.value
burner control,1867,651,ORef 641 (Tag_142) ↔ Part 632.operand
burner control,1868,1668,Powerrail {} ↔ Part 1634.in
burner control,1868,1476,ORef 1366 (ON) ↔ Part 1634.operand
burner control,1868,1635,Part 1634.out ↔ Part 1636.in ↔ Part 1638.in
burner control,1868,1477,ORef 1367 (Enable start burner(1)) ↔ Part 1636.operand
burner control,1868,1637,Part 1636.out ↔ Part 1122.en ↔ Part 1127.in ↔ Part 28.in ↔ Part 1130.in
burner control,1868,1478,ORef 1368 (0) ↔ Part 1122.in
burner control,1868,1479,Part 1122.out1 ↔ ORef 1369 (WorkData.BR01_State)
burner control,1868,1480,ORef 1370 (Open MV03 for washing) ↔ Part 1127.operand
burner control,1868,37,ORef 38 (Inputs.MV03 Close) ↔ Part 28.operand
burner control,1868,29,Part 28.out ↔ Part 1670.in
burner control,1868,33,ORef 34 (Inputs.MV03 Close) ↔ Part 1670.operand
burner control,1868,30,Part 1670.out ↔ Part 1669.in
burner control,1868,25,ORef 26 (Close MV03 for Burner Startup) ↔ Part 1669.operand
burner control,1868,1481,ORef 1371 (Enable start burner) ↔ Part 1130.operand
burner control,1868,1483,ORef 1372 (Enable start burner(1)) ↔ Part 1638.operand
burner control,1868,1639,Part 1638.out ↔ Part 1137.pre ↔ Part 1164.pre ↔ Part 1184.pre ↔ Part 1193.pre ↔ Part 1225.pre ↔ Part 1245.pre ↔ Part 1256.pre ↔ Part 1272.pre ↔ Part 1294.pre ↔ Part 1314.pre ↔ Part 1323.pre ↔ Part 1339.pre ↔ Part 1347.pre
burner control,1868,1484,ORef 1373 (WorkData.BR01_State) ↔ Part 1137.in1
burner control,1868,1485,ORef 1374 (0) ↔ Part 1137.in2
burner control,1868,1486,Part 1137.out ↔ Part 1143.pre ↔ Part 1151.pre ↔ Part 1159.en
burner control,1868,1487,ORef 1375 (Manage_TC1_2.PID_Ref_Temp) ↔ Part 1143.in1
burner control,1868,1488,ORef 1376 (500.0) ↔ Part 1143.in2
burner control,1868,1489,Part 1143.out ↔ Part 1146.en
burner control,1868,1491,ORef 1377 (7) ↔ Part 1146.in
burner control,1868,1492,Part 1146.out1 ↔ ORef 1378 (WorkData.BR01_State)
burner control,1868,1493,ORef 1379 (Manage_TC1_2.PID_Ref_Temp) ↔ Part 1151.in1
burner control,1868,1494,ORef 1380 (500.0) ↔ Part 1151.in2
burner control,1868,1495,Part 1151.out ↔ Part 1154.en
burner control,1868,1497,ORef 1381 (1) ↔ Part 1154.in
burner control,1868,1498,Part 1154.out1 ↔ ORef 1382 (WorkData.BR01_State)
burner control,1868,1499,ORef 1383 (0) ↔ Part 1159.in
burner control,1868,1500,Part 1159.out1 ↔ ORef 1384 (WorkData.BR01_CleanTime)
burner control,1868,1502,ORef 1385 (WorkData.BR01_State) ↔ Part 1164.in1
burner control,1868,1503,ORef 1386 (1) ↔ Part 1164.in2
burner control,1868,1504,Part 1164.out ↔ Part 1640.in ↔ Part 1176.in ↔ Part 1179.en
burner control,1868,1505,ORef 1387 (OFF) ↔ Part 1640.operand
burner control,1868,1641,Part 1640.out ↔ Part 1171.en
burner control,1868,1507,ORef 1388 (Data.Max_PRC_BR1) ↔ Part 1171.in
burner control,1868,1508,Part 1171.out1 ↔ ORef 1389 (Data.Burner_Panel_SetPoint)
burner control,1868,1509,ORef 1390 (Open MV03 for washing) ↔ Part 1176.operand
burner control,1868,1510,ORef 1391 (2) ↔ Part 1179.in
burner control,1868,1511,Part 1179.out1 ↔ ORef 1392 (WorkData.BR01_State)
burner control,1868,1513,ORef 1393 (WorkData.BR01_State) ↔ Part 1184.in1
burner control,1868,1514,ORef 1394 (2) ↔ Part 1184.in2
burner control,1868,21,Part 1184.out ↔ Part 1642.in
burner control,1868,23,ORef 24 (Inputs.MV03 open) ↔ Part 1642.operand
burner control,1868,22,Part 1642.out ↔ Part 1188.en
burner control,1868,1518,ORef 1396 (3) ↔ Part 1188.in
burner control,1868,1519,Part 1188.out1 ↔ ORef 1397 (WorkData.BR01_State)
burner control,1868,1520,ORef 1398 (WorkData.BR01_State) ↔ Part 1193.in1
burner control,1868,1521,ORef 1399 (3) ↔ Part 1193.in2
burner control,1868,1522,Part 1193.out ↔ Part 1199.in ↔ Part 1644.in ↔ Part 1650.in
burner control,1868,1523,ORef 1400 (S5T#4M) ↔ Part 1199.value
burner control,1868,1524,ORef 1401 (Tag_143) ↔ Part 1199.operand
burner control,1868,1525,ORef 1402 (ON) ↔ Part 1644.operand
burner control,1868,1645,Part 1644.out ↔ Part 1646.in ↔ Part 1648.in
burner control,1868,1526,ORef 1403 (Tag_142) ↔ Part 1646.operand
burner control,1868,1647,Part 1646.out ↔ Part 1208.en
burner control,1868,1528,ORef 1404 (WorkData.BR01_CleanTime) ↔ Part 1208.in1
burner control,1868,1529,ORef 1405 (1) ↔ Part 1208.in2
burner control,1868,1530,Part 1208.out ↔ ORef 1406 (WorkData.BR01_CleanTime)
burner control,1868,1532,ORef 1408 (Tag_142) ↔ Part 1648.operand
burner control,1868,1649,Part 1648.out ↔ Part 1215.in
burner control,1868,1531,ORef 1407 (S5T#1S) ↔ Part 1215.value
burner control,1868,1534,ORef 1409 (Tag_142) ↔ Part 1215.operand
burner control,1868,1536,ORef 1410 (Tag_143) ↔ Part 1650.operand
burner control,1868,1651,Part 1650.out ↔ Part 1220.en
burner control,1868,1538,ORef 1411 (4) ↔ Part 1220.in
burner control,1868,1539,Part 1220.out1 ↔ ORef 1412 (WorkData.BR01_State)
burner control,1868,1541,ORef 1413 (WorkData.BR01_State) ↔ Part 1225.in1
burner control,1868,1542,ORef 1414 (4) ↔ Part 1225.in2
burner control,1868,1543,Part 1225.out ↔ Part 1652.in ↔ Part 1237.in ↔ Part 1240.en
burner control,1868,1544,ORef 1415 (OFF) ↔ Part 1652.operand
burner control,1868,1653,Part 1652.out ↔ Part 1232.en
burner control,1868,1546,ORef 1416 (0) ↔ Part 1232.in
burner control,1868,1547,Part 1232.out1 ↔ ORef 1417 (Data.Burner_Panel_SetPoint)
burner control,1868,1548,ORef 1418 (Open MV03 for washing) ↔ Part 1237.operand
burner control,1868,1549,ORef 1419 (5) ↔ Part 1240.in
burner control,1868,1550,Part 1240.out1 ↔ ORef 1420 (WorkData.BR01_State)
burner control,1868,1552,ORef 1421 (WorkData.BR01_State) ↔ Part 1245.in1
burner control,1868,1553,ORef 1422 (5) ↔ Part 1245.in2
burner control,1868,1554,Part 1245.out ↔ Part 1654.in ↔ Part 1656.in
burner control,1868,1555,ORef 1423 (Inputs.MV03 Close) ↔ Part 1654.operand
burner control,1868,1655,Part 1654.out ↔ Part 1248.in1
burner control,1868,1556,ORef 1424 (ON) ↔ Part 1656.operand
burner control,1868,1657,Part 1656.out ↔ Part 1248.in2
burner control,1868,1557,Part 1248.out ↔ Part 1251.en
burner control,1868,1559,ORef 1425 (6) ↔ Part 1251.in
burner control,1868,1560,Part 1251.out1 ↔ ORef 1426 (WorkData.BR01_State)
burner control,1868,1561,ORef 1427 (WorkData.BR01_State) ↔ Part 1256.in1
burner control,1868,1562,ORef 1428 (6) ↔ Part 1256.in2
burner control,1868,1563,Part 1256.out ↔ Part 1262.in ↔ Part 1658.in
burner control,1868,1564,ORef 1429 (S5T#1S) ↔ Part 1262.value
burner control,1868,1565,ORef 1430 (Tag_144) ↔ Part 1262.operand
burner control,1868,1566,ORef 1431 (Tag_144) ↔ Part 1658.operand
burner control,1868,1659,Part 1658.out ↔ Part 1267.en
burner control,1868,1568,ORef 1432 (7) ↔ Part 1267.in
burner control,1868,1569,Part 1267.out1 ↔ ORef 1433 (WorkData.BR01_State)
burner control,1868,1571,ORef 1434 (WorkData.BR01_State) ↔ Part 1272.in1
burner control,1868,1572,ORef 1435 (77) ↔ Part 1272.in2
burner control,1868,1573,Part 1272.out ↔ Part 1278.pre ↔ Part 1286.pre
burner control,1868,1574,ORef 1436 (Data.Oxigen_RO01) ↔ Part 1278.in1
burner control,1868,1575,ORef 1437 (60) ↔ Part 1278.in2
burner control,1868,1576,Part 1278.out ↔ Part 1281.en
burner control,1868,1578,ORef 1438 (7) ↔ Part 1281.in
burner control,1868,1579,Part 1281.out1 ↔ ORef 1439 (WorkData.BR01_State)
burner control,1868,1580,ORef 1440 (Data.Oxigen_RO01) ↔ Part 1286.in1
burner control,1868,1581,ORef 1441 (60) ↔ Part 1286.in2
burner control,1868,1582,Part 1286.out ↔ Part 1289.en
burner control,1868,1584,ORef 1442 (0) ↔ Part 1289.in
burner control,1868,1585,Part 1289.out1 ↔ ORef 1443 (WorkData.BR01_State)
burner control,1868,1587,ORef 1444 (WorkData.BR01_State) ↔ Part 1294.in1
burner control,1868,1588,ORef 1445 (7) ↔ Part 1294.in2
burner control,1868,1589,Part 1294.out ↔ Part 1300.in ↔ Part 1303.in ↔ Part 1306.in ↔ Part 1309.en
burner control,1868,1590,ORef 1446 (Enable start burner) ↔ Part 1300.operand
burner control,1868,1591,ORef 1447 (Open MV03 for washing) ↔ Part 1303.operand
burner control,1868,1592,ORef 1448 (Close MV03 for Burner Startup) ↔ Part 1306.operand
burner control,1868,1593,ORef 1449 (8) ↔ Part 1309.in
burner control,1868,1594,Part 1309.out1 ↔ ORef 1450 (WorkData.BR01_State)
burner control,1868,1596,ORef 1451 (WorkData.BR01_State) ↔ Part 1314.in1
burner control,1868,1597,ORef 1452 (8) ↔ Part 1314.in2
burner control,1868,31,Part 1314.out ↔ Part 1660.in
burner control,1868,1599,ORef 1453 (Inputs.Burner On) ↔ Part 1660.operand
burner control,1868,32,Part 1660.out ↔ Part 1318.en
burner control,1868,1601,ORef 1454 (9) ↔ Part 1318.in
burner control,1868,1602,Part 1318.out1 ↔ ORef 1455 (WorkData.BR01_State)
burner control,1868,1603,ORef 1456 (WorkData.BR01_State) ↔ Part 1323.in1
burner control,1868,1604,ORef 1457 (9) ↔ Part 1323.in2
burner control,1868,1605,Part 1323.out ↔ Part 1329.in ↔ Part 1662.in
burner control,1868,1606,ORef 1458 (S5T#30S) ↔ Part 1329.value
burner control,1868,1607,ORef 1459 (Tag_145) ↔ Part 1329.operand
burner control,1868,1608,ORef 1460 (Tag_145) ↔ Part 1662.operand
burner control,1868,1663,Part 1662.out ↔ Part 1334.en
burner control,1868,1610,ORef 1461 (10) ↔ Part 1334.in
burner control,1868,1611,Part 1334.out1 ↔ ORef 1462 (WorkData.BR01_State)
burner control,1868,1613,ORef 1463 (WorkData.BR01_State) ↔ Part 1339.in1
burner control,1868,1614,ORef 1464 (10) ↔ Part 1339.in2
burner control,1868,1615,Part 1339.out ↔ Part 1342.en
burner control,1868,1617,ORef 1465 (11) ↔ Part 1342.in
burner control,1868,1618,Part 1342.out1 ↔ ORef 1466 (WorkData.BR01_State)
burner control,1868,1619,ORef 1467 (WorkData.BR01_State) ↔ Part 1347.in1
burner control,1868,1620,ORef 1468 (11) ↔ Part 1347.in2
burner control,1868,1621,Part 1347.out ↔ Part 1664.in ↔ Part 1666.in ↔ Part 1363.en
burner control,1868,1622,ORef 1469 (Inputs.Burner On) ↔ Part 1664.operand
burner control,1868,1665,Part 1664.out ↔ Part 1354.in
burner control,1868,1624,ORef 1470 (Start Burner) ↔ Part 1354.operand
burner control,1868,1625,ORef 1471 (Inputs.Burner On) ↔ Part 1666.operand
burner control,1868,1667,Part 1666.out ↔ Part 1358.en
burner control,1868,1627,ORef 1472 (0) ↔ Part 1358.in
burner control,1868,1628,Part 1358.out1 ↔ ORef 1473 (WorkData.BR01_State)
burner control,1868,1629,ORef 1474 (0) ↔ Part 1363.in
burner control,1868,1630,Part 1363.out1 ↔ ORef 1475 (WorkData.BR01_CleanTime)
burner control,1869,1134,Powerrail {} ↔ Part 1130.in
burner control,1869,1126,ORef 1123 (Flag.RESET_ALLARM) ↔ Part 1130.operand
burner control,1869,1131,Part 1130.out ↔ Part 1132.in
burner control,1869,1127,ORef 1124 (Allarm.BURNER_START_FAULT) ↔ Part 1132.operand
burner control,1869,1133,Part 1132.out ↔ Part 1122.in
burner control,1869,1129,ORef 1125 (Allarm.BURNER_START_FAULT) ↔ Part 1122.operand
burner control,1870,1242,Powerrail {} ↔ Part 1218.in
burner control,1870,1199,ORef 1184 (ON) ↔ Part 1218.operand
burner control,1870,1219,Part 1218.out ↔ Part 1220.in ↔ Part 1232.in ↔ Part 1234.in ↔ Part 1236.in ↔ Part 1238.in ↔ Part 1240.in
burner control,1870,1200,ORef 1185 (Flag.AUTO_BURNER) ↔ Part 1220.operand
burner control,1870,1221,Part 1220.out ↔ Part 1222.in
burner control,1870,1201,ORef 1186 (Allarm.MAX_TC01_TEMP) ↔ Part 1222.operand
burner control,1870,1223,Part 1222.out ↔ Part 1224.in
burner control,1870,1202,ORef 1187 (Allarm.MAX_TC03_TEMP) ↔ Part 1224.operand
burner control,1870,1225,Part 1224.out ↔ Part 1226.in
burner control,1870,1203,ORef 1188 (Programmed stop burner) ↔ Part 1226.operand
burner control,1870,1227,Part 1226.out ↔ Part 1228.in
burner control,1870,1204,ORef 1189 (Start Burner) ↔ Part 1228.operand
burner control,1870,1229,Part 1228.out ↔ Part 1230.in
burner control,1870,1205,ORef 1190 (Inputs.High Flame Gas) ↔ Part 1230.operand
burner control,1870,1231,Part 1230.out ↔ Part 1172.in
burner control,1870,1207,ORef 1191 (Flag AutoBurner) ↔ Part 1172.operand
burner control,1870,1208,ORef 1192 (Enable start burner(1)) ↔ Part 1232.operand
burner control,1870,1233,Part 1232.out ↔ Part 1175.in1
burner control,1870,1209,ORef 1193 (Allarm.MAX_TC01_TEMP) ↔ Part 1234.operand
burner control,1870,1235,Part 1234.out ↔ Part 1175.in2
burner control,1870,1210,ORef 1194 (Allarm.MAX_TC03_TEMP) ↔ Part 1236.operand
burner control,1870,1237,Part 1236.out ↔ Part 1175.in3
burner control,1870,1211,ORef 1195 (Programmed stop burner) ↔ Part 1238.operand
burner control,1870,1239,Part 1238.out ↔ Part 1175.in4
burner control,1870,1212,ORef 1196 (Inputs.High Flame Gas) ↔ Part 1240.operand
burner control,1870,1241,Part 1240.out ↔ Part 1175.in5
burner control,1870,1213,Part 1175.out ↔ Part 1181.en
burner control,1870,1215,ORef 1197 (0) ↔ Part 1181.in
burner control,1870,1216,Part 1181.out1 ↔ ORef 1198 (Data.Burner_Panel_SetPoint)
burner control,1871,1190,Powerrail {} ↔ Part 1188.in
burner control,1871,1184,ORef 1180 (Flag AutoBurner) ↔ Part 1188.operand
burner control,1871,1189,Part 1188.out ↔ Part 1176.en
burner control,1871,1185,ORef 1181 (WorkData.Burner_PID_Result) ↔ Part 1176.in1
burner control,1871,1186,ORef 1182 (0) ↔ Part 1176.in2
burner control,1871,1187,Part 1176.out ↔ ORef 1183 (Data.Burner_Panel_SetPoint)
burner control,1872,1360,Powerrail {} ↔ Part 1350.in
burner control,1872,1318,ORef 1297 (ON) ↔ Part 1350.operand
burner control,1872,1351,Part 1350.out ↔ Part 1352.in ↔ Part 1270.pre ↔ Part 1354.in ↔ Part 1356.in ↔ Part 1358.in
burner control,1872,1319,ORef 1298 (Inputs.Burner On) ↔ Part 1352.operand
burner control,1872,1353,Part 1352.out ↔ Part 1262.pre
burner control,1872,1320,ORef 1299 (Data.Burner_Panel_SetPoint) ↔ Part 1262.in1
burner control,1872,1321,ORef 1300 (Data.Max_PRC_BR1) ↔ Part 1262.in2
burner control,1872,1322,Part 1262.out ↔ Part 1265.en
burner control,1872,1324,ORef 1301 (Data.Max_PRC_BR1) ↔ Part 1265.in
burner control,1872,1325,Part 1265.out1 ↔ ORef 1302 (Data.Burner_Panel_SetPoint)
burner control,1872,1326,ORef 1303 (Data.Burner_Panel_SetPoint) ↔ Part 1270.in1
burner control,1872,1327,ORef 1304 (100) ↔ Part 1270.in2
burner control,1872,1328,Part 1270.out ↔ Part 1273.en
burner control,1872,1330,ORef 1305 (100) ↔ Part 1273.in
burner control,1872,1331,Part 1273.out1 ↔ ORef 1306 (Data.Burner_Panel_SetPoint)
burner control,1872,1332,ORef 1307 (Rem. Start/Stop Burner) ↔ Part 1354.operand
burner control,1872,1355,Part 1354.out ↔ Part 1279.pre
burner control,1872,1333,ORef 1308 (Data.Burner_Panel_SetPoint) ↔ Part 1279.in1
burner control,1872,1334,ORef 1309 (0) ↔ Part 1279.in2
burner control,1872,1335,Part 1279.out ↔ Part 1282.en
burner control,1872,1337,ORef 1310 (0) ↔ Part 1282.in
burner control,1872,1338,Part 1282.out1 ↔ ORef 1311 (Data.Burner_Panel_SetPoint)
burner control,1872,1339,ORef 1312 (Rem. Start/Stop Burner) ↔ Part 1356.operand
burner control,1872,1357,Part 1356.out ↔ Part 1289.pre
burner control,1872,1340,ORef 1313 (Data.Burner_Panel_SetPoint) ↔ Part 1289.in1
burner control,1872,1341,ORef 1314 (0) ↔ Part 1289.in2
burner control,1872,1342,Part 1289.out ↔ Part 1293.in1
burner control,1872,1344,ORef 1315 (Enable start burner(1)) ↔ Part 1358.operand
burner control,1872,1359,Part 1358.out ↔ Part 1293.in2
burner control,1872,1345,Part 1293.out ↔ Part 1294.en
burner control,1872,1347,ORef 1316 (0) ↔ Part 1294.in
burner control,1872,1348,Part 1294.out1 ↔ ORef 1317 (Data.Burner_Panel_SetPoint)
burner control,1873,1279,Powerrail {} ↔ Part 1277.in
burner control,1873,1274,ORef 1271 (OFF) ↔ Part 1277.operand
burner control,1873,1278,Part 1277.out ↔ Part 1268.en
burner control,1873,1275,ORef 1272 (RefId 52) ↔ Part 1268.in
burner control,1873,1276,Part 1268.out1 ↔ ORef 1273 (Data.Burner_Panel_SetPoint)
burner control,1874,1375,Powerrail {} ↔ Part 1359.in
burner control,1874,1342,ORef 1330 (ON) ↔ Part 1359.operand
burner control,1874,1360,Part 1359.out ↔ Part 1361.in ↔ Part 1363.in ↔ Part 1367.in
burner control,1874,1343,ORef 1331 (Stechio.Sign_lim_min) ↔ Part 1361.operand
burner control,1874,1362,Part 1361.out ↔ Part 1311.in1
burner control,1874,1344,ORef 1332 (Stechio.Sign_lim_MAX) ↔ Part 1363.operand
burner control,1874,1364,Part 1363.out ↔ Part 1311.in2
burner control,1874,1345,Part 1311.out ↔ Part 1317.in ↔ Part 1365.in
burner control,1874,1346,ORef 1333 (S5T#20S) ↔ Part 1317.value
burner control,1874,1347,ORef 1334 (Tag_146) ↔ Part 1317.operand
burner control,1874,1348,ORef 1335 (Tag_146) ↔ Part 1365.operand
burner control,1874,1366,Part 1365.out ↔ Part 1322.in
burner control,1874,1350,ORef 1336 (Allarm.Sechio_Limits) ↔ Part 1322.operand
burner control,1874,1352,ORef 1337 (Flag.RESET_ALLARM) ↔ Part 1367.operand
burner control,1874,1368,Part 1367.out ↔ Part 1369.in
burner control,1874,1353,ORef 1338 (Allarm.Sechio_Limits) ↔ Part 1369.operand
burner control,1874,1370,Part 1369.out ↔ Part 1371.in
burner control,1874,1354,ORef 1339 (Stechio.Sign_lim_min) ↔ Part 1371.operand
burner control,1874,1372,Part 1371.out ↔ Part 1373.in
burner control,1874,1355,ORef 1340 (Stechio.Sign_lim_MAX) ↔ Part 1373.operand
burner control,1874,1374,Part 1373.out ↔ Part 1329.in
burner control,1874,1357,ORef 1341 (Allarm.Sechio_Limits) ↔ Part 1329.operand
burner control,1875,1703,Powerrail {} ↔ Part 1701.in
burner control,1875,1633,ORef 1588 (OFF) ↔ Part 1701.operand
burner control,1875,1702,Part 1701.out ↔ Part 1502.pre ↔ Part 1510.pre ↔ Part 1518.pre ↔ Part 1526.pre ↔ Part 1534.pre ↔ Part 1542.pre ↔ Part 1550.pre ↔ Part 1558.pre ↔ Part 1566.pre ↔ Part 1574.pre ↔ Part 1582.pre
burner control,1875,1634,ORef 1589 (WorkData.W5) ↔ Part 1502.in1
burner control,1875,1635,ORef 1590 (1) ↔ Part 1502.in2
burner control,1875,1636,Part 1502.out ↔ Part 1505.en
burner control,1875,1638,ORef 1591 (20) ↔ Part 1505.in
burner control,1875,1639,Part 1505.out1 ↔ ORef 1592 (Data.TC01_SETPOINT)
burner control,1875,1640,ORef 1593 (WorkData.W5) ↔ Part 1510.in1
burner control,1875,1641,ORef 1594 (60) ↔ Part 1510.in2
burner control,1875,1642,Part 1510.out ↔ Part 1513.en
burner control,1875,1644,ORef 1595 (30) ↔ Part 1513.in
burner control,1875,1645,Part 1513.out1 ↔ ORef 1596 (Data.TC01_SETPOINT)
burner control,1875,1646,ORef 1597 (WorkData.W5) ↔ Part 1518.in1
burner control,1875,1647,ORef 1598 (120) ↔ Part 1518.in2
burner control,1875,1648,Part 1518.out ↔ Part 1521.en
burner control,1875,1650,ORef 1599 (40) ↔ Part 1521.in
burner control,1875,1651,Part 1521.out1 ↔ ORef 1600 (Data.TC01_SETPOINT)
burner control,1875,1652,ORef 1601 (WorkData.W5) ↔ Part 1526.in1
burner control,1875,1653,ORef 1602 (180) ↔ Part 1526.in2
burner control,1875,1654,Part 1526.out ↔ Part 1529.en
burner control,1875,1656,ORef 1603 (80) ↔ Part 1529.in
burner control,1875,1657,Part 1529.out1 ↔ ORef 1604 (Data.TC01_SETPOINT)
burner control,1875,1658,ORef 1605 (WorkData.W5) ↔ Part 1534.in1
burner control,1875,1659,ORef 1606 (240) ↔ Part 1534.in2
burner control,1875,1660,Part 1534.out ↔ Part 1537.en
burner control,1875,1662,ORef 1607 (100) ↔ Part 1537.in
burner control,1875,1663,Part 1537.out1 ↔ ORef 1608 (Data.TC01_SETPOINT)
burner control,1875,1664,ORef 1609 (WorkData.W5) ↔ Part 1542.in1
burner control,1875,1665,ORef 1610 (300) ↔ Part 1542.in2
burner control,1875,1666,Part 1542.out ↔ Part 1545.en
burner control,1875,1668,ORef 1611 (120) ↔ Part 1545.in
burner control,1875,1669,Part 1545.out1 ↔ ORef 1612 (Data.TC01_SETPOINT)
burner control,1875,1670,ORef 1613 (WorkData.W5) ↔ Part 1550.in1
burner control,1875,1671,ORef 1614 (360) ↔ Part 1550.in2
burner control,1875,1672,Part 1550.out ↔ Part 1553.en
burner control,1875,1674,ORef 1615 (140) ↔ Part 1553.in
burner control,1875,1675,Part 1553.out1 ↔ ORef 1616 (Data.TC01_SETPOINT)
burner control,1875,1676,ORef 1617 (WorkData.W5) ↔ Part 1558.in1
burner control,1875,1677,ORef 1618 (420) ↔ Part 1558.in2
burner control,1875,1678,Part 1558.out ↔ Part 1561.en
burner control,1875,1680,ORef 1619 (160) ↔ Part 1561.in
burner control,1875,1681,Part 1561.out1 ↔ ORef 1620 (Data.TC01_SETPOINT)
burner control,1875,1682,ORef 1621 (WorkData.W5) ↔ Part 1566.in1
burner control,1875,1683,ORef 1622 (480) ↔ Part 1566.in2
burner control,1875,1684,Part 1566.out ↔ Part 1569.en
burner control,1875,1686,ORef 1623 (180) ↔ Part 1569.in
burner control,1875,1687,Part 1569.out1 ↔ ORef 1624 (Data.TC01_SETPOINT)
burner control,1875,1688,ORef 1625 (WorkData.W5) ↔ Part 1574.in1
burner control,1875,1689,ORef 1626 (540) ↔ Part 1574.in2
burner control,1875,1690,Part 1574.out ↔ Part 1577.en
burner control,1875,1692,ORef 1627 (200) ↔ Part 1577.in
burner control,1875,1693,Part 1577.out1 ↔ ORef 1628 (Data.TC01_SETPOINT)
burner control,1875,1694,ORef 1629 (WorkData.W5) ↔ Part 1582.in1
burner control,1875,1695,ORef 1630 (600) ↔ Part 1582.in2
burner control,1875,1696,Part 1582.out ↔ Part 1585.en
burner control,1875,1698,ORef 1631 (200) ↔ Part 1585.in
burner control,1875,1699,Part 1585.out1 ↔ ORef 1632 (Data.TC01_SETPOINT)
burner control,1876,1649,Powerrail {} ↔ Part 1647.in
burner control,1876,1621,ORef 1604 (OFF) ↔ Part 1647.operand
burner control,1876,1648,Part 1647.out ↔ Part 1574.pre ↔ Part 1582.pre ↔ Part 1590.pre ↔ Part 1598.pre
burner control,1876,1622,ORef 1605 (WorkData.W5) ↔ Part 1574.in1
burner control,1876,1623,ORef 1606 (1320) ↔ Part 1574.in2
burner control,1876,1624,Part 1574.out ↔ Part 1577.en
burner control,1876,1626,ORef 1607 (240) ↔ Part 1577.in
burner control,1876,1627,Part 1577.out1 ↔ ORef 1608 (Data.TC01_SETPOINT)
burner control,1876,1628,ORef 1609 (WorkData.W5) ↔ Part 1582.in1
burner control,1876,1629,ORef 1610 (1380) ↔ Part 1582.in2
burner control,1876,1630,Part 1582.out ↔ Part 1585.en
burner control,1876,1632,ORef 1611 (280) ↔ Part 1585.in
burner control,1876,1633,Part 1585.out1 ↔ ORef 1612 (Data.TC01_SETPOINT)
burner control,1876,1634,ORef 1613 (WorkData.W5) ↔ Part 1590.in1
burner control,1876,1635,ORef 1614 (1440) ↔ Part 1590.in2
burner control,1876,1636,Part 1590.out ↔ Part 1593.en
burner control,1876,1638,ORef 1615 (320) ↔ Part 1593.in
burner control,1876,1639,Part 1593.out1 ↔ ORef 1616 (Data.TC01_SETPOINT)
burner control,1876,1640,ORef 1617 (WorkData.W5) ↔ Part 1598.in1
burner control,1876,1641,ORef 1618 (1500) ↔ Part 1598.in2
burner control,1876,1642,Part 1598.out ↔ Part 1601.en
burner control,1876,1644,ORef 1619 (360) ↔ Part 1601.in
burner control,1876,1645,Part 1601.out1 ↔ ORef 1620 (Data.TC01_SETPOINT)
burner control,1877,1791,Powerrail {} ↔ Part 1789.in
burner control,1877,1751,ORef 1726 (OFF) ↔ Part 1789.operand
burner control,1877,1790,Part 1789.out ↔ Part 1680.pre ↔ Part 1688.pre ↔ Part 1696.pre ↔ Part 1704.pre ↔ Part 1712.pre ↔ Part 1720.pre
burner control,1877,1752,ORef 1727 (WorkData.W5) ↔ Part 1680.in1
burner control,1877,1753,ORef 1728 (1740) ↔ Part 1680.in2
burner control,1877,1754,Part 1680.out ↔ Part 1683.en
burner control,1877,1756,ORef 1729 (400) ↔ Part 1683.in
burner control,1877,1757,Part 1683.out1 ↔ ORef 1730 (Data.TC01_SETPOINT)
burner control,1877,1758,ORef 1731 (WorkData.W5) ↔ Part 1688.in1
burner control,1877,1759,ORef 1732 (1800) ↔ Part 1688.in2
burner control,1877,1760,Part 1688.out ↔ Part 1691.en
burner control,1877,1762,ORef 1733 (440) ↔ Part 1691.in
burner control,1877,1763,Part 1691.out1 ↔ ORef 1734 (Data.TC01_SETPOINT)
burner control,1877,1764,ORef 1735 (WorkData.W5) ↔ Part 1696.in1
burner control,1877,1765,ORef 1736 (1860) ↔ Part 1696.in2
burner control,1877,1766,Part 1696.out ↔ Part 1699.en
burner control,1877,1768,ORef 1737 (480) ↔ Part 1699.in
burner control,1877,1769,Part 1699.out1 ↔ ORef 1738 (Data.TC01_SETPOINT)
burner control,1877,1770,ORef 1739 (WorkData.W5) ↔ Part 1704.in1
burner control,1877,1771,ORef 1740 (1920) ↔ Part 1704.in2
burner control,1877,1772,Part 1704.out ↔ Part 1707.en
burner control,1877,1774,ORef 1741 (520) ↔ Part 1707.in
burner control,1877,1775,Part 1707.out1 ↔ ORef 1742 (Data.TC01_SETPOINT)
burner control,1877,1776,ORef 1743 (WorkData.W5) ↔ Part 1712.in1
burner control,1877,1777,ORef 1744 (1980) ↔ Part 1712.in2
burner control,1877,1778,Part 1712.out ↔ Part 1715.en
burner control,1877,1780,ORef 1745 (560) ↔ Part 1715.in
burner control,1877,1781,Part 1715.out1 ↔ ORef 1746 (Data.TC01_SETPOINT)
burner control,1877,1782,ORef 1747 (WorkData.W5) ↔ Part 1720.in1
burner control,1877,1783,ORef 1748 (2040) ↔ Part 1720.in2
burner control,1877,1784,Part 1720.out ↔ Part 1723.en
burner control,1877,1786,ORef 1749 (600) ↔ Part 1723.in
burner control,1877,1787,Part 1723.out1 ↔ ORef 1750 (Data.TC01_SETPOINT)
filter,1882,21,Powerrail {} ↔ Part 23.en
filter,1882,24,ORef 25 (Data.VALVE_P) ↔ Part 23.KF
filter,1882,26,ORef 27 (0) ↔ Part 23.SEC
filter,1882,28,Part 23.eno ↔ Part 32.en
filter,1882,29,Part 23.KT ↔ ORef 30 (Coeff.DP_01_PAUSA_SOGLIA_1)
filter,1882,33,ORef 34 (Data.VALVE_W) ↔ Part 32.KF
filter,1882,35,ORef 49 (0) ↔ Part 32.SEC
filter,1882,51,Part 32.KT ↔ ORef 52 (Coeff.DP_01_LAVORO_SOGLIA_1)
filter,1883,379,Powerrail {} ↔ Part 377.in
filter,1883,318,ORef 279 (OFF) ↔ Part 377.operand
filter,1883,378,Part 377.out ↔ Part 206.pre
filter,1883,319,ORef 280 (Data.Ev_filter_on) ↔ Part 206.in1
filter,1883,320,ORef 281 (51) ↔ Part 206.in2
filter,1883,321,Part 206.out ↔ Part 213.pre ↔ Part 225.pre ↔ Part 240.pre ↔ Part 255.pre ↔ Part 270.pre
filter,1883,322,ORef 282 (Data.DP_01) ↔ Part 213.in1
filter,1883,323,ORef 283 (Coeff.DP_01_SOGLIA_1) ↔ Part 213.in2
filter,1883,324,Part 213.out ↔ Part 216.en
filter,1883,326,ORef 284 (Coeff.DP_01_PAUSA_SOGLIA_1) ↔ Part 216.in
filter,1883,328,Part 216.eno ↔ Part 219.en
filter,1883,327,Part 216.out1 ↔ ORef 285 (Data.LAVA_PAUSA)
filter,1883,329,ORef 286 (Coeff.DP_01_LAVORO_SOGLIA_1) ↔ Part 219.in
filter,1883,330,Part 219.out1 ↔ ORef 287 (Data.LAVA_LAVORO)
filter,1883,331,ORef 288 (Data.DP_01) ↔ Part 225.in1
filter,1883,332,ORef 289 (Coeff.DP_01_SOGLIA_1) ↔ Part 225.in2
filter,1883,333,Part 225.out ↔ Part 228.pre
filter,1883,334,ORef 290 (Data.DP_01) ↔ Part 228.in1
filter,1883,335,ORef 291 (Coeff.DP_01_SOGLIA_2) ↔ Part 228.in2
filter,1883,336,Part 228.out ↔ Part 231.en
filter,1883,338,ORef 292 (Coeff.DP_01_PAUSA_SOGLIA_2) ↔ Part 231.in
filter,1883,340,Part 231.eno ↔ Part 234.en
filter,1883,339,Part 231.out1 ↔ ORef 293 (Data.LAVA_PAUSA)
filter,1883,341,ORef 294 (Coeff.DP_01_LAVORO_SOGLIA_1) ↔ Part 234.in
filter,1883,342,Part 234.out1 ↔ ORef 295 (Data.LAVA_LAVORO)
filter,1883,343,ORef 296 (Data.DP_01) ↔ Part 240.in1
filter,1883,344,ORef 297 (Coeff.DP_01_SOGLIA_2) ↔ Part 240.in2
filter,1883,345,Part 240.out ↔ Part 243.pre
filter,1883,346,ORef 298 (Data.DP_01) ↔ Part 243.in1
filter,1883,347,ORef 299 (Coeff.DP_01_SOGLIA_3) ↔ Part 243.in2
filter,1883,348,Part 243.out ↔ Part 246.en
filter,1883,350,ORef 300 (Coeff.DP_01_PAUSA_SOGLIA_3) ↔ Part 246.in
filter,1883,352,Part 246.eno ↔ Part 249.en
filter,1883,351,Part 246.out1 ↔ ORef 301 (Data.LAVA_PAUSA)
filter,1883,353,ORef 302 (Coeff.DP_01_LAVORO_SOGLIA_1) ↔ Part 249.in
filter,1883,354,Part 249.out1 ↔ ORef 303 (Data.LAVA_LAVORO)
filter,1883,355,ORef 304 (Data.DP_01) ↔ Part 255.in1
filter,1883,356,ORef 305 (Coeff.DP_01_SOGLIA_3) ↔ Part 255.in2
filter,1883,357,Part 255.out ↔ Part 258.pre
filter,1883,358,ORef 306 (Data.DP_01) ↔ Part 258.in1
filter,1883,359,ORef 307 (Coeff.DP_01_SOGLIA_4) ↔ Part 258.in2
filter,1883,360,Part 258.out ↔ Part 261.en
filter,1883,362,ORef 308 (Coeff.DP_01_PAUSA_SOGLIA_4) ↔ Part 261.in
filter,1883,364,Part 261.eno ↔ Part 264.en
filter,1883,363,Part 261.out1 ↔ ORef 309 (Data.LAVA_PAUSA)
filter,1883,365,ORef 310 (Coeff.DP_01_LAVORO_SOGLIA_1) ↔ Part 264.in
filter,1883,366,Part 264.out1 ↔ ORef 311 (Data.LAVA_LAVORO)
filter,1883,367,ORef 312 (Data.DP_01) ↔ Part 270.in1
filter,1883,368,ORef 313 (Coeff.DP_01_SOGLIA_4) ↔ Part 270.in2
filter,1883,369,Part 270.out ↔ Part 273.en
filter,1883,371,ORef 314 (Coeff.DP_01_PAUSA_SOGLIA_5) ↔ Part 273.in
filter,1883,373,Part 273.eno ↔ Part 276.en
filter,1883,372,Part 273.out1 ↔ ORef 315 (Data.LAVA_PAUSA)
filter,1883,374,ORef 316 (Coeff.DP_01_LAVORO_SOGLIA_1) ↔ Part 276.in
filter,1883,375,Part 276.out1 ↔ ORef 317 (Data.LAVA_LAVORO)
filter,1884,561,Powerrail {} ↔ Part 559.in
filter,1884,500,ORef 461 (OFF) ↔ Part 559.operand
filter,1884,560,Part 559.out ↔ Part 388.pre
filter,1884,501,ORef 462 (RefId 3) ↔ Part 388.in1
filter,1884,502,ORef 463 (50) ↔ Part 388.in2
filter,1884,503,Part 388.out ↔ Part 395.pre ↔ Part 407.pre ↔ Part 422.pre ↔ Part 437.pre ↔ Part 452.pre
filter,1884,504,ORef 464 (Data.DP_02) ↔ Part 395.in1
filter,1884,505,ORef 465 (Coeff.DP_02_SOGLIA_1) ↔ Part 395.in2
filter,1884,506,Part 395.out ↔ Part 398.en
filter,1884,508,ORef 466 (Coeff.DP_02_PAUSA_SOGLIA_1) ↔ Part 398.in
filter,1884,510,Part 398.eno ↔ Part 401.en
filter,1884,509,Part 398.out1 ↔ ORef 467 (Data.LAVA_PAUSA)
filter,1884,511,ORef 468 (Coeff.DP_02_LAVORO_SOGLIA_1) ↔ Part 401.in
filter,1884,512,Part 401.out1 ↔ ORef 469 (Data.LAVA_LAVORO)
filter,1884,513,ORef 470 (Data.DP_02) ↔ Part 407.in1
filter,1884,514,ORef 471 (Coeff.DP_02_SOGLIA_1) ↔ Part 407.in2
filter,1884,515,Part 407.out ↔ Part 410.pre
filter,1884,516,ORef 472 (Data.DP_02) ↔ Part 410.in1
filter,1884,517,ORef 473 (Coeff.DP_02_SOGLIA_2) ↔ Part 410.in2
filter,1884,518,Part 410.out ↔ Part 413.en
filter,1884,520,ORef 474 (Coeff.DP_02_PAUSA_SOGLIA_2) ↔ Part 413.in
filter,1884,522,Part 413.eno ↔ Part 416.en
filter,1884,521,Part 413.out1 ↔ ORef 475 (Data.LAVA_PAUSA)
filter,1884,523,ORef 476 (Coeff.DP_02_LAVORO_SOGLIA_1) ↔ Part 416.in
filter,1884,524,Part 416.out1 ↔ ORef 477 (Data.LAVA_LAVORO)
filter,1884,525,ORef 478 (Data.DP_02) ↔ Part 422.in1
filter,1884,526,ORef 479 (Coeff.DP_02_SOGLIA_2) ↔ Part 422.in2
filter,1884,527,Part 422.out ↔ Part 425.pre
filter,1884,528,ORef 480 (Data.DP_02) ↔ Part 425.in1
filter,1884,529,ORef 481 (Coeff.DP_02_SOGLIA_3) ↔ Part 425.in2
filter,1884,530,Part 425.out ↔ Part 428.en
filter,1884,532,ORef 482 (Coeff.DP_02_PAUSA_SOGLIA_3) ↔ Part 428.in
filter,1884,534,Part 428.eno ↔ Part 431.en
filter,1884,533,Part 428.out1 ↔ ORef 483 (Data.LAVA_PAUSA)
filter,1884,535,ORef 484 (Coeff.DP_02_LAVORO_SOGLIA_1) ↔ Part 431.in
filter,1884,536,Part 431.out1 ↔ ORef 485 (Data.LAVA_LAVORO)
filter,1884,537,ORef 486 (Data.DP_02) ↔ Part 437.in1
filter,1884,538,ORef 487 (Coeff.DP_02_SOGLIA_3) ↔ Part 437.in2
filter,1884,539,Part 437.out ↔ Part 440.pre
filter,1884,540,ORef 488 (Data.DP_02) ↔ Part 440.in1
filter,1884,541,ORef 489 (Coeff.DP_02_SOGLIA_4) ↔ Part 440.in2
filter,1884,542,Part 440.out ↔ Part 443.en
filter,1884,544,ORef 490 (Coeff.DP_02_PAUSA_SOGLIA_4) ↔ Part 443.in
filter,1884,546,Part 443.eno ↔ Part 446.en
filter,1884,545,Part 443.out1 ↔ ORef 491 (Data.LAVA_PAUSA)
filter,1884,547,ORef 492 (Coeff.DP_02_LAVORO_SOGLIA_1) ↔ Part 446.in
filter,1884,548,Part 446.out1 ↔ ORef 493 (Data.LAVA_LAVORO)
filter,1884,549,ORef 494 (Data.DP_02) ↔ Part 452.in1
filter,1884,550,ORef 495 (Coeff.DP_02_SOGLIA_4) ↔ Part 452.in2
filter,1884,551,Part 452.out ↔ Part 455.en
filter,1884,553,ORef 496 (Coeff.DP_02_PAUSA_SOGLIA_5) ↔ Part 455.in
filter,1884,555,Part 455.eno ↔ Part 458.en
filter,1884,554,Part 455.out1 ↔ ORef 497 (Data.LAVA_PAUSA)
filter,1884,556,ORef 498 (Coeff.DP_02_LAVORO_SOGLIA_1) ↔ Part 458.in
filter,1884,557,Part 458.out1 ↔ ORef 499 (Data.LAVA_LAVORO)
filter,1885,459,Powerrail {} ↔ Part 451.in
filter,1885,438,ORef 429 (ON) ↔ Part 451.operand
filter,1885,452,Part 451.out ↔ Part 453.in ↔ Part 455.in ↔ Part 457.in ↔ Part 460.in
filter,1885,440,ORef 431 (Tag_129) ↔ Part 453.operand
filter,1885,454,Part 453.out ↔ Part 418.in
filter,1885,439,ORef 430 (S5T#2H) ↔ Part 418.value
filter,1885,442,ORef 432 (Tag_130) ↔ Part 418.operand
filter,1885,444,ORef 434 (Tag_130) ↔ Part 455.operand
filter,1885,456,Part 455.out ↔ Part 423.in
filter,1885,443,ORef 433 (S5T#10M) ↔ Part 423.value
filter,1885,446,ORef 435 (Tag_129) ↔ Part 423.operand
filter,1885,447,ORef 436 (Tag_130) ↔ Part 457.operand
filter,1885,458,Part 457.out ↔ Part 21.in1
filter,1885,463,ORef 461 (ON) ↔ Part 460.operand
filter,1885,22,Part 460.out ↔ Part 21.in2
filter,1885,23,Part 21.out ↔ Part 428.in
filter,1885,449,ORef 437 (Forza_Lavaggio) ↔ Part 428.operand
filter,1886,47,Powerrail {} ↔ Part 21.in
filter,1886,48,ORef 34 (ON) ↔ Part 21.operand
filter,1886,49,Part 21.out ↔ Part 22.in ↔ Part 28.in
filter,1886,50,ORef 35 (Inputs.FEEDBACKMOTOR SC-10) ↔ Part 22.operand
filter,1886,51,Part 22.out ↔ Part 23.in
filter,1886,52,ORef 36 (Inputs.VR04 Run) ↔ Part 23.operand
filter,1886,53,Part 23.out ↔ Part 24.pre ↔ Part 25.in
filter,1886,54,ORef 37 (Data.DP_01) ↔ Part 24.in1
filter,1886,55,ORef 38 (Coeff.DP_01_SOGLIA_1) ↔ Part 24.in2
filter,1886,56,Part 24.out ↔ Part 26.in1
filter,1886,57,ORef 39 (Forza_Lavaggio) ↔ Part 25.operand
filter,1886,58,Part 25.out ↔ Part 26.in2
filter,1886,59,Part 26.out ↔ Part 27.in
filter,1886,60,ORef 40 (Abilita_lavaggio_BF01) ↔ Part 27.operand
filter,1886,72,Part 27.out ↔ Part 74.in
filter,1886,73,ORef 75 (BF01_RUN) ↔ Part 74.operand
filter,1886,61,ORef 41 (Inputs.FEEDBACKMOTOR SC-11) ↔ Part 28.operand
filter,1886,62,Part 28.out ↔ Part 29.in
filter,1886,63,ORef 42 (Inputs.VR05 Run) ↔ Part 29.operand
filter,1886,64,Part 29.out ↔ Part 30.pre ↔ Part 31.in
filter,1886,65,ORef 43 (Data.DP_02) ↔ Part 30.in1
filter,1886,66,ORef 44 (Coeff.DP_01_SOGLIA_1) ↔ Part 30.in2
filter,1886,67,Part 30.out ↔ Part 32.in1
filter,1886,68,ORef 45 (Forza_Lavaggio) ↔ Part 31.operand
filter,1886,69,Part 31.out ↔ Part 32.in2
filter,1886,70,Part 32.out ↔ Part 33.in
filter,1886,71,ORef 46 (Abilita_lavaggio_BF02) ↔ Part 33.operand
filter,1886,76,Part 33.out ↔ Part 78.in
filter,1886,77,ORef 79 (BF02_RUN) ↔ Part 78.operand
filter,1887,506,Powerrail {} ↔ Part 500.in
filter,1887,486,ORef 475 (ON) ↔ Part 500.operand
filter,1887,501,Part 500.out ↔ Part 457.en ↔ Part 462.en ↔ Part 22.in ↔ Part 507.in ↔ Part 504.in
filter,1887,487,ORef 476 (Coeff.DP_01_PAUSA_SOGLIA_1) ↔ Part 457.in
filter,1887,488,Part 457.out1 ↔ ORef 477 (Data.LAVA_PAUSA)
filter,1887,489,ORef 478 (Coeff.DP_01_LAVORO_SOGLIA_1) ↔ Part 462.in
filter,1887,490,Part 462.out1 ↔ ORef 479 (Data.LAVA_LAVORO)
filter,1887,21,ORef 23 (Abilita_lavaggio_BF01) ↔ Part 22.operand
filter,1887,24,Part 22.out ↔ Part 25.in1
filter,1887,510,ORef 508 (Abilita_lavaggio_BF02) ↔ Part 507.operand
filter,1887,26,Part 507.out ↔ Part 25.in2
filter,1887,27,Part 25.out ↔ Part 502.in
filter,1887,492,ORef 481 (Tag_131) ↔ Part 502.operand
filter,1887,503,Part 502.out ↔ Part 468.in
filter,1887,491,ORef 480 (Data.LAVA_PAUSA) ↔ Part 468.value
filter,1887,494,ORef 482 (Tag_132) ↔ Part 468.operand
filter,1887,496,ORef 484 (Tag_132) ↔ Part 504.operand
filter,1887,505,Part 504.out ↔ Part 473.in
filter,1887,495,ORef 483 (Data.LAVA_LAVORO) ↔ Part 473.value
filter,1887,498,ORef 485 (Tag_131) ↔ Part 473.operand
filter,1888,609,Powerrail {} ↔ Part 599.in
filter,1888,582,ORef 569 (OFF) ↔ Part 599.operand
filter,1888,600,Part 599.out ↔ Part 547.en ↔ Part 601.in ↔ Part 603.in ↔ Part 605.in
filter,1888,583,ORef 570 (0) ↔ Part 547.in
filter,1888,584,Part 547.out1 ↔ ORef 571 (Data.LAVA)
filter,1888,585,ORef 572 (SC-10_Fbk) ↔ Part 601.operand
filter,1888,602,Part 601.out ↔ Part 553.en
filter,1888,587,ORef 573 (1) ↔ Part 553.in
filter,1888,588,Part 553.out1 ↔ ORef 574 (Data.LAVA)
filter,1888,589,ORef 575 (SC-11_Fbk) ↔ Part 603.operand
filter,1888,604,Part 603.out ↔ Part 559.en
filter,1888,591,ORef 576 (2) ↔ Part 559.in
filter,1888,592,Part 559.out1 ↔ ORef 577 (Data.LAVA)
filter,1888,593,ORef 578 (SC-10_Fbk) ↔ Part 605.operand
filter,1888,606,Part 605.out ↔ Part 607.in
filter,1888,594,ORef 579 (SC-11_Fbk) ↔ Part 607.operand
filter,1888,608,Part 607.out ↔ Part 566.en
filter,1888,596,ORef 580 (3) ↔ Part 566.in
filter,1888,597,Part 566.out1 ↔ ORef 581 (Data.LAVA)
filter,1889,782,Powerrail {} ↔ Part 780.in
filter,1889,742,ORef 717 (OFF) ↔ Part 780.operand
filter,1889,781,Part 780.out ↔ Part 672.pre ↔ Part 684.pre ↔ Part 696.pre ↔ Part 708.pre
filter,1889,743,ORef 718 (Data.LAVA) ↔ Part 672.in1
filter,1889,744,ORef 719 (0) ↔ Part 672.in2
filter,1889,745,Part 672.out ↔ Part 675.en
filter,1889,747,ORef 720 (0) ↔ Part 675.in
filter,1889,749,Part 675.eno ↔ Part 678.en
filter,1889,748,Part 675.out1 ↔ ORef 721 (Data.LAVA_START)
filter,1889,750,ORef 722 (0) ↔ Part 678.in
filter,1889,751,Part 678.out1 ↔ ORef 723 (Data.LAVA_END)
filter,1889,752,ORef 724 (Data.LAVA) ↔ Part 684.in1
filter,1889,753,ORef 725 (1) ↔ Part 684.in2
filter,1889,754,Part 684.out ↔ Part 687.en
filter,1889,756,ORef 726 (11) ↔ Part 687.in
filter,1889,758,Part 687.eno ↔ Part 690.en
filter,1889,757,Part 687.out1 ↔ ORef 727 (Data.LAVA_START)
filter,1889,759,ORef 728 (50) ↔ Part 690.in
filter,1889,760,Part 690.out1 ↔ ORef 729 (Data.LAVA_END)
filter,1889,761,ORef 730 (Data.LAVA) ↔ Part 696.in1
filter,1889,762,ORef 731 (2) ↔ Part 696.in2
filter,1889,763,Part 696.out ↔ Part 699.en
filter,1889,765,ORef 732 (51) ↔ Part 699.in
filter,1889,767,Part 699.eno ↔ Part 702.en
filter,1889,766,Part 699.out1 ↔ ORef 733 (Data.LAVA_START)
filter,1889,768,ORef 734 (90) ↔ Part 702.in
filter,1889,769,Part 702.out1 ↔ ORef 735 (Data.LAVA_END)
filter,1889,770,ORef 736 (Data.LAVA) ↔ Part 708.in1
filter,1889,771,ORef 737 (3) ↔ Part 708.in2
filter,1889,772,Part 708.out ↔ Part 711.en
filter,1889,774,ORef 738 (11) ↔ Part 711.in
filter,1889,776,Part 711.eno ↔ Part 714.en
filter,1889,775,Part 711.out1 ↔ ORef 739 (Data.LAVA_START)
filter,1889,777,ORef 740 (90) ↔ Part 714.in
filter,1889,778,Part 714.out1 ↔ ORef 741 (Data.LAVA_END)
filter,1890,716,Powerrail {} ↔ Part 714.in
filter,1890,708,ORef 703 (ON) ↔ Part 714.operand
filter,1890,715,Part 714.out ↔ Part 695.en ↔ Part 700.en
filter,1890,709,ORef 704 (11) ↔ Part 695.in
filter,1890,710,Part 695.out1 ↔ ORef 705 (Data.LAVA_START)
filter,1890,711,ORef 706 (90) ↔ Part 700.in
filter,1890,712,Part 700.out1 ↔ ORef 707 (Data.LAVA_END)
filter,1891,1084,Powerrail {} ↔ Part 1060.in
filter,1891,997,ORef 955 (ON) ↔ Part 1060.operand
filter,1891,1061,Part 1060.out ↔ Part 1062.in
filter,1891,998,ORef 956 (Tag_132) ↔ Part 1062.operand
filter,1891,1063,Part 1062.out ↔ Part 887.pre ↔ Part 894.pre ↔ Part 901.pre ↔ Part 908.pre ↔ Part 915.pre ↔ Part 922.pre ↔ Part 929.pre ↔ Part 936.pre ↔ Part 943.pre ↔ Part 950.pre
filter,1891,999,ORef 957 (Data.Ev_filter_on) ↔ Part 887.in1
filter,1891,1000,ORef 958 (11) ↔ Part 887.in2
filter,1891,1001,Part 887.out ↔ Part 1064.in
filter,1891,1002,ORef 959 (Abilita_lavaggio_BF01) ↔ Part 1064.operand
filter,1891,1065,Part 1064.out ↔ Part 891.in
filter,1891,1004,ORef 960 (EV-11) ↔ Part 891.operand
filter,1891,1005,ORef 961 (Data.Ev_filter_on) ↔ Part 894.in1
filter,1891,1006,ORef 962 (12) ↔ Part 894.in2
filter,1891,1007,Part 894.out ↔ Part 1066.in
filter,1891,1008,ORef 963 (Abilita_lavaggio_BF02) ↔ Part 1066.operand
filter,1891,1067,Part 1066.out ↔ Part 898.in
filter,1891,1010,ORef 964 (EV-51) ↔ Part 898.operand
filter,1891,1011,ORef 965 (Data.Ev_filter_on) ↔ Part 901.in1
filter,1891,1012,ORef 966 (13) ↔ Part 901.in2
filter,1891,1013,Part 901.out ↔ Part 1068.in
filter,1891,1014,ORef 967 (Abilita_lavaggio_BF01) ↔ Part 1068.operand
filter,1891,1069,Part 1068.out ↔ Part 905.in
filter,1891,1016,ORef 968 (EV-12) ↔ Part 905.operand
filter,1891,1017,ORef 969 (Data.Ev_filter_on) ↔ Part 908.in1
filter,1891,1018,ORef 970 (14) ↔ Part 908.in2
filter,1891,1019,Part 908.out ↔ Part 1070.in
filter,1891,1020,ORef 971 (Abilita_lavaggio_BF02) ↔ Part 1070.operand
filter,1891,1071,Part 1070.out ↔ Part 912.in
filter,1891,1022,ORef 972 (EV-52) ↔ Part 912.operand
filter,1891,1023,ORef 973 (Data.Ev_filter_on) ↔ Part 915.in1
filter,1891,1024,ORef 974 (15) ↔ Part 915.in2
filter,1891,1025,Part 915.out ↔ Part 1072.in
filter,1891,1026,ORef 975 (Abilita_lavaggio_BF01) ↔ Part 1072.operand
filter,1891,1073,Part 1072.out ↔ Part 919.in
filter,1891,1028,ORef 976 (EV-13) ↔ Part 919.operand
filter,1891,1029,ORef 977 (Data.Ev_filter_on) ↔ Part 922.in1
filter,1891,1030,ORef 978 (16) ↔ Part 922.in2
filter,1891,1031,Part 922.out ↔ Part 1074.in
filter,1891,1032,ORef 979 (Abilita_lavaggio_BF02) ↔ Part 1074.operand
filter,1891,1075,Part 1074.out ↔ Part 926.in
filter,1891,1034,ORef 980 (EV-53) ↔ Part 926.operand
filter,1891,1035,ORef 981 (Data.Ev_filter_on) ↔ Part 929.in1
filter,1891,1036,ORef 982 (17) ↔ Part 929.in2
filter,1891,1037,Part 929.out ↔ Part 1076.in
filter,1891,1038,ORef 983 (Abilita_lavaggio_BF01) ↔ Part 1076.operand
filter,1891,1077,Part 1076.out ↔ Part 933.in
filter,1891,1040,ORef 984 (EV-14) ↔ Part 933.operand
filter,1891,1041,ORef 985 (Data.Ev_filter_on) ↔ Part 936.in1
filter,1891,1042,ORef 986 (18) ↔ Part 936.in2
filter,1891,1043,Part 936.out ↔ Part 1078.in
filter,1891,1044,ORef 987 (Abilita_lavaggio_BF02) ↔ Part 1078.operand
filter,1891,1079,Part 1078.out ↔ Part 940.in
filter,1891,1046,ORef 988 (EV-54) ↔ Part 940.operand
filter,1891,1047,ORef 989 (Data.Ev_filter_on) ↔ Part 943.in1
filter,1891,1048,ORef 990 (19) ↔ Part 943.in2
filter,1891,1049,Part 943.out ↔ Part 1080.in
filter,1891,1050,ORef 991 (Abilita_lavaggio_BF01) ↔ Part 1080.operand
filter,1891,1081,Part 1080.out ↔ Part 947.in
filter,1891,1052,ORef 992 (EV-15) ↔ Part 947.operand
filter,1891,1053,ORef 993 (Data.Ev_filter_on) ↔ Part 950.in1
filter,1891,1054,ORef 994 (20) ↔ Part 950.in2
filter,1891,1055,Part 950.out ↔ Part 1082.in
filter,1891,1056,ORef 995 (Abilita_lavaggio_BF02) ↔ Part 1082.operand
filter,1891,1083,Part 1082.out ↔ Part 954.in
filter,1891,1058,ORef 996 (EV-55) ↔ Part 954.operand
filter,1892,1220,Powerrail {} ↔ Part 1196.in
filter,1892,1133,ORef 1091 (ON) ↔ Part 1196.operand
filter,1892,1197,Part 1196.out ↔ Part 1198.in
filter,1892,1134,ORef 1092 (Tag_132) ↔ Part 1198.operand
filter,1892,1199,Part 1198.out ↔ Part 1023.pre ↔ Part 1030.pre ↔ Part 1037.pre ↔ Part 1044.pre ↔ Part 1051.pre ↔ Part 1058.pre ↔ Part 1065.pre ↔ Part 1072.pre ↔ Part 1079.pre ↔ Part 1086.pre
filter,1892,1135,ORef 1093 (Data.Ev_filter_on) ↔ Part 1023.in1
filter,1892,1136,ORef 1094 (21) ↔ Part 1023.in2
filter,1892,1137,Part 1023.out ↔ Part 1200.in
filter,1892,1138,ORef 1095 (Abilita_lavaggio_BF01) ↔ Part 1200.operand
filter,1892,1201,Part 1200.out ↔ Part 1027.in
filter,1892,1140,ORef 1096 (EV-16) ↔ Part 1027.operand
filter,1892,1141,ORef 1097 (Data.Ev_filter_on) ↔ Part 1030.in1
filter,1892,1142,ORef 1098 (22) ↔ Part 1030.in2
filter,1892,1143,Part 1030.out ↔ Part 1202.in
filter,1892,1144,ORef 1099 (Abilita_lavaggio_BF02) ↔ Part 1202.operand
filter,1892,1203,Part 1202.out ↔ Part 1034.in
filter,1892,1146,ORef 1100 (EV-56) ↔ Part 1034.operand
filter,1892,1147,ORef 1101 (Data.Ev_filter_on) ↔ Part 1037.in1
filter,1892,1148,ORef 1102 (23) ↔ Part 1037.in2
filter,1892,1149,Part 1037.out ↔ Part 1204.in
filter,1892,1150,ORef 1103 (Abilita_lavaggio_BF01) ↔ Part 1204.operand
filter,1892,1205,Part 1204.out ↔ Part 1041.in
filter,1892,1152,ORef 1104 (EV-17) ↔ Part 1041.operand
filter,1892,1153,ORef 1105 (Data.Ev_filter_on) ↔ Part 1044.in1
filter,1892,1154,ORef 1106 (24) ↔ Part 1044.in2
filter,1892,1155,Part 1044.out ↔ Part 1206.in
filter,1892,1156,ORef 1107 (Abilita_lavaggio_BF02) ↔ Part 1206.operand
filter,1892,1207,Part 1206.out ↔ Part 1048.in
filter,1892,1158,ORef 1108 (EV-57) ↔ Part 1048.operand
filter,1892,1159,ORef 1109 (Data.Ev_filter_on) ↔ Part 1051.in1
filter,1892,1160,ORef 1110 (25) ↔ Part 1051.in2
filter,1892,1161,Part 1051.out ↔ Part 1208.in
filter,1892,1162,ORef 1111 (Abilita_lavaggio_BF01) ↔ Part 1208.operand
filter,1892,1209,Part 1208.out ↔ Part 1055.in
filter,1892,1164,ORef 1112 (EV-18) ↔ Part 1055.operand
filter,1892,1165,ORef 1113 (Data.Ev_filter_on) ↔ Part 1058.in1
filter,1892,1166,ORef 1114 (26) ↔ Part 1058.in2
filter,1892,1167,Part 1058.out ↔ Part 1210.in
filter,1892,1168,ORef 1115 (Abilita_lavaggio_BF02) ↔ Part 1210.operand
filter,1892,1211,Part 1210.out ↔ Part 1062.in
filter,1892,1170,ORef 1116 (EV-58) ↔ Part 1062.operand
filter,1892,1171,ORef 1117 (Data.Ev_filter_on) ↔ Part 1065.in1
filter,1892,1172,ORef 1118 (27) ↔ Part 1065.in2
filter,1892,1173,Part 1065.out ↔ Part 1212.in
filter,1892,1174,ORef 1119 (Abilita_lavaggio_BF01) ↔ Part 1212.operand
filter,1892,1213,Part 1212.out ↔ Part 1069.in
filter,1892,1176,ORef 1120 (EV-19) ↔ Part 1069.operand
filter,1892,1177,ORef 1121 (Data.Ev_filter_on) ↔ Part 1072.in1
filter,1892,1178,ORef 1122 (28) ↔ Part 1072.in2
filter,1892,1179,Part 1072.out ↔ Part 1214.in
filter,1892,1180,ORef 1123 (Abilita_lavaggio_BF02) ↔ Part 1214.operand
filter,1892,1215,Part 1214.out ↔ Part 1076.in
filter,1892,1182,ORef 1124 (EV-59) ↔ Part 1076.operand
filter,1892,1183,ORef 1125 (Data.Ev_filter_on) ↔ Part 1079.in1
filter,1892,1184,ORef 1126 (29) ↔ Part 1079.in2
filter,1892,1185,Part 1079.out ↔ Part 1216.in
filter,1892,1186,ORef 1127 (Abilita_lavaggio_BF01) ↔ Part 1216.operand
filter,1892,1217,Part 1216.out ↔ Part 1083.in
filter,1892,1188,ORef 1128 (EV-20) ↔ Part 1083.operand
filter,1892,1189,ORef 1129 (Data.Ev_filter_on) ↔ Part 1086.in1
filter,1892,1190,ORef 1130 (30) ↔ Part 1086.in2
filter,1892,1191,Part 1086.out ↔ Part 1218.in
filter,1892,1192,ORef 1131 (Abilita_lavaggio_BF02) ↔ Part 1218.operand
filter,1892,1219,Part 1218.out ↔ Part 1090.in
filter,1892,1194,ORef 1132 (EV-60) ↔ Part 1090.operand
filter,1893,1356,Powerrail {} ↔ Part 1332.in
filter,1893,1269,ORef 1227 (ON) ↔ Part 1332.operand
filter,1893,1333,Part 1332.out ↔ Part 1334.in
filter,1893,1270,ORef 1228 (Tag_132) ↔ Part 1334.operand
filter,1893,1335,Part 1334.out ↔ Part 1159.pre ↔ Part 1166.pre ↔ Part 1173.pre ↔ Part 1180.pre ↔ Part 1187.pre ↔ Part 1194.pre ↔ Part 1201.pre ↔ Part 1208.pre ↔ Part 1215.pre ↔ Part 1222.pre
filter,1893,1271,ORef 1229 (Data.Ev_filter_on) ↔ Part 1159.in1
filter,1893,1272,ORef 1230 (31) ↔ Part 1159.in2
filter,1893,1273,Part 1159.out ↔ Part 1336.in
filter,1893,1274,ORef 1231 (Abilita_lavaggio_BF01) ↔ Part 1336.operand
filter,1893,1337,Part 1336.out ↔ Part 1163.in
filter,1893,1276,ORef 1232 (EV-21) ↔ Part 1163.operand
filter,1893,1277,ORef 1233 (Data.Ev_filter_on) ↔ Part 1166.in1
filter,1893,1278,ORef 1234 (32) ↔ Part 1166.in2
filter,1893,1279,Part 1166.out ↔ Part 1338.in
filter,1893,1280,ORef 1235 (Abilita_lavaggio_BF02) ↔ Part 1338.operand
filter,1893,1339,Part 1338.out ↔ Part 1170.in
filter,1893,1282,ORef 1236 (EV-61) ↔ Part 1170.operand
filter,1893,1283,ORef 1237 (Data.Ev_filter_on) ↔ Part 1173.in1
filter,1893,1284,ORef 1238 (33) ↔ Part 1173.in2
filter,1893,1285,Part 1173.out ↔ Part 1340.in
filter,1893,1286,ORef 1239 (Abilita_lavaggio_BF01) ↔ Part 1340.operand
filter,1893,1341,Part 1340.out ↔ Part 1177.in
filter,1893,1288,ORef 1240 (EV-22) ↔ Part 1177.operand
filter,1893,1289,ORef 1241 (Data.Ev_filter_on) ↔ Part 1180.in1
filter,1893,1290,ORef 1242 (34) ↔ Part 1180.in2
filter,1893,1291,Part 1180.out ↔ Part 1342.in
filter,1893,1292,ORef 1243 (Abilita_lavaggio_BF02) ↔ Part 1342.operand
filter,1893,1343,Part 1342.out ↔ Part 1184.in
filter,1893,1294,ORef 1244 (EV-62) ↔ Part 1184.operand
filter,1893,1295,ORef 1245 (Data.Ev_filter_on) ↔ Part 1187.in1
filter,1893,1296,ORef 1246 (35) ↔ Part 1187.in2
filter,1893,1297,Part 1187.out ↔ Part 1344.in
filter,1893,1298,ORef 1247 (Abilita_lavaggio_BF01) ↔ Part 1344.operand
filter,1893,1345,Part 1344.out ↔ Part 1191.in
filter,1893,1300,ORef 1248 (EV-23) ↔ Part 1191.operand
filter,1893,1301,ORef 1249 (Data.Ev_filter_on) ↔ Part 1194.in1
filter,1893,1302,ORef 1250 (36) ↔ Part 1194.in2
filter,1893,1303,Part 1194.out ↔ Part 1346.in
filter,1893,1304,ORef 1251 (Abilita_lavaggio_BF02) ↔ Part 1346.operand
filter,1893,1347,Part 1346.out ↔ Part 1198.in
filter,1893,1306,ORef 1252 (EV-63) ↔ Part 1198.operand
filter,1893,1307,ORef 1253 (Data.Ev_filter_on) ↔ Part 1201.in1
filter,1893,1308,ORef 1254 (37) ↔ Part 1201.in2
filter,1893,1309,Part 1201.out ↔ Part 1348.in
filter,1893,1310,ORef 1255 (Abilita_lavaggio_BF01) ↔ Part 1348.operand
filter,1893,1349,Part 1348.out ↔ Part 1205.in
filter,1893,1312,ORef 1256 (EV-24) ↔ Part 1205.operand
filter,1893,1313,ORef 1257 (Data.Ev_filter_on) ↔ Part 1208.in1
filter,1893,1314,ORef 1258 (38) ↔ Part 1208.in2
filter,1893,1315,Part 1208.out ↔ Part 1350.in
filter,1893,1316,ORef 1259 (Abilita_lavaggio_BF02) ↔ Part 1350.operand
filter,1893,1351,Part 1350.out ↔ Part 1212.in
filter,1893,1318,ORef 1260 (EV-64) ↔ Part 1212.operand
filter,1893,1319,ORef 1261 (Data.Ev_filter_on) ↔ Part 1215.in1
filter,1893,1320,ORef 1262 (39) ↔ Part 1215.in2
filter,1893,1321,Part 1215.out ↔ Part 1352.in
filter,1893,1322,ORef 1263 (Abilita_lavaggio_BF01) ↔ Part 1352.operand
filter,1893,1353,Part 1352.out ↔ Part 1219.in
filter,1893,1324,ORef 1264 (EV-25) ↔ Part 1219.operand
filter,1893,1325,ORef 1265 (Data.Ev_filter_on) ↔ Part 1222.in1
filter,1893,1326,ORef 1266 (40) ↔ Part 1222.in2
filter,1893,1327,Part 1222.out ↔ Part 1354.in
filter,1893,1328,ORef 1267 (Abilita_lavaggio_BF02) ↔ Part 1354.operand
filter,1893,1355,Part 1354.out ↔ Part 1226.in
filter,1893,1330,ORef 1268 (EV-65) ↔ Part 1226.operand
filter,1894,1492,Powerrail {} ↔ Part 1468.in
filter,1894,1405,ORef 1363 (ON) ↔ Part 1468.operand
filter,1894,1469,Part 1468.out ↔ Part 1470.in
filter,1894,1406,ORef 1364 (Tag_132) ↔ Part 1470.operand
filter,1894,1471,Part 1470.out ↔ Part 1295.pre ↔ Part 1302.pre ↔ Part 1309.pre ↔ Part 1316.pre ↔ Part 1323.pre ↔ Part 1330.pre ↔ Part 1337.pre ↔ Part 1344.pre ↔ Part 1351.pre ↔ Part 1358.pre
filter,1894,1407,ORef 1365 (Data.Ev_filter_on) ↔ Part 1295.in1
filter,1894,1408,ORef 1366 (41) ↔ Part 1295.in2
filter,1894,1409,Part 1295.out ↔ Part 1472.in
filter,1894,1410,ORef 1367 (Abilita_lavaggio_BF01) ↔ Part 1472.operand
filter,1894,1473,Part 1472.out ↔ Part 1299.in
filter,1894,1412,ORef 1368 (EV-26) ↔ Part 1299.operand
filter,1894,1413,ORef 1369 (Data.Ev_filter_on) ↔ Part 1302.in1
filter,1894,1414,ORef 1370 (42) ↔ Part 1302.in2
filter,1894,1415,Part 1302.out ↔ Part 1474.in
filter,1894,1416,ORef 1371 (Abilita_lavaggio_BF02) ↔ Part 1474.operand
filter,1894,1475,Part 1474.out ↔ Part 1306.in
filter,1894,1418,ORef 1372 (EV-66) ↔ Part 1306.operand
filter,1894,1419,ORef 1373 (Data.Ev_filter_on) ↔ Part 1309.in1
filter,1894,1420,ORef 1374 (43) ↔ Part 1309.in2
filter,1894,1421,Part 1309.out ↔ Part 1476.in
filter,1894,1422,ORef 1375 (Abilita_lavaggio_BF01) ↔ Part 1476.operand
filter,1894,1477,Part 1476.out ↔ Part 1313.in
filter,1894,1424,ORef 1376 (EV-27) ↔ Part 1313.operand
filter,1894,1425,ORef 1377 (Data.Ev_filter_on) ↔ Part 1316.in1
filter,1894,1426,ORef 1378 (44) ↔ Part 1316.in2
filter,1894,1427,Part 1316.out ↔ Part 1478.in
filter,1894,1428,ORef 1379 (Abilita_lavaggio_BF02) ↔ Part 1478.operand
filter,1894,1479,Part 1478.out ↔ Part 1320.in
filter,1894,1430,ORef 1380 (EV-67) ↔ Part 1320.operand
filter,1894,1431,ORef 1381 (Data.Ev_filter_on) ↔ Part 1323.in1
filter,1894,1432,ORef 1382 (45) ↔ Part 1323.in2
filter,1894,1433,Part 1323.out ↔ Part 1480.in
filter,1894,1434,ORef 1383 (Abilita_lavaggio_BF01) ↔ Part 1480.operand
filter,1894,1481,Part 1480.out ↔ Part 1327.in
filter,1894,1436,ORef 1384 (EV-28) ↔ Part 1327.operand
filter,1894,1437,ORef 1385 (Data.Ev_filter_on) ↔ Part 1330.in1
filter,1894,1438,ORef 1386 (46) ↔ Part 1330.in2
filter,1894,1439,Part 1330.out ↔ Part 1482.in
filter,1894,1440,ORef 1387 (Abilita_lavaggio_BF02) ↔ Part 1482.operand
filter,1894,1483,Part 1482.out ↔ Part 1334.in
filter,1894,1442,ORef 1388 (EV-68) ↔ Part 1334.operand
filter,1894,1443,ORef 1389 (Data.Ev_filter_on) ↔ Part 1337.in1
filter,1894,1444,ORef 1390 (47) ↔ Part 1337.in2
filter,1894,1445,Part 1337.out ↔ Part 1484.in
filter,1894,1446,ORef 1391 (Abilita_lavaggio_BF01) ↔ Part 1484.operand
filter,1894,1485,Part 1484.out ↔ Part 1341.in
filter,1894,1448,ORef 1392 (EV-29) ↔ Part 1341.operand
filter,1894,1449,ORef 1393 (Data.Ev_filter_on) ↔ Part 1344.in1
filter,1894,1450,ORef 1394 (48) ↔ Part 1344.in2
filter,1894,1451,Part 1344.out ↔ Part 1486.in
filter,1894,1452,ORef 1395 (Abilita_lavaggio_BF02) ↔ Part 1486.operand
filter,1894,1487,Part 1486.out ↔ Part 1348.in
filter,1894,1454,ORef 1396 (EV-69) ↔ Part 1348.operand
filter,1894,1455,ORef 1397 (Data.Ev_filter_on) ↔ Part 1351.in1
filter,1894,1456,ORef 1398 (49) ↔ Part 1351.in2
filter,1894,1457,Part 1351.out ↔ Part 1488.in
filter,1894,1458,ORef 1399 (Abilita_lavaggio_BF01) ↔ Part 1488.operand
filter,1894,1489,Part 1488.out ↔ Part 1355.in
filter,1894,1460,ORef 1400 (EV-30) ↔ Part 1355.operand
filter,1894,1461,ORef 1401 (Data.Ev_filter_on) ↔ Part 1358.in1
filter,1894,1462,ORef 1402 (50) ↔ Part 1358.in2
filter,1894,1463,Part 1358.out ↔ Part 1490.in
filter,1894,1464,ORef 1403 (Abilita_lavaggio_BF02) ↔ Part 1490.operand
filter,1894,1491,Part 1490.out ↔ Part 1362.in
filter,1894,1466,ORef 1404 (EV-70) ↔ Part 1362.operand
filter,1895,1628,Powerrail {} ↔ Part 1604.in
filter,1895,1541,ORef 1499 (ON) ↔ Part 1604.operand
filter,1895,1605,Part 1604.out ↔ Part 1606.in
filter,1895,1542,ORef 1500 (Tag_132) ↔ Part 1606.operand
filter,1895,1607,Part 1606.out ↔ Part 1431.pre ↔ Part 1438.pre ↔ Part 1445.pre ↔ Part 1452.pre ↔ Part 1459.pre ↔ Part 1466.pre ↔ Part 1473.pre ↔ Part 1480.pre ↔ Part 1487.pre ↔ Part 1494.pre
filter,1895,1543,ORef 1501 (Data.Ev_filter_on) ↔ Part 1431.in1
filter,1895,1544,ORef 1502 (51) ↔ Part 1431.in2
filter,1895,1545,Part 1431.out ↔ Part 1608.in
filter,1895,1546,ORef 1503 (Abilita_lavaggio_BF01) ↔ Part 1608.operand
filter,1895,1609,Part 1608.out ↔ Part 1435.in
filter,1895,1548,ORef 1504 (EV-31) ↔ Part 1435.operand
filter,1895,1549,ORef 1505 (Data.Ev_filter_on) ↔ Part 1438.in1
filter,1895,1550,ORef 1506 (52) ↔ Part 1438.in2
filter,1895,1551,Part 1438.out ↔ Part 1610.in
filter,1895,1552,ORef 1507 (Abilita_lavaggio_BF02) ↔ Part 1610.operand
filter,1895,1611,Part 1610.out ↔ Part 1442.in
filter,1895,1554,ORef 1508 (EV-71) ↔ Part 1442.operand
filter,1895,1555,ORef 1509 (Data.Ev_filter_on) ↔ Part 1445.in1
filter,1895,1556,ORef 1510 (53) ↔ Part 1445.in2
filter,1895,1557,Part 1445.out ↔ Part 1612.in
filter,1895,1558,ORef 1511 (Abilita_lavaggio_BF01) ↔ Part 1612.operand
filter,1895,1613,Part 1612.out ↔ Part 1449.in
filter,1895,1560,ORef 1512 (EV-32) ↔ Part 1449.operand
filter,1895,1561,ORef 1513 (Data.Ev_filter_on) ↔ Part 1452.in1
filter,1895,1562,ORef 1514 (54) ↔ Part 1452.in2
filter,1895,1563,Part 1452.out ↔ Part 1614.in
filter,1895,1564,ORef 1515 (Abilita_lavaggio_BF02) ↔ Part 1614.operand
filter,1895,1615,Part 1614.out ↔ Part 1456.in
filter,1895,1566,ORef 1516 (EV-72) ↔ Part 1456.operand
filter,1895,1567,ORef 1517 (Data.Ev_filter_on) ↔ Part 1459.in1
filter,1895,1568,ORef 1518 (55) ↔ Part 1459.in2
filter,1895,1569,Part 1459.out ↔ Part 1616.in
filter,1895,1570,ORef 1519 (Abilita_lavaggio_BF01) ↔ Part 1616.operand
filter,1895,1617,Part 1616.out ↔ Part 1463.in
filter,1895,1572,ORef 1520 (EV-33) ↔ Part 1463.operand
filter,1895,1573,ORef 1521 (Data.Ev_filter_on) ↔ Part 1466.in1
filter,1895,1574,ORef 1522 (56) ↔ Part 1466.in2
filter,1895,1575,Part 1466.out ↔ Part 1618.in
filter,1895,1576,ORef 1523 (Abilita_lavaggio_BF02) ↔ Part 1618.operand
filter,1895,1619,Part 1618.out ↔ Part 1470.in
filter,1895,1578,ORef 1524 (EV-73) ↔ Part 1470.operand
filter,1895,1579,ORef 1525 (Data.Ev_filter_on) ↔ Part 1473.in1
filter,1895,1580,ORef 1526 (57) ↔ Part 1473.in2
filter,1895,1581,Part 1473.out ↔ Part 1620.in
filter,1895,1582,ORef 1527 (Abilita_lavaggio_BF01) ↔ Part 1620.operand
filter,1895,1621,Part 1620.out ↔ Part 1477.in
filter,1895,1584,ORef 1528 (EV-34) ↔ Part 1477.operand
filter,1895,1585,ORef 1529 (Data.Ev_filter_on) ↔ Part 1480.in1
filter,1895,1586,ORef 1530 (58) ↔ Part 1480.in2
filter,1895,1587,Part 1480.out ↔ Part 1622.in
filter,1895,1588,ORef 1531 (Abilita_lavaggio_BF02) ↔ Part 1622.operand
filter,1895,1623,Part 1622.out ↔ Part 1484.in
filter,1895,1590,ORef 1532 (EV-74) ↔ Part 1484.operand
filter,1895,1591,ORef 1533 (Data.Ev_filter_on) ↔ Part 1487.in1
filter,1895,1592,ORef 1534 (59) ↔ Part 1487.in2
filter,1895,1593,Part 1487.out ↔ Part 1624.in
filter,1895,1594,ORef 1535 (Abilita_lavaggio_BF01) ↔ Part 1624.operand
filter,1895,1625,Part 1624.out ↔ Part 1491.in
filter,1895,1596,ORef 1536 (EV-35) ↔ Part 1491.operand
filter,1895,1597,ORef 1537 (Data.Ev_filter_on) ↔ Part 1494.in1
filter,1895,1598,ORef 1538 (60) ↔ Part 1494.in2
filter,1895,1599,Part 1494.out ↔ Part 1626.in
filter,1895,1600,ORef 1539 (Abilita_lavaggio_BF02) ↔ Part 1626.operand
filter,1895,1627,Part 1626.out ↔ Part 1498.in
filter,1895,1602,ORef 1540 (EV-75) ↔ Part 1498.operand
filter,1896,1764,Powerrail {} ↔ Part 1740.in
filter,1896,1677,ORef 1635 (ON) ↔ Part 1740.operand
filter,1896,1741,Part 1740.out ↔ Part 1742.in
filter,1896,1678,ORef 1636 (Tag_132) ↔ Part 1742.operand
filter,1896,1743,Part 1742.out ↔ Part 1567.pre ↔ Part 1574.pre ↔ Part 1581.pre ↔ Part 1588.pre ↔ Part 1595.pre ↔ Part 1602.pre ↔ Part 1609.pre ↔ Part 1616.pre ↔ Part 1623.pre ↔ Part 1630.pre
filter,1896,1679,ORef 1637 (Data.Ev_filter_on) ↔ Part 1567.in1
filter,1896,1680,ORef 1638 (61) ↔ Part 1567.in2
filter,1896,1681,Part 1567.out ↔ Part 1744.in
filter,1896,1682,ORef 1639 (Abilita_lavaggio_BF01) ↔ Part 1744.operand
filter,1896,1745,Part 1744.out ↔ Part 1571.in
filter,1896,1684,ORef 1640 (EV-36) ↔ Part 1571.operand
filter,1896,1685,ORef 1641 (Data.Ev_filter_on) ↔ Part 1574.in1
filter,1896,1686,ORef 1642 (62) ↔ Part 1574.in2
filter,1896,1687,Part 1574.out ↔ Part 1746.in
filter,1896,1688,ORef 1643 (Abilita_lavaggio_BF02) ↔ Part 1746.operand
filter,1896,1747,Part 1746.out ↔ Part 1578.in
filter,1896,1690,ORef 1644 (EV-76) ↔ Part 1578.operand
filter,1896,1691,ORef 1645 (Data.Ev_filter_on) ↔ Part 1581.in1
filter,1896,1692,ORef 1646 (63) ↔ Part 1581.in2
filter,1896,1693,Part 1581.out ↔ Part 1748.in
filter,1896,1694,ORef 1647 (Abilita_lavaggio_BF01) ↔ Part 1748.operand
filter,1896,1749,Part 1748.out ↔ Part 1585.in
filter,1896,1696,ORef 1648 (EV-37) ↔ Part 1585.operand
filter,1896,1697,ORef 1649 (Data.Ev_filter_on) ↔ Part 1588.in1
filter,1896,1698,ORef 1650 (64) ↔ Part 1588.in2
filter,1896,1699,Part 1588.out ↔ Part 1750.in
filter,1896,1700,ORef 1651 (Abilita_lavaggio_BF02) ↔ Part 1750.operand
filter,1896,1751,Part 1750.out ↔ Part 1592.in
filter,1896,1702,ORef 1652 (EV-77) ↔ Part 1592.operand
filter,1896,1703,ORef 1653 (Data.Ev_filter_on) ↔ Part 1595.in1
filter,1896,1704,ORef 1654 (65) ↔ Part 1595.in2
filter,1896,1705,Part 1595.out ↔ Part 1752.in
filter,1896,1706,ORef 1655 (Abilita_lavaggio_BF01) ↔ Part 1752.operand
filter,1896,1753,Part 1752.out ↔ Part 1599.in
filter,1896,1708,ORef 1656 (EV-38) ↔ Part 1599.operand
filter,1896,1709,ORef 1657 (Data.Ev_filter_on) ↔ Part 1602.in1
filter,1896,1710,ORef 1658 (66) ↔ Part 1602.in2
filter,1896,1711,Part 1602.out ↔ Part 1754.in
filter,1896,1712,ORef 1659 (Abilita_lavaggio_BF02) ↔ Part 1754.operand
filter,1896,1755,Part 1754.out ↔ Part 1606.in
filter,1896,1714,ORef 1660 (EV-78) ↔ Part 1606.operand
filter,1896,1715,ORef 1661 (Data.Ev_filter_on) ↔ Part 1609.in1
filter,1896,1716,ORef 1662 (67) ↔ Part 1609.in2
filter,1896,1717,Part 1609.out ↔ Part 1756.in
filter,1896,1718,ORef 1663 (Abilita_lavaggio_BF01) ↔ Part 1756.operand
filter,1896,1757,Part 1756.out ↔ Part 1613.in
filter,1896,1720,ORef 1664 (EV-39) ↔ Part 1613.operand
filter,1896,1721,ORef 1665 (Data.Ev_filter_on) ↔ Part 1616.in1
filter,1896,1722,ORef 1666 (68) ↔ Part 1616.in2
filter,1896,1723,Part 1616.out ↔ Part 1758.in
filter,1896,1724,ORef 1667 (Abilita_lavaggio_BF02) ↔ Part 1758.operand
filter,1896,1759,Part 1758.out ↔ Part 1620.in
filter,1896,1726,ORef 1668 (EV-79) ↔ Part 1620.operand
filter,1896,1727,ORef 1669 (Data.Ev_filter_on) ↔ Part 1623.in1
filter,1896,1728,ORef 1670 (69) ↔ Part 1623.in2
filter,1896,1729,Part 1623.out ↔ Part 1760.in
filter,1896,1730,ORef 1671 (Abilita_lavaggio_BF01) ↔ Part 1760.operand
filter,1896,1761,Part 1760.out ↔ Part 1627.in
filter,1896,1732,ORef 1672 (EV-40) ↔ Part 1627.operand
filter,1896,1733,ORef 1673 (Data.Ev_filter_on) ↔ Part 1630.in1
filter,1896,1734,ORef 1674 (70) ↔ Part 1630.in2
filter,1896,1735,Part 1630.out ↔ Part 1762.in
filter,1896,1736,ORef 1675 (Abilita_lavaggio_BF02) ↔ Part 1762.operand
filter,1896,1763,Part 1762.out ↔ Part 1634.in
filter,1896,1738,ORef 1676 (EV-80) ↔ Part 1634.operand
filter,1897,1900,Powerrail {} ↔ Part 1876.in
filter,1897,1813,ORef 1771 (ON) ↔ Part 1876.operand
filter,1897,1877,Part 1876.out ↔ Part 1878.in
filter,1897,1814,ORef 1772 (Tag_132) ↔ Part 1878.operand
filter,1897,1879,Part 1878.out ↔ Part 1703.pre ↔ Part 1710.pre ↔ Part 1717.pre ↔ Part 1724.pre ↔ Part 1731.pre ↔ Part 1738.pre ↔ Part 1745.pre ↔ Part 1752.pre ↔ Part 1759.pre ↔ Part 1766.pre
filter,1897,1815,ORef 1773 (Data.Ev_filter_on) ↔ Part 1703.in1
filter,1897,1816,ORef 1774 (71) ↔ Part 1703.in2
filter,1897,1817,Part 1703.out ↔ Part 1880.in
filter,1897,1818,ORef 1775 (Abilita_lavaggio_BF01) ↔ Part 1880.operand
filter,1897,1881,Part 1880.out ↔ Part 1707.in
filter,1897,1820,ORef 1776 (EV-41) ↔ Part 1707.operand
filter,1897,1821,ORef 1777 (Data.Ev_filter_on) ↔ Part 1710.in1
filter,1897,1822,ORef 1778 (72) ↔ Part 1710.in2
filter,1897,1823,Part 1710.out ↔ Part 1882.in
filter,1897,1824,ORef 1779 (Abilita_lavaggio_BF02) ↔ Part 1882.operand
filter,1897,1883,Part 1882.out ↔ Part 1714.in
filter,1897,1826,ORef 1780 (EV-81) ↔ Part 1714.operand
filter,1897,1827,ORef 1781 (Data.Ev_filter_on) ↔ Part 1717.in1
filter,1897,1828,ORef 1782 (73) ↔ Part 1717.in2
filter,1897,1829,Part 1717.out ↔ Part 1884.in
filter,1897,1830,ORef 1783 (Abilita_lavaggio_BF01) ↔ Part 1884.operand
filter,1897,1885,Part 1884.out ↔ Part 1721.in
filter,1897,1832,ORef 1784 (EV-42) ↔ Part 1721.operand
filter,1897,1833,ORef 1785 (Data.Ev_filter_on) ↔ Part 1724.in1
filter,1897,1834,ORef 1786 (74) ↔ Part 1724.in2
filter,1897,1835,Part 1724.out ↔ Part 1886.in
filter,1897,1836,ORef 1787 (Abilita_lavaggio_BF02) ↔ Part 1886.operand
filter,1897,1887,Part 1886.out ↔ Part 1728.in
filter,1897,1838,ORef 1788 (EV-82) ↔ Part 1728.operand
filter,1897,1839,ORef 1789 (Data.Ev_filter_on) ↔ Part 1731.in1
filter,1897,1840,ORef 1790 (75) ↔ Part 1731.in2
filter,1897,1841,Part 1731.out ↔ Part 1888.in
filter,1897,1842,ORef 1791 (Abilita_lavaggio_BF01) ↔ Part 1888.operand
filter,1897,1889,Part 1888.out ↔ Part 1735.in
filter,1897,1844,ORef 1792 (EV-43) ↔ Part 1735.operand
filter,1897,1845,ORef 1793 (Data.Ev_filter_on) ↔ Part 1738.in1
filter,1897,1846,ORef 1794 (76) ↔ Part 1738.in2
filter,1897,1847,Part 1738.out ↔ Part 1890.in
filter,1897,1848,ORef 1795 (Abilita_lavaggio_BF02) ↔ Part 1890.operand
filter,1897,1891,Part 1890.out ↔ Part 1742.in
filter,1897,1850,ORef 1796 (EV-83) ↔ Part 1742.operand
filter,1897,1851,ORef 1797 (Data.Ev_filter_on) ↔ Part 1745.in1
filter,1897,1852,ORef 1798 (77) ↔ Part 1745.in2
filter,1897,1853,Part 1745.out ↔ Part 1892.in
filter,1897,1854,ORef 1799 (Abilita_lavaggio_BF01) ↔ Part 1892.operand
filter,1897,1893,Part 1892.out ↔ Part 1749.in
filter,1897,1856,ORef 1800 (EV-44) ↔ Part 1749.operand
filter,1897,1857,ORef 1801 (Data.Ev_filter_on) ↔ Part 1752.in1
filter,1897,1858,ORef 1802 (78) ↔ Part 1752.in2
filter,1897,1859,Part 1752.out ↔ Part 1894.in
filter,1897,1860,ORef 1803 (Abilita_lavaggio_BF02) ↔ Part 1894.operand
filter,1897,1895,Part 1894.out ↔ Part 1756.in
filter,1897,1862,ORef 1804 (EV-84) ↔ Part 1756.operand
filter,1897,1863,ORef 1805 (Data.Ev_filter_on) ↔ Part 1759.in1
filter,1897,1864,ORef 1806 (79) ↔ Part 1759.in2
filter,1897,1865,Part 1759.out ↔ Part 1896.in
filter,1897,1866,ORef 1807 (Abilita_lavaggio_BF01) ↔ Part 1896.operand
filter,1897,1897,Part 1896.out ↔ Part 1763.in
filter,1897,1868,ORef 1808 (EV-45) ↔ Part 1763.operand
filter,1897,1869,ORef 1809 (Data.Ev_filter_on) ↔ Part 1766.in1
filter,1897,1870,ORef 1810 (80) ↔ Part 1766.in2
filter,1897,1871,Part 1766.out ↔ Part 1898.in
filter,1897,1872,ORef 1811 (Abilita_lavaggio_BF02) ↔ Part 1898.operand
filter,1897,1899,Part 1898.out ↔ Part 1770.in
filter,1897,1874,ORef 1812 (EV-85) ↔ Part 1770.operand
filter,1898,2036,Powerrail {} ↔ Part 2012.in
filter,1898,1949,ORef 1907 (ON) ↔ Part 2012.operand
filter,1898,2013,Part 2012.out ↔ Part 2014.in
filter,1898,1950,ORef 1908 (Tag_132) ↔ Part 2014.operand
filter,1898,2015,Part 2014.out ↔ Part 1839.pre ↔ Part 1846.pre ↔ Part 1853.pre ↔ Part 1860.pre ↔ Part 1867.pre ↔ Part 1874.pre ↔ Part 1881.pre ↔ Part 1888.pre ↔ Part 1895.pre ↔ Part 1902.pre
filter,1898,1951,ORef 1909 (Data.Ev_filter_on) ↔ Part 1839.in1
filter,1898,1952,ORef 1910 (81) ↔ Part 1839.in2
filter,1898,1953,Part 1839.out ↔ Part 2016.in
filter,1898,1954,ORef 1911 (Abilita_lavaggio_BF01) ↔ Part 2016.operand
filter,1898,2017,Part 2016.out ↔ Part 1843.in
filter,1898,1956,ORef 1912 (EV-46) ↔ Part 1843.operand
filter,1898,1957,ORef 1913 (Data.Ev_filter_on) ↔ Part 1846.in1
filter,1898,1958,ORef 1914 (82) ↔ Part 1846.in2
filter,1898,1959,Part 1846.out ↔ Part 2018.in
filter,1898,1960,ORef 1915 (Abilita_lavaggio_BF02) ↔ Part 2018.operand
filter,1898,2019,Part 2018.out ↔ Part 1850.in
filter,1898,1962,ORef 1916 (EV-86) ↔ Part 1850.operand
filter,1898,1963,ORef 1917 (Data.Ev_filter_on) ↔ Part 1853.in1
filter,1898,1964,ORef 1918 (83) ↔ Part 1853.in2
filter,1898,1965,Part 1853.out ↔ Part 2020.in
filter,1898,1966,ORef 1919 (Abilita_lavaggio_BF01) ↔ Part 2020.operand
filter,1898,2021,Part 2020.out ↔ Part 1857.in
filter,1898,1968,ORef 1920 (EV-47) ↔ Part 1857.operand
filter,1898,1969,ORef 1921 (Data.Ev_filter_on) ↔ Part 1860.in1
filter,1898,1970,ORef 1922 (84) ↔ Part 1860.in2
filter,1898,1971,Part 1860.out ↔ Part 2022.in
filter,1898,1972,ORef 1923 (Abilita_lavaggio_BF02) ↔ Part 2022.operand
filter,1898,2023,Part 2022.out ↔ Part 1864.in
filter,1898,1974,ORef 1924 (EV-87) ↔ Part 1864.operand
filter,1898,1975,ORef 1925 (Data.Ev_filter_on) ↔ Part 1867.in1
filter,1898,1976,ORef 1926 (85) ↔ Part 1867.in2
filter,1898,1977,Part 1867.out ↔ Part 2024.in
filter,1898,1978,ORef 1927 (Abilita_lavaggio_BF01) ↔ Part 2024.operand
filter,1898,2025,Part 2024.out ↔ Part 1871.in
filter,1898,1980,ORef 1928 (EV-48) ↔ Part 1871.operand
filter,1898,1981,ORef 1929 (Data.Ev_filter_on) ↔ Part 1874.in1
filter,1898,1982,ORef 1930 (86) ↔ Part 1874.in2
filter,1898,1983,Part 1874.out ↔ Part 2026.in
filter,1898,1984,ORef 1931 (Abilita_lavaggio_BF02) ↔ Part 2026.operand
filter,1898,2027,Part 2026.out ↔ Part 1878.in
filter,1898,1986,ORef 1932 (EV-88) ↔ Part 1878.operand
filter,1898,1987,ORef 1933 (Data.Ev_filter_on) ↔ Part 1881.in1
filter,1898,1988,ORef 1934 (87) ↔ Part 1881.in2
filter,1898,1989,Part 1881.out ↔ Part 2028.in
filter,1898,1990,ORef 1935 (Abilita_lavaggio_BF01) ↔ Part 2028.operand
filter,1898,2029,Part 2028.out ↔ Part 1885.in
filter,1898,1992,ORef 1936 (EV-49) ↔ Part 1885.operand
filter,1898,1993,ORef 1937 (Data.Ev_filter_on) ↔ Part 1888.in1
filter,1898,1994,ORef 1938 (88) ↔ Part 1888.in2
filter,1898,1995,Part 1888.out ↔ Part 2030.in
filter,1898,1996,ORef 1939 (Abilita_lavaggio_BF02) ↔ Part 2030.operand
filter,1898,2031,Part 2030.out ↔ Part 1892.in
filter,1898,1998,ORef 1940 (EV-89) ↔ Part 1892.operand
filter,1898,1999,ORef 1941 (Data.Ev_filter_on) ↔ Part 1895.in1
filter,1898,2000,ORef 1942 (89) ↔ Part 1895.in2
filter,1898,2001,Part 1895.out ↔ Part 2032.in
filter,1898,2002,ORef 1943 (Abilita_lavaggio_BF01) ↔ Part 2032.operand
filter,1898,2033,Part 2032.out ↔ Part 1899.in
filter,1898,2004,ORef 1944 (EV-50) ↔ Part 1899.operand
filter,1898,2005,ORef 1945 (Data.Ev_filter_on) ↔ Part 1902.in1
filter,1898,2006,ORef 1946 (90) ↔ Part 1902.in2
filter,1898,2007,Part 1902.out ↔ Part 2034.in
filter,1898,2008,ORef 1947 (Abilita_lavaggio_BF02) ↔ Part 2034.operand
filter,1898,2035,Part 2034.out ↔ Part 1906.in
filter,1898,2010,ORef 1948 (EV-90) ↔ Part 1906.operand
filter,1899,43,Powerrail {} ↔ Part 21.in
filter,1899,44,ORef 29 (ON) ↔ Part 21.operand
filter,1899,67,Part 21.out ↔ Part 22.in
filter,1899,46,ORef 30 (Tag_132) ↔ Part 22.operand
filter,1899,45,Part 22.out ↔ Part 23.in
filter,1899,48,ORef 31 (PLS 50 3) ↔ Part 23.bit
filter,1899,49,Part 23.out ↔ Part 24.en ↔ Part 25.pre ↔ Part 27.pre
filter,1899,50,ORef 32 (1) ↔ Part 24.in1
filter,1899,51,ORef 33 (Data.Ev_filter_on) ↔ Part 24.in2
filter,1899,52,Part 24.out ↔ ORef 34 (Data.Ev_filter_on)
filter,1899,53,ORef 35 (Data.Ev_filter_on) ↔ Part 25.in1
filter,1899,54,ORef 36 (Data.LAVA_START) ↔ Part 25.in2
filter,1899,55,Part 25.out ↔ Part 26.en
filter,1899,56,ORef 37 (Data.LAVA_START) ↔ Part 26.in
filter,1899,57,Part 26.out1 ↔ ORef 38 (Data.Ev_filter_on)
filter,1899,58,ORef 39 (Data.Ev_filter_on) ↔ Part 27.in1
filter,1899,59,ORef 40 (Data.LAVA_END) ↔ Part 27.in2
filter,1899,60,Part 27.out ↔ Part 28.en
filter,1899,61,ORef 41 (Data.LAVA_START) ↔ Part 28.in
filter,1899,62,Part 28.out1 ↔ ORef 42 (Data.Ev_filter_on)
filter,1900,1863,Powerrail {} ↔ Part 1861.in
filter,1900,1856,ORef 1852 (Start FN04) ↔ Part 1861.operand
filter,1900,1862,Part 1861.out ↔ Part 1847.in
filter,1900,1857,ORef 1853 (PLS 50 4) ↔ Part 1847.bit
filter,1900,1858,Part 1847.out ↔ Part 1849.en
filter,1900,1859,ORef 1854 (20) ↔ Part 1849.in
filter,1900,1860,Part 1849.out1 ↔ ORef 1855 (Data.SET_PERC_FN04)
filter,1901,2031,Powerrail {} ↔ Part 2025.in
filter,1901,1994,ORef 1972 (Flag.FN_04_AUTO) ↔ Part 2025.operand
filter,1901,2026,Part 2025.out ↔ Part 1935.en ↔ Part 2027.in ↔ Part 2029.in
filter,1901,1995,ORef 1973 (Data.PC_01) ↔ Part 1935.in1
filter,1901,1996,ORef 1974 (Coeff.SET_PC01) ↔ Part 1935.in2
filter,1901,1997,Part 1935.out ↔ ORef 1975 (App02)
filter,1901,1998,ORef 1976 (Tag_133) ↔ Part 2027.operand
filter,1901,2028,Part 2027.out ↔ Part 1945.pre ↔ Part 1957.pre
filter,1901,22,ORef 24 (App02) ↔ Part 1945.in1
filter,1901,23,ORef 25 (5) ↔ Part 1945.in2
filter,1901,21,Part 1945.out ↔ Part 1948.pre
filter,1901,2002,ORef 1979 (Data.FN_04_ASPIRATOR) ↔ Part 1948.in1
filter,1901,2003,ORef 1980 (250) ↔ Part 1948.in2
filter,1901,2004,Part 1948.out ↔ Part 1951.en
filter,1901,2006,ORef 1981 (1) ↔ Part 1951.in1
filter,1901,2007,ORef 1982 (Data.SET_PERC_FN04) ↔ Part 1951.in2
filter,1901,2008,Part 1951.out ↔ ORef 1983 (Data.SET_PERC_FN04)
filter,1901,27,ORef 29 (App02) ↔ Part 1957.in1
filter,1901,28,ORef 30 (-1) ↔ Part 1957.in2
filter,1901,26,Part 1957.out ↔ Part 1960.pre
filter,1901,2012,ORef 1986 (Data.SET_PERC_FN04) ↔ Part 1960.in1
filter,1901,2013,ORef 1987 (20) ↔ Part 1960.in2
filter,1901,2014,Part 1960.out ↔ Part 1963.en
filter,1901,2016,ORef 1988 (-1) ↔ Part 1963.in1
filter,1901,2017,ORef 1989 (Data.SET_PERC_FN04) ↔ Part 1963.in2
filter,1901,2018,Part 1963.out ↔ ORef 1990 (Data.SET_PERC_FN04)
filter,1901,2021,ORef 1992 (Tag_133) ↔ Part 2029.operand
filter,1901,2030,Part 2029.out ↔ Part 1970.in
filter,1901,2020,ORef 1991 (S5T#4S) ↔ Part 1970.value
filter,1901,2023,ORef 1993 (Tag_133) ↔ Part 1970.operand
filter,1902,2044,Powerrail {} ↔ Part 2028.in
filter,1902,2009,ORef 1997 (ON) ↔ Part 2028.operand
filter,1902,2029,Part 2028.out ↔ Part 2030.in ↔ Part 2034.in ↔ Part 2040.in
filter,1902,2010,ORef 1998 (PV-14) ↔ Part 2030.operand
filter,1902,2031,Part 2030.out ↔ Part 2032.in
filter,1902,2011,ORef 1999 (Inputs.PV-14 OPEN) ↔ Part 2032.operand
filter,1902,2033,Part 2032.out ↔ Part 1979.in1
filter,1902,2013,ORef 2000 (PV-14) ↔ Part 2034.operand
filter,1902,21,Part 2034.out ↔ Part 2036.in
filter,1902,23,ORef 24 (Inputs.PV-14 CLOSE) ↔ Part 2036.operand
filter,1902,22,Part 2036.out ↔ Part 1979.in2
filter,1902,2016,Part 1979.out ↔ Part 1986.in ↔ Part 2038.in
filter,1902,2017,ORef 2002 (S5T#20S) ↔ Part 1986.value
filter,1902,2018,ORef 2003 (Tag_134) ↔ Part 1986.operand
filter,1902,2019,ORef 2004 (Tag_134) ↔ Part 2038.operand
filter,1902,2039,Part 2038.out ↔ Part 1991.in
filter,1902,2021,ORef 2005 (Allarm.Fault_PV14) ↔ Part 1991.operand
filter,1902,2023,ORef 2006 (Flag.RESET_ALLARM) ↔ Part 2040.operand
filter,1902,2041,Part 2040.out ↔ Part 2042.in
filter,1902,2024,ORef 2007 (Allarm.Fault_PV14) ↔ Part 2042.operand
filter,1902,2043,Part 2042.out ↔ Part 1996.in
filter,1902,2026,ORef 2008 (Allarm.Fault_PV14) ↔ Part 1996.operand
filter,1903,2049,Powerrail {} ↔ Part 2035.in
filter,1903,2022,ORef 2013 (ON) ↔ Part 2035.operand
filter,1903,2036,Part 2035.out ↔ Part 2037.in ↔ Part 2041.in ↔ Part 2043.in ↔ Part 2045.in ↔ Part 2047.in ↔ Part 22.in
filter,1903,2023,ORef 2014 (Allarm.Fault_PV14) ↔ Part 2037.operand
filter,1903,25,Part 2037.out ↔ Part 2004.in
filter,1903,2026,ORef 2016 (Flag.M_PV14) ↔ Part 2004.operand
filter,1903,2027,ORef 2017 (Flag.M_PV14) ↔ Part 2041.operand
filter,1903,2042,Part 2041.out ↔ Part 2007.in1
filter,1903,2028,ORef 2018 (Open false air) ↔ Part 2043.operand
filter,1903,2044,Part 2043.out ↔ Part 2007.in2
filter,1903,2029,ORef 2019 (Allarm.MAX_TC09) ↔ Part 2045.operand
filter,1903,2046,Part 2045.out ↔ Part 2007.in3
filter,1903,2030,ORef 2020 (Allarm.MAX_MAX_TC09) ↔ Part 2047.operand
filter,1903,2048,Part 2047.out ↔ Part 2007.in4
filter,1903,21,ORef 23 (Allarm.Emergency_module_fault) ↔ Part 22.operand
filter,1903,24,Part 22.out ↔ Part 2007.in5
filter,1903,2031,Part 2007.out ↔ Part 2012.in
filter,1903,2033,ORef 2021 (PV-14) ↔ Part 2012.operand
r1 scraps gate 2,1911,208,Powerrail {} ↔ Part 186.in
r1 scraps gate 2,1911,159,ORef 140 (ON) ↔ Part 186.operand
r1 scraps gate 2,1911,187,Part 186.out ↔ Part 188.in ↔ Part 192.in ↔ Part 206.in
r1 scraps gate 2,1911,160,ORef 141 (ON) ↔ Part 188.operand
r1 scraps gate 2,1911,26,Part 188.out ↔ Part 104.in1
r1 scraps gate 2,1911,163,ORef 143 (UNDER TESTING) ↔ Part 192.operand
r1 scraps gate 2,1911,193,Part 192.out ↔ Part 104.in2
r1 scraps gate 2,1911,164,Part 104.out ↔ Part 194.in ↔ Part 200.in
r1 scraps gate 2,1911,165,ORef 144 (Flag.Enable_R1_GATE) ↔ Part 194.operand
r1 scraps gate 2,1911,195,Part 194.out ↔ Part 196.in
r1 scraps gate 2,1911,166,ORef 145 (Allarm.PV_01_GATE_A_NOT_OPEN) ↔ Part 196.operand
r1 scraps gate 2,1911,197,Part 196.out ↔ Part 198.in
r1 scraps gate 2,1911,167,ORef 146 (Allarm.PV_01_GATE_B_NOT_OPEN) ↔ Part 198.operand
r1 scraps gate 2,1911,199,Part 198.out ↔ Part 109.in1
r1 scraps gate 2,1911,169,ORef 147 (Flag.Enable_R1_GATE) ↔ Part 200.operand
r1 scraps gate 2,1911,201,Part 200.out ↔ Part 202.in
r1 scraps gate 2,1911,170,ORef 148 (Flag.PV_01_GATE_A_MEM_OPEN) ↔ Part 202.operand
r1 scraps gate 2,1911,203,Part 202.out ↔ Part 204.in
r1 scraps gate 2,1911,171,ORef 149 (Flag.PV_01_GATE_B_MEM_OPEN) ↔ Part 204.operand
r1 scraps gate 2,1911,205,Part 204.out ↔ Part 109.in2
r1 scraps gate 2,1911,173,Part 109.out ↔ Part 115.in ↔ Part 117.in
r1 scraps gate 2,1911,174,ORef 150 (R1 Gate ON) ↔ Part 115.operand
r1 scraps gate 2,1911,175,ORef 151 (Flag.R1_GATE_LOOP_ON) ↔ Part 117.operand
r1 scraps gate 2,1911,177,ORef 152 (R1 Gate ON) ↔ Part 206.operand
r1 scraps gate 2,1911,207,Part 206.out ↔ Part 125.en ↔ Part 130.in ↔ Part 133.in ↔ Part 136.in ↔ Part 139.in
r1 scraps gate 2,1911,178,ORef 153 (0) ↔ Part 125.in
r1 scraps gate 2,1911,179,Part 125.out1 ↔ ORef 154 (WorkData.R1State)
r1 scraps gate 2,1911,180,ORef 155 (Open EV A 01  PV-01) ↔ Part 130.operand
r1 scraps gate 2,1911,181,ORef 156 (Open EV B 01  PV-01) ↔ Part 133.operand
r1 scraps gate 2,1911,182,ORef 157 (Close EV A 01  PV-01) ↔ Part 136.operand
r1 scraps gate 2,1911,183,ORef 158 (Close EV B 01  PV-01) ↔ Part 139.operand
r1 scraps gate 2,1912,21,Powerrail {} ↔ Part 35.en
r1 scraps gate 2,1912,37,ORef 38 (Data.PV_01B) ↔ Part 35.KF
r1 scraps gate 2,1912,39,ORef 40 (0) ↔ Part 35.SEC
r1 scraps gate 2,1912,45,Part 35.eno ↔ Part 44.en
r1 scraps gate 2,1912,41,Part 35.KT ↔ ORef 42 (Data.SET_EVR1B_Open_time)
r1 scraps gate 2,1912,46,ORef 47 (Data.PV-01a) ↔ Part 44.KF
r1 scraps gate 2,1912,48,ORef 49 (0) ↔ Part 44.SEC
r1 scraps gate 2,1912,50,Part 44.KT ↔ ORef 51 (Data.SET_EVR1A_Open_time)
r1 scraps gate 2,1913,573,Powerrail {} ↔ Part 555.in
r1 scraps gate 2,1913,487,ORef 438 (ON) ↔ Part 555.operand
r1 scraps gate 2,1913,556,Part 555.out ↔ Part 557.in
r1 scraps gate 2,1913,488,ORef 439 (Flag.Enable_R1_GATE) ↔ Part 557.operand
r1 scraps gate 2,1913,558,Part 557.out ↔ Part 559.in
r1 scraps gate 2,1913,489,ORef 440 (R1 Gate ON) ↔ Part 559.operand
r1 scraps gate 2,1913,560,Part 559.out ↔ Part 328.pre ↔ Part 350.pre ↔ Part 368.pre ↔ Part 384.pre ↔ Part 406.pre ↔ Part 424.pre
r1 scraps gate 2,1913,490,ORef 441 (WorkData.R1State) ↔ Part 328.in1
r1 scraps gate 2,1913,491,ORef 442 (0) ↔ Part 328.in2
r1 scraps gate 2,1913,492,Part 328.out ↔ Part 334.in ↔ Part 337.in ↔ Part 340.in ↔ Part 561.in
r1 scraps gate 2,1913,493,ORef 443 (Close EV A 01  PV-01) ↔ Part 334.operand
r1 scraps gate 2,1913,494,ORef 444 (Open EV A 01  PV-01) ↔ Part 337.operand
r1 scraps gate 2,1913,495,ORef 445 (S5T#1S) ↔ Part 340.value
r1 scraps gate 2,1913,496,ORef 446 (Tag_163) ↔ Part 340.operand
r1 scraps gate 2,1913,497,ORef 447 (Tag_163) ↔ Part 561.operand
r1 scraps gate 2,1913,562,Part 561.out ↔ Part 345.en
r1 scraps gate 2,1913,499,ORef 448 (1) ↔ Part 345.in
r1 scraps gate 2,1913,500,Part 345.out1 ↔ ORef 449 (WorkData.R1State)
r1 scraps gate 2,1913,502,ORef 450 (WorkData.R1State) ↔ Part 350.in1
r1 scraps gate 2,1913,503,ORef 451 (1) ↔ Part 350.in2
r1 scraps gate 2,1913,504,Part 350.out ↔ Part 356.in ↔ Part 359.in ↔ Part 563.in
r1 scraps gate 2,1913,505,ORef 452 (Open EV B 01  PV-01) ↔ Part 356.operand
r1 scraps gate 2,1913,506,ORef 453 (Close EV B 01  PV-01) ↔ Part 359.operand
r1 scraps gate 2,1913,507,ORef 454 (Flag.PV_01_GATE_B_MEM_OPEN) ↔ Part 563.operand
r1 scraps gate 2,1913,564,Part 563.out ↔ Part 363.en
r1 scraps gate 2,1913,509,ORef 455 (2) ↔ Part 363.in
r1 scraps gate 2,1913,510,Part 363.out1 ↔ ORef 456 (WorkData.R1State)
r1 scraps gate 2,1913,512,ORef 457 (WorkData.R1State) ↔ Part 368.in1
r1 scraps gate 2,1913,513,ORef 458 (2) ↔ Part 368.in2
r1 scraps gate 2,1913,514,Part 368.out ↔ Part 374.in ↔ Part 565.in
r1 scraps gate 2,1913,515,ORef 459 (Data.SET_EVR1B_Open_time) ↔ Part 374.value
r1 scraps gate 2,1913,516,ORef 460 (Tag_164) ↔ Part 374.operand
r1 scraps gate 2,1913,517,ORef 461 (Tag_164) ↔ Part 565.operand
r1 scraps gate 2,1913,566,Part 565.out ↔ Part 379.en
r1 scraps gate 2,1913,519,ORef 462 (3) ↔ Part 379.in
r1 scraps gate 2,1913,520,Part 379.out1 ↔ ORef 463 (WorkData.R1State)
r1 scraps gate 2,1913,522,ORef 464 (WorkData.R1State) ↔ Part 384.in1
r1 scraps gate 2,1913,523,ORef 465 (3) ↔ Part 384.in2
r1 scraps gate 2,1913,524,Part 384.out ↔ Part 390.in ↔ Part 393.in ↔ Part 396.in ↔ Part 567.in
r1 scraps gate 2,1913,525,ORef 466 (Close EV B 01  PV-01) ↔ Part 390.operand
r1 scraps gate 2,1913,526,ORef 467 (Open EV B 01  PV-01) ↔ Part 393.operand
r1 scraps gate 2,1913,527,ORef 468 (S5T#1S) ↔ Part 396.value
r1 scraps gate 2,1913,528,ORef 469 (Tag_165) ↔ Part 396.operand
r1 scraps gate 2,1913,529,ORef 470 (Tag_165) ↔ Part 567.operand
r1 scraps gate 2,1913,568,Part 567.out ↔ Part 401.en
r1 scraps gate 2,1913,531,ORef 471 (4) ↔ Part 401.in
r1 scraps gate 2,1913,532,Part 401.out1 ↔ ORef 472 (WorkData.R1State)
r1 scraps gate 2,1913,534,ORef 473 (WorkData.R1State) ↔ Part 406.in1
r1 scraps gate 2,1913,535,ORef 474 (4) ↔ Part 406.in2
r1 scraps gate 2,1913,536,Part 406.out ↔ Part 412.in ↔ Part 415.in ↔ Part 569.in
r1 scraps gate 2,1913,537,ORef 475 (Open EV A 01  PV-01) ↔ Part 412.operand
r1 scraps gate 2,1913,538,ORef 476 (Close EV A 01  PV-01) ↔ Part 415.operand
r1 scraps gate 2,1913,539,ORef 477 (Flag.PV_01_GATE_A_MEM_OPEN) ↔ Part 569.operand
r1 scraps gate 2,1913,570,Part 569.out ↔ Part 419.en
r1 scraps gate 2,1913,541,ORef 478 (5) ↔ Part 419.in
r1 scraps gate 2,1913,542,Part 419.out1 ↔ ORef 479 (WorkData.R1State)
r1 scraps gate 2,1913,544,ORef 480 (WorkData.R1State) ↔ Part 424.in1
r1 scraps gate 2,1913,545,ORef 481 (5) ↔ Part 424.in2
r1 scraps gate 2,1913,546,Part 424.out ↔ Part 430.in ↔ Part 571.in
r1 scraps gate 2,1913,547,ORef 482 (Data.SET_EVR1A_Open_time) ↔ Part 430.value
r1 scraps gate 2,1913,548,ORef 483 (Tag_166) ↔ Part 430.operand
r1 scraps gate 2,1913,549,ORef 484 (Tag_166) ↔ Part 571.operand
r1 scraps gate 2,1913,572,Part 571.out ↔ Part 435.en
r1 scraps gate 2,1913,551,ORef 485 (0) ↔ Part 435.in
r1 scraps gate 2,1913,552,Part 435.out1 ↔ ORef 486 (WorkData.R1State)
r1 scraps gate 2,1914,367,Powerrail {} ↔ Part 361.in
r1 scraps gate 2,1914,353,ORef 348 (ON) ↔ Part 361.operand
r1 scraps gate 2,1914,362,Part 361.out ↔ Part 363.in ↔ Part 365.in
r1 scraps gate 2,1914,354,ORef 349 (EV01_Sel_Open) ↔ Part 363.operand
r1 scraps gate 2,1914,364,Part 363.out ↔ Part 343.in
r1 scraps gate 2,1914,356,ORef 350 (Open EV A 00 PV-01) ↔ Part 343.operand
r1 scraps gate 2,1914,357,ORef 351 (EV02_Sel_Open) ↔ Part 365.operand
r1 scraps gate 2,1914,366,Part 365.out ↔ Part 347.in
r1 scraps gate 2,1914,359,ORef 352 (Open EV B 00  PV-01) ↔ Part 347.operand
r1 scraps gate 2,1915,426,Powerrail {} ↔ Part 410.in
r1 scraps gate 2,1915,395,ORef 385 (ON) ↔ Part 410.operand
r1 scraps gate 2,1915,411,Part 410.out ↔ Part 412.in ↔ Part 414.in ↔ Part 416.in ↔ Part 418.in ↔ Part 420.in ↔ Part 422.in ↔ Part 424.in
r1 scraps gate 2,1915,396,ORef 386 (Open EV B 00  PV-01) ↔ Part 412.operand
r1 scraps gate 2,1915,413,Part 412.out ↔ Part 372.in1
r1 scraps gate 2,1915,397,ORef 387 (Open EV B 01  PV-01) ↔ Part 414.operand
r1 scraps gate 2,1915,415,Part 414.out ↔ Part 372.in2
r1 scraps gate 2,1915,398,ORef 388 (maintenance PV01) ↔ Part 416.operand
r1 scraps gate 2,1915,417,Part 416.out ↔ Part 372.in3
r1 scraps gate 2,1915,399,ORef 389 (OFF) ↔ Part 418.operand
r1 scraps gate 2,1915,419,Part 418.out ↔ Part 372.in4
r1 scraps gate 2,1915,400,Part 372.out ↔ Part 377.in
r1 scraps gate 2,1915,402,ORef 390 (PV-01 GATE B EV) ↔ Part 377.operand
r1 scraps gate 2,1915,403,ORef 391 (Open EV A 00 PV-01) ↔ Part 420.operand
r1 scraps gate 2,1915,421,Part 420.out ↔ Part 380.in1
r1 scraps gate 2,1915,404,ORef 392 (Open EV A 01  PV-01) ↔ Part 422.operand
r1 scraps gate 2,1915,423,Part 422.out ↔ Part 380.in2
r1 scraps gate 2,1915,405,ORef 393 (maintenance PV01) ↔ Part 424.operand
r1 scraps gate 2,1915,425,Part 424.out ↔ Part 380.in3
r1 scraps gate 2,1915,406,Part 380.out ↔ Part 384.in
r1 scraps gate 2,1915,408,ORef 394 (PV-01 Gate a) ↔ Part 384.operand
r1 scraps gate 2,1916,544,Powerrail {} ↔ Part 524.in
r1 scraps gate 2,1916,499,ORef 481 (ON) ↔ Part 524.operand
r1 scraps gate 2,1916,525,Part 524.out ↔ Part 526.in ↔ Part 22.in ↔ Part 29.in ↔ Part 542.in
r1 scraps gate 2,1916,500,ORef 482 (MC04_Fbk) ↔ Part 526.operand
r1 scraps gate 2,1916,527,Part 526.out ↔ Part 443.in1
r1 scraps gate 2,1916,21,ORef 23 (Inputs.MC04 run) ↔ Part 22.operand
r1 scraps gate 2,1916,24,Part 22.out ↔ Part 443.in2
r1 scraps gate 2,1916,28,ORef 30 (Allarm.Maintenance_ON) ↔ Part 29.operand
r1 scraps gate 2,1916,31,Part 29.out ↔ Part 443.in3
r1 scraps gate 2,1916,502,Part 443.out ↔ Part 530.in ↔ Part 536.in
r1 scraps gate 2,1916,503,ORef 484 (Flag.Enable_R2_GATE) ↔ Part 530.operand
r1 scraps gate 2,1916,531,Part 530.out ↔ Part 532.in
r1 scraps gate 2,1916,504,ORef 485 (Allarm.PV_02_GATE_A_NOT_OPEN) ↔ Part 532.operand
r1 scraps gate 2,1916,533,Part 532.out ↔ Part 534.in
r1 scraps gate 2,1916,505,ORef 486 (Allarm.PV_02_GATE_B_NOT_OPEN) ↔ Part 534.operand
r1 scraps gate 2,1916,535,Part 534.out ↔ Part 450.in1
r1 scraps gate 2,1916,507,ORef 487 (Flag.Enable_R2_GATE) ↔ Part 536.operand
r1 scraps gate 2,1916,537,Part 536.out ↔ Part 538.in
r1 scraps gate 2,1916,508,ORef 488 (Flag.PV_02_GATE_A_MEM_OPEN) ↔ Part 538.operand
r1 scraps gate 2,1916,539,Part 538.out ↔ Part 540.in
r1 scraps gate 2,1916,509,ORef 489 (Flag.PV_02_GATE_B_MEM_OPEN) ↔ Part 540.operand
r1 scraps gate 2,1916,541,Part 540.out ↔ Part 450.in2
r1 scraps gate 2,1916,511,Part 450.out ↔ Part 456.in ↔ Part 458.in
r1 scraps gate 2,1916,512,ORef 490 (PV-02 Gate ON) ↔ Part 456.operand
r1 scraps gate 2,1916,513,ORef 491 (Flag.R2_GATE_LOOP_ON) ↔ Part 458.operand
r1 scraps gate 2,1916,515,ORef 492 (PV-02 Gate ON) ↔ Part 542.operand
r1 scraps gate 2,1916,543,Part 542.out ↔ Part 466.en ↔ Part 471.in ↔ Part 474.in ↔ Part 477.in ↔ Part 480.in
r1 scraps gate 2,1916,516,ORef 493 (0) ↔ Part 466.in
r1 scraps gate 2,1916,517,Part 466.out1 ↔ ORef 494 (WorkData.W7)
r1 scraps gate 2,1916,518,ORef 495 (Open EV A 01  PV-02) ↔ Part 471.operand
r1 scraps gate 2,1916,519,ORef 496 (Open EV B 01  PV-02) ↔ Part 474.operand
r1 scraps gate 2,1916,520,ORef 497 (Close EV A 01  PV-02) ↔ Part 477.operand
r1 scraps gate 2,1916,521,ORef 498 (Close EV B 01  PV-02) ↔ Part 480.operand
r1 scraps gate 2,1917,21,Powerrail {} ↔ Part 23.en
r1 scraps gate 2,1917,25,ORef 26 (Data.PV_02B) ↔ Part 23.KF
r1 scraps gate 2,1917,27,ORef 28 (0) ↔ Part 23.SEC
r1 scraps gate 2,1917,33,Part 23.eno ↔ Part 32.en
r1 scraps gate 2,1917,29,Part 23.KT ↔ ORef 30 (Data.SET_PV02B_Open_time)
r1 scraps gate 2,1917,34,ORef 35 (Data.PV_02A) ↔ Part 32.KF
r1 scraps gate 2,1917,36,ORef 37 (0) ↔ Part 32.SEC
r1 scraps gate 2,1917,38,Part 32.KT ↔ ORef 39 (Data.SET_PV02A_Open_time)
r1 scraps gate 2,1918,916,Powerrail {} ↔ Part 898.in
r1 scraps gate 2,1918,830,ORef 781 (ON) ↔ Part 898.operand
r1 scraps gate 2,1918,899,Part 898.out ↔ Part 900.in
r1 scraps gate 2,1918,831,ORef 782 (Flag.Enable_R2_GATE) ↔ Part 900.operand
r1 scraps gate 2,1918,901,Part 900.out ↔ Part 902.in
r1 scraps gate 2,1918,832,ORef 783 (PV-02 Gate ON) ↔ Part 902.operand
r1 scraps gate 2,1918,903,Part 902.out ↔ Part 671.pre ↔ Part 693.pre ↔ Part 711.pre ↔ Part 727.pre ↔ Part 749.pre ↔ Part 767.pre
r1 scraps gate 2,1918,833,ORef 784 (WorkData.W7) ↔ Part 671.in1
r1 scraps gate 2,1918,834,ORef 785 (0) ↔ Part 671.in2
r1 scraps gate 2,1918,835,Part 671.out ↔ Part 677.in ↔ Part 680.in ↔ Part 683.in ↔ Part 904.in
r1 scraps gate 2,1918,836,ORef 786 (Close EV A 01  PV-02) ↔ Part 677.operand
r1 scraps gate 2,1918,837,ORef 787 (Open EV A 01  PV-02) ↔ Part 680.operand
r1 scraps gate 2,1918,838,ORef 788 (S5T#300MS) ↔ Part 683.value
r1 scraps gate 2,1918,839,ORef 789 (Tag_167) ↔ Part 683.operand
r1 scraps gate 2,1918,840,ORef 790 (Tag_167) ↔ Part 904.operand
r1 scraps gate 2,1918,905,Part 904.out ↔ Part 688.en
r1 scraps gate 2,1918,842,ORef 791 (1) ↔ Part 688.in
r1 scraps gate 2,1918,843,Part 688.out1 ↔ ORef 792 (WorkData.W7)
r1 scraps gate 2,1918,845,ORef 793 (WorkData.W7) ↔ Part 693.in1
r1 scraps gate 2,1918,846,ORef 794 (1) ↔ Part 693.in2
r1 scraps gate 2,1918,847,Part 693.out ↔ Part 699.in ↔ Part 702.in ↔ Part 906.in
r1 scraps gate 2,1918,848,ORef 795 (Open EV B 01  PV-02) ↔ Part 699.operand
r1 scraps gate 2,1918,849,ORef 796 (Close EV B 01  PV-02) ↔ Part 702.operand
r1 scraps gate 2,1918,850,ORef 797 (Flag.PV_02_GATE_B_MEM_OPEN) ↔ Part 906.operand
r1 scraps gate 2,1918,907,Part 906.out ↔ Part 706.en
r1 scraps gate 2,1918,852,ORef 798 (2) ↔ Part 706.in
r1 scraps gate 2,1918,853,Part 706.out1 ↔ ORef 799 (WorkData.W7)
r1 scraps gate 2,1918,855,ORef 800 (WorkData.W7) ↔ Part 711.in1
r1 scraps gate 2,1918,856,ORef 801 (2) ↔ Part 711.in2
r1 scraps gate 2,1918,857,Part 711.out ↔ Part 717.in ↔ Part 908.in
r1 scraps gate 2,1918,858,ORef 802 (Data.SET_PV02B_Open_time) ↔ Part 717.value
r1 scraps gate 2,1918,859,ORef 803 (Tag_168) ↔ Part 717.operand
r1 scraps gate 2,1918,860,ORef 804 (Tag_168) ↔ Part 908.operand
r1 scraps gate 2,1918,909,Part 908.out ↔ Part 722.en
r1 scraps gate 2,1918,862,ORef 805 (3) ↔ Part 722.in
r1 scraps gate 2,1918,863,Part 722.out1 ↔ ORef 806 (WorkData.W7)
r1 scraps gate 2,1918,865,ORef 807 (WorkData.W7) ↔ Part 727.in1
r1 scraps gate 2,1918,866,ORef 808 (3) ↔ Part 727.in2
r1 scraps gate 2,1918,867,Part 727.out ↔ Part 733.in ↔ Part 736.in ↔ Part 739.in ↔ Part 910.in
r1 scraps gate 2,1918,868,ORef 809 (Close EV B 01  PV-02) ↔ Part 733.operand
r1 scraps gate 2,1918,869,ORef 810 (Open EV B 01  PV-02) ↔ Part 736.operand
r1 scraps gate 2,1918,870,ORef 811 (S5T#800MS) ↔ Part 739.value
r1 scraps gate 2,1918,871,ORef 812 (Tag_169) ↔ Part 739.operand
r1 scraps gate 2,1918,872,ORef 813 (Tag_169) ↔ Part 910.operand
r1 scraps gate 2,1918,911,Part 910.out ↔ Part 744.en
r1 scraps gate 2,1918,874,ORef 814 (4) ↔ Part 744.in
r1 scraps gate 2,1918,875,Part 744.out1 ↔ ORef 815 (WorkData.W7)
r1 scraps gate 2,1918,877,ORef 816 (WorkData.W7) ↔ Part 749.in1
r1 scraps gate 2,1918,878,ORef 817 (4) ↔ Part 749.in2
r1 scraps gate 2,1918,879,Part 749.out ↔ Part 755.in ↔ Part 758.in ↔ Part 912.in
r1 scraps gate 2,1918,880,ORef 818 (Open EV A 01  PV-02) ↔ Part 755.operand
r1 scraps gate 2,1918,881,ORef 819 (Close EV A 01  PV-02) ↔ Part 758.operand
r1 scraps gate 2,1918,882,ORef 820 (Flag.PV_02_GATE_A_MEM_OPEN) ↔ Part 912.operand
r1 scraps gate 2,1918,913,Part 912.out ↔ Part 762.en
r1 scraps gate 2,1918,884,ORef 821 (5) ↔ Part 762.in
r1 scraps gate 2,1918,885,Part 762.out1 ↔ ORef 822 (WorkData.W7)
r1 scraps gate 2,1918,887,ORef 823 (WorkData.W7) ↔ Part 767.in1
r1 scraps gate 2,1918,888,ORef 824 (5) ↔ Part 767.in2
r1 scraps gate 2,1918,889,Part 767.out ↔ Part 773.in ↔ Part 914.in
r1 scraps gate 2,1918,890,ORef 825 (Data.SET_PV02A_Open_time) ↔ Part 773.value
r1 scraps gate 2,1918,891,ORef 826 (Tag_170) ↔ Part 773.operand
r1 scraps gate 2,1918,892,ORef 827 (Tag_170) ↔ Part 914.operand
r1 scraps gate 2,1918,915,Part 914.out ↔ Part 778.en
r1 scraps gate 2,1918,894,ORef 828 (0) ↔ Part 778.in
r1 scraps gate 2,1918,895,Part 778.out1 ↔ ORef 829 (WorkData.W7)
r1 scraps gate 2,1919,710,Powerrail {} ↔ Part 704.in
r1 scraps gate 2,1919,696,ORef 691 (ON) ↔ Part 704.operand
r1 scraps gate 2,1919,705,Part 704.out ↔ Part 706.in ↔ Part 708.in
r1 scraps gate 2,1919,697,ORef 692 (Selector Op Gate A PV-02) ↔ Part 706.operand
r1 scraps gate 2,1919,707,Part 706.out ↔ Part 686.in
r1 scraps gate 2,1919,699,ORef 693 (Open EV A 00 PV-02) ↔ Part 686.operand
r1 scraps gate 2,1919,700,ORef 694 (Selector Op Gate B PV-02) ↔ Part 708.operand
r1 scraps gate 2,1919,709,Part 708.out ↔ Part 690.in
r1 scraps gate 2,1919,702,ORef 695 (Open EV B 00  PV-02) ↔ Part 690.operand
r1 scraps gate 2,1920,762,Powerrail {} ↔ Part 748.in
r1 scraps gate 2,1920,734,ORef 725 (ON) ↔ Part 748.operand
r1 scraps gate 2,1920,749,Part 748.out ↔ Part 750.in ↔ Part 752.in ↔ Part 754.in ↔ Part 756.in ↔ Part 758.in ↔ Part 760.in
r1 scraps gate 2,1920,735,ORef 726 (Open EV B 00  PV-02) ↔ Part 750.operand
r1 scraps gate 2,1920,751,Part 750.out ↔ Part 713.in1
r1 scraps gate 2,1920,736,ORef 727 (Open EV B 01  PV-02) ↔ Part 752.operand
r1 scraps gate 2,1920,753,Part 752.out ↔ Part 713.in2
r1 scraps gate 2,1920,737,ORef 728 (maintenance PV02) ↔ Part 754.operand
r1 scraps gate 2,1920,755,Part 754.out ↔ Part 713.in3
r1 scraps gate 2,1920,738,Part 713.out ↔ Part 717.in
r1 scraps gate 2,1920,740,ORef 729 (PV-02 GATE B EV) ↔ Part 717.operand
r1 scraps gate 2,1920,741,ORef 730 (Open EV A 00 PV-02) ↔ Part 756.operand
r1 scraps gate 2,1920,757,Part 756.out ↔ Part 720.in1
r1 scraps gate 2,1920,742,ORef 731 (Open EV A 01  PV-02) ↔ Part 758.operand
r1 scraps gate 2,1920,759,Part 758.out ↔ Part 720.in2
r1 scraps gate 2,1920,743,ORef 732 (maintenance PV02) ↔ Part 760.operand
r1 scraps gate 2,1920,761,Part 760.out ↔ Part 720.in3
r1 scraps gate 2,1920,744,Part 720.out ↔ Part 724.in
r1 scraps gate 2,1920,746,ORef 733 (PV-02 GATE A EV) ↔ Part 724.operand
r1 scraps gate 2,1921,49,Powerrail {} ↔ Part 21.in
r1 scraps gate 2,1921,50,ORef 36 (ON) ↔ Part 21.operand
r1 scraps gate 2,1921,51,Part 21.out ↔ Part 22.in ↔ Part 27.in ↔ Part 29.in ↔ Part 34.in
r1 scraps gate 2,1921,52,ORef 37 (PV-01 Gate a) ↔ Part 22.operand
r1 scraps gate 2,1921,53,Part 22.out ↔ Part 23.in ↔ Part 24.in
r1 scraps gate 2,1921,54,ORef 38 (EV01_Open) ↔ Part 23.operand
r1 scraps gate 2,1921,55,Part 23.out ↔ Part 25.in1
r1 scraps gate 2,1921,56,ORef 39 (Inputs.FC GATE A OPEN) ↔ Part 24.operand
r1 scraps gate 2,1921,57,Part 24.out ↔ Part 25.in2
r1 scraps gate 2,1921,58,Part 25.out ↔ Part 26.in
r1 scraps gate 2,1921,59,ORef 40 (Flag.PV_01_GATE_A_MEM_OPEN) ↔ Part 26.operand
r1 scraps gate 2,1921,60,ORef 41 (PV-01 Gate a) ↔ Part 27.operand
r1 scraps gate 2,1921,61,Part 27.out ↔ Part 28.in
r1 scraps gate 2,1921,62,ORef 42 (Flag.PV_01_GATE_A_MEM_OPEN) ↔ Part 28.operand
r1 scraps gate 2,1921,63,ORef 43 (PV-01 Gate a) ↔ Part 29.operand
r1 scraps gate 2,1921,64,Part 29.out ↔ Part 30.in ↔ Part 31.in
r1 scraps gate 2,1921,65,ORef 44 (EV01_Close) ↔ Part 30.operand
r1 scraps gate 2,1921,66,Part 30.out ↔ Part 32.in1
r1 scraps gate 2,1921,67,ORef 45 (Inputs.LIMIT SWITCH LS-02GATE A CLOSEDVALVE PV-01) ↔ Part 31.operand
r1 scraps gate 2,1921,68,Part 31.out ↔ Part 32.in2
r1 scraps gate 2,1921,69,Part 32.out ↔ Part 33.in
r1 scraps gate 2,1921,70,ORef 46 (Flag.PV_01_GATE_A_MEM_CLOSE) ↔ Part 33.operand
r1 scraps gate 2,1921,71,ORef 47 (PV-01 Gate a) ↔ Part 34.operand
r1 scraps gate 2,1921,72,Part 34.out ↔ Part 35.in
r1 scraps gate 2,1921,73,ORef 48 (Flag.PV_01_GATE_A_MEM_CLOSE) ↔ Part 35.operand
r1 scraps gate 2,1922,53,Powerrail {} ↔ Part 21.in
r1 scraps gate 2,1922,54,ORef 38 (ON) ↔ Part 21.operand
r1 scraps gate 2,1922,55,Part 21.out ↔ Part 22.in ↔ Part 29.in ↔ Part 31.in ↔ Part 36.in
r1 scraps gate 2,1922,88,ORef 89 (PV-01 GATE B EV) ↔ Part 22.operand
r1 scraps gate 2,1922,57,Part 22.out ↔ Part 23.in ↔ Part 24.in ↔ Part 26.in
r1 scraps gate 2,1922,58,ORef 40 (EV02_Open) ↔ Part 23.operand
r1 scraps gate 2,1922,59,Part 23.out ↔ Part 27.in1
r1 scraps gate 2,1922,60,ORef 41 (false) ↔ Part 24.operand
r1 scraps gate 2,1922,61,Part 24.out ↔ Part 25.in
r1 scraps gate 2,1922,62,ORef 42 (EV02_Close) ↔ Part 25.operand
r1 scraps gate 2,1922,63,Part 25.out ↔ Part 27.in2
r1 scraps gate 2,1922,64,ORef 43 (Inputs.PV-01 GATE B OPEN) ↔ Part 26.operand
r1 scraps gate 2,1922,65,Part 26.out ↔ Part 27.in3
r1 scraps gate 2,1922,66,Part 27.out ↔ Part 28.in
r1 scraps gate 2,1922,67,ORef 44 (Flag.PV_01_GATE_B_MEM_OPEN) ↔ Part 28.operand
r1 scraps gate 2,1922,91,ORef 92 (PV-01 GATE B EV) ↔ Part 29.operand
r1 scraps gate 2,1922,90,Part 29.out ↔ Part 30.in
r1 scraps gate 2,1922,70,ORef 46 (Flag.PV_01_GATE_B_MEM_OPEN) ↔ Part 30.operand
r1 scraps gate 2,1922,93,ORef 94 (PV-01 GATE B EV) ↔ Part 31.operand
r1 scraps gate 2,1922,72,Part 31.out ↔ Part 32.in ↔ Part 33.in
r1 scraps gate 2,1922,73,ORef 48 (EV02_Close) ↔ Part 32.operand
r1 scraps gate 2,1922,74,Part 32.out ↔ Part 34.in1
r1 scraps gate 2,1922,75,ORef 49 (Inputs.LIMIT SWITCH LS-06GATE B CLOSEDVALVE PV-01) ↔ Part 33.operand
r1 scraps gate 2,1922,76,Part 33.out ↔ Part 34.in2
r1 scraps gate 2,1922,77,Part 34.out ↔ Part 35.in
r1 scraps gate 2,1922,78,ORef 50 (Flag.PV_01_GATE_B_MEM_CLOSE) ↔ Part 35.operand
r1 scraps gate 2,1922,96,ORef 97 (PV-01 GATE B EV) ↔ Part 36.operand
r1 scraps gate 2,1922,95,Part 36.out ↔ Part 37.in
r1 scraps gate 2,1922,81,ORef 52 (Flag.PV_01_GATE_B_MEM_CLOSE) ↔ Part 37.operand
r1 scraps gate 2,1923,49,Powerrail {} ↔ Part 21.in
r1 scraps gate 2,1923,50,ORef 36 (ON) ↔ Part 21.operand
r1 scraps gate 2,1923,51,Part 21.out ↔ Part 22.in ↔ Part 27.in ↔ Part 29.in ↔ Part 34.in
r1 scraps gate 2,1923,52,ORef 37 (PV-02 GATE A EV) ↔ Part 22.operand
r1 scraps gate 2,1923,53,Part 22.out ↔ Part 23.in ↔ Part 24.in
r1 scraps gate 2,1923,54,ORef 38 (EV04_Open) ↔ Part 23.operand
r1 scraps gate 2,1923,55,Part 23.out ↔ Part 25.in1
r1 scraps gate 2,1923,56,ORef 39 (Inputs.PV-02 EV A OPEN) ↔ Part 24.operand
r1 scraps gate 2,1923,57,Part 24.out ↔ Part 25.in2
r1 scraps gate 2,1923,58,Part 25.out ↔ Part 26.in
r1 scraps gate 2,1923,59,ORef 40 (Flag.PV_02_GATE_A_MEM_OPEN) ↔ Part 26.operand
r1 scraps gate 2,1923,60,ORef 41 (PV-02 GATE A EV) ↔ Part 27.operand
r1 scraps gate 2,1923,61,Part 27.out ↔ Part 28.in
r1 scraps gate 2,1923,62,ORef 42 (Flag.PV_02_GATE_A_MEM_OPEN) ↔ Part 28.operand
r1 scraps gate 2,1923,63,ORef 43 (PV-02 GATE A EV) ↔ Part 29.operand
r1 scraps gate 2,1923,64,Part 29.out ↔ Part 30.in ↔ Part 31.in
r1 scraps gate 2,1923,65,ORef 44 (EV04_Close) ↔ Part 30.operand
r1 scraps gate 2,1923,66,Part 30.out ↔ Part 32.in1
r1 scraps gate 2,1923,67,ORef 45 (Inputs.PV-02 EV A CLOSE) ↔ Part 31.operand
r1 scraps gate 2,1923,68,Part 31.out ↔ Part 32.in2
r1 scraps gate 2,1923,69,Part 32.out ↔ Part 33.in
r1 scraps gate 2,1923,70,ORef 46 (Flag.PV_02_GATE_A_MEM_CLOSE) ↔ Part 33.operand
r1 scraps gate 2,1923,71,ORef 47 (PV-02 GATE A EV) ↔ Part 34.operand
r1 scraps gate 2,1923,72,Part 34.out ↔ Part 35.in
r1 scraps gate 2,1923,73,ORef 48 (Flag.PV_02_GATE_A_MEM_CLOSE) ↔ Part 35.operand
r1 scraps gate 2,1924,49,Powerrail {} ↔ Part 21.in
r1 scraps gate 2,1924,50,ORef 36 (ON) ↔ Part 21.operand
r1 scraps gate 2,1924,51,Part 21.out ↔ Part 22.in ↔ Part 27.in ↔ Part 29.in ↔ Part 34.in
r1 scraps gate 2,1924,82,ORef 83 (PV-02 GATE B EV) ↔ Part 22.operand
r1 scraps gate 2,1924,53,Part 22.out ↔ Part 23.in ↔ Part 24.in
r1 scraps gate 2,1924,54,ORef 38 (EV05_Open) ↔ Part 23.operand
r1 scraps gate 2,1924,55,Part 23.out ↔ Part 25.in1
r1 scraps gate 2,1924,56,ORef 39 (Inputs.PV-02 GATE B OPEN) ↔ Part 24.operand
r1 scraps gate 2,1924,57,Part 24.out ↔ Part 25.in2
r1 scraps gate 2,1924,58,Part 25.out ↔ Part 26.in
r1 scraps gate 2,1924,59,ORef 40 (Flag.PV_02_GATE_B_MEM_OPEN) ↔ Part 26.operand
r1 scraps gate 2,1924,85,ORef 86 (PV-02 GATE B EV) ↔ Part 27.operand
r1 scraps gate 2,1924,84,Part 27.out ↔ Part 28.in
r1 scraps gate 2,1924,62,ORef 42 (Flag.PV_02_GATE_B_MEM_OPEN) ↔ Part 28.operand
r1 scraps gate 2,1924,87,ORef 88 (PV-02 GATE B EV) ↔ Part 29.operand
r1 scraps gate 2,1924,64,Part 29.out ↔ Part 30.in ↔ Part 31.in
r1 scraps gate 2,1924,65,ORef 44 (EV05_Close) ↔ Part 30.operand
r1 scraps gate 2,1924,66,Part 30.out ↔ Part 32.in1
r1 scraps gate 2,1924,67,ORef 45 (Inputs.PV-02 GATE B CLOSE) ↔ Part 31.operand
r1 scraps gate 2,1924,68,Part 31.out ↔ Part 32.in2
r1 scraps gate 2,1924,69,Part 32.out ↔ Part 33.in
r1 scraps gate 2,1924,70,ORef 46 (Flag.PV_02_GATE_B_MEM_CLOSE) ↔ Part 33.operand
r1 scraps gate 2,1924,90,ORef 91 (PV-02 GATE B EV) ↔ Part 34.operand
r1 scraps gate 2,1924,89,Part 34.out ↔ Part 35.in
r1 scraps gate 2,1924,73,ORef 48 (Flag.PV_02_GATE_B_MEM_CLOSE) ↔ Part 35.operand
r1 scraps gate 2,1925,43,Powerrail {} ↔ Part 21.in
r1 scraps gate 2,1925,44,ORef 32 (ON) ↔ Part 21.operand
r1 scraps gate 2,1925,45,Part 21.out ↔ Part 22.in ↔ Part 25.in ↔ Part 27.in ↔ Part 30.in
r1 scraps gate 2,1925,46,ORef 33 (PV-03 GATE EV) ↔ Part 22.operand
r1 scraps gate 2,1925,75,Part 22.out ↔ Part 23.in ↔ Part 77.in ↔ Part 80.in
r1 scraps gate 2,1925,48,ORef 34 (Deviator Open PV-03) ↔ Part 23.operand
r1 scraps gate 2,1925,85,Part 23.out ↔ Part 82.in1
r1 scraps gate 2,1925,76,ORef 78 (Inputs.Deviator Open PV-03) ↔ Part 77.operand
r1 scraps gate 2,1925,83,Part 77.out ↔ Part 82.in2
r1 scraps gate 2,1925,79,ORef 81 (Flag.M_PV03) ↔ Part 80.operand
r1 scraps gate 2,1925,84,Part 80.out ↔ Part 82.in3
r1 scraps gate 2,1925,86,Part 82.out ↔ Part 24.in
r1 scraps gate 2,1925,50,ORef 35 (Flag.PV_03_GATE_MEM_OPEN) ↔ Part 24.operand
r1 scraps gate 2,1925,51,ORef 36 (PV-03 GATE EV) ↔ Part 25.operand
r1 scraps gate 2,1925,52,Part 25.out ↔ Part 26.in
r1 scraps gate 2,1925,53,ORef 37 (Flag.PV_03_GATE_MEM_OPEN) ↔ Part 26.operand
r1 scraps gate 2,1925,54,ORef 38 (PV-03 GATE EV) ↔ Part 27.operand
r1 scraps gate 2,1925,55,Part 27.out ↔ Part 28.in ↔ Part 63.in ↔ Part 69.in
r1 scraps gate 2,1925,56,ORef 39 (Deviator Close PV-03) ↔ Part 28.operand
r1 scraps gate 2,1925,57,Part 28.out ↔ Part 65.in1
r1 scraps gate 2,1925,62,ORef 64 (Inputs.Deviator Close PV-03) ↔ Part 63.operand
r1 scraps gate 2,1925,66,Part 63.out ↔ Part 65.in2
r1 scraps gate 2,1925,73,ORef 74 (Flag.M_PV03) ↔ Part 69.operand
r1 scraps gate 2,1925,72,Part 69.out ↔ Part 65.in3
r1 scraps gate 2,1925,67,Part 65.out ↔ Part 29.in
r1 scraps gate 2,1925,58,ORef 40 (Flag.PV_03_GATE_MEM_CLOSE) ↔ Part 29.operand
r1 scraps gate 2,1925,59,ORef 41 (PV-03 GATE EV) ↔ Part 30.operand
r1 scraps gate 2,1925,60,Part 30.out ↔ Part 31.in
r1 scraps gate 2,1925,61,ORef 42 (Flag.PV_03_GATE_MEM_CLOSE) ↔ Part 31.operand
motors 1,1930,51,Powerrail {} ↔ Part 47.in
motors 1,1930,42,ORef 38 (ON) ↔ Part 47.operand
motors 1,1930,48,Part 47.out ↔ Part 49.in
motors 1,1930,43,ORef 39 (Flag.Maintenance_ON) ↔ Part 49.operand
motors 1,1930,50,Part 49.out ↔ Part 34.in ↔ Part 36.in
motors 1,1930,44,ORef 40 (UNDER TESTING) ↔ Part 34.operand
motors 1,1930,45,ORef 41 (Allarm.Maintenance_ON) ↔ Part 36.operand
motors 1,1931,111,Powerrail {} ↔ Part 91.in
motors 1,1931,78,ORef 67 (ON) ↔ Part 91.operand
motors 1,1931,92,Part 91.out ↔ Part 95.in ↔ Part 97.in ↔ Part 99.in ↔ Part 101.in ↔ Part 103.in ↔ Part 105.in ↔ Part 107.in ↔ Part 22.in
motors 1,1931,80,ORef 69 (Allarm.LOW_TC03_TEMP) ↔ Part 95.operand
motors 1,1931,96,Part 95.out ↔ Part 56.in1
motors 1,1931,81,ORef 70 (Allarm.Oxigen_Fault) ↔ Part 97.operand
motors 1,1931,98,Part 97.out ↔ Part 56.in2
motors 1,1931,82,ORef 71 (Allarm.Oxigen_Too_high) ↔ Part 99.operand
motors 1,1931,100,Part 99.out ↔ Part 56.in3
motors 1,1931,83,ORef 72 (Flag.STANDBY_ON) ↔ Part 101.operand
motors 1,1931,102,Part 101.out ↔ Part 56.in4
motors 1,1931,84,ORef 73 (Allarm.MAX_MAX_TC09) ↔ Part 103.operand
motors 1,1931,104,Part 103.out ↔ Part 56.in5
motors 1,1931,85,ORef 74 (Allarm.HYDROGEN_BOX_FAULT) ↔ Part 105.operand
motors 1,1931,106,Part 105.out ↔ Part 56.in6
motors 1,1931,86,ORef 75 (R1 Gate ON) ↔ Part 107.operand
motors 1,1931,108,Part 107.out ↔ Part 56.in7
motors 1,1931,21,ORef 23 (RD01_Fbk) ↔ Part 22.operand
motors 1,1931,24,Part 22.out ↔ Part 56.in8
motors 1,1931,88,Part 56.out ↔ Part 66.in
motors 1,1931,90,ORef 77 (Disable_Load_RD01) ↔ Part 66.operand
motors 1,1932,161,Powerrail {} ↔ Part 145.in
motors 1,1932,126,ORef 114 (ON) ↔ Part 145.operand
motors 1,1932,146,Part 145.out ↔ Part 147.in ↔ Part 149.in ↔ Part 100.pre ↔ Part 22.in ↔ Part 26.in ↔ Part 155.in ↔ Part 159.in
motors 1,1932,127,ORef 115 (Allarm.BWF01_FAULT) ↔ Part 147.operand
motors 1,1932,148,Part 147.out ↔ Part 97.in1
motors 1,1932,128,ORef 116 (Allarm.BWF01_Fault_Control) ↔ Part 149.operand
motors 1,1932,150,Part 149.out ↔ Part 97.in2
motors 1,1932,129,ORef 117 (Data.SET_PERC_BWF01) ↔ Part 100.in1
motors 1,1932,130,ORef 118 (0) ↔ Part 100.in2
motors 1,1932,131,Part 100.out ↔ Part 97.in3
motors 1,1932,21,ORef 23 (Inputs.BWF01 OK) ↔ Part 22.operand
motors 1,1932,30,Part 22.out ↔ Part 97.in4
motors 1,1932,25,ORef 27 (Inputs.BC01 run) ↔ Part 26.operand
motors 1,1932,28,Part 26.out ↔ Part 97.in5
motors 1,1932,134,ORef 121 (Disable_Load_RD01) ↔ Part 155.operand
motors 1,1932,156,Part 155.out ↔ Part 97.in6
motors 1,1932,138,Part 97.out ↔ Part 109.in
motors 1,1932,140,ORef 123 (Flag.M_BWF01) ↔ Part 109.operand
motors 1,1932,141,ORef 124 (Flag.M_BWF01) ↔ Part 159.operand
motors 1,1932,160,Part 159.out ↔ Part 113.in
motors 1,1932,143,ORef 125 (Consent Start BWF01) ↔ Part 113.operand
motors 1,1933,199,Powerrail {} ↔ Part 183.in
motors 1,1933,164,ORef 152 (ON) ↔ Part 183.operand
motors 1,1933,184,Part 183.out ↔ Part 185.in ↔ Part 187.in ↔ Part 138.pre ↔ Part 22.in ↔ Part 26.in ↔ Part 193.in ↔ Part 197.in
motors 1,1933,165,ORef 153 (Allarm.BWF02_FAULT) ↔ Part 185.operand
motors 1,1933,186,Part 185.out ↔ Part 135.in1
motors 1,1933,166,ORef 154 (Allarm.BWF02_Fault_Control) ↔ Part 187.operand
motors 1,1933,188,Part 187.out ↔ Part 135.in2
motors 1,1933,167,ORef 155 (Data.SET_PERC_BWF02) ↔ Part 138.in1
motors 1,1933,168,ORef 156 (0) ↔ Part 138.in2
motors 1,1933,169,Part 138.out ↔ Part 135.in3
motors 1,1933,21,ORef 23 (Inputs.BWF02 OK) ↔ Part 22.operand
motors 1,1933,30,Part 22.out ↔ Part 135.in4
motors 1,1933,25,ORef 27 (Inputs.BC01 run) ↔ Part 26.operand
motors 1,1933,28,Part 26.out ↔ Part 135.in5
motors 1,1933,172,ORef 159 (Disable_Load_RD01) ↔ Part 193.operand
motors 1,1933,194,Part 193.out ↔ Part 135.in6
motors 1,1933,176,Part 135.out ↔ Part 147.in
motors 1,1933,178,ORef 161 (Flag.M_BWF02) ↔ Part 147.operand
motors 1,1933,179,ORef 162 (Flag.M_BWF02) ↔ Part 197.operand
motors 1,1933,198,Part 197.out ↔ Part 151.in
motors 1,1933,181,ORef 163 (Consent Start BWF02) ↔ Part 151.operand
motors 1,1934,201,Powerrail {} ↔ Part 193.in ↔ Part 206.in
motors 1,1934,182,ORef 174 (OFF) ↔ Part 193.operand
motors 1,1934,194,Part 193.out ↔ Part 195.in ↔ Part 197.in
motors 1,1934,183,ORef 175 (Flag.M_BWF01) ↔ Part 195.operand
motors 1,1934,196,Part 195.out ↔ Part 158.in1
motors 1,1934,184,ORef 176 (Flag.M_BWF02) ↔ Part 197.operand
motors 1,1934,198,Part 197.out ↔ Part 158.in2
motors 1,1934,185,Part 158.out ↔ Part 164.in ↔ Part 199.in
motors 1,1934,186,ORef 177 (S5T#6M) ↔ Part 164.value
motors 1,1934,187,ORef 178 (Tag_114) ↔ Part 164.operand
motors 1,1934,188,ORef 179 (Tag_114) ↔ Part 199.operand
motors 1,1934,200,Part 199.out ↔ Part 170.in ↔ Part 172.in
motors 1,1934,189,ORef 180 (Flag.M_BWF01) ↔ Part 170.operand
motors 1,1934,190,ORef 181 (Flag.M_BWF02) ↔ Part 172.operand
motors 1,1934,209,ORef 207 (ON) ↔ Part 206.operand
motors 1,1934,221,Part 206.out ↔ Part 27.in ↔ Part 232.in
motors 1,1934,26,ORef 28 (Flag.M_BWF01) ↔ Part 27.operand
motors 1,1934,37,Part 27.out ↔ Part 36.in1
motors 1,1934,235,ORef 233 (Flag.M_BWF02) ↔ Part 232.operand
motors 1,1934,38,Part 232.out ↔ Part 36.in2
motors 1,1934,30,Part 36.out ↔ Part 202.in ↔ Part 224.in
motors 1,1934,205,ORef 203 (Inputs.RD01 run) ↔ Part 202.operand
motors 1,1934,32,Part 202.out ↔ Part 31.in1
motors 1,1934,227,ORef 225 (Inputs.BC01 run) ↔ Part 224.operand
motors 1,1934,33,Part 224.out ↔ Part 31.in2
motors 1,1934,35,Part 31.out ↔ Part 228.in
motors 1,1934,231,ORef 229 (Flag.M_BWF02) ↔ Part 228.operand
motors 1,1934,34,Part 228.out ↔ Part 210.in
motors 1,1934,215,ORef 212 (Flag.M_BWF01) ↔ Part 210.operand
motors 1,1935,241,Powerrail {} ↔ Part 227.in
motors 1,1935,212,ORef 203 (ON) ↔ Part 227.operand
motors 1,1935,228,Part 227.out ↔ Part 229.in ↔ Part 22.in ↔ Part 233.in ↔ Part 239.in
motors 1,1935,213,ORef 204 (Allarm.BC_01_FAULT) ↔ Part 229.operand
motors 1,1935,230,Part 229.out ↔ Part 190.in1
motors 1,1935,21,ORef 23 (Allarm.BC01_INV) ↔ Part 22.operand
motors 1,1935,24,Part 22.out ↔ Part 190.in2
motors 1,1935,215,ORef 206 (Allarm.BC_01_FC) ↔ Part 233.operand
motors 1,1935,38,Part 233.out ↔ Part 237.in
motors 1,1935,218,ORef 208 (UNDER TESTING) ↔ Part 237.operand
motors 1,1935,238,Part 237.out ↔ Part 190.in3
motors 1,1935,220,Part 190.out ↔ Part 198.in
motors 1,1935,222,ORef 209 (Flag.M_BC_01) ↔ Part 198.operand
motors 1,1935,223,ORef 210 (Flag.M_BC_01) ↔ Part 239.operand
motors 1,1935,39,Part 239.out ↔ Part 242.in ↔ Part 41.in ↔ Part 26.in
motors 1,1935,36,ORef 37 (Flag.R1_GATE_LOOP_ON) ↔ Part 242.operand
motors 1,1935,32,Part 242.out ↔ Part 43.in1
motors 1,1935,40,ORef 42 (MemoCMD_BC01_Startup) ↔ Part 41.operand
motors 1,1935,44,Part 41.out ↔ Part 43.in2
motors 1,1935,25,ORef 27 (Flag.Maintenance_ON) ↔ Part 26.operand
motors 1,1935,28,Part 26.out ↔ Part 43.in3
motors 1,1935,45,Part 43.out ↔ Part 202.in
motors 1,1935,225,ORef 211 (Start BC01) ↔ Part 202.operand
motors 1,1936,284,Powerrail {} ↔ Part 270.in
motors 1,1936,252,ORef 241 (ON) ↔ Part 270.operand
motors 1,1936,271,Part 270.out ↔ Part 272.in ↔ Part 22.in ↔ Part 227.pre ↔ Part 26.in ↔ Part 278.in ↔ Part 282.in
motors 1,1936,253,ORef 242 (Allarm.RD_01_FAULT) ↔ Part 272.operand
motors 1,1936,24,Part 272.out ↔ Part 28.in1
motors 1,1936,21,ORef 23 (Allarm.RD01_INV) ↔ Part 22.operand
motors 1,1936,29,Part 22.out ↔ Part 28.in2
motors 1,1936,254,ORef 243 (Data.SET_PERC_FR01) ↔ Part 227.in1
motors 1,1936,255,ORef 244 (0) ↔ Part 227.in2
motors 1,1936,31,Part 227.out ↔ Part 28.in3
motors 1,1936,25,ORef 27 (Inputs.fan RD01 run) ↔ Part 26.operand
motors 1,1936,32,Part 26.out ↔ Part 28.in4
motors 1,1936,260,ORef 247 (Flag.R2_GATE_LOOP_ON) ↔ Part 278.operand
motors 1,1936,279,Part 278.out ↔ Part 280.in
motors 1,1936,261,ORef 248 (Flag.STANDBY_ON) ↔ Part 280.operand
motors 1,1936,33,Part 280.out ↔ Part 35.in
motors 1,1936,34,ORef 36 (UNDER TESTING) ↔ Part 35.operand
motors 1,1936,37,Part 35.out ↔ Part 28.in5
motors 1,1936,30,Part 28.out ↔ Part 236.in
motors 1,1936,265,ORef 249 (Flag.M_RD_01) ↔ Part 236.operand
motors 1,1936,266,ORef 250 (Flag.M_RD_01) ↔ Part 282.operand
motors 1,1936,283,Part 282.out ↔ Part 240.in
motors 1,1936,268,ORef 251 (Start RD01) ↔ Part 240.operand
motors 1,1937,21,Powerrail {} ↔ Part 36.en
motors 1,1937,37,ORef 38 (Data.EV_03_W) ↔ Part 36.KF
motors 1,1937,39,ORef 40 (0) ↔ Part 36.SEC
motors 1,1937,41,Part 36.eno ↔ Part 45.en
motors 1,1937,42,Part 36.KT ↔ ORef 43 (Data.EVFR01_Work_time)
motors 1,1937,46,ORef 47 (Data.EV_03P) ↔ Part 45.KF
motors 1,1937,48,ORef 49 (0) ↔ Part 45.SEC
motors 1,1937,51,Part 45.KT ↔ ORef 52 (Data.EVFR01_Wait_time)
motors 1,1938,307,Powerrail {} ↔ Part 295.in
motors 1,1938,280,ORef 269 (ON) ↔ Part 295.operand
motors 1,1938,296,Part 295.out ↔ Part 297.in
motors 1,1938,281,ORef 270 (Start RD01) ↔ Part 297.operand
motors 1,1938,298,Part 297.out ↔ Part 299.in ↔ Part 301.in ↔ Part 303.in
motors 1,1938,283,ORef 272 (Tag_115) ↔ Part 299.operand
motors 1,1938,300,Part 299.out ↔ Part 257.in
motors 1,1938,282,ORef 271 (Data.EVFR01_Work_time) ↔ Part 257.value
motors 1,1938,285,ORef 273 (Tag_116) ↔ Part 257.operand
motors 1,1938,287,ORef 275 (Tag_116) ↔ Part 301.operand
motors 1,1938,302,Part 301.out ↔ Part 262.in
motors 1,1938,286,ORef 274 (Data.EVFR01_Wait_time) ↔ Part 262.value
motors 1,1938,289,ORef 276 (Tag_115) ↔ Part 262.operand
motors 1,1938,290,ORef 277 (Tag_116) ↔ Part 303.operand
motors 1,1938,304,Part 303.out ↔ Part 305.in
motors 1,1938,291,ORef 278 (ON) ↔ Part 305.operand
motors 1,1938,306,Part 305.out ↔ Part 268.in
motors 1,1938,293,ORef 279 (EV03) ↔ Part 268.operand
motors 1,1939,317,Powerrail {} ↔ Part 307.in
motors 1,1939,295,ORef 288 (ON) ↔ Part 307.operand
motors 1,1939,308,Part 307.out ↔ Part 309.in ↔ Part 311.in ↔ Part 315.in
motors 1,1939,296,ORef 289 (Allarm.RD_01_FAN_FAULT) ↔ Part 309.operand
motors 1,1939,310,Part 309.out ↔ Part 278.in1
motors 1,1939,297,ORef 290 (Flag.R2_GATE_LOOP_ON) ↔ Part 311.operand
motors 1,1939,312,Part 311.out ↔ Part 313.in
motors 1,1939,298,ORef 291 (Flag.STANDBY_ON) ↔ Part 313.operand
motors 1,1939,21,Part 313.out ↔ Part 318.in
motors 1,1939,321,ORef 319 (UNDER TESTING) ↔ Part 318.operand
motors 1,1939,22,Part 318.out ↔ Part 278.in2
motors 1,1939,300,Part 278.out ↔ Part 283.in
motors 1,1939,302,ORef 292 (Flag.M_RD_01_FAN) ↔ Part 283.operand
motors 1,1939,303,ORef 293 (Flag.M_RD_01_FAN) ↔ Part 315.operand
motors 1,1939,316,Part 315.out ↔ Part 287.in
motors 1,1939,305,ORef 294 (Start fan RD01) ↔ Part 287.operand
motors 1,1940,357,Powerrail {} ↔ Part 343.in
motors 1,1940,328,ORef 319 (ON) ↔ Part 343.operand
motors 1,1940,344,Part 343.out ↔ Part 345.in ↔ Part 347.in ↔ Part 351.in ↔ Part 355.in
motors 1,1940,329,ORef 320 (Allarm.MC_03_FAULT) ↔ Part 345.operand
motors 1,1940,346,Part 345.out ↔ Part 306.in1
motors 1,1940,330,ORef 321 (Inputs.MC04 run) ↔ Part 347.operand
motors 1,1940,348,Part 347.out ↔ Part 349.in
motors 1,1940,331,ORef 322 (Flag.STANDBY_ON) ↔ Part 349.operand
motors 1,1940,350,Part 349.out ↔ Part 306.in2
motors 1,1940,333,ORef 323 (Allarm.MC_03_TORQUE) ↔ Part 351.operand
motors 1,1940,352,Part 351.out ↔ Part 353.in
motors 1,1940,334,ORef 324 (UNDER TESTING) ↔ Part 353.operand
motors 1,1940,354,Part 353.out ↔ Part 306.in3
motors 1,1940,336,Part 306.out ↔ Part 314.in
motors 1,1940,338,ORef 325 (Flag.M_MC_03) ↔ Part 314.operand
motors 1,1940,339,ORef 326 (Flag.M_MC_03) ↔ Part 355.operand
motors 1,1940,356,Part 355.out ↔ Part 318.in
motors 1,1940,341,ORef 327 (Start Spare Motor) ↔ Part 318.operand
motors 1,1941,379,Powerrail {} ↔ Part 367.in
motors 1,1941,353,ORef 345 (ON) ↔ Part 367.operand
motors 1,1941,368,Part 367.out ↔ Part 369.in ↔ Part 22.in ↔ Part 26.in ↔ Part 377.in
motors 1,1941,354,ORef 346 (Allarm.MC_04_FAULT) ↔ Part 369.operand
motors 1,1941,370,Part 369.out ↔ Part 333.in1
motors 1,1941,21,ORef 23 (Allarm.MC04_INV) ↔ Part 22.operand
motors 1,1941,24,Part 22.out ↔ Part 333.in2
motors 1,1941,25,ORef 27 (Inputs.VS01 run) ↔ Part 26.operand
motors 1,1941,28,Part 26.out ↔ Part 380.in
motors 1,1941,383,ORef 381 (Allarm.Maintenance_ON) ↔ Part 380.operand
motors 1,1941,29,Part 380.out ↔ Part 333.in3
motors 1,1941,360,Part 333.out ↔ Part 340.in
motors 1,1941,362,ORef 350 (Flag.M_MC_04) ↔ Part 340.operand
motors 1,1941,363,ORef 351 (Flag.M_MC_04) ↔ Part 377.operand
motors 1,1941,378,Part 377.out ↔ Part 344.in
motors 1,1941,365,ORef 352 (Start MC04) ↔ Part 344.operand
motors 1,1943,401,Powerrail {} ↔ Part 395.in
motors 1,1943,387,ORef 382 (ON) ↔ Part 395.operand
motors 1,1943,396,Part 395.out ↔ Part 397.in ↔ Part 22.in ↔ Part 399.in
motors 1,1943,388,ORef 383 (Allarm.VS_01_FAULT) ↔ Part 397.operand
motors 1,1943,398,Part 397.out ↔ Part 24.in1
motors 1,1943,21,ORef 23 (Allarm.VS01_INV) ↔ Part 22.operand
motors 1,1943,25,Part 22.out ↔ Part 24.in2
motors 1,1943,26,Part 24.out ↔ Part 377.in
motors 1,1943,390,ORef 384 (Flag.M_VS_01) ↔ Part 377.operand
motors 1,1943,391,ORef 385 (Flag.M_VS_01) ↔ Part 399.operand
motors 1,1943,400,Part 399.out ↔ Part 381.in
motors 1,1943,393,ORef 386 (Start VS01) ↔ Part 381.operand
motors 1,1944,497,Powerrail {} ↔ Part 479.in
motors 1,1944,459,ORef 445 (OFF) ↔ Part 479.operand
motors 1,1944,480,Part 479.out ↔ Part 481.in ↔ Part 487.in ↔ Part 489.in ↔ Part 22.in ↔ Part 491.in
motors 1,1944,460,ORef 446 (Flag.M_VS_01) ↔ Part 481.operand
motors 1,1944,482,Part 481.out ↔ Part 483.in
motors 1,1944,461,ORef 447 (Inputs.VS01 run) ↔ Part 483.operand
motors 1,1944,484,Part 483.out ↔ Part 485.in
motors 1,1944,462,ORef 448 (Allarm.VS_01_FAULT) ↔ Part 485.operand
motors 1,1944,486,Part 485.out ↔ Part 425.in
motors 1,1944,464,ORef 449 (Start VS01 BRAKE) ↔ Part 425.operand
motors 1,1944,465,ORef 450 (Flag.M_VS_01) ↔ Part 487.operand
motors 1,1944,488,Part 487.out ↔ Part 428.in1
motors 1,1944,466,ORef 451 (Allarm.VS_01_FAULT) ↔ Part 489.operand
motors 1,1944,490,Part 489.out ↔ Part 428.in2
motors 1,1944,21,ORef 23 (Allarm.VS01_INV) ↔ Part 22.operand
motors 1,1944,24,Part 22.out ↔ Part 428.in3
motors 1,1944,467,Part 428.out ↔ Part 431.in
motors 1,1944,469,ORef 452 (Start VS01 BRAKE) ↔ Part 431.operand
motors 1,1944,470,ORef 453 (Inputs.VS01 run) ↔ Part 491.operand
motors 1,1944,492,Part 491.out ↔ Part 493.in
motors 1,1944,471,ORef 454 (Start VS01 BRAKE) ↔ Part 493.operand
motors 1,1944,494,Part 493.out ↔ Part 439.in ↔ Part 495.in
motors 1,1944,472,ORef 455 (S5T#2S) ↔ Part 439.value
motors 1,1944,473,ORef 456 (Tag_117) ↔ Part 439.operand
motors 1,1944,474,ORef 457 (Tag_117) ↔ Part 495.operand
motors 1,1944,496,Part 495.out ↔ Part 444.in
motors 1,1944,476,ORef 458 (Braking VS01) ↔ Part 444.operand
motors 1,1947,21,Powerrail {} ↔ Part 29.en
motors 1,1947,31,ORef 32 (Data.PV04) ↔ Part 29.KF
motors 1,1947,33,ORef 34 (0) ↔ Part 29.SEC
motors 1,1947,35,Part 29.KT ↔ ORef 36 (Data.PV04_Clean_Delay)
motors 1,1948,622,Powerrail {} ↔ Part 616.in
motors 1,1948,604,ORef 597 (ON) ↔ Part 616.operand
motors 1,1948,617,Part 616.out ↔ Part 618.in ↔ Part 22.in ↔ Part 589.pre ↔ Part 620.in
motors 1,1948,605,ORef 598 (Allarm.FN_02_FAULT) ↔ Part 618.operand
motors 1,1948,619,Part 618.out ↔ Part 587.in1
motors 1,1948,21,ORef 23 (Allarm.FN02_INV) ↔ Part 22.operand
motors 1,1948,24,Part 22.out ↔ Part 587.in2
motors 1,1948,606,ORef 599 (Data.Set_Perc_VT02) ↔ Part 589.in1
motors 1,1948,607,ORef 600 (0) ↔ Part 589.in2
motors 1,1948,608,Part 589.out ↔ Part 587.in3
motors 1,1948,609,Part 587.out ↔ Part 592.in
motors 1,1948,611,ORef 601 (Flag.M_FN_02) ↔ Part 592.operand
motors 1,1948,612,ORef 602 (Flag.M_FN_02) ↔ Part 620.operand
motors 1,1948,621,Part 620.out ↔ Part 596.in
motors 1,1948,614,ORef 603 (Start FN02) ↔ Part 596.operand
motors 1,1949,628,Powerrail {} ↔ Part 622.in
motors 1,1949,614,ORef 609 (ON) ↔ Part 622.operand
motors 1,1949,623,Part 622.out ↔ Part 624.in ↔ Part 626.in
motors 1,1949,615,ORef 610 (Allarm.VR_01_FAULT) ↔ Part 624.operand
motors 1,1949,625,Part 624.out ↔ Part 604.in
motors 1,1949,617,ORef 611 (Flag.M_VR_01) ↔ Part 604.operand
motors 1,1949,618,ORef 612 (Flag.M_VR_01) ↔ Part 626.operand
motors 1,1949,627,Part 626.out ↔ Part 608.in
motors 1,1949,620,ORef 613 (Start VR01) ↔ Part 608.operand
motors 1,1950,708,Powerrail {} ↔ Part 691.in
motors 1,1950,674,ORef 662 (ON) ↔ Part 691.operand
motors 1,1950,692,Part 691.out ↔ Part 693.in ↔ Part 695.in ↔ Part 697.in ↔ Part 699.in
motors 1,1950,675,ORef 663 (Allarm.MAX_TC04_TEMP) ↔ Part 693.operand
motors 1,1950,694,Part 693.out ↔ Part 707.in1
motors 1,1950,676,ORef 664 (Allarm.MAX_TC05_TEMP) ↔ Part 695.operand
motors 1,1950,25,Part 695.out ↔ Part 707.in2
motors 1,1950,677,ORef 665 (Allarm.ZT01_FN01_Vibration) ↔ Part 697.operand
motors 1,1950,698,Part 697.out ↔ Part 707.in3
motors 1,1950,678,ORef 666 (Inputs.FN01 Run) ↔ Part 699.operand
motors 1,1950,700,Part 699.out ↔ Part 701.in ↔ Part 703.in
motors 1,1950,679,ORef 667 (Inputs.VR-01 RUN) ↔ Part 701.operand
motors 1,1950,702,Part 701.out ↔ Part 707.in4
motors 1,1950,680,ORef 668 (Inputs.VR02 Run) ↔ Part 703.operand
motors 1,1950,704,Part 703.out ↔ Part 707.in5
motors 1,1950,683,Part 707.out ↔ Part 653.in ↔ Part 656.in ↔ Part 705.in
motors 1,1950,684,ORef 669 (Allarm.Prealarms_FN01) ↔ Part 653.operand
motors 1,1950,685,ORef 670 (S5T#1H_30M) ↔ Part 656.value
motors 1,1950,686,ORef 671 (Tag_122) ↔ Part 656.operand
motors 1,1950,687,ORef 672 (Tag_122) ↔ Part 705.operand
motors 1,1950,27,Part 705.out ↔ Part 661.in
motors 1,1950,689,ORef 673 (Stop_Fan_FN01) ↔ Part 661.operand
motors 1,1951,728,Powerrail {} ↔ Part 716.in
motors 1,1951,700,ORef 690 (ON) ↔ Part 716.operand
motors 1,1951,717,Part 716.out ↔ Part 718.in ↔ Part 22.in ↔ Part 678.pre ↔ Part 720.in ↔ Part 722.in ↔ Part 726.in
motors 1,1951,701,ORef 691 (Allarm.FN_01_FAULT) ↔ Part 718.operand
motors 1,1951,719,Part 718.out ↔ Part 676.in1
motors 1,1951,21,ORef 23 (Allarm.FN01_INV) ↔ Part 22.operand
motors 1,1951,24,Part 22.out ↔ Part 676.in2
motors 1,1951,702,ORef 692 (Data.SET_PERC_VT01) ↔ Part 678.in1
motors 1,1951,703,ORef 693 (0) ↔ Part 678.in2
motors 1,1951,704,Part 678.out ↔ Part 676.in3
motors 1,1951,705,ORef 694 (Stop_Fan_FN01) ↔ Part 720.operand
motors 1,1951,721,Part 720.out ↔ Part 676.in4
motors 1,1951,706,ORef 695 (Allarm.HYDROGEN_BOX_FAULT) ↔ Part 722.operand
motors 1,1951,723,Part 722.out ↔ Part 724.in
motors 1,1951,707,ORef 696 (UNDER TESTING) ↔ Part 724.operand
motors 1,1951,725,Part 724.out ↔ Part 676.in5
motors 1,1951,709,Part 676.out ↔ Part 685.in
motors 1,1951,711,ORef 697 (Flag.M_FN_01) ↔ Part 685.operand
motors 1,1951,712,ORef 698 (Flag.M_FN_01) ↔ Part 726.operand
motors 1,1951,727,Part 726.out ↔ Part 689.in
motors 1,1951,714,ORef 699 (Start FN01) ↔ Part 689.operand
motors 1,1952,717,Powerrail {} ↔ Part 711.in
motors 1,1952,703,ORef 698 (ON) ↔ Part 711.operand
motors 1,1952,712,Part 711.out ↔ Part 713.in ↔ Part 715.in
motors 1,1952,704,ORef 699 (Allarm.VR_02_FAULT) ↔ Part 713.operand
motors 1,1952,714,Part 713.out ↔ Part 693.in
motors 1,1952,706,ORef 700 (Flag.M_VR_02) ↔ Part 693.operand
motors 1,1952,707,ORef 701 (Flag.M_VR_02) ↔ Part 715.operand
motors 1,1952,716,Part 715.out ↔ Part 697.in
motors 1,1952,709,ORef 702 (Start VR02) ↔ Part 697.operand
motors 1,1953,775,Powerrail {} ↔ Part 767.in
motors 1,1953,754,ORef 745 (ON) ↔ Part 767.operand
motors 1,1953,21,Part 767.out ↔ Part 23.in
motors 1,1953,22,ORef 24 (ServiceBit) ↔ Part 23.operand
motors 1,1953,768,Part 23.out ↔ Part 769.in ↔ Part 771.in
motors 1,1953,755,ORef 746 (Allarm.CH_01_FAULT) ↔ Part 769.operand
motors 1,1953,770,Part 769.out ↔ Part 729.in
motors 1,1953,757,ORef 747 (Flag.M_CH_01) ↔ Part 729.operand
motors 1,1953,758,ORef 748 (Flag.M_CH_01) ↔ Part 771.operand
motors 1,1953,772,Part 771.out ↔ Part 736.in ↔ Part 739.in ↔ Part 773.in
motors 1,1953,759,ORef 749 (Start CH01) ↔ Part 736.operand
motors 1,1953,760,ORef 750 (S5T#10S) ↔ Part 739.value
motors 1,1953,761,ORef 751 (Tag_123) ↔ Part 739.operand
motors 1,1953,762,ORef 752 (Tag_123) ↔ Part 773.operand
motors 1,1953,774,Part 773.out ↔ Part 744.in
motors 1,1953,764,ORef 753 (Enable start chiller) ↔ Part 744.operand
motors 1,1954,769,Powerrail {} ↔ Part 763.in
motors 1,1954,755,ORef 750 (ON) ↔ Part 763.operand
motors 1,1954,764,Part 763.out ↔ Part 765.in ↔ Part 22.in ↔ Part 767.in
motors 1,1954,756,ORef 751 (Allarm.FN_03_FAULT) ↔ Part 765.operand
motors 1,1954,766,Part 765.out ↔ Part 24.in1
motors 1,1954,21,ORef 23 (Allarm.FN03_INV) ↔ Part 22.operand
motors 1,1954,25,Part 22.out ↔ Part 24.in2
motors 1,1954,26,Part 24.out ↔ Part 745.in
motors 1,1954,758,ORef 752 (Flag.M_FN_03) ↔ Part 745.operand
motors 1,1954,759,ORef 753 (Flag.M_FN_03) ↔ Part 767.operand
motors 1,1954,768,Part 767.out ↔ Part 749.in
motors 1,1954,761,ORef 754 (Start FN03) ↔ Part 749.operand
motors 1,1955,806,Powerrail {} ↔ Part 796.in
motors 1,1955,784,ORef 777 (ON) ↔ Part 796.operand
motors 1,1955,797,Part 796.out ↔ Part 798.in ↔ Part 22.in ↔ Part 804.in
motors 1,1955,785,ORef 778 (Allarm.MBVA01_FAULT) ↔ Part 798.operand
motors 1,1955,799,Part 798.out ↔ Part 767.in1
motors 1,1955,21,ORef 23 (Inputs.RD01 run) ↔ Part 22.operand
motors 1,1955,24,Part 22.out ↔ Part 802.in
motors 1,1955,787,ORef 780 (UNDER TESTING) ↔ Part 802.operand
motors 1,1955,803,Part 802.out ↔ Part 767.in2
motors 1,1955,789,Part 767.out ↔ Part 772.in
motors 1,1955,791,ORef 781 (Flag.M_FN_06) ↔ Part 772.operand
motors 1,1955,792,ORef 782 (Flag.M_FN_06) ↔ Part 804.operand
motors 1,1955,805,Part 804.out ↔ Part 776.in
motors 1,1955,794,ORef 783 (Start FN06) ↔ Part 776.operand
motors 1,1956,829,Powerrail {} ↔ Part 819.in
motors 1,1956,807,ORef 800 (ON) ↔ Part 819.operand
motors 1,1956,820,Part 819.out ↔ Part 821.in ↔ Part 22.in ↔ Part 827.in
motors 1,1956,808,ORef 801 (Allarm.SC_01_FAULT) ↔ Part 821.operand
motors 1,1956,822,Part 821.out ↔ Part 790.in1
motors 1,1956,21,ORef 23 (Inputs.VR03 Run) ↔ Part 22.operand
motors 1,1956,24,Part 22.out ↔ Part 825.in
motors 1,1956,810,ORef 803 (UNDER TESTING) ↔ Part 825.operand
motors 1,1956,826,Part 825.out ↔ Part 790.in2
motors 1,1956,812,Part 790.out ↔ Part 795.in
motors 1,1956,814,ORef 804 (Flag.M_SC_01) ↔ Part 795.operand
motors 1,1956,815,ORef 805 (Flag.M_SC_01) ↔ Part 827.operand
motors 1,1956,828,Part 827.out ↔ Part 799.in
motors 1,1956,817,ORef 806 (Start SC01) ↔ Part 799.operand
motors 1,1958,875,Powerrail {} ↔ Part 863.in
motors 1,1958,850,ORef 842 (ON) ↔ Part 863.operand
motors 1,1958,864,Part 863.out ↔ Part 865.in ↔ Part 22.in ↔ Part 871.in
motors 1,1958,851,ORef 843 (Allarm.LD_01_FAULT) ↔ Part 865.operand
motors 1,1958,866,Part 865.out ↔ Part 831.in1
motors 1,1958,21,ORef 23 (Inputs.VR-06 RUN) ↔ Part 22.operand
motors 1,1958,24,Part 22.out ↔ Part 869.in
motors 1,1958,853,ORef 845 (UNDER TESTING) ↔ Part 869.operand
motors 1,1958,870,Part 869.out ↔ Part 831.in2
motors 1,1958,855,Part 831.out ↔ Part 836.in
motors 1,1958,857,ORef 846 (Flag.M_LD_01) ↔ Part 836.operand
motors 1,1958,858,ORef 847 (Flag.M_LD_01) ↔ Part 871.operand
motors 1,1958,872,Part 871.out ↔ Part 873.in
motors 1,1958,859,ORef 848 (Inputs.LD-01 Inspection LS) ↔ Part 873.operand
motors 1,1958,874,Part 873.out ↔ Part 841.in
motors 1,1958,861,ORef 849 (Start LD01) ↔ Part 841.operand
motors 1,1959,21,Powerrail {} ↔ Part 36.en
motors 1,1959,37,ORef 38 (Data.LD01_W) ↔ Part 36.KF
motors 1,1959,39,ORef 40 (0) ↔ Part 36.SEC
motors 1,1959,41,Part 36.eno ↔ Part 44.en
motors 1,1959,42,Part 36.KT ↔ ORef 43 (Data.LD_01V_WorkTime)
motors 1,1959,50,ORef 46 (Data.LD01_P) ↔ Part 44.KF
motors 1,1959,51,ORef 47 (0) ↔ Part 44.SEC
motors 1,1959,52,Part 44.KT ↔ ORef 48 (Data.LD_01V_PauseTime)
motors 1,1960,906,Powerrail {} ↔ Part 896.in
motors 1,1960,882,ORef 872 (ON) ↔ Part 896.operand
motors 1,1960,26,Part 896.out ↔ Part 23.in
motors 1,1960,22,ORef 24 (Inputs.FEEDBACKMOTOR LD-01) ↔ Part 23.operand
motors 1,1960,899,Part 23.out ↔ Part 900.in ↔ Part 902.in ↔ Part 904.in
motors 1,1960,885,ORef 875 (Tag_124) ↔ Part 900.operand
motors 1,1960,901,Part 900.out ↔ Part 861.in
motors 1,1960,884,ORef 874 (Data.LD_01V_WorkTime) ↔ Part 861.value
motors 1,1960,887,ORef 876 (Tag_125) ↔ Part 861.operand
motors 1,1960,889,ORef 878 (Tag_125) ↔ Part 902.operand
motors 1,1960,903,Part 902.out ↔ Part 866.in
motors 1,1960,888,ORef 877 (Data.LD_01V_PauseTime) ↔ Part 866.value
motors 1,1960,891,ORef 879 (Tag_124) ↔ Part 866.operand
motors 1,1960,892,ORef 880 (Tag_125) ↔ Part 904.operand
motors 1,1960,905,Part 904.out ↔ Part 871.in
motors 1,1960,894,ORef 881 (Start_LD01Vib) ↔ Part 871.operand
motors 1,1961,939,Powerrail {} ↔ Part 925.in
motors 1,1961,910,ORef 901 (ON) ↔ Part 925.operand
motors 1,1961,926,Part 925.out ↔ Part 927.in ↔ Part 22.in ↔ Part 931.in ↔ Part 933.in
motors 1,1961,911,ORef 902 (Allarm.LD_01_VIB_FAULT) ↔ Part 927.operand
motors 1,1961,928,Part 927.out ↔ Part 888.in1
motors 1,1961,21,ORef 23 (Inputs.VR-06 RUN) ↔ Part 22.operand
motors 1,1961,24,Part 22.out ↔ Part 929.in
motors 1,1961,912,ORef 903 (UNDER TESTING) ↔ Part 929.operand
motors 1,1961,930,Part 929.out ↔ Part 888.in2
motors 1,1961,913,Part 888.out ↔ Part 891.in
motors 1,1961,915,ORef 904 (Flag.M_LD_01_VIB) ↔ Part 891.operand
motors 1,1961,916,ORef 905 (Flag.M_LD_01_VIB) ↔ Part 931.operand
motors 1,1961,932,Part 931.out ↔ Part 894.in1
motors 1,1961,917,ORef 906 (Allarm.LD_01_VIB_FAULT) ↔ Part 933.operand
motors 1,1961,934,Part 933.out ↔ Part 935.in
motors 1,1961,918,ORef 907 (Start_LD01Vib) ↔ Part 935.operand
motors 1,1961,936,Part 935.out ↔ Part 894.in2
motors 1,1961,25,Part 894.out ↔ Part 31.in
motors 1,1961,30,ORef 32 (Inputs.LD-01 Local Button) ↔ Part 31.operand
motors 1,1961,26,Part 31.out ↔ Part 900.in
motors 1,1961,923,ORef 909 (Start Vibrator LD-01) ↔ Part 900.operand
motors 1,1962,950,Powerrail {} ↔ Part 940.in
motors 1,1962,928,ORef 921 (ON) ↔ Part 940.operand
motors 1,1962,941,Part 940.out ↔ Part 942.in ↔ Part 22.in ↔ Part 948.in
motors 1,1962,929,ORef 922 (Allarm.SC_10_FAULT) ↔ Part 942.operand
motors 1,1962,943,Part 942.out ↔ Part 911.in1
motors 1,1962,21,ORef 23 (Inputs.VR04 Run) ↔ Part 22.operand
motors 1,1962,24,Part 22.out ↔ Part 946.in
motors 1,1962,931,ORef 924 (UNDER TESTING) ↔ Part 946.operand
motors 1,1962,947,Part 946.out ↔ Part 911.in2
motors 1,1962,933,Part 911.out ↔ Part 916.in
motors 1,1962,935,ORef 925 (Flag.M_SC_10) ↔ Part 916.operand
motors 1,1962,936,ORef 926 (Flag.M_SC_10) ↔ Part 948.operand
motors 1,1962,949,Part 948.out ↔ Part 920.in
motors 1,1962,938,ORef 927 (Start SC10) ↔ Part 920.operand
motors 1,1963,973,Powerrail {} ↔ Part 963.in
motors 1,1963,951,ORef 944 (ON) ↔ Part 963.operand
motors 1,1963,964,Part 963.out ↔ Part 965.in ↔ Part 22.in ↔ Part 971.in
motors 1,1963,952,ORef 945 (Allarm.SC_11_FAULT) ↔ Part 965.operand
motors 1,1963,966,Part 965.out ↔ Part 934.in1
motors 1,1963,21,ORef 23 (Inputs.VR05 Run) ↔ Part 22.operand
motors 1,1963,24,Part 22.out ↔ Part 969.in
motors 1,1963,954,ORef 947 (UNDER TESTING) ↔ Part 969.operand
motors 1,1963,970,Part 969.out ↔ Part 934.in2
motors 1,1963,956,Part 934.out ↔ Part 939.in
motors 1,1963,958,ORef 948 (Flag.M_SC_11) ↔ Part 939.operand
motors 1,1963,959,ORef 949 (Flag.M_SC_11) ↔ Part 971.operand
motors 1,1963,972,Part 971.out ↔ Part 943.in
motors 1,1963,961,ORef 950 (Start SC11) ↔ Part 943.operand
motors 1,1964,1038,Powerrail {} ↔ Part 1020.in
motors 1,1964,1004,ORef 991 (ON) ↔ Part 1020.operand
motors 1,1964,1021,Part 1020.out ↔ Part 1022.in
motors 1,1964,1005,ORef 992 (Inputs.FN04 Run) ↔ Part 1022.operand
motors 1,1964,1023,Part 1022.out ↔ Part 1024.in ↔ Part 1026.in ↔ Part 1028.in ↔ Part 1030.in ↔ Part 1032.in ↔ Part 1034.in
motors 1,1964,1006,ORef 993 (Inputs.FEEDBACKMOTOR SC-01) ↔ Part 1024.operand
motors 1,1964,1025,Part 1024.out ↔ Part 972.in1
motors 1,1964,1007,ORef 994 (Inputs.VR03 Run) ↔ Part 1026.operand
motors 1,1964,1027,Part 1026.out ↔ Part 972.in2
motors 1,1964,1008,ORef 995 (Inputs.FEEDBACKMOTOR SC-10) ↔ Part 1028.operand
motors 1,1964,1029,Part 1028.out ↔ Part 972.in3
motors 1,1964,1009,ORef 996 (Inputs.VR04 Run) ↔ Part 1030.operand
motors 1,1964,1031,Part 1030.out ↔ Part 972.in4
motors 1,1964,1010,ORef 997 (Inputs.FEEDBACKMOTOR SC-11) ↔ Part 1032.operand
motors 1,1964,1033,Part 1032.out ↔ Part 972.in5
motors 1,1964,1011,ORef 998 (Inputs.VR05 Run) ↔ Part 1034.operand
motors 1,1964,1035,Part 1034.out ↔ Part 972.in6
motors 1,1964,1012,Part 972.out ↔ Part 982.in ↔ Part 985.in ↔ Part 1036.in
motors 1,1964,1013,ORef 999 (Allarm.Prealarms_FN04) ↔ Part 982.operand
motors 1,1964,1014,ORef 1000 (S5T#1H_30M) ↔ Part 985.value
motors 1,1964,1015,ORef 1001 (Tag_126) ↔ Part 985.operand
motors 1,1964,1016,ORef 1002 (Tag_126) ↔ Part 1036.operand
motors 1,1964,1037,Part 1036.out ↔ Part 990.in
motors 1,1964,1018,ORef 1003 (Stop_Fan_FN04) ↔ Part 990.operand
motors 1,1965,1048,Powerrail {} ↔ Part 1038.in
motors 1,1965,1024,ORef 1015 (ON) ↔ Part 1038.operand
motors 1,1965,1039,Part 1038.out ↔ Part 1040.in ↔ Part 22.in ↔ Part 1005.pre ↔ Part 1042.in ↔ Part 1044.in ↔ Part 1046.in
motors 1,1965,1025,ORef 1016 (Allarm.FN_04_FAULT) ↔ Part 1040.operand
motors 1,1965,1041,Part 1040.out ↔ Part 1003.in1
motors 1,1965,21,ORef 23 (Allarm.FN04_INV) ↔ Part 22.operand
motors 1,1965,24,Part 22.out ↔ Part 1003.in2
motors 1,1965,1026,ORef 1017 (Data.SET_PERC_FN04) ↔ Part 1005.in1
motors 1,1965,1027,ORef 1018 (0) ↔ Part 1005.in2
motors 1,1965,1028,Part 1005.out ↔ Part 1003.in3
motors 1,1965,1029,ORef 1019 (Stop_Fan_FN04) ↔ Part 1042.operand
motors 1,1965,1043,Part 1042.out ↔ Part 1003.in4
motors 1,1965,1030,ORef 1020 (Allarm.MAX_MAX_TC09) ↔ Part 1044.operand
motors 1,1965,1045,Part 1044.out ↔ Part 1003.in5
motors 1,1965,1031,Part 1003.out ↔ Part 1010.in
motors 1,1965,1033,ORef 1021 (Flag.M_FN_04) ↔ Part 1010.operand
motors 1,1965,1034,ORef 1022 (Flag.M_FN_04) ↔ Part 1046.operand
motors 1,1965,1047,Part 1046.out ↔ Part 1014.in
motors 1,1965,1036,ORef 1023 (Start FN04) ↔ Part 1014.operand
motors 1,1966,1044,Powerrail {} ↔ Part 1038.in
motors 1,1966,1030,ORef 1025 (ON) ↔ Part 1038.operand
motors 1,1966,1039,Part 1038.out ↔ Part 1040.in ↔ Part 1042.in
motors 1,1966,1031,ORef 1026 (Allarm.VR_03_FAULT) ↔ Part 1040.operand
motors 1,1966,1041,Part 1040.out ↔ Part 1020.in
motors 1,1966,1033,ORef 1027 (Flag.M_VR_03) ↔ Part 1020.operand
motors 1,1966,1034,ORef 1028 (Flag.M_VR_03) ↔ Part 1042.operand
motors 1,1966,1043,Part 1042.out ↔ Part 1024.in
motors 1,1966,1036,ORef 1029 (Start VR03) ↔ Part 1024.operand
motors 1,1967,1060,Powerrail {} ↔ Part 1054.in
motors 1,1967,1046,ORef 1041 (ON) ↔ Part 1054.operand
motors 1,1967,1055,Part 1054.out ↔ Part 1056.in ↔ Part 1058.in
motors 1,1967,1047,ORef 1042 (Allarm.VR_04_FAULT) ↔ Part 1056.operand
motors 1,1967,1057,Part 1056.out ↔ Part 1036.in
motors 1,1967,1049,ORef 1043 (Flag.M_VR_04) ↔ Part 1036.operand
motors 1,1967,1050,ORef 1044 (Flag.M_VR_04) ↔ Part 1058.operand
motors 1,1967,1059,Part 1058.out ↔ Part 1040.in
motors 1,1967,1052,ORef 1045 (Start VR04) ↔ Part 1040.operand
motors 1,1968,1076,Powerrail {} ↔ Part 1070.in
motors 1,1968,1062,ORef 1057 (ON) ↔ Part 1070.operand
motors 1,1968,1071,Part 1070.out ↔ Part 1072.in ↔ Part 1074.in
motors 1,1968,1063,ORef 1058 (Allarm.VR_05_FAULT) ↔ Part 1072.operand
motors 1,1968,1073,Part 1072.out ↔ Part 1052.in
motors 1,1968,1065,ORef 1059 (Flag.M_VR_05) ↔ Part 1052.operand
motors 1,1968,1066,ORef 1060 (Flag.M_VR_05) ↔ Part 1074.operand
motors 1,1968,1075,Part 1074.out ↔ Part 1056.in
motors 1,1968,1068,ORef 1061 (Start VR05) ↔ Part 1056.operand
motors 1,1969,1113,Powerrail {} ↔ Part 1103.in
motors 1,1969,1091,ORef 1084 (ON) ↔ Part 1103.operand
motors 1,1969,1104,Part 1103.out ↔ Part 1105.in ↔ Part 1107.in ↔ Part 1111.in
motors 1,1969,1092,ORef 1085 (Allarm.VR_06_FAULT) ↔ Part 1105.operand
motors 1,1969,1106,Part 1105.out ↔ Part 1074.in1
motors 1,1969,1093,ORef 1086 (Start ER-01) ↔ Part 1107.operand
motors 1,1969,1108,Part 1107.out ↔ Part 1109.in
motors 1,1969,1094,ORef 1087 (UNDER TESTING) ↔ Part 1109.operand
motors 1,1969,1110,Part 1109.out ↔ Part 1074.in2
motors 1,1969,1096,Part 1074.out ↔ Part 1079.in
motors 1,1969,1098,ORef 1088 (Flag.M_VR_06) ↔ Part 1079.operand
motors 1,1969,1099,ORef 1089 (Flag.M_VR_06) ↔ Part 1111.operand
motors 1,1969,1112,Part 1111.out ↔ Part 1083.in
motors 1,1969,1101,ORef 1090 (Start VR06) ↔ Part 1083.operand
motors 1,1970,1136,Powerrail {} ↔ Part 1126.in
motors 1,1970,1114,ORef 1107 (ON) ↔ Part 1126.operand
motors 1,1970,1127,Part 1126.out ↔ Part 1128.in ↔ Part 22.in ↔ Part 1134.in
motors 1,1970,1115,ORef 1108 (Allarm.FN_05_FAULT) ↔ Part 1128.operand
motors 1,1970,1129,Part 1128.out ↔ Part 1097.in1
motors 1,1970,21,ORef 23 (Inputs.FN04 Run) ↔ Part 22.operand
motors 1,1970,24,Part 22.out ↔ Part 1132.in
motors 1,1970,1117,ORef 1110 (UNDER TESTING) ↔ Part 1132.operand
motors 1,1970,1133,Part 1132.out ↔ Part 1097.in2
motors 1,1970,1119,Part 1097.out ↔ Part 1102.in
motors 1,1970,1121,ORef 1111 (Flag.M_FN_05) ↔ Part 1102.operand
motors 1,1970,1122,ORef 1112 (Flag.M_FN_05) ↔ Part 1134.operand
motors 1,1970,1135,Part 1134.out ↔ Part 1106.in
motors 1,1970,1124,ORef 1113 (Start FN05) ↔ Part 1106.operand
motors 1,1971,1159,Powerrail {} ↔ Part 1149.in
motors 1,1971,1137,ORef 1130 (ON) ↔ Part 1149.operand
motors 1,1971,1150,Part 1149.out ↔ Part 1151.in ↔ Part 22.in ↔ Part 26.in ↔ Part 1157.in
motors 1,1971,1138,ORef 1131 (OFF) ↔ Part 1151.operand
motors 1,1971,1152,Part 1151.out ↔ Part 1120.in1
motors 1,1971,21,ORef 23 (Allarm.ER01_run) ↔ Part 22.operand
motors 1,1971,24,Part 22.out ↔ Part 1120.in2
motors 1,1971,25,ORef 27 (Inputs.FN-05 RUN) ↔ Part 26.operand
motors 1,1971,28,Part 26.out ↔ Part 1155.in
motors 1,1971,1140,ORef 1133 (UNDER TESTING) ↔ Part 1155.operand
motors 1,1971,1156,Part 1155.out ↔ Part 1120.in3
motors 1,1971,1142,Part 1120.out ↔ Part 1125.in
motors 1,1971,1144,ORef 1134 (Flag.M_ER01) ↔ Part 1125.operand
motors 1,1971,1145,ORef 1135 (Flag.M_ER01) ↔ Part 1157.operand
motors 1,1971,1158,Part 1157.out ↔ Part 30.in
motors 1,1971,29,ORef 31 (Inputs.177T1_OK) ↔ Part 30.operand
motors 1,1971,32,Part 30.out ↔ Part 1129.in
motors 1,1971,1147,ORef 1136 (Start ER-01) ↔ Part 1129.operand
motors 1,1972,1172,Powerrail {} ↔ Part 1164.in
motors 1,1972,1154,ORef 1148 (ON) ↔ Part 1164.operand
motors 1,1972,1165,Part 1164.out ↔ Part 1166.in ↔ Part 1168.in ↔ Part 1170.in
motors 1,1972,1155,ORef 1149 (OFF) ↔ Part 1166.operand
motors 1,1972,1167,Part 1166.out ↔ Part 1141.in
motors 1,1972,1157,ORef 1150 (Flag.M_PV03) ↔ Part 1141.operand
motors 1,1972,1158,ORef 1151 (Flag.M_PV03) ↔ Part 1168.operand
motors 1,1972,1169,Part 1168.out ↔ Part 1144.in1
motors 1,1972,1159,ORef 1152 (Inputs.PV03 Local Selector) ↔ Part 1170.operand
motors 1,1972,1171,Part 1170.out ↔ Part 1144.in2
motors 1,1972,1160,Part 1144.out ↔ Part 1147.in
motors 1,1972,1162,ORef 1153 (PV-03 GATE EV) ↔ Part 1147.operand
motors 1,1973,1267,Powerrail {} ↔ Part 1251.in
motors 1,1973,1230,ORef 1216 (ON) ↔ Part 1251.operand
motors 1,1973,1252,Part 1251.out ↔ Part 1253.in ↔ Part 1255.in ↔ Part 1259.in
motors 1,1973,1231,ORef 1217 (Inputs.BWF 01 RUN) ↔ Part 1253.operand
motors 1,1973,1254,Part 1253.out ↔ Part 1190.in1
motors 1,1973,1232,ORef 1218 (Inputs.BWF 02 RUN) ↔ Part 1255.operand
motors 1,1973,1256,Part 1255.out ↔ Part 1190.in2
motors 1,1973,1233,Part 1190.out ↔ Part 1196.in ↔ Part 1257.in
motors 1,1973,1234,ORef 1219 (S5T#15M) ↔ Part 1196.value
motors 1,1973,1235,ORef 1220 (Tag_127) ↔ Part 1196.operand
motors 1,1973,1236,ORef 1221 (PV-03 GATE EV) ↔ Part 1257.operand
motors 1,1973,1258,Part 1257.out ↔ Part 1201.in
motors 1,1973,1238,ORef 1222 (START LIW FEEDER) ↔ Part 1201.operand
motors 1,1973,1240,ORef 1223 (START LIW FEEDER) ↔ Part 1259.operand
motors 1,1973,1260,Part 1259.out ↔ Part 1261.in ↔ Part 1265.in
motors 1,1973,1242,ORef 1225 (Inputs.BWF 01 RUN) ↔ Part 1261.operand
motors 1,1973,1262,Part 1261.out ↔ Part 1263.in
motors 1,1973,1243,ORef 1226 (Inputs.BWF 02 RUN) ↔ Part 1263.operand
motors 1,1973,1264,Part 1263.out ↔ Part 1210.in
motors 1,1973,1241,ORef 1224 (S5T#15M) ↔ Part 1210.value
motors 1,1973,1245,ORef 1227 (Tag_128) ↔ Part 1210.operand
motors 1,1973,1246,ORef 1228 (Tag_128) ↔ Part 1265.operand
motors 1,1973,1266,Part 1265.out ↔ Part 1215.in
motors 1,1973,1248,ORef 1229 (START LIW FEEDER) ↔ Part 1215.operand
allarms 3,1979,298,Powerrail {} ↔ Part 286.in
allarms 3,1979,240,ORef 209 (ON) ↔ Part 286.operand
allarms 3,1979,287,Part 286.out ↔ Part 149.pre ↔ Part 290.in ↔ Part 179.en ↔ Part 186.pre ↔ Part 189.pre ↔ Part 192.pre ↔ Part 294.in
allarms 3,1979,241,ORef 210 (Manage_TC1_2.PID_Ref_Temp) ↔ Part 149.in1
allarms 3,1979,242,ORef 211 (Data.TC01_MAX_ALL) ↔ Part 149.in2
allarms 3,1979,243,Part 149.out ↔ Part 155.in ↔ Part 288.in
allarms 3,1979,244,ORef 212 (S5T#6S) ↔ Part 155.value
allarms 3,1979,245,ORef 213 (Tag_99) ↔ Part 155.operand
allarms 3,1979,246,ORef 214 (Tag_99) ↔ Part 288.operand
allarms 3,1979,289,Part 288.out ↔ Part 160.in
allarms 3,1979,248,ORef 215 (Allarm.MAX_TC01_TEMP) ↔ Part 160.operand
allarms 3,1979,250,ORef 216 (Allarm.MAX_TC01_TEMP) ↔ Part 290.operand
allarms 3,1979,291,Part 290.out ↔ Part 165.en
allarms 3,1979,252,ORef 217 (Data.TC01_MAX_ALL) ↔ Part 165.in1
allarms 3,1979,253,ORef 218 (5) ↔ Part 165.in2
allarms 3,1979,255,Part 165.eno ↔ Part 169.pre
allarms 3,1979,254,Part 165.out ↔ ORef 219 (app00)
allarms 3,1979,256,ORef 220 (Manage_TC1_2.PID_Ref_Temp) ↔ Part 169.in1
allarms 3,1979,257,ORef 221 (app00) ↔ Part 169.in2
allarms 3,1979,258,Part 169.out ↔ Part 173.in ↔ Part 175.in
allarms 3,1979,259,ORef 222 (Allarm.MAX_TC01_TEMP) ↔ Part 173.operand
allarms 3,1979,260,ORef 223 (Flag.STOP_HORN) ↔ Part 175.operand
allarms 3,1979,262,ORef 224 (Data.TC01_MAX_ALL) ↔ Part 179.in1
allarms 3,1979,263,ORef 225 (20) ↔ Part 179.in2
allarms 3,1979,264,Part 179.out ↔ ORef 226 (max_max_tc1)
allarms 3,1979,265,ORef 227 (Manage_TC1_2.PID_Ref_Temp) ↔ Part 186.in1
allarms 3,1979,266,ORef 228 (max_max_tc1) ↔ Part 186.in2
allarms 3,1979,267,Part 186.out ↔ Part 185.in1
allarms 3,1979,268,ORef 229 (Manage_TC1_2.PID_Ref_Temp) ↔ Part 189.in1
allarms 3,1979,269,ORef 230 (1250.0) ↔ Part 189.in2
allarms 3,1979,270,Part 189.out ↔ Part 185.in2
allarms 3,1979,271,ORef 231 (Manage_TC1_2.PID_Ref_Temp) ↔ Part 192.in1
allarms 3,1979,272,ORef 232 (-60.0) ↔ Part 192.in2
allarms 3,1979,273,Part 192.out ↔ Part 185.in3
allarms 3,1979,274,Part 185.out ↔ Part 198.in ↔ Part 292.in
allarms 3,1979,275,ORef 233 (S5T#6S) ↔ Part 198.value
allarms 3,1979,276,ORef 234 (Tag_100) ↔ Part 198.operand
allarms 3,1979,277,ORef 235 (Tag_100) ↔ Part 292.operand
allarms 3,1979,293,Part 292.out ↔ Part 203.in
allarms 3,1979,279,ORef 236 (Allarm.MAX_MAX_TC01_TEMP) ↔ Part 203.operand
allarms 3,1979,281,ORef 237 (Flag.RESET_ALLARM) ↔ Part 294.operand
allarms 3,1979,295,Part 294.out ↔ Part 296.in
allarms 3,1979,282,ORef 238 (Allarm.MAX_MAX_TC01_TEMP) ↔ Part 296.operand
allarms 3,1979,297,Part 296.out ↔ Part 208.in
allarms 3,1979,284,ORef 239 (Allarm.MAX_MAX_TC01_TEMP) ↔ Part 208.operand
allarms 3,1980,563,Powerrail {} ↔ Part 543.in
allarms 3,1980,473,ORef 426 (ON) ↔ Part 543.operand
allarms 3,1980,544,Part 543.out ↔ Part 545.in ↔ Part 547.in ↔ Part 21.pre ↔ Part 551.in ↔ Part 366.pre ↔ Part 555.in ↔ Part 396.en ↔ Part 403.pre ↔ Part 406.pre ↔ Part 409.pre ↔ Part 559.in
allarms 3,1980,474,ORef 427 (Inputs.BWF 01 RUN) ↔ Part 545.operand
allarms 3,1980,546,Part 545.out ↔ Part 333.in1
allarms 3,1980,475,ORef 428 (Inputs.BWF 02 RUN) ↔ Part 547.operand
allarms 3,1980,548,Part 547.out ↔ Part 333.in2
allarms 3,1980,476,Part 333.out ↔ Part 336.pre
allarms 3,1980,477,ORef 429 (Data.Temp_TC03) ↔ Part 336.in1
allarms 3,1980,478,ORef 430 (Data.TC03_MIN_ALL) ↔ Part 336.in2
allarms 3,1980,479,Part 336.out ↔ Part 342.in ↔ Part 549.in
allarms 3,1980,480,ORef 431 (S5T#3S) ↔ Part 342.value
allarms 3,1980,481,ORef 432 (Tag_101) ↔ Part 342.operand
allarms 3,1980,482,ORef 433 (Tag_101) ↔ Part 549.operand
allarms 3,1980,550,Part 549.out ↔ Part 347.in
allarms 3,1980,484,ORef 434 (Allarm.LOW_TC03_TEMP) ↔ Part 347.operand
allarms 3,1980,22,ORef 24 (Data.TC03_MIN_ALL) ↔ Part 21.in1
allarms 3,1980,23,ORef 25 (200) ↔ Part 21.in2
allarms 3,1980,28,Part 21.out ↔ Part 27.en
allarms 3,1980,29,ORef 31 (200) ↔ Part 27.in
allarms 3,1980,30,Part 27.out1 ↔ ORef 32 (Data.TC03_MIN_ALL)
allarms 3,1980,486,ORef 435 (Allarm.LOW_TC03_TEMP) ↔ Part 551.operand
allarms 3,1980,552,Part 551.out ↔ Part 352.en
allarms 3,1980,488,ORef 436 (Data.TC03_MIN_ALL) ↔ Part 352.in1
allarms 3,1980,489,ORef 437 (5) ↔ Part 352.in2
allarms 3,1980,491,Part 352.eno ↔ Part 356.pre
allarms 3,1980,490,Part 352.out ↔ ORef 438 (app00)
allarms 3,1980,492,ORef 439 (Data.Temp_TC03) ↔ Part 356.in1
allarms 3,1980,493,ORef 440 (app00) ↔ Part 356.in2
allarms 3,1980,494,Part 356.out ↔ Part 360.in ↔ Part 362.in
allarms 3,1980,495,ORef 441 (Allarm.LOW_TC03_TEMP) ↔ Part 360.operand
allarms 3,1980,496,ORef 442 (Flag.STOP_HORN) ↔ Part 362.operand
allarms 3,1980,498,ORef 443 (Data.Temp_TC03) ↔ Part 366.in1
allarms 3,1980,499,ORef 444 (Data.TC03_MAX_ALL) ↔ Part 366.in2
allarms 3,1980,500,Part 366.out ↔ Part 372.in ↔ Part 553.in
allarms 3,1980,501,ORef 445 (S5T#3S) ↔ Part 372.value
allarms 3,1980,502,ORef 446 (Tag_102) ↔ Part 372.operand
allarms 3,1980,503,ORef 447 (Tag_102) ↔ Part 553.operand
allarms 3,1980,554,Part 553.out ↔ Part 377.in
allarms 3,1980,505,ORef 448 (Allarm.MAX_TC03_TEMP) ↔ Part 377.operand
allarms 3,1980,507,ORef 449 (Allarm.MAX_TC03_TEMP) ↔ Part 555.operand
allarms 3,1980,556,Part 555.out ↔ Part 382.en
allarms 3,1980,509,ORef 450 (Data.TC03_MAX_ALL) ↔ Part 382.in1
allarms 3,1980,510,ORef 451 (5) ↔ Part 382.in2
allarms 3,1980,512,Part 382.eno ↔ Part 386.pre
allarms 3,1980,511,Part 382.out ↔ ORef 452 (app00)
allarms 3,1980,513,ORef 453 (Data.Temp_TC03) ↔ Part 386.in1
allarms 3,1980,514,ORef 454 (app00) ↔ Part 386.in2
allarms 3,1980,515,Part 386.out ↔ Part 390.in ↔ Part 392.in
allarms 3,1980,516,ORef 455 (Allarm.MAX_TC03_TEMP) ↔ Part 390.operand
allarms 3,1980,517,ORef 456 (Flag.STOP_HORN) ↔ Part 392.operand
allarms 3,1980,519,ORef 457 (Data.TC03_MAX_ALL) ↔ Part 396.in1
allarms 3,1980,520,ORef 458 (50) ↔ Part 396.in2
allarms 3,1980,521,Part 396.out ↔ ORef 459 (max_max_tc3)
allarms 3,1980,522,ORef 460 (Data.Temp_TC03) ↔ Part 403.in1
allarms 3,1980,523,ORef 461 (max_max_tc3) ↔ Part 403.in2
allarms 3,1980,524,Part 403.out ↔ Part 402.in1
allarms 3,1980,525,ORef 462 (Data.Temp_TC03) ↔ Part 406.in1
allarms 3,1980,526,ORef 463 (750) ↔ Part 406.in2
allarms 3,1980,527,Part 406.out ↔ Part 402.in2
allarms 3,1980,528,ORef 464 (Data.Temp_TC03) ↔ Part 409.in1
allarms 3,1980,529,ORef 465 (-60) ↔ Part 409.in2
allarms 3,1980,530,Part 409.out ↔ Part 402.in3
allarms 3,1980,531,Part 402.out ↔ Part 415.in ↔ Part 557.in
allarms 3,1980,532,ORef 466 (S5T#3S) ↔ Part 415.value
allarms 3,1980,533,ORef 467 (Tag_103) ↔ Part 415.operand
allarms 3,1980,534,ORef 468 (Tag_103) ↔ Part 557.operand
allarms 3,1980,558,Part 557.out ↔ Part 420.in
allarms 3,1980,536,ORef 469 (Allarm.MAX_MAX_TC03_TEMP) ↔ Part 420.operand
allarms 3,1980,538,ORef 470 (Flag.RESET_ALLARM) ↔ Part 559.operand
allarms 3,1980,560,Part 559.out ↔ Part 561.in
allarms 3,1980,539,ORef 471 (Allarm.MAX_MAX_TC03_TEMP) ↔ Part 561.operand
allarms 3,1980,562,Part 561.out ↔ Part 425.in
allarms 3,1980,541,ORef 472 (Allarm.MAX_MAX_TC03_TEMP) ↔ Part 425.operand
allarms 3,1981,569,Powerrail {} ↔ Part 557.in
allarms 3,1981,515,ORef 489 (ON) ↔ Part 557.operand
allarms 3,1981,558,Part 557.out ↔ Part 438.pre ↔ Part 441.pre ↔ Part 444.pre ↔ Part 459.pre ↔ Part 462.pre ↔ Part 465.pre ↔ Part 563.in
allarms 3,1981,516,ORef 490 (Data.Temp_TC04) ↔ Part 438.in1
allarms 3,1981,517,ORef 491 (Data.TC04_TC05_MAX_ALL) ↔ Part 438.in2
allarms 3,1981,518,Part 438.out ↔ Part 437.in1
allarms 3,1981,519,ORef 492 (Data.Temp_TC04) ↔ Part 441.in1
allarms 3,1981,520,ORef 493 (120) ↔ Part 441.in2
allarms 3,1981,521,Part 441.out ↔ Part 437.in2
allarms 3,1981,522,ORef 494 (Data.Temp_TC04) ↔ Part 444.in1
allarms 3,1981,523,ORef 495 (-60) ↔ Part 444.in2
allarms 3,1981,524,Part 444.out ↔ Part 437.in3
allarms 3,1981,525,Part 437.out ↔ Part 450.in ↔ Part 559.in
allarms 3,1981,526,ORef 496 (S5T#1M) ↔ Part 450.value
allarms 3,1981,527,ORef 497 (Tag_104) ↔ Part 450.operand
allarms 3,1981,528,ORef 498 (Tag_104) ↔ Part 559.operand
allarms 3,1981,560,Part 559.out ↔ Part 455.in
allarms 3,1981,530,ORef 499 (Allarm.MAX_TC04_TEMP) ↔ Part 455.operand
allarms 3,1981,532,ORef 500 (Data.Temp_TC05) ↔ Part 459.in1
allarms 3,1981,533,ORef 501 (Data.TC04_TC05_MAX_ALL) ↔ Part 459.in2
allarms 3,1981,534,Part 459.out ↔ Part 458.in1
allarms 3,1981,535,ORef 502 (Data.Temp_TC05) ↔ Part 462.in1
allarms 3,1981,536,ORef 503 (120) ↔ Part 462.in2
allarms 3,1981,537,Part 462.out ↔ Part 458.in2
allarms 3,1981,538,ORef 504 (Data.Temp_TC05) ↔ Part 465.in1
allarms 3,1981,539,ORef 505 (-60) ↔ Part 465.in2
allarms 3,1981,540,Part 465.out ↔ Part 458.in3
allarms 3,1981,541,Part 458.out ↔ Part 471.in ↔ Part 561.in
allarms 3,1981,542,ORef 506 (S5T#1M) ↔ Part 471.value
allarms 3,1981,543,ORef 507 (Tag_105) ↔ Part 471.operand
allarms 3,1981,544,ORef 508 (Tag_105) ↔ Part 561.operand
allarms 3,1981,25,Part 561.out ↔ Part 22.in
allarms 3,1981,27,ORef 28 (ServiceBit) ↔ Part 22.operand
allarms 3,1981,26,Part 22.out ↔ Part 476.in
allarms 3,1981,546,ORef 509 (Allarm.MAX_TC05_TEMP) ↔ Part 476.operand
allarms 3,1981,548,ORef 510 (Flag.RESET_ALLARM) ↔ Part 563.operand
allarms 3,1981,564,Part 563.out ↔ Part 565.in ↔ Part 567.in
allarms 3,1981,549,ORef 511 (Allarm.MAX_TC04_TEMP) ↔ Part 565.operand
allarms 3,1981,566,Part 565.out ↔ Part 484.in
allarms 3,1981,551,ORef 512 (Allarm.MAX_TC04_TEMP) ↔ Part 484.operand
allarms 3,1981,552,ORef 513 (Allarm.MAX_TC05_TEMP) ↔ Part 567.operand
allarms 3,1981,568,Part 567.out ↔ Part 488.in
allarms 3,1981,554,ORef 514 (Allarm.MAX_TC05_TEMP) ↔ Part 488.operand
allarms 3,1982,543,Powerrail {} ↔ Part 539.in
allarms 3,1982,518,ORef 505 (ON) ↔ Part 539.operand
allarms 3,1982,540,Part 539.out ↔ Part 484.pre ↔ Part 487.pre ↔ Part 541.in
allarms 3,1982,519,ORef 506 (Data.Oxigen_RO01) ↔ Part 484.in1
allarms 3,1982,520,ORef 507 (0) ↔ Part 484.in2
allarms 3,1982,521,Part 484.out ↔ Part 483.in1
allarms 3,1982,522,ORef 508 (Data.Oxigen_RO01) ↔ Part 487.in1
allarms 3,1982,523,ORef 509 (200) ↔ Part 487.in2
allarms 3,1982,524,Part 487.out ↔ Part 483.in2
allarms 3,1982,525,Part 483.out ↔ Part 22.in
allarms 3,1982,21,ORef 23 (ServiceBit) ↔ Part 22.operand
allarms 3,1982,24,Part 22.out ↔ Part 490.in
allarms 3,1982,527,ORef 510 (Allarm.Oxigen_Fault) ↔ Part 490.operand
allarms 3,1982,528,ORef 511 (Allarm.Oxigen_Fault) ↔ Part 541.operand
allarms 3,1982,542,Part 541.out ↔ Part 494.pre
allarms 3,1982,529,ORef 512 (Data.Oxigen_RO01) ↔ Part 494.in1
allarms 3,1982,530,ORef 513 (5) ↔ Part 494.in2
allarms 3,1982,531,Part 494.out ↔ Part 497.pre
allarms 3,1982,532,ORef 514 (Data.Oxigen_RO01) ↔ Part 497.in1
allarms 3,1982,533,ORef 515 (195) ↔ Part 497.in2
allarms 3,1982,534,Part 497.out ↔ Part 501.in ↔ Part 503.in
allarms 3,1982,535,ORef 516 (Allarm.Oxigen_Fault) ↔ Part 501.operand
allarms 3,1982,536,ORef 517 (Flag.STOP_HORN) ↔ Part 503.operand
allarms 3,1983,588,Powerrail {} ↔ Part 663.pre ↔ Part 626.in
allarms 3,1983,667,ORef 664 (Data.RO01_MAX_SETPOINT) ↔ Part 663.in1
allarms 3,1983,668,ORef 665 (100) ↔ Part 663.in2
allarms 3,1983,33,Part 663.out ↔ Part 32.en
allarms 3,1983,34,ORef 36 (100) ↔ Part 32.in
allarms 3,1983,35,Part 32.out1 ↔ ORef 37 (Data.RO01_MAX_SETPOINT)
allarms 3,1983,647,ORef 634 (ON) ↔ Part 626.operand
allarms 3,1983,648,Part 626.out ↔ Part 627.pre ↔ Part 629.in
allarms 3,1983,649,ORef 635 (Data.Oxigen_RO01) ↔ Part 627.in1
allarms 3,1983,650,ORef 636 (Data.RO01_MAX_SETPOINT) ↔ Part 627.in2
allarms 3,1983,651,Part 627.out ↔ Part 628.in
allarms 3,1983,652,ORef 637 (Allarm.Oxigen_Too_high) ↔ Part 628.operand
allarms 3,1983,653,ORef 638 (Allarm.Oxigen_Too_high) ↔ Part 629.operand
allarms 3,1983,654,Part 629.out ↔ Part 630.en ↔ Part 631.pre
allarms 3,1983,655,ORef 639 (Data.RO01_MAX_SETPOINT) ↔ Part 630.in1
allarms 3,1983,656,ORef 640 (10) ↔ Part 630.in2
allarms 3,1983,657,Part 630.out ↔ ORef 641 (app05)
allarms 3,1983,658,ORef 642 (Data.Oxigen_RO01) ↔ Part 631.in1
allarms 3,1983,659,ORef 643 (app05) ↔ Part 631.in2
allarms 3,1983,660,Part 631.out ↔ Part 632.in ↔ Part 633.in
allarms 3,1983,661,ORef 644 (Allarm.Oxigen_Too_high) ↔ Part 632.operand
allarms 3,1983,662,ORef 645 (Flag.STOP_HORN) ↔ Part 633.operand
allarms 3,1984,666,Powerrail {} ↔ Part 658.in
allarms 3,1984,633,ORef 617 (OFF) ↔ Part 658.operand
allarms 3,1984,659,Part 658.out ↔ Part 590.pre ↔ Part 662.in
allarms 3,1984,634,ORef 618 (Manage_TC1_2.PID_Ref_Temp) ↔ Part 590.in1
allarms 3,1984,635,ORef 619 (650.0) ↔ Part 590.in2
allarms 3,1984,636,Part 590.out ↔ Part 593.pre
allarms 3,1984,637,ORef 620 (Data.Oxigen_RO01) ↔ Part 593.in1
allarms 3,1984,638,ORef 621 (5) ↔ Part 593.in2
allarms 3,1984,639,Part 593.out ↔ Part 599.in ↔ Part 660.in
allarms 3,1984,640,ORef 622 (S5T#1M) ↔ Part 599.value
allarms 3,1984,641,ORef 623 (Tag_106) ↔ Part 599.operand
allarms 3,1984,642,ORef 624 (Tag_106) ↔ Part 660.operand
allarms 3,1984,661,Part 660.out ↔ Part 604.in
allarms 3,1984,644,ORef 625 (Allarm.Oxigen_LOW) ↔ Part 604.operand
allarms 3,1984,646,ORef 626 (Flag.RESET_ALLARM) ↔ Part 662.operand
allarms 3,1984,663,Part 662.out ↔ Part 664.in
allarms 3,1984,647,ORef 627 (Allarm.Oxigen_LOW) ↔ Part 664.operand
allarms 3,1984,665,Part 664.out ↔ Part 610.pre ↔ Part 613.pre
allarms 3,1984,648,ORef 628 (Data.Oxigen_RO01) ↔ Part 610.in1
allarms 3,1984,649,ORef 629 (20) ↔ Part 610.in2
allarms 3,1984,650,Part 610.out ↔ Part 609.in1
allarms 3,1984,651,ORef 630 (Manage_TC1_2.PID_Ref_Temp) ↔ Part 613.in1
allarms 3,1984,652,ORef 631 (650.0) ↔ Part 613.in2
allarms 3,1984,653,Part 613.out ↔ Part 609.in2
allarms 3,1984,654,Part 609.out ↔ Part 616.in
allarms 3,1984,656,ORef 632 (Allarm.Oxigen_LOW) ↔ Part 616.operand
allarms 3,1985,751,Powerrail {} ↔ Part 741.in
allarms 3,1985,714,ORef 696 (ON) ↔ Part 741.operand
allarms 3,1985,742,Part 741.out ↔ Part 743.in ↔ Part 747.in
allarms 3,1985,715,ORef 697 (RO01-RO02control disable) ↔ Part 743.operand
allarms 3,1985,744,Part 743.out ↔ Part 663.pre
allarms 3,1985,716,ORef 698 (Manage_TC1_2.PID_Ref_Temp) ↔ Part 663.in1
allarms 3,1985,717,ORef 699 (650.0) ↔ Part 663.in2
allarms 3,1985,718,Part 663.out ↔ Part 669.en ↔ Part 676.pre ↔ Part 679.pre
allarms 3,1985,719,ORef 700 (Data.Oxigen_RO01) ↔ Part 669.in1
allarms 3,1985,720,ORef 701 (Data.Oxigen_RO02) ↔ Part 669.in2
allarms 3,1985,721,Part 669.out ↔ ORef 702 (app01)
allarms 3,1985,722,ORef 703 (app01) ↔ Part 676.in1
allarms 3,1985,723,ORef 704 (-20) ↔ Part 676.in2
allarms 3,1985,724,Part 676.out ↔ Part 675.in1
allarms 3,1985,725,ORef 705 (app01) ↔ Part 679.in1
allarms 3,1985,726,ORef 706 (20) ↔ Part 679.in2
allarms 3,1985,727,Part 679.out ↔ Part 675.in2
allarms 3,1985,728,Part 675.out ↔ Part 685.in ↔ Part 745.in
allarms 3,1985,729,ORef 707 (S5T#1M) ↔ Part 685.value
allarms 3,1985,730,ORef 708 (Tag_107) ↔ Part 685.operand
allarms 3,1985,731,ORef 709 (Tag_107) ↔ Part 745.operand
allarms 3,1985,746,Part 745.out ↔ Part 690.in
allarms 3,1985,733,ORef 710 (Allarm.RO01_Signal_Fault) ↔ Part 690.operand
allarms 3,1985,736,ORef 711 (Flag.RESET_ALLARM) ↔ Part 747.operand
allarms 3,1985,748,Part 747.out ↔ Part 749.in
allarms 3,1985,737,ORef 712 (Allarm.RO01_Signal_Fault) ↔ Part 749.operand
allarms 3,1985,750,Part 749.out ↔ Part 695.in
allarms 3,1985,739,ORef 713 (Allarm.RO01_Signal_Fault) ↔ Part 695.operand
allarms 3,1986,842,Powerrail {} ↔ Part 832.in
allarms 3,1986,801,ORef 781 (ON) ↔ Part 832.operand
allarms 3,1986,833,Part 832.out ↔ Part 834.in ↔ Part 838.in
allarms 3,1986,802,ORef 782 (TC01-TC02control disable) ↔ Part 834.operand
allarms 3,1986,835,Part 834.out ↔ Part 745.pre ↔ Part 748.pre
allarms 3,1986,803,ORef 783 (Data.Temp_TC01) ↔ Part 745.in1
allarms 3,1986,804,ORef 784 (400) ↔ Part 745.in2
allarms 3,1986,805,Part 745.out ↔ Part 744.in1
allarms 3,1986,806,ORef 785 (Data.Temp_TC02) ↔ Part 748.in1
allarms 3,1986,807,ORef 786 (400) ↔ Part 748.in2
allarms 3,1986,808,Part 748.out ↔ Part 744.in2
allarms 3,1986,809,Part 744.out ↔ Part 754.en ↔ Part 761.pre ↔ Part 764.pre
allarms 3,1986,810,ORef 787 (Data.Temp_TC01) ↔ Part 754.in1
allarms 3,1986,811,ORef 788 (Data.Temp_TC02) ↔ Part 754.in2
allarms 3,1986,812,Part 754.out ↔ ORef 789 (app02)
allarms 3,1986,813,ORef 790 (app02) ↔ Part 761.in1
allarms 3,1986,814,ORef 791 (-100) ↔ Part 761.in2
allarms 3,1986,815,Part 761.out ↔ Part 760.in1
allarms 3,1986,816,ORef 792 (app02) ↔ Part 764.in1
allarms 3,1986,817,ORef 793 (100) ↔ Part 764.in2
allarms 3,1986,818,Part 764.out ↔ Part 760.in2
allarms 3,1986,819,Part 760.out ↔ Part 770.in ↔ Part 836.in
allarms 3,1986,820,ORef 794 (S5T#1M) ↔ Part 770.value
allarms 3,1986,821,ORef 795 (Tag_108) ↔ Part 770.operand
allarms 3,1986,822,ORef 796 (Tag_108) ↔ Part 836.operand
allarms 3,1986,837,Part 836.out ↔ Part 775.in
allarms 3,1986,824,ORef 797 (Allarm.TC01_TC02_COMP_FAULT) ↔ Part 775.operand
allarms 3,1986,827,ORef 798 (Flag.RESET_ALLARM) ↔ Part 838.operand
allarms 3,1986,839,Part 838.out ↔ Part 840.in
allarms 3,1986,828,ORef 799 (Allarm.TC01_TC02_COMP_FAULT) ↔ Part 840.operand
allarms 3,1986,841,Part 840.out ↔ Part 780.in
allarms 3,1986,830,ORef 800 (Allarm.TC01_TC02_COMP_FAULT) ↔ Part 780.operand
allarms 3,1987,864,Powerrail {} ↔ Part 856.in
allarms 3,1987,834,ORef 820 (ON) ↔ Part 856.operand
allarms 3,1987,21,Part 856.out ↔ Part 23.in
allarms 3,1987,22,ORef 24 (Inputs.FN01 Run) ↔ Part 23.operand
allarms 3,1987,25,Part 23.out ↔ Part 27.in
allarms 3,1987,26,ORef 28 (Inputs.FN04 Run) ↔ Part 27.operand
allarms 3,1987,857,Part 27.out ↔ Part 797.pre ↔ Part 800.pre ↔ Part 803.pre ↔ Part 860.in
allarms 3,1987,835,ORef 821 (Data.PC_01) ↔ Part 797.in1
allarms 3,1987,836,ORef 822 (-10) ↔ Part 797.in2
allarms 3,1987,837,Part 797.out ↔ Part 796.in1
allarms 3,1987,838,ORef 823 (Data.PC_01) ↔ Part 800.in1
allarms 3,1987,839,ORef 824 (Data.Min_Pressure_PC_01) ↔ Part 800.in2
allarms 3,1987,840,Part 800.out ↔ Part 796.in2
allarms 3,1987,841,ORef 825 (Data.PC_01) ↔ Part 803.in1
allarms 3,1987,842,ORef 826 (-800) ↔ Part 803.in2
allarms 3,1987,843,Part 803.out ↔ Part 796.in3
allarms 3,1987,844,Part 796.out ↔ Part 809.in ↔ Part 858.in
allarms 3,1987,845,ORef 827 (S5T#30S) ↔ Part 809.value
allarms 3,1987,846,ORef 828 (Tag_109) ↔ Part 809.operand
allarms 3,1987,847,ORef 829 (Tag_109) ↔ Part 858.operand
allarms 3,1987,859,Part 858.out ↔ Part 814.in
allarms 3,1987,849,ORef 830 (Allarm.Low_Aspiration) ↔ Part 814.operand
allarms 3,1987,851,ORef 831 (Flag.RESET_ALLARM) ↔ Part 860.operand
allarms 3,1987,861,Part 860.out ↔ Part 862.in
allarms 3,1987,852,ORef 832 (Allarm.Low_Aspiration) ↔ Part 862.operand
allarms 3,1987,863,Part 862.out ↔ Part 819.in
allarms 3,1987,854,ORef 833 (Allarm.Low_Aspiration) ↔ Part 819.operand
allarms 3,1988,910,Powerrail {} ↔ Part 904.in
allarms 3,1988,883,ORef 870 (OFF) ↔ Part 904.operand
allarms 3,1988,905,Part 904.out ↔ Part 848.pre ↔ Part 851.pre ↔ Part 908.in
allarms 3,1988,884,ORef 871 (Data.ZT_01) ↔ Part 848.in1
allarms 3,1988,885,ORef 872 (400) ↔ Part 848.in2
allarms 3,1988,886,Part 848.out ↔ Part 847.in1
allarms 3,1988,887,ORef 873 (Data.ZT_01) ↔ Part 851.in1
allarms 3,1988,888,ORef 874 (-800) ↔ Part 851.in2
allarms 3,1988,889,Part 851.out ↔ Part 847.in2
allarms 3,1988,890,Part 847.out ↔ Part 857.in ↔ Part 906.in
allarms 3,1988,891,ORef 875 (S5T#10S) ↔ Part 857.value
allarms 3,1988,892,ORef 876 (Tag_110) ↔ Part 857.operand
allarms 3,1988,893,ORef 877 (Tag_110) ↔ Part 906.operand
allarms 3,1988,907,Part 906.out ↔ Part 862.in
allarms 3,1988,895,ORef 878 (Allarm.ZT01_FN01_Vibration) ↔ Part 862.operand
allarms 3,1988,897,ORef 879 (Allarm.ZT01_FN01_Vibration) ↔ Part 908.operand
allarms 3,1988,909,Part 908.out ↔ Part 866.pre
allarms 3,1988,898,ORef 880 (Data.ZT_01) ↔ Part 866.in1
allarms 3,1988,899,ORef 881 (380) ↔ Part 866.in2
allarms 3,1988,900,Part 866.out ↔ Part 869.in
allarms 3,1988,902,ORef 882 (Allarm.ZT01_FN01_Vibration) ↔ Part 869.operand
allarms 3,1989,983,Powerrail {} ↔ Part 977.in
allarms 3,1989,955,ORef 940 (ON) ↔ Part 977.operand
allarms 3,1989,978,Part 977.out ↔ Part 908.pre ↔ Part 981.in
allarms 3,1989,956,ORef 941 (Data.PSH_02) ↔ Part 908.in1
allarms 3,1989,957,ORef 942 (Data.PSH02_MAX_SETPOINT) ↔ Part 908.in2
allarms 3,1989,958,Part 908.out ↔ Part 914.in ↔ Part 979.in
allarms 3,1989,959,ORef 943 (S5T#3M) ↔ Part 914.value
allarms 3,1989,960,ORef 944 (Tag_111) ↔ Part 914.operand
allarms 3,1989,961,ORef 945 (Tag_111) ↔ Part 979.operand
allarms 3,1989,980,Part 979.out ↔ Part 919.in
allarms 3,1989,963,ORef 946 (Allarm.MAX_PSH_02) ↔ Part 919.operand
allarms 3,1989,965,ORef 947 (Allarm.MAX_PSH_02) ↔ Part 981.operand
allarms 3,1989,982,Part 981.out ↔ Part 926.en ↔ Part 932.pre
allarms 3,1989,966,ORef 948 (Data.PSH02_MAX_SETPOINT) ↔ Part 926.in1
allarms 3,1989,967,ORef 949 (5) ↔ Part 926.in2
allarms 3,1989,968,Part 926.out ↔ ORef 950 (app06)
allarms 3,1989,969,ORef 951 (Data.PSH_02) ↔ Part 932.in1
allarms 3,1989,970,ORef 952 (app06) ↔ Part 932.in2
allarms 3,1989,971,Part 932.out ↔ Part 936.in ↔ Part 938.in
allarms 3,1989,972,ORef 953 (Allarm.MAX_PSH_02) ↔ Part 936.operand
allarms 3,1989,973,ORef 954 (Flag.STOP_HORN) ↔ Part 938.operand
allarms 3,1990,963,Powerrail {} ↔ Part 953.in
allarms 3,1990,943,ORef 936 (ON) ↔ Part 953.operand
allarms 3,1990,954,Part 953.out ↔ Part 955.in ↔ Part 957.in
allarms 3,1990,944,ORef 937 (Inputs.NITROGEN TANK READY) ↔ Part 955.operand
allarms 3,1990,25,Part 955.out ↔ Part 27.in
allarms 3,1990,26,ORef 28 (ServiceBit) ↔ Part 27.operand
allarms 3,1990,29,Part 27.out ↔ Part 929.in
allarms 3,1990,946,ORef 938 (Allarm.HYDROGEN_BOX_FAULT) ↔ Part 929.operand
allarms 3,1990,947,ORef 939 (Flag.RESET_ALLARM) ↔ Part 957.operand
allarms 3,1990,958,Part 957.out ↔ Part 959.in
allarms 3,1990,948,ORef 940 (Allarm.HYDROGEN_BOX_FAULT) ↔ Part 959.operand
allarms 3,1990,30,Part 959.out ↔ Part 961.in ↔ Part 964.in
allarms 3,1990,949,ORef 941 (Inputs.NITROGEN TANK READY) ↔ Part 961.operand
allarms 3,1990,962,Part 961.out ↔ Part 31.in1
allarms 3,1990,35,ORef 36 (ServiceBit) ↔ Part 964.operand
allarms 3,1990,34,Part 964.out ↔ Part 31.in2
allarms 3,1990,33,Part 31.out ↔ Part 935.in
allarms 3,1990,951,ORef 942 (Allarm.HYDROGEN_BOX_FAULT) ↔ Part 935.operand
allarms 3,1991,1183,Powerrail {} ↔ Part 1175.in
allarms 3,1991,1130,ORef 1101 (ON) ↔ Part 1175.operand
allarms 3,1991,1176,Part 1175.out ↔ Part 1046.pre ↔ Part 1053.en ↔ Part 1064.en ↔ Part 1086.pre ↔ Part 1089.pre ↔ Part 1092.pre ↔ Part 1179.in
allarms 3,1991,1131,ORef 1102 (Data.TC_09) ↔ Part 1046.in1
allarms 3,1991,1132,ORef 1103 (Data.TC09_MAX) ↔ Part 1046.in2
allarms 3,1991,1133,Part 1046.out ↔ Part 1049.in
allarms 3,1991,1135,ORef 1104 (Open false air) ↔ Part 1049.operand
allarms 3,1991,1136,ORef 1105 (Data.TC09_MAX) ↔ Part 1053.in1
allarms 3,1991,1137,ORef 1106 (5) ↔ Part 1053.in2
allarms 3,1991,1139,Part 1053.eno ↔ Part 1057.pre
allarms 3,1991,1138,Part 1053.out ↔ ORef 1107 (app07)
allarms 3,1991,1140,ORef 1108 (Data.TC_09) ↔ Part 1057.in1
allarms 3,1991,1141,ORef 1109 (app07) ↔ Part 1057.in2
allarms 3,1991,1142,Part 1057.out ↔ Part 1060.in
allarms 3,1991,1144,ORef 1110 (Allarm.MAX_TC09) ↔ Part 1060.operand
allarms 3,1991,1145,ORef 1111 (Data.TC09_MAX) ↔ Part 1064.in1
allarms 3,1991,1146,ORef 1112 (2) ↔ Part 1064.in2
allarms 3,1991,1148,Part 1064.eno ↔ Part 1068.pre
allarms 3,1991,1147,Part 1064.out ↔ ORef 1113 (app03)
allarms 3,1991,1149,ORef 1114 (Data.TC_09) ↔ Part 1068.in1
allarms 3,1991,1150,ORef 1115 (app03) ↔ Part 1068.in2
allarms 3,1991,1151,Part 1068.out ↔ Part 1177.in ↔ Part 1082.in
allarms 3,1991,1152,ORef 1116 (Allarm.MAX_TC09) ↔ Part 1177.operand
allarms 3,1991,1178,Part 1177.out ↔ Part 1076.in ↔ Part 1078.in
allarms 3,1991,1153,ORef 1117 (Allarm.MAX_TC09) ↔ Part 1076.operand
allarms 3,1991,1154,ORef 1118 (Flag.STOP_HORN) ↔ Part 1078.operand
allarms 3,1991,1156,ORef 1119 (Open false air) ↔ Part 1082.operand
allarms 3,1991,1158,ORef 1120 (Data.TC_09) ↔ Part 1086.in1
allarms 3,1991,1159,ORef 1121 (Data.TC09_MAX_MAX) ↔ Part 1086.in2
allarms 3,1991,1160,Part 1086.out ↔ Part 1085.in1
allarms 3,1991,1161,ORef 1122 (Data.TC_09) ↔ Part 1089.in1
allarms 3,1991,1162,ORef 1123 (200) ↔ Part 1089.in2
allarms 3,1991,1163,Part 1089.out ↔ Part 1085.in2
allarms 3,1991,1164,ORef 1124 (Data.TC_09) ↔ Part 1092.in1
allarms 3,1991,1165,ORef 1125 (-60) ↔ Part 1092.in2
allarms 3,1991,1166,Part 1092.out ↔ Part 1085.in3
allarms 3,1991,1167,Part 1085.out ↔ Part 1095.in
allarms 3,1991,1169,ORef 1126 (Allarm.MAX_MAX_TC09) ↔ Part 1095.operand
allarms 3,1991,1170,ORef 1127 (Flag.RESET_ALLARM) ↔ Part 1179.operand
allarms 3,1991,1180,Part 1179.out ↔ Part 1181.in
allarms 3,1991,1171,ORef 1128 (Allarm.MAX_MAX_TC09) ↔ Part 1181.operand
allarms 3,1991,1182,Part 1181.out ↔ Part 1100.in
allarms 3,1991,1173,ORef 1129 (Allarm.MAX_MAX_TC09) ↔ Part 1100.operand
allarms 3,1992,1212,Powerrail {} ↔ Part 1204.in
allarms 3,1992,1173,ORef 1153 (ON) ↔ Part 1204.operand
allarms 3,1992,1205,Part 1204.out ↔ Part 1121.pre ↔ Part 1124.pre ↔ Part 1127.pre ↔ Part 1130.pre ↔ Part 1208.in
allarms 3,1992,1174,ORef 1154 (Data.DP_01) ↔ Part 1121.in1
allarms 3,1992,1175,ORef 1155 (2800) ↔ Part 1121.in2
allarms 3,1992,1176,Part 1121.out ↔ Part 1120.in1
allarms 3,1992,1177,ORef 1156 (Data.DP_02) ↔ Part 1124.in1
allarms 3,1992,1178,ORef 1157 (2800) ↔ Part 1124.in2
allarms 3,1992,1179,Part 1124.out ↔ Part 1120.in2
allarms 3,1992,1180,ORef 1158 (Data.DP_01) ↔ Part 1127.in1
allarms 3,1992,1181,ORef 1159 (-100) ↔ Part 1127.in2
allarms 3,1992,1182,Part 1127.out ↔ Part 1120.in3
allarms 3,1992,1183,ORef 1160 (Data.DP_02) ↔ Part 1130.in1
allarms 3,1992,1184,ORef 1161 (-100) ↔ Part 1130.in2
allarms 3,1992,1185,Part 1130.out ↔ Part 1120.in4
allarms 3,1992,1186,Part 1120.out ↔ Part 1136.in ↔ Part 1206.in
allarms 3,1992,1187,ORef 1162 (S5T#3M) ↔ Part 1136.value
allarms 3,1992,1188,ORef 1163 (Tag_112) ↔ Part 1136.operand
allarms 3,1992,1189,ORef 1164 (Tag_112) ↔ Part 1206.operand
allarms 3,1992,1207,Part 1206.out ↔ Part 1141.in
allarms 3,1992,1191,ORef 1165 (Allarm.MAX_DP_FILTER) ↔ Part 1141.operand
allarms 3,1992,1193,ORef 1166 (Flag.RESET_ALLARM) ↔ Part 1208.operand
allarms 3,1992,1209,Part 1208.out ↔ Part 1210.in
allarms 3,1992,1194,ORef 1167 (Allarm.MAX_DP_FILTER) ↔ Part 1210.operand
allarms 3,1992,1211,Part 1210.out ↔ Part 1146.pre
allarms 3,1992,1195,ORef 1168 (Data.DP_01) ↔ Part 1146.in1
allarms 3,1992,1196,ORef 1169 (2500) ↔ Part 1146.in2
allarms 3,1992,1197,Part 1146.out ↔ Part 1149.pre
allarms 3,1992,1198,ORef 1170 (Data.DP_02) ↔ Part 1149.in1
allarms 3,1992,1199,ORef 1171 (2500) ↔ Part 1149.in2
allarms 3,1992,1200,Part 1149.out ↔ Part 1152.in
allarms 3,1992,1202,ORef 1172 (Allarm.MAX_DP_FILTER) ↔ Part 1152.operand
allarms 3,1993,1235,Powerrail {} ↔ Part 1227.in
allarms 3,1993,1208,ORef 1195 (ON) ↔ Part 1227.operand
allarms 3,1993,1228,Part 1227.out ↔ Part 22.in ↔ Part 1231.in
allarms 3,1993,21,ORef 23 (Inputs.BWF 01 RUN) ↔ Part 22.operand
allarms 3,1993,24,Part 22.out ↔ Part 26.in
allarms 3,1993,25,ORef 27 (Inputs.BWF 02 RUN) ↔ Part 26.operand
allarms 3,1993,28,Part 26.out ↔ Part 1174.en
allarms 3,1993,1209,ORef 1196 (Data.SET_PERC_BWF01) ↔ Part 1174.in1
allarms 3,1993,1210,ORef 1197 (Data.SET_PERC_BWF02) ↔ Part 1174.in2
allarms 3,1993,1212,Part 1174.eno ↔ Part 1178.pre
allarms 3,1993,1211,Part 1174.out ↔ ORef 1198 (Somma_Perc_alim)
allarms 3,1993,1213,ORef 1199 (Somma_Perc_alim) ↔ Part 1178.in1
allarms 3,1993,1214,ORef 1200 (100) ↔ Part 1178.in2
allarms 3,1993,1215,Part 1178.out ↔ Part 1184.in ↔ Part 1229.in
allarms 3,1993,1216,ORef 1201 (S5T#5S) ↔ Part 1184.value
allarms 3,1993,1217,ORef 1202 (Tag_113) ↔ Part 1184.operand
allarms 3,1993,1218,ORef 1203 (Tag_113) ↔ Part 1229.operand
allarms 3,1993,1230,Part 1229.out ↔ Part 1189.in
allarms 3,1993,1220,ORef 1204 (Allarm.Formula_Fault) ↔ Part 1189.operand
allarms 3,1993,1222,ORef 1205 (Flag.RESET_ALLARM) ↔ Part 1231.operand
allarms 3,1993,1232,Part 1231.out ↔ Part 1233.in
allarms 3,1993,1223,ORef 1206 (Allarm.Formula_Fault) ↔ Part 1233.operand
allarms 3,1993,1234,Part 1233.out ↔ Part 1194.in
allarms 3,1993,1225,ORef 1207 (Allarm.Formula_Fault) ↔ Part 1194.operand
allarms 3,1994,1285,Powerrail {} ↔ Part 1269.in
allarms 3,1994,1250,ORef 1235 (ON) ↔ Part 1269.operand
allarms 3,1994,1270,Part 1269.out ↔ Part 1271.in ↔ Part 1273.in ↔ Part 1275.in ↔ Part 1277.in ↔ Part 1279.in ↔ Part 1281.in
allarms 3,1994,1251,ORef 1236 (I/O FLT) ↔ Part 1271.operand
allarms 3,1994,1272,Part 1271.out ↔ Part 1211.in1
allarms 3,1994,1252,ORef 1237 (OB Fault) ↔ Part 1273.operand
allarms 3,1994,1274,Part 1273.out ↔ Part 1211.in2
allarms 3,1994,1253,ORef 1238 (Rack FAULT) ↔ Part 1275.operand
allarms 3,1994,1276,Part 1275.out ↔ Part 1211.in3
allarms 3,1994,1254,ORef 1239 (Module Access FLT) ↔ Part 1277.operand
allarms 3,1994,1278,Part 1277.out ↔ Part 1211.in4
allarms 3,1994,1255,ORef 1240 (Prog FAULT) ↔ Part 1279.operand
allarms 3,1994,1280,Part 1279.out ↔ Part 1211.in5
allarms 3,1994,1256,Part 1211.out ↔ Part 1217.in
allarms 3,1994,1258,ORef 1241 (Allarm.PLC_DIAGNOSTIC_FAULT) ↔ Part 1217.operand
allarms 3,1994,1259,ORef 1242 (Flag.RESET_ALLARM) ↔ Part 1281.operand
allarms 3,1994,1282,Part 1281.out ↔ Part 1283.in
allarms 3,1994,1260,ORef 1243 (Allarm.PLC_DIAGNOSTIC_FAULT) ↔ Part 1283.operand
allarms 3,1994,1284,Part 1283.out ↔ Part 1223.in ↔ Part 1225.in ↔ Part 1227.in ↔ Part 1229.in ↔ Part 1231.in ↔ Part 1233.in
allarms 3,1994,1261,ORef 1244 (Allarm.PLC_DIAGNOSTIC_FAULT) ↔ Part 1223.operand
allarms 3,1994,1262,ORef 1245 (I/O FLT) ↔ Part 1225.operand
allarms 3,1994,1263,ORef 1246 (OB Fault) ↔ Part 1227.operand
allarms 3,1994,1264,ORef 1247 (Rack FAULT) ↔ Part 1229.operand
allarms 3,1994,1265,ORef 1248 (Module Access FLT) ↔ Part 1231.operand
allarms 3,1994,1266,ORef 1249 (Prog FAULT) ↔ Part 1233.operand
allarms 3,1995,21,Powerrail {} ↔ Part 23.in ↔ Part 39.in ↔ Part 112.in
allarms 3,1995,22,ORef 24 (ON) ↔ Part 23.operand
allarms 3,1995,30,Part 23.out ↔ Part 25.pre
allarms 3,1995,26,ORef 27 (Data.RO_03) ↔ Part 25.in1
allarms 3,1995,28,ORef 29 (30) ↔ Part 25.in2
allarms 3,1995,33,Part 25.out ↔ Part 31.IN
allarms 3,1995,34,ORef 36 (T#2S) ↔ Part 31.PT
allarms 3,1995,43,Part 31.Q ↔ Part 41.in
allarms 3,1995,35,Part 31.ET ↔ ORef 37 (RefId (RefId 없음))
allarms 3,1995,44,ORef 45 (Allarm.RO03_Min) ↔ Part 41.operand
allarms 3,1995,32,ORef 40 (ON) ↔ Part 39.operand
allarms 3,1995,42,Part 39.out ↔ Part 67.pre
allarms 3,1995,72,ORef 77 (Data.RO_03) ↔ Part 67.in1
allarms 3,1995,76,ORef 78 (80) ↔ Part 67.in2
allarms 3,1995,71,Part 67.out ↔ Part 68.IN
allarms 3,1995,80,ORef 73 (T#2S) ↔ Part 68.PT
allarms 3,1995,81,Part 68.Q ↔ Part 70.in
allarms 3,1995,82,Part 68.ET ↔ ORef 74 (RefId (RefId 없음))
allarms 3,1995,83,ORef 75 (Allarm.RO03_Max) ↔ Part 70.operand
allarms 3,1995,123,ORef 117 (Flag.RESET_ALLARM) ↔ Part 112.operand
allarms 3,1995,124,Part 112.out ↔ Part 113.in ↔ Part 115.in
allarms 3,1995,125,ORef 118 (Allarm.RO03_Min) ↔ Part 113.operand
allarms 3,1995,126,Part 113.out ↔ Part 114.in
allarms 3,1995,127,ORef 119 (Allarm.RO03_Min) ↔ Part 114.operand
allarms 3,1995,128,ORef 120 (Allarm.RO03_Max) ↔ Part 115.operand
allarms 3,1995,129,Part 115.out ↔ Part 116.in
allarms 3,1995,130,ORef 121 (Allarm.RO03_Max) ↔ Part 116.operand
cyc_int5 ogni 100ms,5,200,Powerrail {} ↔ Part 188.in ↔ Part 190.in ↔ Part 192.in ↔ Part 196.in ↔ Part 198.in
cyc_int5 ogni 100ms,5,150,ORef 131 (ON) ↔ Part 188.operand
cyc_int5 ogni 100ms,5,189,Part 188.out ↔ Part 109.en
cyc_int5 ogni 100ms,5,151,ORef 132 (Flag.MV05_Auto) ↔ Part 190.operand
cyc_int5 ogni 100ms,5,191,Part 190.out ↔ Part 98.in1
cyc_int5 ogni 100ms,5,152,ORef 133 (Allarm.Oxigen_Fault) ↔ Part 192.operand
cyc_int5 ogni 100ms,5,193,Part 192.out ↔ Part 194.in
cyc_int5 ogni 100ms,5,153,ORef 134 (UNDER TESTING) ↔ Part 194.operand
cyc_int5 ogni 100ms,5,195,Part 194.out ↔ Part 98.in2
cyc_int5 ogni 100ms,5,155,Part 98.out ↔ Part 109.COM_RST
cyc_int5 ogni 100ms,5,156,ORef 135 (Inputs.MV05 open) ↔ Part 196.operand
cyc_int5 ogni 100ms,5,197,Part 196.out ↔ Part 109.LMNR_HS
cyc_int5 ogni 100ms,5,157,ORef 136 (Inputs.MV05 Close) ↔ Part 198.operand
cyc_int5 ogni 100ms,5,199,Part 198.out ↔ Part 109.LMNR_LS
cyc_int5 ogni 100ms,5,159,ORef 158 (RefId (RefId 없음)) ↔ Part 109.LMNS_ON
cyc_int5 ogni 100ms,5,161,ORef 160 (RefId (RefId 없음)) ↔ Part 109.LMNUP
cyc_int5 ogni 100ms,5,163,ORef 162 (RefId (RefId 없음)) ↔ Part 109.LMNDN
cyc_int5 ogni 100ms,5,165,ORef 164 (RefId (RefId 없음)) ↔ Part 109.PVPER_ON
cyc_int5 ogni 100ms,5,166,ORef 137 (T#100MS) ↔ Part 109.CYCLE
cyc_int5 ogni 100ms,5,167,ORef 138 (Real_SPO2) ↔ Part 109.SP_INT
cyc_int5 ogni 100ms,5,168,ORef 139 (Real_O2) ↔ Part 109.PV_IN
cyc_int5 ogni 100ms,5,170,ORef 169 (RefId (RefId 없음)) ↔ Part 109.PV_PER
cyc_int5 ogni 100ms,5,171,ORef 140 (2.0) ↔ Part 109.GAIN
cyc_int5 ogni 100ms,5,172,ORef 141 (T#1M) ↔ Part 109.TI
cyc_int5 ogni 100ms,5,173,ORef 142 (1.0) ↔ Part 109.DEADB_W
cyc_int5 ogni 100ms,5,175,ORef 174 (RefId (RefId 없음)) ↔ Part 109.PV_FAC
cyc_int5 ogni 100ms,5,177,ORef 176 (RefId (RefId 없음)) ↔ Part 109.PV_OFF
cyc_int5 ogni 100ms,5,178,ORef 143 (T#200MS) ↔ Part 109.PULSE_TM
cyc_int5 ogni 100ms,5,179,ORef 144 (T#3S) ↔ Part 109.BREAK_TM
cyc_int5 ogni 100ms,5,180,ORef 145 (T#5S) ↔ Part 109.MTR_TM
cyc_int5 ogni 100ms,5,181,ORef 146 (1.0) ↔ Part 109.DISV
cyc_int5 ogni 100ms,5,182,Part 109.QLMNUP ↔ ORef 147 (PID UP MV05)
cyc_int5 ogni 100ms,5,183,Part 109.QLMNDN ↔ ORef 148 (PID DOWN MV05)
cyc_int5 ogni 100ms,5,185,Part 109.PV ↔ ORef 184 (RefId (RefId 없음))
cyc_int5 ogni 100ms,5,187,Part 109.ER ↔ ORef 186 (RefId (RefId 없음))
cyc_int5 ogni 100ms,7,253,Powerrail {} ↔ Part 245.in ↔ Part 247.in ↔ Part 249.in ↔ Part 251.in
cyc_int5 ogni 100ms,7,211,ORef 194 (ON) ↔ Part 245.operand
cyc_int5 ogni 100ms,7,246,Part 245.out ↔ Part 172.en
cyc_int5 ogni 100ms,7,212,ORef 195 (Flag.MV02_Auto) ↔ Part 247.operand
cyc_int5 ogni 100ms,7,248,Part 247.out ↔ Part 172.COM_RST
cyc_int5 ogni 100ms,7,213,ORef 196 (Inputs.MV02 Open) ↔ Part 249.operand
cyc_int5 ogni 100ms,7,250,Part 249.out ↔ Part 172.LMNR_HS
cyc_int5 ogni 100ms,7,214,ORef 197 (Inputs.MV02 Close) ↔ Part 251.operand
cyc_int5 ogni 100ms,7,252,Part 251.out ↔ Part 172.LMNR_LS
cyc_int5 ogni 100ms,7,216,ORef 215 (RefId (RefId 없음)) ↔ Part 172.LMNS_ON
cyc_int5 ogni 100ms,7,218,ORef 217 (RefId (RefId 없음)) ↔ Part 172.LMNUP
cyc_int5 ogni 100ms,7,220,ORef 219 (RefId (RefId 없음)) ↔ Part 172.LMNDN
cyc_int5 ogni 100ms,7,222,ORef 221 (RefId (RefId 없음)) ↔ Part 172.PVPER_ON
cyc_int5 ogni 100ms,7,223,ORef 198 (T#100MS) ↔ Part 172.CYCLE
cyc_int5 ogni 100ms,7,224,ORef 199 (Real_SPPC01) ↔ Part 172.SP_INT
cyc_int5 ogni 100ms,7,225,ORef 200 (Real_PC01) ↔ Part 172.PV_IN
cyc_int5 ogni 100ms,7,227,ORef 226 (RefId (RefId 없음)) ↔ Part 172.PV_PER
cyc_int5 ogni 100ms,7,228,ORef 201 (-0.22) ↔ Part 172.GAIN
cyc_int5 ogni 100ms,7,229,ORef 202 (T#2S) ↔ Part 172.TI
cyc_int5 ogni 100ms,7,230,ORef 203 (2.0) ↔ Part 172.DEADB_W
cyc_int5 ogni 100ms,7,232,ORef 231 (RefId (RefId 없음)) ↔ Part 172.PV_FAC
cyc_int5 ogni 100ms,7,234,ORef 233 (RefId (RefId 없음)) ↔ Part 172.PV_OFF
cyc_int5 ogni 100ms,7,235,ORef 204 (T#200MS) ↔ Part 172.PULSE_TM
cyc_int5 ogni 100ms,7,236,ORef 205 (T#2S_500MS) ↔ Part 172.BREAK_TM
cyc_int5 ogni 100ms,7,237,ORef 206 (T#18S) ↔ Part 172.MTR_TM
cyc_int5 ogni 100ms,7,238,ORef 207 (1.0) ↔ Part 172.DISV
cyc_int5 ogni 100ms,7,239,Part 172.QLMNUP ↔ ORef 208 (PID MV02 UP)
cyc_int5 ogni 100ms,7,240,Part 172.QLMNDN ↔ ORef 209 (PID MV02 Down)
cyc_int5 ogni 100ms,7,242,Part 172.PV ↔ ORef 241 (RefId (RefId 없음))
cyc_int5 ogni 100ms,7,244,Part 172.ER ↔ ORef 243 (RefId (RefId 없음))
cyc_int5 ogni 100ms,8,21,Powerrail {} ↔ Part 22.pre
cyc_int5 ogni 100ms,8,27,ORef 29 (Data.TC03_SETPOINT) ↔ Part 22.in1
cyc_int5 ogni 100ms,8,28,ORef 30 (200) ↔ Part 22.in2
cyc_int5 ogni 100ms,8,33,Part 22.out ↔ Part 32.en
cyc_int5 ogni 100ms,8,34,ORef 36 (200) ↔ Part 32.in
cyc_int5 ogni 100ms,8,35,Part 32.out1 ↔ ORef 37 (Data.TC03_SETPOINT)
cyc_int5 ogni 100ms,11,479,Powerrail {} ↔ Part 463.in ↔ Part 465.in ↔ Part 467.in ↔ Part 473.in
cyc_int5 ogni 100ms,11,413,ORef 388 (ON) ↔ Part 463.operand
cyc_int5 ogni 100ms,11,464,Part 463.out ↔ Part 366.en
cyc_int5 ogni 100ms,11,414,ORef 389 (Flag.MV01_Auto) ↔ Part 465.operand
cyc_int5 ogni 100ms,11,466,Part 465.out ↔ Part 366.COM_RST
cyc_int5 ogni 100ms,11,415,ORef 390 (ON) ↔ Part 467.operand
cyc_int5 ogni 100ms,11,468,Part 467.out ↔ Part 469.in ↔ Part 471.in
cyc_int5 ogni 100ms,11,416,ORef 391 (Inputs.MV01 Open) ↔ Part 469.operand
cyc_int5 ogni 100ms,11,470,Part 469.out ↔ Part 348.in1
cyc_int5 ogni 100ms,11,417,ORef 392 (OFF) ↔ Part 471.operand
cyc_int5 ogni 100ms,11,472,Part 471.out ↔ Part 352.pre
cyc_int5 ogni 100ms,11,418,ORef 393 (Data.Pot_MV01) ↔ Part 352.in1
cyc_int5 ogni 100ms,11,419,ORef 394 (100) ↔ Part 352.in2
cyc_int5 ogni 100ms,11,420,Part 352.out ↔ Part 348.in2
cyc_int5 ogni 100ms,11,422,Part 348.out ↔ Part 366.LMNR_HS
cyc_int5 ogni 100ms,11,424,ORef 395 (ON) ↔ Part 473.operand
cyc_int5 ogni 100ms,11,474,Part 473.out ↔ Part 475.in ↔ Part 477.in
cyc_int5 ogni 100ms,11,425,ORef 396 (Inputs.MV01 Close) ↔ Part 475.operand
cyc_int5 ogni 100ms,11,476,Part 475.out ↔ Part 357.in1
cyc_int5 ogni 100ms,11,426,ORef 397 (OFF) ↔ Part 477.operand
cyc_int5 ogni 100ms,11,478,Part 477.out ↔ Part 361.pre
cyc_int5 ogni 100ms,11,427,ORef 398 (Data.Pot_MV01) ↔ Part 361.in1
cyc_int5 ogni 100ms,11,428,ORef 399 (10) ↔ Part 361.in2
cyc_int5 ogni 100ms,11,429,Part 361.out ↔ Part 357.in2
cyc_int5 ogni 100ms,11,431,Part 357.out ↔ Part 366.LMNR_LS
cyc_int5 ogni 100ms,11,434,ORef 433 (RefId (RefId 없음)) ↔ Part 366.LMNS_ON
cyc_int5 ogni 100ms,11,436,ORef 435 (RefId (RefId 없음)) ↔ Part 366.LMNUP
cyc_int5 ogni 100ms,11,438,ORef 437 (RefId (RefId 없음)) ↔ Part 366.LMNDN
cyc_int5 ogni 100ms,11,440,ORef 439 (RefId (RefId 없음)) ↔ Part 366.PVPER_ON
cyc_int5 ogni 100ms,11,441,ORef 400 (T#100MS) ↔ Part 366.CYCLE
cyc_int5 ogni 100ms,11,442,ORef 401 (Real_SP_TC03xMV01) ↔ Part 366.SP_INT
cyc_int5 ogni 100ms,11,443,ORef 402 (Real_TC03xMV01) ↔ Part 366.PV_IN
cyc_int5 ogni 100ms,11,445,ORef 444 (RefId (RefId 없음)) ↔ Part 366.PV_PER
cyc_int5 ogni 100ms,11,446,ORef 403 (3.0) ↔ Part 366.GAIN
cyc_int5 ogni 100ms,11,447,ORef 404 (T#3M) ↔ Part 366.TI
cyc_int5 ogni 100ms,11,448,ORef 405 (1.0) ↔ Part 366.DEADB_W
cyc_int5 ogni 100ms,11,450,ORef 449 (RefId (RefId 없음)) ↔ Part 366.PV_FAC
cyc_int5 ogni 100ms,11,452,ORef 451 (RefId (RefId 없음)) ↔ Part 366.PV_OFF
cyc_int5 ogni 100ms,11,453,ORef 406 (T#500MS) ↔ Part 366.PULSE_TM
cyc_int5 ogni 100ms,11,454,ORef 407 (T#1S) ↔ Part 366.BREAK_TM
cyc_int5 ogni 100ms,11,455,ORef 408 (T#31S) ↔ Part 366.MTR_TM
cyc_int5 ogni 100ms,11,456,ORef 409 (1.0) ↔ Part 366.DISV
cyc_int5 ogni 100ms,11,457,Part 366.QLMNUP ↔ ORef 410 (UP MV01 PID)
cyc_int5 ogni 100ms,11,458,Part 366.QLMNDN ↔ ORef 411 (DOWN MV01 PID)
cyc_int5 ogni 100ms,11,460,Part 366.PV ↔ ORef 459 (RefId (RefId 없음))
cyc_int5 ogni 100ms,11,462,Part 366.ER ↔ ORef 461 (RefId (RefId 없음))
cyc_int5 ogni 100ms,12,383,Powerrail {} ↔ Part 375.in
cyc_int5 ogni 100ms,12,368,ORef 363 (ON) ↔ Part 375.operand
cyc_int5 ogni 100ms,12,376,Part 375.out ↔ Part 377.in ↔ Part 379.in ↔ Part 381.in
cyc_int5 ogni 100ms,12,369,ORef 364 (Flag.MV04_Auto) ↔ Part 377.operand
cyc_int5 ogni 100ms,12,378,Part 377.out ↔ Part 358.in1
cyc_int5 ogni 100ms,12,370,ORef 365 (Start FN02) ↔ Part 379.operand
cyc_int5 ogni 100ms,12,380,Part 379.out ↔ Part 358.in2
cyc_int5 ogni 100ms,12,371,ORef 366 (ON) ↔ Part 381.operand
cyc_int5 ogni 100ms,12,382,Part 381.out ↔ Part 358.in3
cyc_int5 ogni 100ms,12,372,Part 358.out ↔ Part 362.in
cyc_int5 ogni 100ms,12,374,ORef 367 (VT02Manuale) ↔ Part 362.operand
cyc_int5 ogni 100ms,15,593,Powerrail {} ↔ Part 583.in ↔ Part 585.in ↔ Part 587.in ↔ Part 589.in ↔ Part 591.in
cyc_int5 ogni 100ms,15,547,ORef 529 (OFF) ↔ Part 583.operand
cyc_int5 ogni 100ms,15,584,Part 583.out ↔ Part 507.en
cyc_int5 ogni 100ms,15,548,ORef 530 (Flag.MV03_Auto) ↔ Part 585.operand
cyc_int5 ogni 100ms,15,586,Part 585.out ↔ Part 498.in1
cyc_int5 ogni 100ms,15,549,ORef 531 (Open MV03 for washing) ↔ Part 587.operand
cyc_int5 ogni 100ms,15,588,Part 587.out ↔ Part 498.in2
cyc_int5 ogni 100ms,15,550,Part 498.out ↔ Part 507.COM_RST
cyc_int5 ogni 100ms,15,551,ORef 532 (Inputs.MV03 open) ↔ Part 589.operand
cyc_int5 ogni 100ms,15,590,Part 589.out ↔ Part 507.LMNR_HS
cyc_int5 ogni 100ms,15,552,ORef 533 (Inputs.MV03 Close) ↔ Part 591.operand
cyc_int5 ogni 100ms,15,592,Part 591.out ↔ Part 507.LMNR_LS
cyc_int5 ogni 100ms,15,554,ORef 553 (RefId (RefId 없음)) ↔ Part 507.LMNS_ON
cyc_int5 ogni 100ms,15,556,ORef 555 (RefId (RefId 없음)) ↔ Part 507.LMNUP
cyc_int5 ogni 100ms,15,558,ORef 557 (RefId (RefId 없음)) ↔ Part 507.LMNDN
cyc_int5 ogni 100ms,15,560,ORef 559 (RefId (RefId 없음)) ↔ Part 507.PVPER_ON
cyc_int5 ogni 100ms,15,561,ORef 534 (T#100MS) ↔ Part 507.CYCLE
cyc_int5 ogni 100ms,15,562,ORef 535 (Real_SPPC02) ↔ Part 507.SP_INT
cyc_int5 ogni 100ms,15,563,ORef 536 (Real_PC02) ↔ Part 507.PV_IN
cyc_int5 ogni 100ms,15,565,ORef 564 (RefId (RefId 없음)) ↔ Part 507.PV_PER
cyc_int5 ogni 100ms,15,566,ORef 537 (-4.0) ↔ Part 507.GAIN
cyc_int5 ogni 100ms,15,567,ORef 538 (T#10S) ↔ Part 507.TI
cyc_int5 ogni 100ms,15,568,ORef 539 (2.0) ↔ Part 507.DEADB_W
cyc_int5 ogni 100ms,15,570,ORef 569 (RefId (RefId 없음)) ↔ Part 507.PV_FAC
cyc_int5 ogni 100ms,15,572,ORef 571 (RefId (RefId 없음)) ↔ Part 507.PV_OFF
cyc_int5 ogni 100ms,15,573,ORef 540 (T#200MS) ↔ Part 507.PULSE_TM
cyc_int5 ogni 100ms,15,574,ORef 541 (T#5S) ↔ Part 507.BREAK_TM
cyc_int5 ogni 100ms,15,575,ORef 542 (T#3S) ↔ Part 507.MTR_TM
cyc_int5 ogni 100ms,15,576,ORef 543 (2.0) ↔ Part 507.DISV
cyc_int5 ogni 100ms,15,577,Part 507.QLMNUP ↔ ORef 544 (PID UP MV03)
cyc_int5 ogni 100ms,15,578,Part 507.QLMNDN ↔ ORef 545 (PID down MV03)
cyc_int5 ogni 100ms,15,580,Part 507.PV ↔ ORef 579 (RefId (RefId 없음))
cyc_int5 ogni 100ms,15,582,Part 507.ER ↔ ORef 581 (RefId (RefId 없음))
cyc_int5 ogni 100ms,16,515,Powerrail {} ↔ Part 513.in
cyc_int5 ogni 100ms,16,25,ORef 26 (ON) ↔ Part 513.operand
cyc_int5 ogni 100ms,16,24,Part 513.out ↔ Part 508.en
