블록,네트워크 문서,Part UID,Gate,Negated 핀,피연산자 연결
hmi standard motors,331,23,Contact,,operand = Ingresso_run
hmi standard motors,331,27,Coil,,operand = Risposta
hmi standard motors,331,33,Contact,,operand = Allarme1
hmi standard motors,331,36,Contact,,operand = Allarme2
hmi standard motors,331,39,Contact,,operand = Allarme3
hmi standard motors,331,46,Contact,,operand = Allarme4
hmi standard motors,331,30,Contact,,operand = Allarme5
hmi standard motors,331,41,O,,
hmi standard motors,331,59,Coil,,operand = Comulativo_allarmi
hmi standard motorized valve,336,23,Contact,,operand = RefId 16 / ORef UID 24
hmi standard motorized valve,336,27,Coil,,operand = RefId 17 / ORef UID 28
hmi standard motorized valve,336,89,Contact,,operand = Ingresso_run_Closing
hmi standard motorized valve,336,90,Coil,,operand = Risposta_Closing
hmi standard motorized valve,336,33,Contact,,operand = Allarme1
hmi standard motorized valve,336,36,Contact,,operand = Allarme2
hmi standard motorized valve,336,39,Contact,,operand = Allarme3
hmi standard motorized valve,336,46,Contact,,operand = Allarme4
hmi standard motorized valve,336,30,Contact,,operand = Allarme5
hmi standard motorized valve,336,41,O,,
hmi standard motorized valve,336,59,Coil,,operand = Comulativo_allarmi
hmi standard motorized valve,336,97,Contact,,operand = Limit_switch_Open
hmi standard motorized valve,336,98,Coil,,operand = Limit_Switch_Open_HMI
hmi standard motorized valve,336,105,Contact,,operand = Limiti_Switch_Close
hmi standard motorized valve,336,106,Coil,,operand = Limit_Switch_Close_HMI
hmi pv_1gate,341,23,Contact,,operand = LS_Open
hmi pv_1gate,341,66,Coil,,operand = HMI_LS_Open
hmi pv_1gate,341,26,Contact,,operand = LS_Close
hmi pv_1gate,341,62,Coil,,operand = HMI_LS_Close
hmi pv_1gate,341,29,Contact,,operand = Selector
hmi pv_1gate,341,58,Coil,,operand = HMI_Selectoor
hmi pv_1gate,341,32,Contact,,operand = Allarm1
hmi pv_1gate,341,34,Contact,,operand = Allarm2
hmi pv_1gate,341,35,Contact,,operand = Allarm3
hmi pv_1gate,341,36,Contact,,operand = Allarm4
hmi pv_1gate,341,37,Contact,,operand = Allarm5
hmi pv_1gate,341,42,O,,
hmi pv_1gate,341,54,Coil,,operand = Total_Allarms
hmi pv_2gate,347,22,Contact,,operand = GateA_Open
hmi pv_2gate,347,23,Coil,,operand = HMI_GateA_Open
hmi pv_2gate,347,24,Contact,,operand = GateA_Close
hmi pv_2gate,347,25,Coil,,operand = HMI_GateA_Close
hmi pv_2gate,347,69,Contact,,operand = GateB_Open
hmi pv_2gate,347,70,Coil,,operand = HMI_GateB_Open
hmi pv_2gate,347,71,Contact,,operand = GateB_Close
hmi pv_2gate,347,72,Coil,,operand = HMI_GateB_Close
hmi pv_2gate,347,26,Contact,,operand = Selector_GateA
hmi pv_2gate,347,27,Coil,,operand = HMI_Selector_GateA
hmi pv_2gate,347,84,Contact,,operand = Selector_GateB
hmi pv_2gate,347,85,Coil,,operand = HMI_Selector_GateB
hmi pv_2gate,347,28,Contact,,operand = Allarm1
hmi pv_2gate,347,29,Contact,,operand = Allarm2
hmi pv_2gate,347,30,Contact,,operand = Allarm3
hmi pv_2gate,347,31,Contact,,operand = Allarm4
hmi pv_2gate,347,32,Contact,,operand = Allarm5
hmi pv_2gate,347,88,Contact,,operand = Allarm6
hmi pv_2gate,347,94,Contact,,operand = Allarm7
hmi pv_2gate,347,33,O,,
hmi pv_2gate,347,34,Coil,,operand = Total_Allarms
hmi output,356,22,Move,,in = Tag_280; out1 = RefId 27 / ORef UID 34
hmi output,356,23,Move,,in = Tag_281; out1 = RefId 50 / ORef UID 36
hmi output,356,24,Move,,in = Tag_282; out1 = RefId 51 / ORef UID 38
hmi output,356,25,Move,,in = Tag_283; out1 = RefId 52 / ORef UID 40
hmi output,356,26,Move,,in = Tag_284; out1 = RefId 53 / ORef UID 42
hmi output,356,27,Move,,in = Tag_285; out1 = RefId 54 / ORef UID 44
hmi output,356,28,Move,,in = Tag_286; out1 = RefId 55 / ORef UID 46
hmi output,356,29,Move,,in = Tag_287; out1 = RefId 56 / ORef UID 48
hmi output,356,30,Move,,in = Tag_288; out1 = RefId 57 / ORef UID 50
hmi output,356,31,Move,,in = Tag_289; out1 = RefId 58 / ORef UID 52
hmi output,356,32,Move,,in = Tag_290; out1 = RefId 59 / ORef UID 54
hmi output,356,85,Move,,in = Tag_291; out1 = RefId 49 / ORef UID 90
cyc_int4 ogni 200ms,396,92,Contact,,operand = OFF
cyc_int4 ogni 200ms,396,61,Add,,in1 = Data.Pot_MV02; in2 = 1; out = Data.Pot_MV02
cyc_int4 ogni 200ms,396,67,Gt,,in1 = Data.Pot_MV02; in2 = 100
cyc_int4 ogni 200ms,396,70,Move,,in = 0; out1 = Data.Pot_MV02
startup only,402,208,Contact,,operand = ON
startup only,402,138,Move,,in = RefId 54 / ORef UID 168; out1 = RefId 7 / ORef UID 169
startup only,402,141,Move,,in = RefId 54 / ORef UID 170; out1 = RefId 9 / ORef UID 171
startup only,402,144,Move,,in = RefId 54 / ORef UID 172; out1 = RefId 11 / ORef UID 173
startup only,402,147,Move,,in = RefId 54 / ORef UID 174; out1 = RefId 13 / ORef UID 175
startup only,402,155,Move,,in = RefId 54 / ORef UID 176; out1 = RefId 15 / ORef UID 177
startup only,402,158,Move,,in = RefId 54 / ORef UID 178; out1 = RefId 17 / ORef UID 179
startup only,402,161,Move,,in = RefId 54 / ORef UID 180; out1 = RefId 19 / ORef UID 181
startup only,402,164,Move,,in = RefId 54 / ORef UID 182; out1 = RefId 21 / ORef UID 183
startup only,403,329,Contact,,operand = ON
startup only,403,250,Move,,in = RefId 54 / ORef UID 285; out1 = RefId 24 / ORef UID 286
startup only,403,253,Move,,in = RefId 54 / ORef UID 287; out1 = RefId 26 / ORef UID 288
startup only,403,256,Move,,in = RefId 54 / ORef UID 289; out1 = RefId 28 / ORef UID 290
startup only,403,259,Move,,in = RefId 54 / ORef UID 291; out1 = RefId 30 / ORef UID 292
startup only,403,267,Move,,in = RefId 54 / ORef UID 293; out1 = RefId 32 / ORef UID 294
startup only,403,270,Move,,in = RefId 54 / ORef UID 295; out1 = RefId 34 / ORef UID 296
startup only,403,273,Move,,in = RefId 54 / ORef UID 297; out1 = RefId 36 / ORef UID 298
startup only,403,276,Move,,in = RefId 54 / ORef UID 299; out1 = RefId 38 / ORef UID 300
startup only,403,281,Move,,in = RefId 54 / ORef UID 301; out1 = RefId 40 / ORef UID 302
startup only,404,337,Contact,,operand = ON
startup only,404,293,SCoil,,operand = Flag.MV01_Auto
startup only,404,339,Contact,,operand = ON
startup only,404,297,SCoil,,operand = Flag.MV02_Auto
startup only,404,300,SCoil,,operand = Flag.MV03_Auto
startup only,404,341,Contact,,operand = ON
startup only,404,304,SCoil,,operand = Flag.MV04_Auto
startup only,404,307,SCoil,,operand = Flag.MV05_Auto
startup only,404,310,SCoil,,operand = Flag.MV06_Auto
startup only,404,313,SCoil,,operand = Flag.FN_04_AUTO
startup only,405,326,Contact,,operand = ON
startup only,405,303,SCoil,,operand = Flag.PV_02_GATE_A_MEM_CLOSE
startup only,405,305,SCoil,,operand = Flag.PV_02_GATE_B_MEM_CLOSE
startup only,405,307,SCoil,,operand = Flag.PV_01_GATE_A_MEM_CLOSE
startup only,405,309,SCoil,,operand = Flag.PV_01_GATE_B_MEM_CLOSE
startup only,405,311,SCoil,,operand = Flag.PV_03_GATE_MEM_CLOSE
motor/alarm client,410,67,Contact,,operand = ON
motor/alarm client,410,69,Contact,,operand = APRON CONVEYOR A FAULT
motor/alarm client,410,46,SCoil,,operand = Allarm.motor_client_01_fault
motor/alarm client,410,71,Contact,operand,operand = APRON CONVEYOR A FAULT
motor/alarm client,410,73,Contact,,operand = Flag.RESET_ALLARM
motor/alarm client,410,51,RCoil,,operand = Allarm.motor_client_01_fault
motor/alarm client,411,85,Contact,,operand = ON
motor/alarm client,411,87,Contact,,operand = IMPACTOR FAULT
motor/alarm client,411,64,SCoil,,operand = Allarm.motor_client_02_fault
motor/alarm client,411,89,Contact,operand,operand = IMPACTOR FAULT
motor/alarm client,411,91,Contact,,operand = Flag.RESET_ALLARM
motor/alarm client,411,69,RCoil,,operand = Allarm.motor_client_02_fault
motor/alarm client,412,103,Contact,,operand = ON
motor/alarm client,412,105,Contact,,operand = IMPACT VIBRATIONFEEDER FAULT
motor/alarm client,412,82,SCoil,,operand = Allarm.motor_client_03_fault
motor/alarm client,412,107,Contact,operand,operand = IMPACT VIBRATIONFEEDER FAULT
motor/alarm client,412,109,Contact,,operand = Flag.RESET_ALLARM
motor/alarm client,412,87,RCoil,,operand = Allarm.motor_client_03_fault
motor/alarm client,413,121,Contact,,operand = ON
motor/alarm client,413,123,Contact,,operand = BELT CONVEYOR  A FAULT
motor/alarm client,413,100,SCoil,,operand = Allarm.motor_client_04_fault
motor/alarm client,413,125,Contact,operand,operand = BELT CONVEYOR  A FAULT
motor/alarm client,413,127,Contact,,operand = Flag.RESET_ALLARM
motor/alarm client,413,105,RCoil,,operand = Allarm.motor_client_04_fault
motor/alarm client,414,139,Contact,,operand = ON
motor/alarm client,414,141,Contact,,operand = AIR KNIFE FAULT
motor/alarm client,414,118,SCoil,,operand = Allarm.motor_client_05_fault
motor/alarm client,414,143,Contact,operand,operand = AIR KNIFE FAULT
motor/alarm client,414,145,Contact,,operand = Flag.RESET_ALLARM
motor/alarm client,414,123,RCoil,,operand = Allarm.motor_client_05_fault
motor/alarm client,415,157,Contact,,operand = ON
motor/alarm client,415,159,Contact,,operand = BELT CONVEYOR B FAULT
motor/alarm client,415,136,SCoil,,operand = Allarm.motor_client_06_fault
motor/alarm client,415,161,Contact,operand,operand = BELT CONVEYOR B FAULT
motor/alarm client,415,163,Contact,,operand = Flag.RESET_ALLARM
motor/alarm client,415,141,RCoil,,operand = Allarm.motor_client_06_fault
motor/alarm client,416,175,Contact,,operand = ON
motor/alarm client,416,177,Contact,,operand = SHREDDER 1 FAULT
motor/alarm client,416,154,SCoil,,operand = Allarm.motor_client_07_fault
motor/alarm client,416,179,Contact,operand,operand = SHREDDER 1 FAULT
motor/alarm client,416,181,Contact,,operand = Flag.RESET_ALLARM
motor/alarm client,416,159,RCoil,,operand = Allarm.motor_client_07_fault
motor/alarm client,417,193,Contact,,operand = ON
motor/alarm client,417,195,Contact,,operand = SHREDDER VIBRATIONFEEDER FAULT
motor/alarm client,417,172,SCoil,,operand = Allarm.motor_client_08_fault
motor/alarm client,417,197,Contact,operand,operand = SHREDDER VIBRATIONFEEDER FAULT
motor/alarm client,417,199,Contact,,operand = Flag.RESET_ALLARM
motor/alarm client,417,177,RCoil,,operand = Allarm.motor_client_08_fault
motor/alarm client,418,211,Contact,,operand = ON
motor/alarm client,418,213,Contact,,operand = BELT CONVEYOR C FAULT
motor/alarm client,418,190,SCoil,,operand = Allarm.motor_client_09_fault
motor/alarm client,418,215,Contact,operand,operand = BELT CONVEYOR C FAULT
motor/alarm client,418,217,Contact,,operand = Flag.RESET_ALLARM
motor/alarm client,418,195,RCoil,,operand = Allarm.motor_client_09_fault
motor/alarm client,419,229,Contact,,operand = ON
motor/alarm client,419,231,Contact,,operand = ROTEX SCREENFAULT
motor/alarm client,419,208,SCoil,,operand = Allarm.motor_client_10_fault
motor/alarm client,419,233,Contact,operand,operand = ROTEX SCREENFAULT
motor/alarm client,419,235,Contact,,operand = Flag.RESET_ALLARM
motor/alarm client,419,213,RCoil,,operand = Allarm.motor_client_10_fault
motor/alarm client,420,283,Contact,,operand = ON
motor/alarm client,420,285,Contact,,operand = APRON CONVEYOR B FAULT
motor/alarm client,420,262,SCoil,,operand = Allarm.motor_client_13_fault
motor/alarm client,420,287,Contact,operand,operand = APRON CONVEYOR B FAULT
motor/alarm client,420,289,Contact,,operand = Flag.RESET_ALLARM
motor/alarm client,420,267,RCoil,,operand = Allarm.motor_client_13_fault
motor/alarm client,421,301,Contact,,operand = ON
motor/alarm client,421,303,Contact,,operand = SHREDDER 2FAULT
motor/alarm client,421,280,SCoil,,operand = Allarm.motor_client_14_fault
motor/alarm client,421,305,Contact,operand,operand = SHREDDER 2FAULT
motor/alarm client,421,307,Contact,,operand = Flag.RESET_ALLARM
motor/alarm client,421,285,RCoil,,operand = Allarm.motor_client_14_fault
motor/alarm client,422,319,Contact,,operand = ON
motor/alarm client,422,321,Contact,,operand = BELT COVEYOR  D FAULT
motor/alarm client,422,298,SCoil,,operand = Allarm.motor_client_15_fault
motor/alarm client,422,323,Contact,operand,operand = BELT COVEYOR  D FAULT
motor/alarm client,422,325,Contact,,operand = Flag.RESET_ALLARM
motor/alarm client,422,303,RCoil,,operand = Allarm.motor_client_15_fault
motor/alarm client,423,337,Contact,,operand = ON
motor/alarm client,423,339,Contact,,operand = BELT CONVEYOR  E FAULT
motor/alarm client,423,316,SCoil,,operand = Allarm.motor_client_16_fault
motor/alarm client,423,341,Contact,operand,operand = BELT CONVEYOR  E FAULT
motor/alarm client,423,343,Contact,,operand = Flag.RESET_ALLARM
motor/alarm client,423,321,RCoil,,operand = Allarm.motor_client_16_fault
motor/alarm client,424,355,Contact,,operand = ON
motor/alarm client,424,357,Contact,,operand = WEIGHTING HOPPER 2FAULT
motor/alarm client,424,334,SCoil,,operand = Allarm.motor_client_17_fault
motor/alarm client,424,359,Contact,operand,operand = WEIGHTING HOPPER 2FAULT
motor/alarm client,424,361,Contact,,operand = Flag.RESET_ALLARM
motor/alarm client,424,339,RCoil,,operand = Allarm.motor_client_17_fault
motor/alarm client,425,373,Contact,,operand = ON
motor/alarm client,425,375,Contact,,operand = HOPPER CONVEYOR 2FAULT
motor/alarm client,425,352,SCoil,,operand = Allarm.motor_client_18_fault
motor/alarm client,425,377,Contact,operand,operand = HOPPER CONVEYOR 2FAULT
motor/alarm client,425,379,Contact,,operand = Flag.RESET_ALLARM
motor/alarm client,425,357,RCoil,,operand = Allarm.motor_client_18_fault
motor/alarm client,426,391,Contact,,operand = ON
motor/alarm client,426,393,Contact,,operand = PRIMARYSHREDDER RUN
motor/alarm client,426,370,SCoil,,operand = Allarm.motor_client_19_fault
motor/alarm client,426,395,Contact,operand,operand = PRIMARYSHREDDER RUN
motor/alarm client,426,397,Contact,,operand = Flag.RESET_ALLARM
motor/alarm client,426,375,RCoil,,operand = Allarm.motor_client_19_fault
i/o_flt1,434,33,Contact,,operand = ON
i/o_flt1,434,28,SCoil,,operand = I/O FLT
mod_err,439,33,Contact,,operand = ON
mod_err,439,28,SCoil,,operand = Module Access FLT
prog_err,444,33,Contact,,operand = ON
prog_err,444,28,SCoil,,operand = Prog FAULT
tod_int0,449,33,Contact,,operand = ON
tod_int0,449,28,SCoil,,operand = Tag_191
rack_flt,765,33,Contact,,operand = ON
rack_flt,765,28,SCoil,,operand = Rack FAULT
allarm manager,927,213,Contact,,operand = Flag.RESET_ALLARM
allarm manager,927,215,Contact,,operand = Flag.RUN_HORN
allarm manager,927,217,Contact,,operand = Flag.STOP_HORN
allarm manager,927,121,O,,
allarm manager,927,127,Move,,in = RefId 8 / ORef UID 173; out1 = WorkData.W0
allarm manager,927,132,Move,,in = RefId 12 / ORef UID 175; out1 = WorkData.W1
allarm manager,927,137,Move,,in = RefId 15 / ORef UID 177; out1 = WorkData.W2
allarm manager,927,142,Move,,in = RefId 18 / ORef UID 179; out1 = WorkData.W3
allarm manager,927,147,Move,,in = RefId 21 / ORef UID 181; out1 = WorkData.W4
allarm manager,927,152,Move,,in = RefId 24 / ORef UID 183; out1 = WorkData.W15
allarm manager,927,157,Move,,in = RefId 27 / ORef UID 185; out1 = WorkData.W16
allarm manager,927,162,Move,,in = RefId 30 / ORef UID 187; out1 = WorkData.W17
allarm manager,927,167,Move,,in = RefId 33 / ORef UID 189; out1 = WorkData.W18
allarm manager,928,191,Ne,,in1 = RefId 8 / ORef UID 220; in2 = WorkData.W0
allarm manager,928,194,Ne,,in1 = RefId 12 / ORef UID 222; in2 = WorkData.W1
allarm manager,928,197,Ne,,in1 = RefId 15 / ORef UID 224; in2 = WorkData.W2
allarm manager,928,200,Ne,,in1 = RefId 18 / ORef UID 226; in2 = WorkData.W3
allarm manager,928,203,Ne,,in1 = RefId 21 / ORef UID 228; in2 = WorkData.W4
allarm manager,928,206,Ne,,in1 = RefId 24 / ORef UID 230; in2 = WorkData.W15
allarm manager,928,209,Ne,,in1 = RefId 27 / ORef UID 232; in2 = WorkData.W16
allarm manager,928,212,Ne,,in1 = RefId 30 / ORef UID 234; in2 = WorkData.W17
allarm manager,928,215,Ne,,in1 = RefId 33 / ORef UID 236; in2 = WorkData.W18
allarm manager,928,190,O,,
allarm manager,928,271,Contact,operand,operand = Flag.STOP_HORN
allarm manager,928,219,Coil,,operand = Flag.NEW_ALLARM
allarm manager,929,219,Contact,,operand = Flag.NEW_ALLARM
allarm manager,929,221,Contact,operand,operand = Flag.RESET_ALLARM
allarm manager,929,223,Contact,operand,operand = Flag.STOP_HORN
allarm manager,929,204,SCoil,,operand = Flag.RUN_HORN
allarm manager,929,206,RCoil,,operand = Flag.NEW_ALLARM
allarm manager,930,23,Contact,,operand = Inputs.Reset_allarmi
allarm manager,930,26,Contact,,operand = Flag.Reset_Allarms_HMI
allarm manager,930,28,O,,
allarm manager,930,33,SCoil,,operand = Flag.RESET_ALLARM
allarm manager,930,40,RCoil,,operand = Flag.Reset_Allarms_HMI
allarm manager,930,64,LRef,,호출 참조: RefId 77; PT = T#3s; ET = RefId (RefId 없음) / ORef UID 71
allarm manager,930,48,Coil,,operand = 103A7
allarm manager,930,73,LRef,,호출 참조: RefId 77; PT = T#3s; ET = RefId (RefId 없음) / ORef UID 76
allarm manager,930,60,Coil,,operand = Reset_Inverter
allarm manager,930,32,Contact,,operand = Inputs.Tacitazione
allarm manager,930,39,Contact,,operand = Flag.Stop_horn_HMI
allarm manager,930,44,O,,
allarm manager,930,49,SCoil,,operand = Flag.STOP_HORN
allarm manager,930,56,RCoil,,operand = Flag.Stop_horn_HMI
allarm manager,931,259,Contact,,operand = Flag.RESET_ALLARM
allarm manager,931,261,Contact,,operand = Flag.STOP_HORN
allarm manager,931,224,O,,
allarm manager,931,229,SdCoil,,value = S5T#1S; operand = Tag_160
allarm manager,931,263,Contact,,operand = Tag_160
allarm manager,931,235,RCoil,,operand = Flag.RESET_ALLARM
allarm manager,931,237,RCoil,,operand = Flag.STOP_HORN
allarm manager,931,239,RCoil,,operand = Blinking Ligh
allarm manager,932,23,CRef,,호출 참조: KF_KT; KF = Data.Siren_time; SEC = 0; KT = Data.SIREN_WORK_TIME
allarm manager,933,296,Contact,,operand = Flag.RUN_HORN
allarm manager,933,298,Contact,,operand = Flag.M_HORN
allarm manager,933,256,O,,
allarm manager,933,261,SdCoil,,value = Data.SIREN_WORK_TIME; operand = Tag_161
allarm manager,933,265,Coil,,operand = Siren
allarm manager,933,268,PBox,,bit = PLS M50.2
allarm manager,933,270,SCoil,,operand = Blinking Ligh
allarm manager,933,300,Contact,,operand = Tag_161
allarm manager,933,274,RCoil,,operand = Flag.RUN_HORN
allarm manager,934,305,Contact,,operand = ON
allarm manager,934,307,Contact,,operand = Tag_162
allarm manager,934,281,SCoil,,operand = Flag.M_TDPRO_REPORT
allarm manager,934,309,Contact,operand,operand = Flag.M_TDPRO_REPORT
allarm manager,934,311,Contact,operand,operand = Tag_162
allarm manager,934,286,SdCoil,,value = S5T#10M; operand = Tag_162
allarm manager,935,335,Contact,,operand = ON
allarm manager,935,337,Contact,operand,operand = Flag.M_TDPRO_REPORT
allarm manager,935,306,PBox,,bit = PLS 50_5
allarm manager,935,311,Move,,in = 0; out1 = Data.BWF01_count_rep
allarm manager,935,316,Move,,in = 0; out1 = Data.BWF02_count_rep
time work motor,1002,128,Contact,,operand = Tag_47
time work motor,1002,130,Contact,,operand = APRON CONVEYOR A RUN
time work motor,1002,82,Add,,in1 = hours motors.CLIENT_MOTOR_1_MIN; in2 = 1; out = hours motors.CLIENT_MOTOR_1_MIN
time work motor,1002,89,Ge,,in1 = hours motors.CLIENT_MOTOR_1_MIN; in2 = 60
time work motor,1002,92,Move,,in = 1; out1 = hours motors.CLIENT_MOTOR_1_HOUR
time work motor,1002,95,Move,,in = 0; out1 = hours motors.CLIENT_MOTOR_1_MIN
time work motor,1002,98,SCoil,,operand = Flag_Aggiorna_DB
time work motor,1003,182,Contact,,operand = Tag_47
time work motor,1003,184,Contact,,operand = IMPACTOR RUN
time work motor,1003,136,Add,,in1 = hours motors.CLIENT_MOTOR_2_MIN; in2 = 1; out = hours motors.CLIENT_MOTOR_2_MIN
time work motor,1003,143,Ge,,in1 = hours motors.CLIENT_MOTOR_2_MIN; in2 = 60
time work motor,1003,146,Move,,in = 1; out1 = hours motors.CLIENT_MOTOR_2_HOUR
time work motor,1003,149,Move,,in = 0; out1 = hours motors.CLIENT_MOTOR_2_MIN
time work motor,1003,152,SCoil,,operand = Flag_Aggiorna_DB
time work motor,1004,236,Contact,,operand = Tag_47
time work motor,1004,238,Contact,,operand = IMPACT VIBRATIONFEEDER RUN
time work motor,1004,190,Add,,in1 = hours motors.CLIENT_MOTOR_3_MIN; in2 = 1; out = hours motors.CLIENT_MOTOR_3_MIN
time work motor,1004,197,Ge,,in1 = hours motors.CLIENT_MOTOR_3_MIN; in2 = 60
time work motor,1004,200,Move,,in = 1; out1 = hours motors.CLIENT_MOTOR_3_HOUR
time work motor,1004,203,Move,,in = 0; out1 = hours motors.CLIENT_MOTOR_3_MIN
time work motor,1004,206,SCoil,,operand = Flag_Aggiorna_DB
time work motor,1005,290,Contact,,operand = Tag_47
time work motor,1005,292,Contact,,operand = BELT CONVEYOR A RUN
time work motor,1005,244,Add,,in1 = hours motors.CLIENT_MOTOR_4_MIN; in2 = 1; out = hours motors.CLIENT_MOTOR_4_MIN
time work motor,1005,251,Ge,,in1 = hours motors.CLIENT_MOTOR_4_MIN; in2 = 60
time work motor,1005,254,Move,,in = 1; out1 = hours motors.CLIENT_MOTOR_4_HOUR
time work motor,1005,257,Move,,in = 0; out1 = hours motors.CLIENT_MOTOR_4_MIN
time work motor,1005,260,SCoil,,operand = Flag_Aggiorna_DB
time work motor,1006,344,Contact,,operand = Tag_47
time work motor,1006,346,Contact,,operand = AIR KNIFE RUN
time work motor,1006,298,Add,,in1 = hours motors.CLIENT_MOTOR_5_MIN; in2 = 1; out = hours motors.CLIENT_MOTOR_5_MIN
time work motor,1006,305,Ge,,in1 = hours motors.CLIENT_MOTOR_5_MIN; in2 = 60
time work motor,1006,308,Move,,in = 1; out1 = hours motors.CLIENT_MOTOR_5_HOUR
time work motor,1006,311,Move,,in = 0; out1 = hours motors.CLIENT_MOTOR_5_MIN
time work motor,1006,314,SCoil,,operand = Flag_Aggiorna_DB
time work motor,1007,398,Contact,,operand = Tag_47
time work motor,1007,400,Contact,,operand = BELT CONVEYOR B RUN
time work motor,1007,352,Add,,in1 = hours motors.CLIENT_MOTOR_6_MIN; in2 = 1; out = hours motors.CLIENT_MOTOR_6_MIN
time work motor,1007,359,Ge,,in1 = hours motors.CLIENT_MOTOR_6_MIN; in2 = 60
time work motor,1007,362,Move,,in = 1; out1 = hours motors.CLIENT_MOTOR_6_HOUR
time work motor,1007,365,Move,,in = 0; out1 = hours motors.CLIENT_MOTOR_6_MIN
time work motor,1007,368,SCoil,,operand = Flag_Aggiorna_DB
time work motor,1008,452,Contact,,operand = Tag_47
time work motor,1008,454,Contact,,operand = SHREDDER 1 RUN
time work motor,1008,406,Add,,in1 = hours motors.CLIENT_MOTOR_7_MIN; in2 = 1; out = hours motors.CLIENT_MOTOR_7_MIN
time work motor,1008,413,Ge,,in1 = hours motors.CLIENT_MOTOR_7_MIN; in2 = 60
time work motor,1008,416,Move,,in = 1; out1 = hours motors.CLIENT_MOTOR_7_HOUR
time work motor,1008,419,Move,,in = 0; out1 = hours motors.CLIENT_MOTOR_7_MIN
time work motor,1008,422,SCoil,,operand = Flag_Aggiorna_DB
time work motor,1009,506,Contact,,operand = Tag_47
time work motor,1009,508,Contact,,operand = SHREDDER VIBRATIONFEEDER RUN
time work motor,1009,460,Add,,in1 = hours motors.CLIENT_MOTOR_8_MIN; in2 = 1; out = hours motors.CLIENT_MOTOR_8_MIN
time work motor,1009,467,Ge,,in1 = hours motors.CLIENT_MOTOR_8_MIN; in2 = 60
time work motor,1009,470,Move,,in = 1; out1 = hours motors.CLIENT_MOTOR_8_HOUR
time work motor,1009,473,Move,,in = 0; out1 = hours motors.CLIENT_MOTOR_8_MIN
time work motor,1009,476,SCoil,,operand = Flag_Aggiorna_DB
time work motor,1010,560,Contact,,operand = Tag_47
time work motor,1010,562,Contact,,operand = BELT CONVEYOR  C RUN
time work motor,1010,514,Add,,in1 = hours motors.CLIENT_MOTOR_9_MIN; in2 = 1; out = hours motors.CLIENT_MOTOR_9_MIN
time work motor,1010,521,Ge,,in1 = hours motors.CLIENT_MOTOR_9_MIN; in2 = 60
time work motor,1010,524,Move,,in = 1; out1 = hours motors.CLIENT_MOTOR_9_HOUR
time work motor,1010,527,Move,,in = 0; out1 = hours motors.CLIENT_MOTOR_9_MIN
time work motor,1010,530,SCoil,,operand = Flag_Aggiorna_DB
time work motor,1011,614,Contact,,operand = Tag_47
time work motor,1011,616,Contact,,operand = ROTEX SCREEN RUN
time work motor,1011,568,Add,,in1 = hours motors.CLIENT_MOTOR_10_MIN; in2 = 1; out = hours motors.CLIENT_MOTOR_10_MIN
time work motor,1011,575,Ge,,in1 = hours motors.CLIENT_MOTOR_10_MIN; in2 = 60
time work motor,1011,578,Move,,in = 1; out1 = hours motors.CLIENT_MOTOR_10_HOUR
time work motor,1011,581,Move,,in = 0; out1 = hours motors.CLIENT_MOTOR_10_MIN
time work motor,1011,584,SCoil,,operand = Flag_Aggiorna_DB
time work motor,1012,776,Contact,,operand = Tag_47
time work motor,1012,778,Contact,,operand = APRON CONVEYOR B RUN
time work motor,1012,730,Add,,in1 = hours motors.CLIENT_MOTOR_13_MIN; in2 = 1; out = hours motors.CLIENT_MOTOR_13_MIN
time work motor,1012,737,Ge,,in1 = hours motors.CLIENT_MOTOR_13_MIN; in2 = 60
time work motor,1012,740,Move,,in = 1; out1 = hours motors.CLIENT_MOTOR_13_HOUR
time work motor,1012,743,Move,,in = 0; out1 = hours motors.CLIENT_MOTOR_13_MIN
time work motor,1012,746,SCoil,,operand = Flag_Aggiorna_DB
time work motor,1013,830,Contact,,operand = Tag_47
time work motor,1013,832,Contact,,operand = SHREDDER 2 RUN
time work motor,1013,784,Add,,in1 = hours motors.CLIENT_MOTOR_14_MIN; in2 = 1; out = hours motors.CLIENT_MOTOR_14_MIN
time work motor,1013,791,Ge,,in1 = hours motors.CLIENT_MOTOR_14_MIN; in2 = 60
time work motor,1013,794,Move,,in = 1; out1 = hours motors.CLIENT_MOTOR_14_HOUR
time work motor,1013,797,Move,,in = 0; out1 = hours motors.CLIENT_MOTOR_14_MIN
time work motor,1013,800,SCoil,,operand = Flag_Aggiorna_DB
time work motor,1014,884,Contact,,operand = Tag_47
time work motor,1014,886,Contact,,operand = BELT CONVEYOR  D RUN
time work motor,1014,838,Add,,in1 = hours motors.CLIENT_MOTOR_15_MIN; in2 = 1; out = hours motors.CLIENT_MOTOR_15_MIN
time work motor,1014,845,Ge,,in1 = hours motors.CLIENT_MOTOR_15_MIN; in2 = 60
time work motor,1014,848,Move,,in = 1; out1 = hours motors.CLIENT_MOTOR_15_HOUR
time work motor,1014,851,Move,,in = 0; out1 = hours motors.CLIENT_MOTOR_15_MIN
time work motor,1014,854,SCoil,,operand = Flag_Aggiorna_DB
time work motor,1015,938,Contact,,operand = Tag_47
time work motor,1015,940,Contact,,operand = BELT CONVEYOR E RUN
time work motor,1015,892,Add,,in1 = hours motors.CLIENT_MOTOR_16_MIN; in2 = 1; out = hours motors.CLIENT_MOTOR_16_MIN
time work motor,1015,899,Ge,,in1 = hours motors.CLIENT_MOTOR_16_MIN; in2 = 60
time work motor,1015,902,Move,,in = 1; out1 = hours motors.CLIENT_MOTOR_16_HOUR
time work motor,1015,905,Move,,in = 0; out1 = hours motors.CLIENT_MOTOR_16_MIN
time work motor,1015,908,SCoil,,operand = Flag_Aggiorna_DB
time work motor,1016,992,Contact,,operand = Tag_47
time work motor,1016,994,Contact,,operand = LIW SYSTEMAUTOREADER
time work motor,1016,946,Add,,in1 = hours motors.CLIENT_MOTOR_17_MIN; in2 = 1; out = hours motors.CLIENT_MOTOR_17_MIN
time work motor,1016,953,Ge,,in1 = hours motors.CLIENT_MOTOR_17_MIN; in2 = 60
time work motor,1016,956,Move,,in = 1; out1 = hours motors.CLIENT_MOTOR_17_HOUR
time work motor,1016,959,Move,,in = 0; out1 = hours motors.CLIENT_MOTOR_17_MIN
time work motor,1016,962,SCoil,,operand = Flag_Aggiorna_DB
time work motor,1017,1100,Contact,,operand = Tag_47
time work motor,1017,1102,Contact,,operand = PRIMARYSHREDDER RUN
time work motor,1017,1054,Add,,in1 = hours motors.CLIENT_MOTOR_19_MIN; in2 = 1; out = hours motors.CLIENT_MOTOR_19_MIN
time work motor,1017,1061,Ge,,in1 = hours motors.CLIENT_MOTOR_19_MIN; in2 = 60
time work motor,1017,1064,Move,,in = 1; out1 = hours motors.CLIENT_MOTOR_19_HOUR
time work motor,1017,1067,Move,,in = 0; out1 = hours motors.CLIENT_MOTOR_19_MIN
time work motor,1017,1070,SCoil,,operand = Flag_Aggiorna_DB
time work motor,1018,1154,Contact,,operand = Tag_47
time work motor,1018,1156,Contact,,operand = BC01_Fbk
time work motor,1018,1108,Add,,in1 = hours motors.BC_01_MIN; in2 = 1; out = hours motors.BC_01_MIN
time work motor,1018,1115,Ge,,in1 = hours motors.BC_01_MIN; in2 = 60
time work motor,1018,1118,Move,,in = 1; out1 = hours motors.BC_01_HOUR
time work motor,1018,1121,Move,,in = 0; out1 = hours motors.BC_01_MIN
time work motor,1018,1124,SCoil,,operand = Flag_Aggiorna_DB
time work motor,1019,1208,Contact,,operand = Tag_47
time work motor,1019,1210,Contact,,operand = RD01_Fbk
time work motor,1019,1162,Add,,in1 = hours motors.RD_01_MIN; in2 = 1; out = hours motors.RD_01_MIN
time work motor,1019,1169,Ge,,in1 = hours motors.RD_01_MIN; in2 = 60
time work motor,1019,1172,Move,,in = 1; out1 = hours motors.RD_01_HOUR
time work motor,1019,1175,Move,,in = 0; out1 = hours motors.RD_01_MIN
time work motor,1019,1178,SCoil,,operand = Flag_Aggiorna_DB
time work motor,1020,1262,Contact,,operand = Tag_47
time work motor,1020,1264,Contact,,operand = RD01F_Fbk
time work motor,1020,1216,Add,,in1 = hours motors.RD_01_FAN_MIN; in2 = 1; out = hours motors.RD_01_FAN_MIN
time work motor,1020,1223,Ge,,in1 = hours motors.RD_01_FAN_MIN; in2 = 60
time work motor,1020,1226,Move,,in = 1; out1 = hours motors.RD_01_FAN_HOUR
time work motor,1020,1229,Move,,in = 0; out1 = hours motors.RD_01_FAN_MIN
time work motor,1020,1232,SCoil,,operand = Flag_Aggiorna_DB
time work motor,1021,1316,Contact,,operand = Tag_47
time work motor,1021,1318,Contact,,operand = 102A7_SPARE5
time work motor,1021,1270,Add,,in1 = hours motors.MC_03_MIN; in2 = 1; out = hours motors.MC_03_MIN
time work motor,1021,1277,Ge,,in1 = hours motors.MC_03_MIN; in2 = 60
time work motor,1021,1280,Move,,in = 1; out1 = hours motors.MC_03_HOUR
time work motor,1021,1283,Move,,in = 0; out1 = hours motors.MC_03_MIN
time work motor,1021,1286,SCoil,,operand = Flag_Aggiorna_DB
time work motor,1022,1370,Contact,,operand = Tag_47
time work motor,1022,1372,Contact,,operand = MC04_Fbk
time work motor,1022,1324,Add,,in1 = hours motors.MC_04_MIN; in2 = 1; out = hours motors.MC_04_MIN
time work motor,1022,1331,Ge,,in1 = hours motors.MC_04_MIN; in2 = 60
time work motor,1022,1334,Move,,in = 1; out1 = hours motors.MC_04_HOUR
time work motor,1022,1337,Move,,in = 0; out1 = hours motors.MC_04_MIN
time work motor,1022,1340,SCoil,,operand = Flag_Aggiorna_DB
time work motor,1024,1478,Contact,,operand = Tag_47
time work motor,1024,1480,Contact,,operand = VS01_Fbk
time work motor,1024,1432,Add,,in1 = hours motors.VS_01_MIN; in2 = 1; out = hours motors.VS_01_MIN
time work motor,1024,1439,Ge,,in1 = hours motors.VS_01_MIN; in2 = 60
time work motor,1024,1442,Move,,in = 1; out1 = hours motors.VS_01_HOUR
time work motor,1024,1445,Move,,in = 0; out1 = hours motors.VS_01_MIN
time work motor,1024,1448,SCoil,,operand = Flag_Aggiorna_DB
time work motor,1026,1586,Contact,,operand = Tag_47
time work motor,1026,1588,Contact,,operand = FN02_Fbk
time work motor,1026,1540,Add,,in1 = hours motors.FN_02_MIN; in2 = 1; out = hours motors.FN_02_MIN
time work motor,1026,1547,Ge,,in1 = hours motors.FN_02_MIN; in2 = 60
time work motor,1026,1550,Move,,in = 1; out1 = hours motors.FN_02_HOUR
time work motor,1026,1553,Move,,in = 0; out1 = hours motors.FN_02_MIN
time work motor,1026,1556,SCoil,,operand = Flag_Aggiorna_DB
time work motor,1027,1640,Contact,,operand = Tag_47
time work motor,1027,1642,Contact,,operand = VR01_Fbk
time work motor,1027,1594,Add,,in1 = hours motors.VR_01_MIN; in2 = 1; out = hours motors.VR_01_MIN
time work motor,1027,1601,Ge,,in1 = hours motors.VR_01_MIN; in2 = 60
time work motor,1027,1604,Move,,in = 1; out1 = hours motors.VR_01_HOUR
time work motor,1027,1607,Move,,in = 0; out1 = hours motors.VR_01_MIN
time work motor,1027,1610,SCoil,,operand = Flag_Aggiorna_DB
time work motor,1028,1694,Contact,,operand = Tag_47
time work motor,1028,1696,Contact,,operand = FN01_Fbk
time work motor,1028,1648,Add,,in1 = hours motors.FN_01_MIN; in2 = 1; out = hours motors.FN_01_MIN
time work motor,1028,1655,Ge,,in1 = hours motors.FN_01_MIN; in2 = 60
time work motor,1028,1658,Move,,in = 1; out1 = hours motors.FN_01_HOUR
time work motor,1028,1661,Move,,in = 0; out1 = hours motors.FN_01_MIN
time work motor,1028,1664,SCoil,,operand = Flag_Aggiorna_DB
time work motor,1029,1748,Contact,,operand = Tag_47
time work motor,1029,1750,Contact,,operand = VR02_Fbk
time work motor,1029,1702,Add,,in1 = hours motors.VR_02_MIN; in2 = 1; out = hours motors.VR_02_MIN
time work motor,1029,1709,Ge,,in1 = hours motors.VR_02_MIN; in2 = 60
time work motor,1029,1712,Move,,in = 1; out1 = hours motors.VR_02_HOUR
time work motor,1029,1715,Move,,in = 0; out1 = hours motors.VR_02_MIN
time work motor,1029,1718,SCoil,,operand = Flag_Aggiorna_DB
time work motor,1030,1802,Contact,,operand = Tag_47
time work motor,1030,1804,Contact,,operand = CH01_Fbk
time work motor,1030,1756,Add,,in1 = hours motors.CH_01_MIN; in2 = 1; out = hours motors.CH_01_MIN
time work motor,1030,1763,Ge,,in1 = hours motors.CH_01_MIN; in2 = 60
time work motor,1030,1766,Move,,in = 1; out1 = hours motors.CH_01_HOUR
time work motor,1030,1769,Move,,in = 0; out1 = hours motors.CH_01_MIN
time work motor,1030,1772,SCoil,,operand = Flag_Aggiorna_DB
time work motor,1031,1856,Contact,,operand = Tag_47
time work motor,1031,1858,Contact,,operand = FN03_Fbk
time work motor,1031,1810,Add,,in1 = hours motors.FN_03_MIN; in2 = 1; out = hours motors.FN_03_MIN
time work motor,1031,1817,Ge,,in1 = hours motors.FN_03_MIN; in2 = 60
time work motor,1031,1820,Move,,in = 1; out1 = hours motors.FN_03_HOUR
time work motor,1031,1823,Move,,in = 0; out1 = hours motors.FN_03_MIN
time work motor,1031,1826,SCoil,,operand = Flag_Aggiorna_DB
time work motor,1032,1910,Contact,,operand = Tag_47
time work motor,1032,1912,Contact,,operand = FN06_Fbk
time work motor,1032,1864,Add,,in1 = hours motors.FN_06_MIN; in2 = 1; out = hours motors.FN_06_MIN
time work motor,1032,1871,Ge,,in1 = hours motors.FN_06_MIN; in2 = 60
time work motor,1032,1874,Move,,in = 1; out1 = hours motors.FN_06_HOUR
time work motor,1032,1877,Move,,in = 0; out1 = hours motors.FN_06_MIN
time work motor,1032,1880,SCoil,,operand = Flag_Aggiorna_DB
time work motor,1033,1964,Contact,,operand = Tag_47
time work motor,1033,1966,Contact,,operand = SC01_Fbk
time work motor,1033,1918,Add,,in1 = hours motors.SC_01_MIN; in2 = 1; out = hours motors.SC_01_MIN
time work motor,1033,1925,Ge,,in1 = hours motors.SC_01_MIN; in2 = 60
time work motor,1033,1928,Move,,in = 1; out1 = hours motors.SC_01_HOUR
time work motor,1033,1931,Move,,in = 0; out1 = hours motors.SC_01_MIN
time work motor,1033,1934,SCoil,,operand = Flag_Aggiorna_DB
time work motor,1035,2072,Contact,,operand = Tag_47
time work motor,1035,2074,Contact,,operand = LD-01_Fbk
time work motor,1035,2026,Add,,in1 = hours motors.LD_01_MIN; in2 = 1; out = hours motors.LD_01_MIN
time work motor,1035,2033,Ge,,in1 = hours motors.LD_01_MIN; in2 = 60
time work motor,1035,2036,Move,,in = 1; out1 = hours motors.LD_01_HOUR
time work motor,1035,2039,Move,,in = 0; out1 = hours motors.LD_01_MIN
time work motor,1035,2042,SCoil,,operand = Flag_Aggiorna_DB
time work motor,1036,2126,Contact,,operand = Tag_47
time work motor,1036,2128,Contact,,operand = LD-01A_Fbk
time work motor,1036,2080,Add,,in1 = hours motors.LD_01_VIB_MIN; in2 = 1; out = hours motors.LD_01_VIB_MIN
time work motor,1036,2087,Ge,,in1 = hours motors.LD_01_VIB_MIN; in2 = 60
time work motor,1036,2090,Move,,in = 1; out1 = hours motors.LD_01_VIB_HOUR
time work motor,1036,2093,Move,,in = 0; out1 = hours motors.LD_01_VIB_MIN
time work motor,1036,2096,SCoil,,operand = Flag_Aggiorna_DB
time work motor,1037,2180,Contact,,operand = Tag_47
time work motor,1037,2182,Contact,,operand = SC-10_Fbk
time work motor,1037,2134,Add,,in1 = hours motors.SC_10_MIN; in2 = 1; out = hours motors.SC_10_MIN
time work motor,1037,2141,Ge,,in1 = hours motors.SC_10_MIN; in2 = 60
time work motor,1037,2144,Move,,in = 1; out1 = hours motors.SC_10_HOUR
time work motor,1037,2147,Move,,in = 0; out1 = hours motors.SC_10_MIN
time work motor,1037,2150,SCoil,,operand = Flag_Aggiorna_DB
time work motor,1038,2234,Contact,,operand = Tag_47
time work motor,1038,2236,Contact,,operand = SC-11_Fbk
time work motor,1038,2188,Add,,in1 = hours motors.SC_11_MIN; in2 = 1; out = hours motors.SC_11_MIN
time work motor,1038,2195,Ge,,in1 = hours motors.SC_11_MIN; in2 = 60
time work motor,1038,2198,Move,,in = 1; out1 = hours motors.SC_11_HOUR
time work motor,1038,2201,Move,,in = 0; out1 = hours motors.SC_11_MIN
time work motor,1038,2204,SCoil,,operand = Flag_Aggiorna_DB
time work motor,1039,2288,Contact,,operand = Tag_47
time work motor,1039,2290,Contact,,operand = FN04_Fbk
time work motor,1039,2242,Add,,in1 = hours motors.FN_04_MIN; in2 = 1; out = hours motors.FN_04_MIN
time work motor,1039,2249,Ge,,in1 = hours motors.FN_04_MIN; in2 = 60
time work motor,1039,2252,Move,,in = 1; out1 = hours motors.FN_04_HOUR
time work motor,1039,2255,Move,,in = 0; out1 = hours motors.FN_04_MIN
time work motor,1039,2258,SCoil,,operand = Flag_Aggiorna_DB
time work motor,1040,2342,Contact,,operand = Tag_47
time work motor,1040,2344,Contact,,operand = VR03_Fbk
time work motor,1040,2296,Add,,in1 = hours motors.VR_03_MIN; in2 = 1; out = hours motors.VR_03_MIN
time work motor,1040,2303,Ge,,in1 = hours motors.VR_03_MIN; in2 = 60
time work motor,1040,2306,Move,,in = 1; out1 = hours motors.VR_03_HOUR
time work motor,1040,2309,Move,,in = 0; out1 = hours motors.VR_03_MIN
time work motor,1040,2312,SCoil,,operand = Flag_Aggiorna_DB
time work motor,1041,2396,Contact,,operand = Tag_47
time work motor,1041,2398,Contact,,operand = VR04_Fbk
time work motor,1041,2350,Add,,in1 = hours motors.VR_04_MIN; in2 = 1; out = hours motors.VR_04_MIN
time work motor,1041,2357,Ge,,in1 = hours motors.VR_04_MIN; in2 = 60
time work motor,1041,2360,Move,,in = 1; out1 = hours motors.VR_04_HOUR
time work motor,1041,2363,Move,,in = 0; out1 = hours motors.VR_04_MIN
time work motor,1041,2366,SCoil,,operand = Flag_Aggiorna_DB
time work motor,1042,2450,Contact,,operand = Tag_47
time work motor,1042,2452,Contact,,operand = VR05_Fbk
time work motor,1042,2404,Add,,in1 = hours motors.VR_05_MIN; in2 = 1; out = hours motors.VR_05_MIN
time work motor,1042,2411,Ge,,in1 = hours motors.VR_05_MIN; in2 = 60
time work motor,1042,2414,Move,,in = 1; out1 = hours motors.VR_05_HOUR
time work motor,1042,2417,Move,,in = 0; out1 = hours motors.VR_05_MIN
time work motor,1042,2420,SCoil,,operand = Flag_Aggiorna_DB
time work motor,1043,2504,Contact,,operand = Tag_47
time work motor,1043,2506,Contact,,operand = VR06_Fbk
time work motor,1043,2458,Add,,in1 = hours motors.VR_06_MIN; in2 = 1; out = hours motors.VR_06_MIN
time work motor,1043,2465,Ge,,in1 = hours motors.VR_06_MIN; in2 = 60
time work motor,1043,2468,Move,,in = 1; out1 = hours motors.VR_06_HOUR
time work motor,1043,2471,Move,,in = 0; out1 = hours motors.VR_06_MIN
time work motor,1043,2474,SCoil,,operand = Flag_Aggiorna_DB
time work motor,1044,2558,Contact,,operand = Tag_47
time work motor,1044,2560,Contact,,operand = FN05_Fbk
time work motor,1044,2512,Add,,in1 = hours motors.FN_05_MIN; in2 = 1; out = hours motors.FN_05_MIN
time work motor,1044,2519,Ge,,in1 = hours motors.FN_05_MIN; in2 = 60
time work motor,1044,2522,Move,,in = 1; out1 = hours motors.FN_05_HOUR
time work motor,1044,2525,Move,,in = 0; out1 = hours motors.FN_05_MIN
time work motor,1044,2528,SCoil,,operand = Flag_Aggiorna_DB
time work motor,1045,2615,Contact,,operand = Tag_48
time work motor,1045,2574,Move,,in = 0; out1 = hours motors.CLIENT_MOTOR_1_HOUR
time work motor,1045,2577,Move,,in = 0; out1 = hours motors.CLIENT_MOTOR_2_HOUR
time work motor,1045,2580,Move,,in = 0; out1 = hours motors.CLIENT_MOTOR_3_HOUR
time work motor,1045,2583,Move,,in = 0; out1 = hours motors.CLIENT_MOTOR_4_HOUR
time work motor,1045,2586,Move,,in = 0; out1 = hours motors.CLIENT_MOTOR_5_HOUR
time work motor,1046,2677,Contact,,operand = Tag_48
time work motor,1046,2636,Move,,in = 0; out1 = hours motors.CLIENT_MOTOR_6_HOUR
time work motor,1046,2639,Move,,in = 0; out1 = hours motors.CLIENT_MOTOR_7_HOUR
time work motor,1046,2642,Move,,in = 0; out1 = hours motors.CLIENT_MOTOR_8_HOUR
time work motor,1046,2645,Move,,in = 0; out1 = hours motors.CLIENT_MOTOR_9_HOUR
time work motor,1046,2648,Move,,in = 0; out1 = hours motors.CLIENT_MOTOR_10_HOUR
time work motor,1047,2739,Contact,,operand = Tag_48
time work motor,1047,2698,Move,,in = 0; out1 = hours motors.CLIENT_MOTOR_11_HOUR
time work motor,1047,2701,Move,,in = 0; out1 = hours motors.CLIENT_MOTOR_12_HOUR
time work motor,1047,2704,Move,,in = 0; out1 = hours motors.CLIENT_MOTOR_13_HOUR
time work motor,1047,2707,Move,,in = 0; out1 = hours motors.CLIENT_MOTOR_14_HOUR
time work motor,1047,2710,Move,,in = 0; out1 = hours motors.CLIENT_MOTOR_15_HOUR
time work motor,1048,2801,Contact,,operand = Tag_48
time work motor,1048,2760,Move,,in = 0; out1 = hours motors.CLIENT_MOTOR_16_HOUR
time work motor,1048,2763,Move,,in = 0; out1 = hours motors.CLIENT_MOTOR_17_HOUR
time work motor,1048,2766,Move,,in = 0; out1 = hours motors.CLIENT_MOTOR_18_HOUR
time work motor,1048,2769,Move,,in = 0; out1 = hours motors.CLIENT_MOTOR_19_HOUR
time work motor,1048,2772,Move,,in = 0; out1 = hours motors.BC_01_HOUR
time work motor,1049,2863,Contact,,operand = Tag_48
time work motor,1049,2822,Move,,in = 0; out1 = hours motors.RD_01_HOUR
time work motor,1049,2825,Move,,in = 0; out1 = hours motors.RD_01_FAN_HOUR
time work motor,1049,2828,Move,,in = 0; out1 = hours motors.MC_03_HOUR
time work motor,1049,2831,Move,,in = 0; out1 = hours motors.MC_04_HOUR
time work motor,1049,2834,Move,,in = 0; out1 = hours motors.MC_05_HOUR
time work motor,1050,2925,Contact,,operand = Tag_48
time work motor,1050,2884,Move,,in = 0; out1 = hours motors.VS_01_HOUR
time work motor,1050,2887,Move,,in = 0; out1 = hours motors.SC_12_HOUR
time work motor,1050,2890,Move,,in = 0; out1 = hours motors.FN_02_HOUR
time work motor,1050,2893,Move,,in = 0; out1 = hours motors.VR_01_HOUR
time work motor,1050,2896,Move,,in = 0; out1 = hours motors.FN_01_HOUR
time work motor,1051,2987,Contact,,operand = Tag_48
time work motor,1051,2946,Move,,in = 0; out1 = hours motors.VR_02_HOUR
time work motor,1051,2949,Move,,in = 0; out1 = hours motors.CH_01_HOUR
time work motor,1051,2952,Move,,in = 0; out1 = hours motors.FN_03_HOUR
time work motor,1051,2955,Move,,in = 0; out1 = hours motors.FN_06_HOUR
time work motor,1051,2958,Move,,in = 0; out1 = hours motors.SC_01_HOUR
time work motor,1052,3049,Contact,,operand = Tag_48
time work motor,1052,3008,Move,,in = 0; out1 = hours motors.FN_01_FAN_HOUR
time work motor,1052,3011,Move,,in = 0; out1 = hours motors.LD_01_HOUR
time work motor,1052,3014,Move,,in = 0; out1 = hours motors.LD_01_VIB_HOUR
time work motor,1052,3017,Move,,in = 0; out1 = hours motors.SC_10_HOUR
time work motor,1052,3020,Move,,in = 0; out1 = hours motors.SC_11_HOUR
time work motor,1053,3111,Contact,,operand = Tag_48
time work motor,1053,3070,Move,,in = 0; out1 = hours motors.FN_04_HOUR
time work motor,1053,3073,Move,,in = 0; out1 = hours motors.VR_03_HOUR
time work motor,1053,3076,Move,,in = 0; out1 = hours motors.VR_04_HOUR
time work motor,1053,3079,Move,,in = 0; out1 = hours motors.VR_05_HOUR
time work motor,1053,3082,Move,,in = 0; out1 = hours motors.VR_06_HOUR
time work motor,1054,3085,Contact,,operand = Tag_48
time work motor,1054,3076,Move,,in = RefId 12 / ORef UID 3080; out1 = hours motors.FN_05_HOUR
time work motor,1055,3147,Contact,,operand = ON
time work motor,1055,3149,Contact,,operand = Flag_Aggiorna_DB
time work motor,1055,3110,SCoil,,operand = MEM2_0
time work motor,1055,3151,Contact,,operand = MEM2_0
time work motor,1055,3153,Contact,operand,operand = Flag_Aggiorna_DB
time work motor,1055,3118,SdCoil,,value = S5T#5S; operand = Tag_48
time work motor,1055,3155,Contact,,operand = Tag_48
time work motor,1055,3123,RCoil,,operand = MEM2_0
time work motor,1056,3120,Contact,operand,operand = Tag_47
time work motor,1056,3112,SdCoil,,value = S5T#1M; operand = Tag_47
hmi inputs,1070,22,Move,,in = Tag_178; out1 = RefId 5 / ORef UID 26
hmi inputs,1070,27,Move,,in = Tag_179; out1 = RefId 9 / ORef UID 29
hmi inputs,1070,35,Move,,in = Tag_180; out1 = RefId 11 / ORef UID 37
hmi inputs,1070,42,Move,,in = Tag_171; out1 = RefId 14 / ORef UID 46
hmi inputs,1070,43,Move,,in = Tag_181; out1 = RefId 16 / ORef UID 48
hmi inputs,1070,44,Move,,in = Tag_182; out1 = RefId 18 / ORef UID 50
hmi inputs,1070,60,Move,,in = Tag_183; out1 = RefId 20 / ORef UID 64
hmi inputs,1070,61,Move,,in = Tag_274; out1 = RefId 22 / ORef UID 66
hmi inputs,1070,62,Move,,in = Tag_275; out1 = RefId 24 / ORef UID 68
hmi inputs,1070,78,Move,,in = Tag_276; out1 = RefId 26 / ORef UID 82
hmi inputs,1070,79,Move,,in = Tag_277; out1 = RefId 28 / ORef UID 84
hmi inputs,1070,101,Contact,,operand = PV-14 CLOSE
hmi inputs,1070,105,Coil,,operand = Inputs.PV-14 CLOSE
hmi inputs,1070,108,Contact,,operand = PV-14 OPEN
hmi inputs,1070,112,Coil,,operand = Inputs.PV-14 OPEN
hmi inputs,1070,33,Contact,,operand = FN04_Fbk
hmi inputs,1070,118,Coil,,operand = Inputs.FN04 Run
hmi inputs,1070,69,Contact,,operand = FN04_All_inv
hmi inputs,1070,120,Coil,,operand = Inputs.FN04_All_inv
hmi inputs,1070,86,Contact,,operand = 177T1_OK
hmi inputs,1070,125,Coil,,operand = Inputs.177T1_OK
hmi inputs,1070,94,Contact,,operand = LL_LD01
hmi inputs,1070,130,Coil,,operand = Inputs.LD-01 Minimo
hmi inputs,1070,97,Contact,,operand = 170FC1
hmi inputs,1070,135,Coil,,operand = Inputs.LD-01 Inspection LS
hmi inputs,1070,114,Contact,,operand = 170SA1
hmi inputs,1070,140,Coil,,operand = Inputs.LD-01 Local Button
hmi inputs,1070,127,Contact,,operand = MV03_Open
hmi inputs,1070,142,Not,,
hmi inputs,1070,147,Coil,,operand = Inputs.MV03 open
hmi inputs,1070,149,Contact,,operand = MV03_Close
hmi inputs,1070,150,Not,,
hmi inputs,1070,151,Coil,,operand = Inputs.MV03 Close
hmi inputs,1071,22,Move,,in = TC04; out1 = Inputs.TC_04
hmi inputs,1071,27,Move,,in = TC05; out1 = Inputs.TC_05
hmi inputs,1071,34,Move,,in = BWF01_FlowRate; out1 = Inputs.Flow_rate_BWF01
hmi inputs,1071,41,Move,,in = BWF02_FlowRate; out1 = Inputs.Flow_rate_BWF02
hmi inputs,1071,48,Move,,in = BWF01_Level; out1 = Inputs.Level_BWF01
hmi inputs,1071,49,Move,,in = BWF02_Level; out1 = Inputs.Level_BWF02
hmi inputs,1071,50,Move,,in = TC01; out1 = Inputs.TC_01
hmi inputs,1071,51,Move,,in = TC02; out1 = Inputs.TC_02
hmi inputs,1071,72,Move,,in = TC03; out1 = Inputs.TC_03
hmi inputs,1071,73,Move,,in = TC06; out1 = Inputs.TC_06
hmi inputs,1071,74,Move,,in = TC07; out1 = Inputs.TC_07
hmi inputs,1071,75,Move,,in = ZT01; out1 = Inputs.ZT_01
hmi inputs,1071,96,Move,,in = PSH01; out1 = Inputs.PSH_01
hmi inputs,1071,97,Move,,in = PSH02; out1 = Inputs.PSH_02
hmi inputs,1071,98,Move,,in = PSH03; out1 = Inputs.PSH_03
hmi inputs,1071,99,Move,,in = PC01; out1 = Inputs.PC_01
hmi inputs,1071,122,Move,,in = FN02_Current; out1 = Inputs.FN02_ABSORPTION
hmi inputs,1071,123,Move,,in = FN04_Current; out1 = Inputs.FN04_ABSORPTION
hmi inputs,1071,144,Move,,in = RD01_Current; out1 = Inputs.RD01_ABSORBPTION
hmi inputs,1071,145,Move,,in = FN01_Current; out1 = Inputs.FN01_ABSORPTION
hmi inputs,1071,146,Move,,in = R001; out1 = Inputs.RO_01
hmi inputs,1071,147,Move,,in = R002; out1 = Inputs.RO_02
hmi inputs,1071,168,Move,,in = R003; out1 = Inputs.RO_03
hmi inputs,1071,169,Move,,in = R004; out1 = Inputs.RO_04
hmi inputs,1071,170,Move,,in = BR01_GAS; out1 = Inputs.BR_01_RETRANSMISSION_GAS
hmi inputs,1071,171,Move,,in = BR01_AIR; out1 = Inputs.BR_01_RETRANSMISSION_AIR
hmi inputs,1071,84,Move,,in = BR01_FlowMeter_GAS; out1 = Inputs.BR_01_MASSFLOWMETER_GAS
hmi inputs,1071,194,Move,,in = BR01_FlowMeter_AIR; out1 = Inputs.BR_01_MASSFLOWMETER_AIR
simulation,1079,23,Contact,operand,operand = Clock100ms
simulation,1079,26,LRef,,호출 참조: RefId 260; PT = T#100ms; ET = RefId (RefId 없음) / ORef UID 32
simulation,1079,39,Coil,,operand = Clock100ms
simulation,1080,23,Contact,,operand = ON
simulation,1080,27,Coil,,operand = Inputs.MC04 torque
simulation,1080,33,Coil,,operand = Inputs.Low Pressure Air
simulation,1080,36,Coil,,operand = Inputs.LD-01 Minimo
simulation,1080,39,Coil,,operand = Inputs.NITROGEN TANK READY
simulation,1080,42,Coil,,operand = Inputs.EM_OK
simulation,1080,45,Coil,,operand = Inputs.Presenza_110V
simulation,1081,21,Contact,operand,operand = Clock3s
simulation,1081,22,LRef,,호출 참조: RefId 260; PT = T#3s; ET = RefId (RefId 없음) / ORef UID 27
simulation,1081,24,Coil,,operand = Clock3s
simulation,1082,23,Contact,,operand = Flag.M_BC_01
simulation,1082,33,Coil,,operand = Inputs.BC01 run
simulation,1082,26,Contact,,operand = Flag.M_RD_01
simulation,1082,37,Coil,,operand = Inputs.RD01 run
simulation,1082,29,Contact,,operand = Flag.M_RD_01_FAN
simulation,1082,41,Coil,,operand = Inputs.fan RD01 run
simulation,1082,43,Contact,,operand = Flag.M_MC_03
simulation,1082,44,Coil,,operand = Inputs.MC03 run
simulation,1082,45,Contact,,operand = Flag.M_MC_04
simulation,1082,46,Coil,,operand = Inputs.MC04 run
simulation,1082,65,Contact,,operand = Flag.M_VS_01
simulation,1082,66,Coil,,operand = Inputs.VS01 run
simulation,1082,69,Contact,,operand = Start Aux INV
simulation,1082,70,Coil,,operand = Inputs.Aux inverter RUN
simulation,1083,42,Contact,,operand = Start Open MV-01
simulation,1083,43,Coil,,operand = Inputs.MV01 Run_Opening
simulation,1083,72,Contact,,operand = Clock100ms
simulation,1083,120,Le,,in1 = Data.Pot_MV01; in2 = 100
simulation,1083,99,Add,,in1 = Data.Pot_MV01; in2 = 1; out = Data.Pot_MV01
simulation,1083,44,Contact,,operand = Start Close MV-01
simulation,1083,45,Coil,,operand = Inputs.MV01 Run_Closing
simulation,1083,350,Contact,,operand = Clock100ms
simulation,1083,340,Ge,,in1 = Data.Pot_MV01; in2 = 0
simulation,1083,341,Sub,,in1 = Data.Pot_MV01; in2 = 1; out = Data.Pot_MV01
simulation,1083,342,Ge,,in1 = Data.Pot_MV01; in2 = 98
simulation,1083,151,Coil,,operand = Inputs.MV01 Open
simulation,1083,348,Le,,in1 = Data.Pot_MV01; in2 = 2
simulation,1083,349,Coil,,operand = Inputs.MV01 Close
simulation,1083,354,Contact,,operand = Open MV02
simulation,1083,355,Coil,,operand = Inputs.MV02 RUN_Opening
simulation,1083,356,Contact,,operand = Clock100ms
simulation,1083,357,Le,,in1 = Data.Pot_MV02; in2 = 100
simulation,1083,358,Add,,in1 = Data.Pot_MV02; in2 = 1; out = Data.Pot_MV02
simulation,1083,359,Contact,,operand = Close MV02
simulation,1083,360,Coil,,operand = Inputs.MV02 RUN_Closing
simulation,1083,361,Contact,,operand = Clock100ms
simulation,1083,362,Ge,,in1 = Data.Pot_MV02; in2 = 0
simulation,1083,363,Sub,,in1 = Data.Pot_MV02; in2 = 1; out = Data.Pot_MV02
simulation,1083,364,Lt,,in1 = Data.Pot_MV02; in2 = 98
simulation,1083,365,Coil,,operand = Inputs.MV02 Open
simulation,1083,366,Gt,,in1 = Data.Pot_MV02; in2 = 2
simulation,1083,367,Coil,,operand = Inputs.MV02 Close
simulation,1083,488,Contact,,operand = Start open MV03
simulation,1083,489,Coil,,operand = Inputs.MV03 Run_Opening
simulation,1083,490,Contact,,operand = Clock100ms
simulation,1083,491,Le,,in1 = Data.Pot_MV03; in2 = 100
simulation,1083,492,Add,,in1 = Data.Pot_MV03; in2 = 1; out = Data.Pot_MV03
simulation,1083,493,Contact,,operand = Start Close MV03
simulation,1083,494,Coil,,operand = Inputs.MV03 Run_Closing
simulation,1083,495,Contact,,operand = Clock100ms
simulation,1083,496,Ge,,in1 = Data.Pot_MV03; in2 = 0
simulation,1083,497,Sub,,in1 = Data.Pot_MV03; in2 = 1; out = Data.Pot_MV03
simulation,1083,498,Lt,,in1 = Data.Pot_MV03; in2 = 98
simulation,1083,499,Coil,,operand = Inputs.MV03 open
simulation,1083,500,Gt,,in1 = Data.Pot_MV03; in2 = 2
simulation,1083,501,Coil,,operand = Inputs.MV03 Close
simulation,1083,555,Contact,,operand = Open MV05
simulation,1083,556,Coil,,operand = Inputs.MV05 RUN_Opening
simulation,1083,557,Contact,,operand = Clock100ms
simulation,1083,558,Le,,in1 = Data.Pot_MV05; in2 = 100
simulation,1083,559,Add,,in1 = Data.Pot_MV05; in2 = 1; out = Data.Pot_MV05
simulation,1083,560,Contact,,operand = Close MV05
simulation,1083,561,Coil,,operand = Inputs.MV05 RUN_Closing
simulation,1083,562,Contact,,operand = Clock100ms
simulation,1083,563,Ge,,in1 = Data.Pot_MV05; in2 = 0
simulation,1083,564,Sub,,in1 = Data.Pot_MV05; in2 = 1; out = Data.Pot_MV05
simulation,1083,565,Lt,,in1 = Data.Pot_MV05; in2 = 98
simulation,1083,566,Coil,,operand = Inputs.MV05 open
simulation,1083,567,Gt,,in1 = Data.Pot_MV05; in2 = 2
simulation,1083,568,Coil,,operand = Inputs.MV05 Close
simulation,1083,622,Contact,,operand = Open MV06
simulation,1083,623,Coil,,operand = Inputs.MV06 Run_Opening
simulation,1083,624,Contact,,operand = Clock100ms
simulation,1083,625,Le,,in1 = Data.Pot_MV06; in2 = 100
simulation,1083,626,Add,,in1 = Data.Pot_MV06; in2 = 1; out = Data.Pot_MV06
simulation,1083,627,Contact,,operand = Close MV06
simulation,1083,628,Coil,,operand = Inputs.MV06 Run_Closing
simulation,1083,629,Contact,,operand = Clock100ms
simulation,1083,630,Ge,,in1 = Data.Pot_MV06; in2 = 0
simulation,1083,631,Sub,,in1 = Data.Pot_MV06; in2 = 1; out = Data.Pot_MV06
simulation,1083,632,Ge,,in1 = Data.Pot_MV06; in2 = 98
simulation,1083,633,Coil,,operand = Inputs.MV06_Open
simulation,1083,634,Le,,in1 = Data.Pot_MV06; in2 = 2
simulation,1083,635,Coil,,operand = Inputs.MV06 Close
simulation,1084,23,Contact,,operand = Flag.M_FN_02
simulation,1084,27,Coil,,operand = Inputs.FN02 Run
simulation,1084,30,Contact,,operand = Flag.M_VR_01
simulation,1084,34,Coil,,operand = Inputs.VR-01 RUN
simulation,1084,37,Contact,,operand = Flag.M_FN_01
simulation,1084,41,Coil,,operand = Inputs.FN01 Run
simulation,1084,43,Contact,,operand = Flag.M_VR_02
simulation,1084,44,Coil,,operand = Inputs.VR02 Run
simulation,1084,45,Contact,,operand = Flag.M_CH_01
simulation,1084,46,Coil,,operand = Inputs.CH01 Run
simulation,1084,47,Contact,,operand = Flag.M_FN_03
simulation,1084,48,Coil,,operand = Inputs.FN03 Run
simulation,1084,65,Contact,,operand = Flag.M_FN_06
simulation,1084,69,Coil,,operand = Inputs.FEEDBACKMOTOR FN-06
simulation,1084,72,Contact,,operand = Flag.M_SC_01
simulation,1084,76,Coil,,operand = Inputs.FEEDBACKMOTOR SC-01
simulation,1085,23,Contact,,operand = Flag.M_LD_01
simulation,1085,27,Coil,,operand = Inputs.FEEDBACKMOTOR LD-01
simulation,1085,30,Contact,,operand = Flag.M_LD_01_VIB
simulation,1085,34,Coil,,operand = Inputs.FEEDBACKMOTOR-LD-01A
simulation,1085,86,Coil,,operand = Inputs.LD-01 Local Button
simulation,1085,37,Contact,,operand = Flag.M_SC_10
simulation,1085,41,Coil,,operand = Inputs.FEEDBACKMOTOR SC-10
simulation,1085,44,Contact,,operand = Flag.M_SC_11
simulation,1085,48,Coil,,operand = Inputs.FEEDBACKMOTOR SC-11
simulation,1085,50,Contact,,operand = Flag.M_FN_04
simulation,1085,51,Coil,,operand = Inputs.FN04 Run
simulation,1085,52,Contact,,operand = Flag.M_VR_03
simulation,1085,53,Coil,,operand = Inputs.VR03 Run
simulation,1085,54,Contact,,operand = Flag.M_VR_04
simulation,1085,55,Coil,,operand = Inputs.VR04 Run
simulation,1085,56,Contact,,operand = Flag.M_VR_05
simulation,1085,57,Coil,,operand = Inputs.VR05 Run
simulation,1085,79,Contact,,operand = Flag.M_VR_06
simulation,1085,83,Coil,,operand = Inputs.VR-06 RUN
simulation,1086,30,Contact,,operand = Flag.M_FN_05
simulation,1086,34,Coil,,operand = Inputs.FN-05 RUN
simulation,1086,37,Contact,,operand = Flag.M_ER01
simulation,1086,41,Coil,,operand = Inputs.Feedback_ER01
simulation,1086,43,Contact,,operand = Flag.M_BWF01
simulation,1086,44,Coil,,operand = Inputs.BWF 01 RUN
simulation,1086,24,Coil,,operand = Inputs.BWF01 OK
simulation,1086,45,Contact,,operand = Flag.M_BWF02
simulation,1086,46,Coil,,operand = Inputs.BWF 02 RUN
simulation,1086,28,Coil,,operand = Inputs.BWF02 OK
simulation,1087,23,Contact,,operand = Flag.M_PV03
simulation,1087,31,Coil,,operand = Inputs.Deviator Open PV-03
simulation,1087,33,Contact,operand,operand = Flag.M_PV03
simulation,1087,38,Coil,,operand = Inputs.Deviator Close PV-03
simulation,1088,26,Contact,,operand = Flag.M_PV04
simulation,1088,30,Coil,,operand = Inputs.PV04 Open
simulation,1088,33,Contact,operand,operand = Flag.M_PV04
simulation,1088,35,Coil,,operand = Inputs.PV04 Close
simulation,1089,23,Contact,,operand = PV-14
simulation,1089,27,Coil,,operand = Inputs.PV-14 OPEN
simulation,1089,30,Contact,operand,operand = PV-14
simulation,1089,34,Coil,,operand = Inputs.PV-14 CLOSE
simulation,1090,23,Contact,,operand = PV-01 Gate a
simulation,1090,27,Coil,,operand = Inputs.FC GATE A OPEN
simulation,1090,30,Contact,operand,operand = PV-01 Gate a
simulation,1090,36,Coil,,operand = Inputs.LIMIT SWITCH LS-02GATE A CLOSEDVALVE PV-01
simulation,1090,38,Contact,,operand = PV-01 GATE B EV
simulation,1090,39,Coil,,operand = Inputs.PV-01 GATE B OPEN
simulation,1090,40,Contact,operand,operand = PV-01 GATE B EV
simulation,1090,41,Coil,,operand = Inputs.LIMIT SWITCH LS-06GATE B CLOSEDVALVE PV-01
simulation,1091,22,Contact,,operand = PV-02 GATE A EV
simulation,1091,23,Coil,,operand = Inputs.PV-02 EV A OPEN
simulation,1091,24,Contact,operand,operand = PV-02 GATE A EV
simulation,1091,25,Coil,,operand = Inputs.PV-02 EV A CLOSE
simulation,1091,26,Contact,,operand = PV-02 GATE B EV
simulation,1091,27,Coil,,operand = Inputs.PV-02 GATE B OPEN
simulation,1091,28,Contact,operand,operand = PV-02 GATE B EV
simulation,1091,29,Coil,,operand = Inputs.PV-02 GATE B CLOSE
simulation,1092,22,Contact,,operand = Flag.Start_Burner
simulation,1092,27,Coil,,operand = Inputs.FC Aria chiusa
simulation,1092,31,Coil,,operand = Inputs.FC GAS Chiuso
simulation,1092,33,Coil,,operand = Inputs.Burner On
simulation,1092,36,Coil,,operand = Inputs.High Flame Gas
simulation,1092,38,Contact,,operand = Start Burner
simulation,1092,39,Le,,in1 = Data.Temp_TC01; in2 = Data.TC01_SETPOINT
simulation,1092,40,Contact,,operand = Clock3s
simulation,1092,41,Div,,in1 = Data.Burner_Panel_SetPoint; in2 = 5; out = BuffInc
simulation,1092,42,Add,,in1 = Data.Temp_TC01; in2 = BuffInc; out = Data.Temp_TC01
simulation,1092,43,Gt,,in1 = Data.Temp_TC01; in2 = Data.TC01_SETPOINT
simulation,1092,44,Contact,,operand = Clock3s
simulation,1092,45,Sub,,in1 = Data.Temp_TC01; in2 = 1; out = Data.Temp_TC01
simulation,1092,46,Contact,operand,operand = Start Burner
simulation,1092,47,Contact,,operand = Clock100ms
simulation,1092,48,Ge,,in1 = Data.Temp_TC01; in2 = 551
simulation,1092,49,Sub,,in1 = Data.Temp_TC01; in2 = 1; out = Data.Temp_TC01
simulation,1092,50,Add,,in1 = Data.Temp_TC01; in2 = 3; out = Data.Temp_TC02
hmi,1178,23,CRef,,호출 참조: RefId 638; Ingresso_run = RefId 772 / ORef UID 25; Allarme1 = RefId 15 / ORef UID 29; Allarme2 = RefId 16 / ORef UID 31; Allarme3 = RefId 20 / ORef UID 33; Allarme4 = RefId 18 / ORef UID 35; Allarme5 = RefId 20 / ORef UID 44; Risposta = RefId 6 / ORef UID 37; Comulativo_allarmi = RefId 773 / ORef UID 41
hmi,1179,23,CRef,,호출 참조: RefId 638; Ingresso_run = RefId 713 / ORef UID 25; Allarme1 = RefId 32 / ORef UID 29; Allarme2 = RefId 33 / ORef UID 31; Allarme3 = RefId 20 / ORef UID 33; Allarme4 = RefId 20 / ORef UID 35; Allarme5 = RefId 20 / ORef UID 37; Risposta = RefId 25 / ORef UID 43; Comulativo_allarmi = RefId 27 / ORef UID 47
hmi,1180,22,CRef,,호출 참조: RefId 638; Ingresso_run = RefId 712 / ORef UID 24; Allarme1 = RefId 44 / ORef UID 26; Allarme2 = RefId 48 / ORef UID 27; Allarme3 = RefId 20 / ORef UID 28; Allarme4 = RefId 20 / ORef UID 29; Allarme5 = RefId 20 / ORef UID 30; Risposta = RefId 37 / ORef UID 33; Comulativo_allarmi = RefId 39 / ORef UID 35
hmi,1181,23,CRef,,호출 참조: RefId 638; Ingresso_run = RefId 711 / ORef UID 25; Allarme1 = RefId 59 / ORef UID 29; Allarme2 = RefId 60 / ORef UID 31; Allarme3 = RefId 48 / ORef UID 33; Allarme4 = RefId 48 / ORef UID 35; Allarme5 = RefId 48 / ORef UID 37; Risposta = RefId 57 / ORef UID 43; Comulativo_allarmi = RefId 55 / ORef UID 47
hmi,1182,23,CRef,,호출 참조: RefId 638; Ingresso_run = RefId 710 / ORef UID 25; Allarme1 = RefId 76 / ORef UID 29; Allarme2 = RefId 20 / ORef UID 31; Allarme3 = RefId 78 / ORef UID 33; Allarme4 = RefId 48 / ORef UID 35; Allarme5 = RefId 48 / ORef UID 37; Risposta = RefId 70 / ORef UID 43; Comulativo_allarmi = RefId 72 / ORef UID 47
hmi,1184,23,CRef,,호출 참조: RefId 638; Ingresso_run = RefId 708 / ORef UID 25; Allarme1 = RefId 101 / ORef UID 29; Allarme2 = RefId 102 / ORef UID 31; Allarme3 = RefId 48 / ORef UID 33; Allarme4 = RefId 48 / ORef UID 35; Allarme5 = RefId 48 / ORef UID 37; Risposta = RefId 95 / ORef UID 43; Comulativo_allarmi = RefId 97 / ORef UID 47
hmi,1186,23,CRef,,호출 참조: HMI Standard Motors; Ingresso_run = RefId 706 / ORef UID 25; Allarme1 = RefId 125 / ORef UID 29; Allarme2 = RefId 126 / ORef UID 31; Allarme3 = RefId 48 / ORef UID 33; Allarme4 = RefId 48 / ORef UID 35; Allarme5 = RefId 48 / ORef UID 37; Risposta = RefId 118 / ORef UID 43; Comulativo_allarmi = RefId 120 / ORef UID 47
hmi,1186,63,Contact,operand,operand = RefId 120 / ORef UID 39
hmi,1186,64,Coil,,operand = Start Aux INV
hmi,1187,23,CRef,,호출 참조: RefId 639; Ingresso_run_Opening = RefId 705 / ORef UID 25; Ingresso_run_Closing = RefId 704 / ORef UID 27; Allarme1 = RefId 156 / ORef UID 29; Allarme2 = RefId 20 / ORef UID 31; Allarme3 = RefId 20 / ORef UID 33; Allarme4 = RefId 20 / ORef UID 35; Allarme5 = RefId 20 / ORef UID 37; Limit_switch_Open = RefId 703 / ORef UID 43; Limiti_Switch_Close = RefId 702 / ORef UID 45; Risposta_Opening = RefId 150 / ORef UID 51; Risposta_Closing = RefId 152 / ORef UID 53; Limit_Switch_Open_HMI = RefId 144 / ORef UID 55; Limit_Switch_Close_HMI = RefId 146 / ORef UID 57; Comulativo_allarmi = RefId 148 / ORef UID 63
hmi,1188,22,CRef,,호출 참조: RefId 639; Ingresso_run_Opening = RefId 701 / ORef UID 24; Ingresso_run_Closing = RefId 700 / ORef UID 25; Allarme1 = RefId 161 / ORef UID 26; Allarme2 = RefId 48 / ORef UID 27; Allarme3 = RefId 20 / ORef UID 28; Allarme4 = RefId 20 / ORef UID 29; Allarme5 = RefId 20 / ORef UID 30; Limit_switch_Open = RefId 699 / ORef UID 33; Limiti_Switch_Close = RefId 698 / ORef UID 34; Risposta_Opening = RefId 174 / ORef UID 39; Risposta_Closing = RefId 175 / ORef UID 40; Limit_Switch_Open_HMI = RefId 176 / ORef UID 41; Limit_Switch_Close_HMI = RefId 177 / ORef UID 42; Comulativo_allarmi = RefId 183 / ORef UID 45
hmi,1189,22,CRef,,호출 참조: RefId 639; Ingresso_run_Opening = RefId 697 / ORef UID 24; Ingresso_run_Closing = RefId 696 / ORef UID 25; Allarme1 = RefId 192 / ORef UID 26; Allarme2 = RefId 48 / ORef UID 27; Allarme3 = RefId 20 / ORef UID 28; Allarme4 = RefId 20 / ORef UID 29; Allarme5 = RefId 20 / ORef UID 30; Limit_switch_Open = RefId 695 / ORef UID 33; Limiti_Switch_Close = RefId 694 / ORef UID 34; Risposta_Opening = RefId 204 / ORef UID 39; Risposta_Closing = RefId 205 / ORef UID 40; Limit_Switch_Open_HMI = RefId 206 / ORef UID 41; Limit_Switch_Close_HMI = RefId 207 / ORef UID 42; Comulativo_allarmi = RefId 210 / ORef UID 45
hmi,1190,22,CRef,,호출 참조: RefId 639; Ingresso_run_Opening = RefId 693 / ORef UID 24; Ingresso_run_Closing = RefId 692 / ORef UID 25; Allarme1 = RefId 423 / ORef UID 26; Allarme2 = RefId 48 / ORef UID 27; Allarme3 = RefId 20 / ORef UID 28; Allarme4 = RefId 20 / ORef UID 29; Allarme5 = RefId 20 / ORef UID 30; Limit_switch_Open = RefId 691 / ORef UID 33; Limiti_Switch_Close = RefId 690 / ORef UID 34; Risposta_Opening = RefId 428 / ORef UID 39; Risposta_Closing = RefId 429 / ORef UID 40; Limit_Switch_Open_HMI = RefId 430 / ORef UID 41; Limit_Switch_Close_HMI = RefId 431 / ORef UID 42; Comulativo_allarmi = RefId 434 / ORef UID 45
hmi,1191,22,CRef,,호출 참조: RefId 639; Ingresso_run_Opening = RefId 681 / ORef UID 24; Ingresso_run_Closing = RefId 688 / ORef UID 25; Allarme1 = RefId 444 / ORef UID 26; Allarme2 = RefId 48 / ORef UID 27; Allarme3 = RefId 20 / ORef UID 28; Allarme4 = RefId 20 / ORef UID 29; Allarme5 = RefId 20 / ORef UID 30; Limit_switch_Open = RefId 687 / ORef UID 33; Limiti_Switch_Close = RefId 686 / ORef UID 34; Risposta_Opening = RefId 449 / ORef UID 39; Risposta_Closing = RefId 450 / ORef UID 40; Limit_Switch_Open_HMI = RefId 451 / ORef UID 41; Limit_Switch_Close_HMI = RefId 452 / ORef UID 42; Comulativo_allarmi = RefId 455 / ORef UID 45
hmi,1192,23,CRef,,호출 참조: RefId 638; Ingresso_run = RefId 677 / ORef UID 25; Allarme1 = RefId 214 / ORef UID 29; Allarme2 = RefId 215 / ORef UID 31; Allarme3 = RefId 48 / ORef UID 33; Allarme4 = RefId 48 / ORef UID 35; Allarme5 = RefId 48 / ORef UID 37; Risposta = RefId 222 / ORef UID 43; Comulativo_allarmi = RefId 224 / ORef UID 47
hmi,1193,22,CRef,,호출 참조: RefId 638; Ingresso_run = RefId 676 / ORef UID 24; Allarme1 = RefId 230 / ORef UID 26; Allarme2 = RefId 48 / ORef UID 27; Allarme3 = RefId 48 / ORef UID 28; Allarme4 = RefId 48 / ORef UID 29; Allarme5 = RefId 48 / ORef UID 30; Risposta = RefId 236 / ORef UID 33; Comulativo_allarmi = RefId 240 / ORef UID 35
hmi,1194,22,CRef,,호출 참조: RefId 638; Ingresso_run = RefId 675 / ORef UID 24; Allarme1 = RefId 243 / ORef UID 26; Allarme2 = RefId 244 / ORef UID 27; Allarme3 = RefId 48 / ORef UID 28; Allarme4 = RefId 48 / ORef UID 29; Allarme5 = RefId 48 / ORef UID 30; Risposta = RefId 247 / ORef UID 33; Comulativo_allarmi = RefId 249 / ORef UID 35
hmi,1195,22,CRef,,호출 참조: RefId 638; Ingresso_run = RefId 674 / ORef UID 24; Allarme1 = RefId 252 / ORef UID 26; Allarme2 = RefId 48 / ORef UID 27; Allarme3 = RefId 48 / ORef UID 28; Allarme4 = RefId 48 / ORef UID 29; Allarme5 = RefId 48 / ORef UID 30; Risposta = RefId 255 / ORef UID 33; Comulativo_allarmi = RefId 257 / ORef UID 35
hmi,1196,22,CRef,,호출 참조: RefId 638; Ingresso_run = RefId 673 / ORef UID 24; Allarme1 = RefId 260 / ORef UID 26; Allarme2 = RefId 48 / ORef UID 27; Allarme3 = RefId 48 / ORef UID 28; Allarme4 = RefId 48 / ORef UID 29; Allarme5 = RefId 48 / ORef UID 30; Risposta = RefId 263 / ORef UID 33; Comulativo_allarmi = RefId 265 / ORef UID 35
hmi,1197,22,CRef,,호출 참조: RefId 638; Ingresso_run = RefId 672 / ORef UID 24; Allarme1 = RefId 268 / ORef UID 26; Allarme2 = RefId 269 / ORef UID 27; Allarme3 = RefId 48 / ORef UID 28; Allarme4 = RefId 48 / ORef UID 29; Allarme5 = RefId 48 / ORef UID 30; Risposta = RefId 272 / ORef UID 33; Comulativo_allarmi = RefId 274 / ORef UID 35
hmi,1198,22,CRef,,호출 참조: RefId 638; Ingresso_run = RefId 671 / ORef UID 24; Allarme1 = RefId 284 / ORef UID 26; Allarme2 = RefId 48 / ORef UID 27; Allarme3 = RefId 48 / ORef UID 28; Allarme4 = RefId 48 / ORef UID 29; Allarme5 = RefId 48 / ORef UID 30; Risposta = RefId 287 / ORef UID 33; Comulativo_allarmi = RefId 289 / ORef UID 35
hmi,1199,22,CRef,,호출 참조: RefId 638; Ingresso_run = RefId 670 / ORef UID 24; Allarme1 = RefId 292 / ORef UID 26; Allarme2 = RefId 48 / ORef UID 27; Allarme3 = RefId 48 / ORef UID 28; Allarme4 = RefId 48 / ORef UID 29; Allarme5 = RefId 48 / ORef UID 30; Risposta = RefId 295 / ORef UID 33; Comulativo_allarmi = RefId 297 / ORef UID 35
hmi,1201,22,CRef,,호출 참조: RefId 638; Ingresso_run = RefId 667 / ORef UID 24; Allarme1 = RefId 315 / ORef UID 26; Allarme2 = RefId 48 / ORef UID 27; Allarme3 = RefId 48 / ORef UID 28; Allarme4 = RefId 48 / ORef UID 29; Allarme5 = RefId 48 / ORef UID 30; Risposta = RefId 318 / ORef UID 33; Comulativo_allarmi = RefId 320 / ORef UID 35
hmi,1202,22,CRef,,호출 참조: RefId 638; Ingresso_run = RefId 666 / ORef UID 24; Allarme1 = RefId 323 / ORef UID 26; Allarme2 = RefId 48 / ORef UID 27; Allarme3 = RefId 48 / ORef UID 28; Allarme4 = RefId 48 / ORef UID 29; Allarme5 = RefId 48 / ORef UID 30; Risposta = RefId 326 / ORef UID 33; Comulativo_allarmi = RefId 328 / ORef UID 35
hmi,1203,22,CRef,,호출 참조: RefId 638; Ingresso_run = RefId 665 / ORef UID 24; Allarme1 = RefId 331 / ORef UID 26; Allarme2 = RefId 48 / ORef UID 27; Allarme3 = RefId 48 / ORef UID 28; Allarme4 = RefId 48 / ORef UID 29; Allarme5 = RefId 48 / ORef UID 30; Risposta = RefId 334 / ORef UID 33; Comulativo_allarmi = RefId 336 / ORef UID 35
hmi,1204,22,CRef,,호출 참조: RefId 638; Ingresso_run = RefId 664 / ORef UID 24; Allarme1 = RefId 339 / ORef UID 26; Allarme2 = RefId 48 / ORef UID 27; Allarme3 = RefId 48 / ORef UID 28; Allarme4 = RefId 48 / ORef UID 29; Allarme5 = RefId 48 / ORef UID 30; Risposta = RefId 340 / ORef UID 33; Comulativo_allarmi = RefId 342 / ORef UID 35
hmi,1205,23,CRef,,호출 참조: RefId 638; Ingresso_run = RefId 787 / ORef UID 25; Allarme1 = RefId 410 / ORef UID 29; Allarme2 = RefId 411 / ORef UID 31; Allarme3 = RefId 48 / ORef UID 33; Allarme4 = RefId 48 / ORef UID 35; Allarme5 = RefId 48 / ORef UID 37; Risposta = RefId 415 / ORef UID 43; Comulativo_allarmi = RefId 417 / ORef UID 47
hmi,1206,23,CRef,,호출 참조: RefId 638; Ingresso_run = RefId 662 / ORef UID 25; Allarme1 = RefId 348 / ORef UID 29; Allarme2 = RefId 48 / ORef UID 31; Allarme3 = RefId 48 / ORef UID 33; Allarme4 = RefId 48 / ORef UID 35; Allarme5 = RefId 48 / ORef UID 37; Risposta = RefId 352 / ORef UID 43; Comulativo_allarmi = RefId 354 / ORef UID 47
hmi,1207,22,CRef,,호출 참조: RefId 638; Ingresso_run = RefId 661 / ORef UID 24; Allarme1 = RefId 358 / ORef UID 26; Allarme2 = RefId 48 / ORef UID 27; Allarme3 = RefId 48 / ORef UID 28; Allarme4 = RefId 48 / ORef UID 29; Allarme5 = RefId 48 / ORef UID 30; Risposta = RefId 359 / ORef UID 33; Comulativo_allarmi = RefId 361 / ORef UID 35
hmi,1208,22,CRef,,호출 참조: RefId 638; Ingresso_run = RefId 660 / ORef UID 24; Allarme1 = RefId 366 / ORef UID 26; Allarme2 = RefId 48 / ORef UID 27; Allarme3 = RefId 48 / ORef UID 28; Allarme4 = RefId 48 / ORef UID 29; Allarme5 = RefId 48 / ORef UID 30; Risposta = RefId 367 / ORef UID 33; Comulativo_allarmi = RefId 369 / ORef UID 35
hmi,1209,22,CRef,,호출 참조: RefId 638; Ingresso_run = RefId 659 / ORef UID 24; Allarme1 = RefId 376 / ORef UID 26; Allarme2 = RefId 48 / ORef UID 27; Allarme3 = RefId 48 / ORef UID 28; Allarme4 = RefId 48 / ORef UID 29; Allarme5 = RefId 48 / ORef UID 30; Risposta = RefId 383 / ORef UID 33; Comulativo_allarmi = RefId 385 / ORef UID 35
hmi,1210,22,CRef,,호출 참조: RefId 638; Ingresso_run = RefId 658 / ORef UID 24; Allarme1 = RefId 392 / ORef UID 26; Allarme2 = RefId 48 / ORef UID 27; Allarme3 = RefId 48 / ORef UID 28; Allarme4 = RefId 48 / ORef UID 29; Allarme5 = RefId 48 / ORef UID 30; Risposta = RefId 395 / ORef UID 33; Comulativo_allarmi = RefId 397 / ORef UID 35
hmi,1211,22,CRef,,호출 참조: RefId 638; Ingresso_run = RefId 657 / ORef UID 24; Allarme1 = RefId 401 / ORef UID 26; Allarme2 = RefId 48 / ORef UID 27; Allarme3 = RefId 48 / ORef UID 28; Allarme4 = RefId 48 / ORef UID 29; Allarme5 = RefId 48 / ORef UID 30; Risposta = RefId 404 / ORef UID 33; Comulativo_allarmi = RefId 406 / ORef UID 35
hmi,1212,26,Contact,,operand = RefId 481 / ORef UID 27
hmi,1212,37,Coil,,operand = RefId 483 / ORef UID 38
hmi,1212,29,Contact,,operand = RefId 482 / ORef UID 30
hmi,1212,41,Coil,,operand = RefId 484 / ORef UID 42
hmi,1213,23,Contact,,operand = RefId 645 / ORef UID 24
hmi,1213,51,Coil,,operand = RefId 647 / ORef UID 52
hmi,1213,26,Contact,,operand = RefId 646 / ORef UID 27
hmi,1213,55,Coil,,operand = RefId 648 / ORef UID 56
hmi,1213,29,Contact,,operand = RefId 640 / ORef UID 30
hmi,1213,32,Contact,,operand = RefId 641 / ORef UID 33
hmi,1213,35,Contact,,operand = RefId 643 / ORef UID 36
hmi,1213,42,Contact,,operand = RefId 643 / ORef UID 43
hmi,1213,37,O,,
hmi,1213,47,Coil,,operand = RefId 644 / ORef UID 48
hmi,1214,22,Contact,,operand = RefId 649 / ORef UID 32
hmi,1214,23,Coil,,operand = RefId 650 / ORef UID 33
hmi,1214,24,Contact,,operand = RefId 651 / ORef UID 34
hmi,1214,25,Coil,,operand = RefId 652 / ORef UID 35
hmi,1214,26,Contact,,operand = RefId 653 / ORef UID 36
hmi,1214,27,Contact,,operand = RefId 654 / ORef UID 37
hmi,1214,28,Contact,,operand = RefId 655 / ORef UID 38
hmi,1214,29,Contact,,operand = RefId 655 / ORef UID 39
hmi,1214,30,O,,
hmi,1214,31,Coil,,operand = RefId 656 / ORef UID 40
hmi,1215,32,CRef,,호출 참조: RefId 716; GateA_Open = RefId 717 / ORef UID 34; GateA_Close = RefId 718 / ORef UID 36; GateB_Open = RefId 719 / ORef UID 38; GateB_Close = RefId 720 / ORef UID 40; Selector_GateA = RefId 721 / ORef UID 42; Selector_GateB = RefId 722 / ORef UID 44; Allarm1 = RefId 723 / ORef UID 46; Allarm2 = RefId 724 / ORef UID 48; Allarm3 = RefId 725 / ORef UID 50; Allarm4 = RefId 726 / ORef UID 52; Allarm5 = RefId 48 / ORef UID 54; Allarm6 = RefId 48 / ORef UID 56; Allarm7 = RefId 48 / ORef UID 58; HMI_GateA_Open = RefId 728 / ORef UID 60; HMI_GateA_Close = RefId 727 / ORef UID 62; HMI_GateB_Open = RefId 729 / ORef UID 64; HMI_GateB_Close = RefId 730 / ORef UID 66; HMI_Selector_GateA = RefId 731 / ORef UID 68; HMI_Selector_GateB = RefId 732 / ORef UID 70; Total_Allarms = RefId 733 / ORef UID 72
hmi,1216,22,CRef,,호출 참조: RefId 716; GateA_Open = RefId 734 / ORef UID 24; GateA_Close = RefId 735 / ORef UID 25; GateB_Open = RefId 736 / ORef UID 26; GateB_Close = RefId 737 / ORef UID 27; Selector_GateA = RefId 738 / ORef UID 28; Selector_GateB = RefId 739 / ORef UID 29; Allarm1 = RefId 740 / ORef UID 30; Allarm2 = RefId 741 / ORef UID 31; Allarm3 = RefId 742 / ORef UID 32; Allarm4 = RefId 743 / ORef UID 33; Allarm5 = RefId 48 / ORef UID 34; Allarm6 = RefId 48 / ORef UID 35; Allarm7 = RefId 48 / ORef UID 36; HMI_GateA_Open = RefId 744 / ORef UID 37; HMI_GateA_Close = RefId 745 / ORef UID 38; HMI_GateB_Open = RefId 746 / ORef UID 39; HMI_GateB_Close = RefId 747 / ORef UID 40; HMI_Selector_GateA = RefId 748 / ORef UID 41; HMI_Selector_GateB = RefId 749 / ORef UID 42; Total_Allarms = RefId 750 / ORef UID 43
hmi,1217,23,CRef,,호출 참조: RefId 752; LS_Open = RefId 753 / ORef UID 25; LS_Close = RefId 754 / ORef UID 27; Selector = RefId 755 / ORef UID 29; Allarm1 = RefId 756 / ORef UID 31; Allarm2 = RefId 757 / ORef UID 33; Allarm3 = RefId 48 / ORef UID 35; Allarm4 = RefId 48 / ORef UID 37; Allarm5 = RefId 48 / ORef UID 39; HMI_LS_Open = RefId 758 / ORef UID 41; HMI_LS_Close = RefId 759 / ORef UID 43; Total_Allarms = RefId 760 / ORef UID 45; HMI_Selectoor = RefId 761 / ORef UID 47
hmi,1218,22,CRef,,호출 참조: RefId 752; LS_Open = RefId 765 / ORef UID 24; LS_Close = RefId 766 / ORef UID 25; Selector = RefId 767 / ORef UID 26; Allarm1 = RefId 771 / ORef UID 27; Allarm2 = RefId 20 / ORef UID 28; Allarm3 = RefId 48 / ORef UID 29; Allarm4 = RefId 48 / ORef UID 30; Allarm5 = RefId 48 / ORef UID 31; HMI_LS_Open = RefId 777 / ORef UID 32; HMI_LS_Close = RefId 778 / ORef UID 33; Total_Allarms = RefId 779 / ORef UID 34; HMI_Selectoor = RefId 780 / ORef UID 35
hmi,1219,23,Contact,,operand = RefId 781 / ORef UID 24
hmi,1219,27,Coil,,operand = RefId 783 / ORef UID 28
hmi,1219,30,Contact,,operand = RefId 784 / ORef UID 31
hmi,1219,34,Coil,,operand = RefId 785 / ORef UID 35
hmi,1220,23,Contact,,operand = EV03
hmi,1220,27,Coil,,operand = RefId 790 / ORef UID 28
hmi,1220,29,Contact,operand,operand = EV03
hmi,1220,30,Coil,,operand = RefId 791 / ORef UID 32
allarms 2,1226,513,Contact,,operand = ON
allarms 2,1226,515,Contact,,operand = ON
allarms 2,1226,517,Contact,,operand = Start Open MV-01
allarms 2,1226,594,Contact,operand,operand = Inputs.MV01 Run_Opening
allarms 2,1226,519,Contact,,operand = Start Close MV-01
allarms 2,1226,590,Contact,operand,operand = Inputs.MV01 Run_Closing
allarms 2,1226,242,O,,
allarms 2,1226,249,SdCoil,,value = S5T#150mS; operand = Tag_92
allarms 2,1226,523,Contact,,operand = Tag_92
allarms 2,1226,254,SCoil,,operand = Allarm.MV01_FAULT
allarms 2,1226,525,Contact,,operand = ON
allarms 2,1226,527,Contact,,operand = Open MV02
allarms 2,1226,531,Contact,operand,operand = Inputs.MV02 RUN_Opening
allarms 2,1226,529,Contact,,operand = Close MV02
allarms 2,1226,26,Contact,operand,operand = Inputs.MV02 RUN_Closing
allarms 2,1226,28,O,,
allarms 2,1226,265,SdCoil,,value = S5T#150MS; operand = Tag_93
allarms 2,1226,533,Contact,,operand = Tag_93
allarms 2,1226,270,SCoil,,operand = Allarm.MV02_FAULT
allarms 2,1226,535,Contact,,operand = ON
allarms 2,1226,537,Contact,,operand = Start open MV03
allarms 2,1226,541,Contact,operand,operand = Inputs.MV03 Run_Opening
allarms 2,1226,539,Contact,,operand = Start Close MV03
allarms 2,1226,34,Contact,operand,operand = Inputs.MV03 Run_Closing
allarms 2,1226,36,O,,
allarms 2,1226,281,SdCoil,,value = S5T#150S; operand = Tag_94
allarms 2,1226,543,Contact,,operand = Tag_94
allarms 2,1226,286,SCoil,,operand = Allarm.MV03_FAULT
allarms 2,1226,555,Contact,,operand = ON
allarms 2,1226,557,Contact,,operand = Open MV05
allarms 2,1226,561,Contact,operand,operand = Inputs.MV05 RUN_Opening
allarms 2,1226,559,Contact,,operand = Close MV05
allarms 2,1226,58,Contact,operand,operand = Inputs.MV05 RUN_Closing
allarms 2,1226,60,O,,
allarms 2,1226,313,SdCoil,,value = S5T#150MS; operand = Tag_96
allarms 2,1226,563,Contact,,operand = Tag_96
allarms 2,1226,318,SCoil,,operand = Allarm.MV_05_FAULT
allarms 2,1226,565,Contact,,operand = ON
allarms 2,1226,567,Contact,,operand = Open MV06
allarms 2,1226,571,Contact,operand,operand = Inputs.MV06 Run_Opening
allarms 2,1226,569,Contact,,operand = Close MV06
allarms 2,1226,50,Contact,operand,operand = Inputs.MV06 Run_Closing
allarms 2,1226,52,O,,
allarms 2,1226,329,SdCoil,,value = S5T#150MS; operand = Tag_97
allarms 2,1226,573,Contact,,operand = Tag_97
allarms 2,1226,334,SCoil,,operand = Allarm.MV_06_FAULT
allarms 2,1226,575,Contact,,operand = Flag.RESET_ALLARM
allarms 2,1226,577,Contact,,operand = Allarm.MV01_FAULT
allarms 2,1226,342,RCoil,,operand = Allarm.MV01_FAULT
allarms 2,1226,579,Contact,,operand = Allarm.MV02_FAULT
allarms 2,1226,346,RCoil,,operand = Allarm.MV02_FAULT
allarms 2,1226,581,Contact,,operand = Allarm.MV03_FAULT
allarms 2,1226,350,RCoil,,operand = Allarm.MV03_FAULT
allarms 2,1226,583,Contact,,operand = Allarm.MV04_FAULT
allarms 2,1226,354,RCoil,,operand = Allarm.MV04_FAULT
allarms 2,1226,585,Contact,,operand = Allarm.MV_05_FAULT
allarms 2,1226,358,RCoil,,operand = Allarm.MV_05_FAULT
allarms 2,1226,587,Contact,,operand = Allarm.MV_06_FAULT
allarms 2,1226,362,RCoil,,operand = Allarm.MV_06_FAULT
allarms 2,1227,286,Contact,,operand = ON
allarms 2,1227,288,Contact,operand,operand = Inputs.Low Pressure Air
allarms 2,1227,262,SCoil,,operand = Allarm.PSL_AIR_LOW
allarms 2,1227,290,Contact,,operand = Flag.RESET_ALLARM
allarms 2,1227,292,Contact,,operand = Allarm.PSL_AIR_LOW
allarms 2,1227,294,Contact,,operand = Inputs.Low Pressure Air
allarms 2,1227,268,RCoil,,operand = Allarm.PSL_AIR_LOW
allarms 2,1228,306,Contact,,operand = ON
allarms 2,1228,308,Contact,,operand = Inputs.LD-01 Minimo
allarms 2,1228,21,LRef,,호출 참조: RefId 78; PT = T#10S; ET = RefId (RefId 없음) / ORef UID 28
allarms 2,1228,282,SCoil,,operand = Allarm.LD_01_MIN
allarms 2,1228,310,Contact,,operand = Flag.RESET_ALLARM
allarms 2,1228,312,Contact,,operand = Allarm.LD_01_MIN
allarms 2,1228,314,Contact,operand,operand = Inputs.LD-01 Minimo
allarms 2,1228,288,RCoil,,operand = Allarm.LD_01_MIN
main,1612,21,Contact,,operand = Simulation(1)
main,1612,22,CRef,,호출 참조: Simulation
main,1613,21,CRef,,호출 참조: Recipes Handler
main,1613,23,CRef,,호출 참조: HMI
main,1613,25,CRef,,호출 참조: HMI Output
main,1613,37,Contact,operand,operand = Simulation(1)
main,1613,28,CRef,,호출 참조: HMI Inputs
main,1614,69,Move,,in = Tag_171; out1 = Word_inputs.word1
main,1614,73,Move,,in = Tag_172; out1 = Word_inputs.word2
main,1614,76,Move,,in = Tag_173; out1 = Word_inputs.word3
main,1614,79,Move,,in = Tag_174; out1 = Word_inputs.word4
main,1615,99,Move,,in = Tag_175; out1 = Word_inputs.word5
main,1615,103,Move,,in = Tag_176; out1 = Word_inputs.word6
main,1615,106,Move,,in = Tag_177; out1 = Word_inputs.word7
main,1616,144,Move,,in = Tag_178; out1 = Word_outputs.WORD1
main,1616,148,Move,,in = Tag_179; out1 = Word_outputs.WORD2
main,1616,151,Move,,in = Tag_180; out1 = Word_outputs.WORD3
main,1616,154,Move,,in = Tag_181; out1 = Word_outputs.WORD4
main,1617,188,Move,,in = Tag_182; out1 = Word_outputs.WORD5
main,1617,192,Move,,in = Tag_183; out1 = Word_outputs.WORD6
main,1617,195,Move,,in = Tag_184; out1 = Word_outputs.WORD7
main,1617,198,Move,,in = Tag_185; out1 = Word_outputs.WORD8
main,1618,218,Move,,in = Tag_186; out1 = Word_outputs.WORD9
main,1618,222,Move,,in = Tag_187; out1 = Word_outputs.WORD10
main,1618,225,Move,,in = Tag_188; out1 = Word_outputs.WORD11
main,1619,282,Contact,,operand = ON
main,1619,261,CRef,,호출 참조: Analog input conversion
main,1619,264,CRef,,호출 참조: Allarms 1
main,1619,267,CRef,,호출 참조: Allarms 2
main,1619,270,CRef,,호출 참조: Allarms 3
main,1620,350,Contact,,operand = ON
main,1620,319,CRef,,호출 참조: Motors 1
main,1620,322,CRef,,호출 참조: Filter
main,1620,325,CRef,,호출 참조: R1 scraps gate 2
main,1620,328,CRef,,호출 참조: Burner Control
main,1620,331,CRef,,호출 참조: Motor/Alarm Client
main,1620,334,CRef,,호출 참조: time work motor
main,1621,352,Contact,,operand = ON
main,1621,341,CRef,,호출 참조: Valve Control loop
main,1621,344,CRef,,호출 참조: Analog output conversion
main,1622,352,Contact,,operand = ON
main,1622,347,CRef,,호출 참조: Allarm manager
main,1623,395,Contact,,operand = OFF
main,1623,376,LRef,,호출 참조: RD_SYS_T; RET_VAL = ReadClkRetValue; OUT = TodayDateTime
main,1623,381,LRef,,호출 참조: T_CONV; IN = TodayDateTime; OUT = TodayDate
main,1624,419,Contact,,operand = ON
main,1624,400,Move,,in = Data.Maint_code_0; out1 = Tag_189
main,1624,405,Move,,in = Data.Maint_code_3; out1 = Tag_190
main,1626,451,Contact,,operand = ON
main,1626,453,Contact,,operand = Flag.RESET_ALLARM
main,1626,455,Contact,,operand = Allarm.MAINTENANCE_PERIOD_LIMIT
main,1626,441,RCoil,,operand = Allarm.MAINTENANCE_PERIOD_LIMIT
signal linearization,1658,255,Contact,,operand = IN0
signal linearization,1658,258,Gt,,in1 = Analog_input; in2 = -1382
signal linearization,1658,161,Le,,in1 = Analog_input; in2 = 32767
signal linearization,1658,164,Convert,,in = Analog_input; out = App5
signal linearization,1658,167,Convert,,in = Zero; out = App6
signal linearization,1658,170,Add,,in1 = App5; in2 = App6; out = App3
signal linearization,1658,174,Convert,,in = Coeff; out = App4
signal linearization,1658,177,Mul,,in1 = App3; in2 = App4; out = App3
signal linearization,1658,181,Div,,in1 = App3; in2 = 28000; out = App3
signal linearization,1658,185,Move,,in = App3; out1 = OutValue
signal linearization,1658,190,Gt,,in1 = Analog_input; in2 = 32767
signal linearization,1658,259,Le,,in1 = Analog_input; in2 = -1382
signal linearization,1658,47,O,,
signal linearization,1658,193,Move,,in = -9999; out1 = OutValue
signal linearization,1658,23,Coil,,operand = Out_of_range
signal linearization,1659,171,Contact,operand,operand = IN0
signal linearization,1659,162,Move,,in = 0; out1 = OutValue
analog output conversion,1679,102,Contact,,operand = ON
analog output conversion,1679,65,Lt,,in1 = RefId 4 / ORef UID 80; in2 = 0
analog output conversion,1679,68,Move,,in = 0; out1 = Data2.Set_TH
analog output conversion,1679,73,Gt,,in1 = Data2.Set_TH; in2 = Data2.Set_MAX_TH
analog output conversion,1679,76,Move,,in = Data2.Set_MAX_TH; out1 = Data2.Set_TH
analog output conversion,1679,21,Div,,in1 = Data.SET_PERC_BWF01; in2 = 100; out = Prod_h
analog output conversion,1679,29,Mul,,in1 = Prod_h; in2 = Data2.Set_TH; out = Prod_h
analog output conversion,1679,105,Contact,,operand = ON
analog output conversion,1679,106,Lt,,in1 = Prod_h; in2 = 0.0
analog output conversion,1679,107,Move,,in = 0; out1 = Data.SET_PERC_BWF01
analog output conversion,1679,108,Gt,,in1 = Prod_h; in2 = Data2.Set_MAX_TH1
analog output conversion,1679,159,Mul,,in1 = Data2.Set_MAX_TH1; in2 = 100.0; out = tmp
analog output conversion,1679,39,Div,,in1 = tmp; in2 = Data2.Set_MAX_TH; out = Data.SET_PERC_BWF01
analog output conversion,1679,204,Div,,in1 = Data.SET_PERC_BWF02; in2 = 100; out = Prod_h
analog output conversion,1679,205,Mul,,in1 = Prod_h; in2 = Data2.Set_TH; out = Prod_h
analog output conversion,1679,167,Contact,,operand = ON
analog output conversion,1679,168,Lt,,in1 = Prod_h; in2 = 0.0
analog output conversion,1679,169,Move,,in = 0; out1 = Data.SET_PERC_BWF02
analog output conversion,1679,170,Gt,,in1 = Prod_h; in2 = Data2.Set_MAX_TH2
analog output conversion,1679,171,Mul,,in1 = Data2.Set_MAX_TH2; in2 = 100.0; out = tmp
analog output conversion,1679,172,Div,,in1 = tmp; in2 = Data2.Set_MAX_TH; out = Data.SET_PERC_BWF02
analog output conversion,1680,171,Contact,,operand = ON
analog output conversion,1680,118,Lt,,in1 = Data.SET_PERC_BWF01; in2 = 0
analog output conversion,1680,121,Move,,in = 0; out1 = Data.SET_PERC_BWF01
analog output conversion,1680,126,Gt,,in1 = Data.SET_PERC_BWF01; in2 = 100
analog output conversion,1680,129,Move,,in = 100; out1 = Data.SET_PERC_BWF01
analog output conversion,1681,283,Contact,,operand = ON
analog output conversion,1681,210,Move,,in = Data.SET_PERC_BWF01; out1 = App00
analog output conversion,1681,215,Move,,in = Data2.Set_TH; out1 = App01
analog output conversion,1681,350,Move,,in = Data2.Set_MAX_TH1; out1 = App03
analog output conversion,1681,316,Contact,operand,operand = ON
analog output conversion,1681,228,Mul,,in1 = App00; in2 = 272; out = App00
analog output conversion,1681,232,Mul,,in1 = App00; in2 = App01; out = App01
analog output conversion,1681,236,Div,,in1 = App01; in2 = App03; out = App03
analog output conversion,1681,240,Move,,in = App03; out1 = BWF01_SP_FlowRate
analog output conversion,1681,320,Mul,,in1 = App00; in2 = 272; out = App00
analog output conversion,1681,321,Mul,,in1 = App00; in2 = App01; out = App01
analog output conversion,1681,356,Div,,in1 = App01; in2 = App03; out = App03
analog output conversion,1681,323,Move,,in = App03; out1 = BWF01_SP_FlowRate
analog output conversion,1682,316,Contact,,operand = ON
analog output conversion,1682,263,Lt,,in1 = Data.SET_PERC_BWF02; in2 = 0
analog output conversion,1682,266,Move,,in = 0; out1 = Data.SET_PERC_BWF02
analog output conversion,1682,271,Gt,,in1 = Data.SET_PERC_BWF02; in2 = 100
analog output conversion,1682,274,Move,,in = 100; out1 = Data.SET_PERC_BWF02
analog output conversion,1682,318,Contact,,operand = OFF
analog output conversion,1682,280,Mul,,in1 = Data.SET_PERC_BWF02; in2 = 272; out = BWF02_SP_FlowRate
analog output conversion,1683,428,Contact,,operand = ON
analog output conversion,1683,355,Move,,in = Data.SET_PERC_BWF02; out1 = App00
analog output conversion,1683,360,Move,,in = Data2.Set_TH; out1 = App01
analog output conversion,1683,365,Move,,in = Data2.Set_MAX_TH2; out1 = App03
analog output conversion,1683,373,Mul,,in1 = App00; in2 = 272; out = App00
analog output conversion,1683,377,Mul,,in1 = App00; in2 = App01; out = App01
analog output conversion,1683,381,Div,,in1 = App01; in2 = App03; out = App03
analog output conversion,1683,385,Move,,in = App03; out1 = BWF02_SP_FlowRate
analog output conversion,1684,455,Contact,,operand = ON
analog output conversion,1684,406,Lt,,in1 = Data.SET_PERC_FR01; in2 = 5
analog output conversion,1684,409,Move,,in = 5; out1 = Data.SET_PERC_FR01
analog output conversion,1684,414,Gt,,in1 = Data.SET_PERC_FR01; in2 = 100
analog output conversion,1684,417,Move,,in = 100; out1 = Data.SET_PERC_FR01
analog output conversion,1684,422,Mul,,in1 = Data.SET_PERC_FR01; in2 = 272; out = RD01_SP_SPEED
analog output conversion,1685,506,Contact,,operand = ON
analog output conversion,1685,457,Lt,,in1 = Data.SET_PERC_VT01; in2 = 5
analog output conversion,1685,460,Move,,in = 5; out1 = Data.SET_PERC_VT01
analog output conversion,1685,465,Gt,,in1 = Data.SET_PERC_VT01; in2 = 100
analog output conversion,1685,468,Move,,in = 100; out1 = Data.SET_PERC_VT01
analog output conversion,1685,473,Mul,,in1 = Data.SET_PERC_VT01; in2 = 272; out = FN01_SP_SPEED
analog output conversion,1686,582,Contact,,operand = ON
analog output conversion,1686,520,Lt,,in1 = Data.Burner_Air_Out; in2 = 0
analog output conversion,1686,523,Move,,in = 0; out1 = Data.Burner_Air_Out
analog output conversion,1686,528,Gt,,in1 = Data.Burner_Air_Out; in2 = 100
analog output conversion,1686,531,Move,,in = 100; out1 = Data.Burner_Air_Out
analog output conversion,1686,536,Mul,,in1 = Data.Burner_Air_Out; in2 = 272; out = Calcolo_Aria
analog output conversion,1686,584,Contact,,operand = ON
analog output conversion,1686,543,Move,,in = Calcolo_Aria; out1 = BR01_AIR_SP
analog output conversion,1687,626,Contact,,operand = ON
analog output conversion,1687,573,Lt,,in1 = Data.Burner_Gas_Out; in2 = 0
analog output conversion,1687,576,Move,,in = 0; out1 = Data.Burner_Gas_Out
analog output conversion,1687,581,Gt,,in1 = Data.Burner_Gas_Out; in2 = 100
analog output conversion,1687,584,Move,,in = 100; out1 = Data.Burner_Gas_Out
analog output conversion,1687,628,Contact,,operand = ON
analog output conversion,1687,590,Mul,,in1 = Data.Burner_Gas_Out; in2 = 285; out = BR01_GAS_SP
analog output conversion,1687,22,Move,,in = BR01_GAS_SP; out1 = test_out
analog output conversion,1688,673,Contact,,operand = ON
analog output conversion,1688,624,Lt,,in1 = Data.Set_Perc_VT02; in2 = 5
analog output conversion,1688,627,Move,,in = 5; out1 = Data.Set_Perc_VT02
analog output conversion,1688,632,Gt,,in1 = Data.Set_Perc_VT02; in2 = 100
analog output conversion,1688,635,Move,,in = 100; out1 = Data.Set_Perc_VT02
analog output conversion,1688,640,Mul,,in1 = Data.Set_Perc_VT02; in2 = 272; out = FN02_SP
analog output conversion,1689,877,Contact,,operand = ON
analog output conversion,1689,828,Lt,,in1 = Data.SET_PERC_FN04; in2 = 5
analog output conversion,1689,831,Move,,in = 5; out1 = Data.SET_PERC_FN04
analog output conversion,1689,836,Gt,,in1 = Data.SET_PERC_FN04; in2 = 100
analog output conversion,1689,839,Move,,in = 100; out1 = Data.SET_PERC_FN04
analog output conversion,1689,844,Mul,,in1 = Data.SET_PERC_FN04; in2 = 272; out = FN04_SP
analog output conversion,1690,889,Contact,,operand = ON
analog output conversion,1690,856,Ne,,in1 = Data2.Set_TH; in2 = Tag_158
analog output conversion,1690,862,SdCoil,,value = S5T#15M; operand = Tag_159
analog output conversion,1690,891,Contact,,operand = Tag_159
analog output conversion,1690,867,Move,,in = Data2.Set_TH; out1 = Tag_158
analog output conversion,1691,930,Contact,,operand = ON
analog output conversion,1691,899,Move,,in = Tag_158; out1 = App04
analog output conversion,1691,905,Mul,,in1 = App04; in2 = 181; out = app05
analog output conversion,1691,909,Move,,in = app05; out1 = LIW_SP_SPEED
analog output conversion,1692,34,Contact,,operand = ON
analog output conversion,1692,35,Lt,,in1 = HMI_DB.SET_PERC_BC01; in2 = 10
analog output conversion,1692,36,Move,,in = 10; out1 = HMI_DB.SET_PERC_BC01
analog output conversion,1692,37,Gt,,in1 = HMI_DB.SET_PERC_BC01; in2 = 100
analog output conversion,1692,38,Move,,in = 100; out1 = HMI_DB.SET_PERC_BC01
analog output conversion,1692,39,Mul,,in1 = HMI_DB.SET_PERC_BC01; in2 = 272; out = 102A5_SPARE0
analog output conversion,1693,22,Contact,,operand = ON
analog output conversion,1693,23,Lt,,in1 = HMI_DB.SET_PERC_MC04; in2 = 10
analog output conversion,1693,24,Move,,in = 10; out1 = HMI_DB.SET_PERC_MC04
analog output conversion,1693,25,Gt,,in1 = HMI_DB.SET_PERC_MC04; in2 = 100
analog output conversion,1693,26,Move,,in = 100; out1 = HMI_DB.SET_PERC_MC04
analog output conversion,1693,27,Mul,,in1 = HMI_DB.SET_PERC_MC04; in2 = 272; out = 102A5_SPARE3
valve control loop,1702,226,Contact,,operand = ON
valve control loop,1702,228,Contact,,operand = ON
valve control loop,1702,230,Contact,,operand = Inputs.MV01 Open
valve control loop,1702,232,Contact,,operand = Flag.M_MV01_Close
valve control loop,1702,234,Contact,,operand = Flag.MV01_Auto
valve control loop,1702,115,O,,
valve control loop,1702,119,RCoil,,operand = Flag.M_MV01_OPEN
valve control loop,1702,236,Contact,,operand = Inputs.MV01 Close
valve control loop,1702,238,Contact,,operand = Flag.M_MV01_OPEN
valve control loop,1702,240,Contact,,operand = Flag.MV01_Auto
valve control loop,1702,122,O,,
valve control loop,1702,126,RCoil,,operand = Flag.M_MV01_Close
valve control loop,1702,242,Contact,operand,operand = Allarm.MV01_FAULT
valve control loop,1702,244,Contact,,operand = Flag.MV01_Auto
valve control loop,1702,246,Contact,,operand = UP MV01 PID
valve control loop,1702,248,Contact,,operand = Flag.M_MV01_OPEN
valve control loop,1702,137,O,,
valve control loop,1702,250,Contact,,operand = MV WORK PULSE
valve control loop,1702,252,Contact,,operand = RefId 1 / ORef UID 172
valve control loop,1702,138,O,,
valve control loop,1702,254,Contact,operand,operand = Start Close MV-01
valve control loop,1702,256,Contact,operand,operand = Inputs.MV01 Open
valve control loop,1702,23,Contact,operand,operand = HMI_DB.ResetEncoderProcedure_MV01
valve control loop,1702,143,Coil,,operand = Start Open MV-01
valve control loop,1702,258,Contact,,operand = Flag.MV01_Auto
valve control loop,1702,260,Contact,,operand = DOWN MV01 PID
valve control loop,1702,262,Contact,,operand = Flag.M_MV01_Close
valve control loop,1702,150,O,,
valve control loop,1702,264,Contact,,operand = MV WORK PULSE
valve control loop,1702,266,Contact,,operand = ON
valve control loop,1702,273,Contact,,operand = HMI_DB.ResetEncoderProcedure_MV01
valve control loop,1702,151,O,,
valve control loop,1702,268,Contact,operand,operand = Start Open MV-01
valve control loop,1702,270,Contact,operand,operand = Inputs.MV01 Close
valve control loop,1702,156,Coil,,operand = Start Close MV-01
valve control loop,1703,21,Contact,,operand = HMI_DB.ResetEncoderProcedure_MV01
valve control loop,1703,22,Contact,,operand = Inputs.MV01 Close
valve control loop,1703,23,Move,,in = 0; out1 = MV01_Encoder.NewCountValue
valve control loop,1703,24,Contact,operand,operand = MV01_Encoder.SetCountValue
valve control loop,1703,25,Coil,,operand = MV01_Encoder.SetCountValue
valve control loop,1703,26,RCoil,,operand = HMI_DB.ResetEncoderProcedure_MV01
valve control loop,1704,310,Contact,operand,operand = ON
valve control loop,1704,312,Contact,operand,operand = ON
valve control loop,1704,314,Contact,operand,operand = Inputs.MV02 Open
valve control loop,1704,316,Contact,,operand = Flag.M_MV02_CLOSE
valve control loop,1704,318,Contact,,operand = Flag.MV02_Auto
valve control loop,1704,199,O,,
valve control loop,1704,203,RCoil,,operand = Flag.M_MV02_OPEN
valve control loop,1704,320,Contact,operand,operand = Inputs.MV02 Close
valve control loop,1704,322,Contact,,operand = Flag.M_MV02_OPEN
valve control loop,1704,324,Contact,,operand = Flag.MV02_Auto
valve control loop,1704,206,O,,
valve control loop,1704,210,RCoil,,operand = Flag.M_MV02_CLOSE
valve control loop,1704,326,Contact,operand,operand = Allarm.MV02_FAULT
valve control loop,1704,328,Contact,,operand = Flag.MV02_Auto
valve control loop,1704,330,Contact,,operand = PID MV02 UP
valve control loop,1704,332,Contact,,operand = Flag.M_MV02_OPEN
valve control loop,1704,221,O,,
valve control loop,1704,334,Contact,,operand = MV WORK PULSE
valve control loop,1704,336,Contact,,operand = ON
valve control loop,1704,222,O,,
valve control loop,1704,338,Contact,operand,operand = Close MV02
valve control loop,1704,340,Contact,,operand = Inputs.MV02 Open
valve control loop,1704,227,Coil,,operand = Open MV02
valve control loop,1704,342,Contact,,operand = Flag.MV02_Auto
valve control loop,1704,344,Contact,,operand = PID MV02 Down
valve control loop,1704,346,Contact,,operand = Flag.M_MV02_CLOSE
valve control loop,1704,234,O,,
valve control loop,1704,348,Contact,,operand = MV WORK PULSE
valve control loop,1704,350,Contact,,operand = ON
valve control loop,1704,235,O,,
valve control loop,1704,352,Contact,operand,operand = Open MV02
valve control loop,1704,354,Contact,,operand = Inputs.MV02 Close
valve control loop,1704,240,Coil,,operand = Close MV02
valve control loop,1705,328,Contact,,operand = ON
valve control loop,1705,256,Sub,,in1 = Data.PSH03_SETPOINT; in2 = Data.PSH03; out = ErrPSH03
valve control loop,1705,330,Contact,operand,operand = Tag_147
valve control loop,1705,263,SdCoil,,value = S5T#4S; operand = Tag_148
valve control loop,1705,332,Contact,,operand = Tag_148
valve control loop,1705,268,SdCoil,,value = S5T#10S; operand = Tag_147
valve control loop,1705,334,Contact,operand,operand = Tag_148
valve control loop,1705,276,Ge,,in1 = ErrPSH03; in2 = 5
valve control loop,1705,279,Coil,,operand = PID down MV03
valve control loop,1705,282,Lt,,in1 = ErrPSH03; in2 = -5
valve control loop,1705,285,Coil,,operand = PID UP MV03
valve control loop,1706,489,Contact,,operand = ON
valve control loop,1706,491,Contact,,operand = ON
valve control loop,1706,493,Contact,,operand = Inputs.MV03 open
valve control loop,1706,495,Contact,,operand = Flag.M_MV03_CLOSE
valve control loop,1706,497,Contact,,operand = Flag.MV03_Auto
valve control loop,1706,358,O,,
valve control loop,1706,362,RCoil,,operand = Flag.M_MV03_OPEN
valve control loop,1706,499,Contact,,operand = Inputs.MV03 Close
valve control loop,1706,501,Contact,,operand = Flag.M_MV03_OPEN
valve control loop,1706,503,Contact,,operand = Flag.MV03_Auto
valve control loop,1706,365,O,,
valve control loop,1706,369,RCoil,,operand = Flag.M_MV03_CLOSE
valve control loop,1706,42,Contact,,operand = Inputs.MV03 Close
valve control loop,1706,46,RCoil,,operand = Close MV03 for Burner Startup
valve control loop,1706,505,Contact,operand,operand = Allarm.MV03_FAULT
valve control loop,1706,507,Contact,,operand = Flag.MV03_Auto
valve control loop,1706,509,Contact,,operand = PID UP MV03
valve control loop,1706,511,Contact,,operand = MV WORK PULSE
valve control loop,1706,513,Contact,,operand = ON
valve control loop,1706,515,Contact,,operand = Flag.M_MV03_OPEN
valve control loop,1706,517,Contact,,operand = MV WORK PULSE
valve control loop,1706,519,Contact,,operand = ON
valve control loop,1706,521,Contact,,operand = Open MV03 for washing
valve control loop,1706,543,O,,
valve control loop,1706,44,Contact,operand,operand = HMI_DB.ResetEncoderProcedure_MV03
valve control loop,1706,523,Contact,operand,operand = Inputs.MV03 open
valve control loop,1706,390,Coil,,operand = Start open MV03
valve control loop,1706,525,Contact,,operand = Flag.MV03_Auto
valve control loop,1706,527,Contact,,operand = PID down MV03
valve control loop,1706,529,Contact,,operand = MV WORK PULSE
valve control loop,1706,531,Contact,,operand = ON
valve control loop,1706,533,Contact,,operand = Flag.M_MV03_CLOSE
valve control loop,1706,535,Contact,,operand = MV WORK PULSE
valve control loop,1706,537,Contact,,operand = ON
valve control loop,1706,36,Contact,,operand = Close MV03 for Burner Startup
valve control loop,1706,544,O,,
valve control loop,1706,539,Contact,operand,operand = Open MV03 for washing
valve control loop,1706,546,Contact,,operand = HMI_DB.ResetEncoderProcedure_MV03
valve control loop,1706,53,O,,
valve control loop,1706,541,Contact,operand,operand = Inputs.MV03 Close
valve control loop,1706,407,Coil,,operand = Start Close MV03
valve control loop,1707,22,Contact,,operand = HMI_DB.ResetEncoderProcedure_MV03
valve control loop,1707,26,Contact,,operand = Inputs.MV03 Close
valve control loop,1707,32,Move,,in = 0; out1 = MV03_Encoder.NewCountValue
valve control loop,1707,40,Contact,operand,operand = MV03_Encoder.SetCountValue
valve control loop,1707,44,Coil,,operand = MV03_Encoder.SetCountValue
valve control loop,1707,48,RCoil,,operand = HMI_DB.ResetEncoderProcedure_MV03
valve control loop,1708,652,Contact,operand,operand = RefId 1 / ORef UID 24
valve control loop,1708,654,Contact,operand,operand = ON
valve control loop,1708,656,Contact,operand,operand = Inputs.MV05 open
valve control loop,1708,658,Contact,,operand = Flag.M_MV05_CLOSE
valve control loop,1708,660,Contact,,operand = Flag.MV05_Auto
valve control loop,1708,531,O,,
valve control loop,1708,535,RCoil,,operand = Flag.M_MV05_OPEN
valve control loop,1708,662,Contact,operand,operand = Inputs.MV05 Close
valve control loop,1708,664,Contact,,operand = Flag.M_MV05_OPEN
valve control loop,1708,666,Contact,,operand = Flag.MV05_Auto
valve control loop,1708,538,O,,
valve control loop,1708,542,RCoil,,operand = Flag.M_MV05_CLOSE
valve control loop,1708,668,Contact,operand,operand = Allarm.MV_05_FAULT
valve control loop,1708,670,Contact,,operand = Flag.MV05_Auto
valve control loop,1708,672,Contact,,operand = PID UP MV05
valve control loop,1708,674,Contact,,operand = Flag.M_MV05_OPEN
valve control loop,1708,676,Contact,,operand = MV WORK PULSE
valve control loop,1708,552,O,,
valve control loop,1708,678,Contact,operand,operand = Allarm.Oxigen_Fault
valve control loop,1708,680,Contact,,operand = UNDER TESTING
valve control loop,1708,556,O,,
valve control loop,1708,682,Contact,operand,operand = Close MV05
valve control loop,1708,684,Contact,,operand = Inputs.MV05 open
valve control loop,1708,561,Coil,,operand = Open MV05
valve control loop,1708,686,Contact,,operand = Flag.MV05_Auto
valve control loop,1708,688,Contact,,operand = PID DOWN MV05
valve control loop,1708,690,Contact,,operand = Flag.M_MV05_CLOSE
valve control loop,1708,692,Contact,,operand = MV WORK PULSE
valve control loop,1708,694,Contact,,operand = Allarm.Oxigen_Fault
valve control loop,1708,696,Contact,operand,operand = UNDER TESTING
valve control loop,1708,567,O,,
valve control loop,1708,698,Contact,operand,operand = Open MV05
valve control loop,1708,700,Contact,,operand = Inputs.MV05 Close
valve control loop,1708,576,Coil,,operand = Close MV05
valve control loop,1709,675,Contact,,operand = ON
valve control loop,1709,592,Ne,,in1 = Data.PSH02_SETPOINT; in2 = 0
valve control loop,1709,598,Sub,,in1 = Data.PSH02_SETPOINT; in2 = Data.PSH_02; out = ErrPSH02
valve control loop,1709,677,Contact,operand,operand = Tag_149
valve control loop,1709,605,SdCoil,,value = S5T#300MS; operand = Tag_150
valve control loop,1709,679,Contact,,operand = Tag_150
valve control loop,1709,610,SdCoil,,value = S5T#4S; operand = Tag_149
valve control loop,1709,681,Contact,operand,operand = Tag_150
valve control loop,1709,618,Ge,,in1 = ErrPSH02; in2 = 5
valve control loop,1709,621,Coil,,operand = MV06 PID DOWN
valve control loop,1709,624,Le,,in1 = ErrPSH02; in2 = -5
valve control loop,1709,627,Coil,,operand = MV06 PID UP
valve control loop,1710,807,Contact,,operand = ON
valve control loop,1710,809,Contact,,operand = Flag.MV06_Auto
valve control loop,1710,693,Eq,,in1 = Data.PSH02_SETPOINT; in2 = 0
valve control loop,1710,811,Contact,operand,operand = Shot to close
valve control loop,1710,813,Contact,operand,operand = Shot to open
valve control loop,1710,701,Le,,in1 = PSH02; in2 = 0
valve control loop,1710,707,SdCoil,,value = S5T#20S; operand = Tag_151
valve control loop,1710,815,Contact,,operand = Tag_151
valve control loop,1710,712,SCoil,,operand = Shot to close
valve control loop,1710,715,Gt,,in1 = PSH02; in2 = 0
valve control loop,1710,721,SdCoil,,value = S5T#2S; operand = Tag_152
valve control loop,1710,817,Contact,,operand = Tag_152
valve control loop,1710,726,SCoil,,operand = Shot to open
valve control loop,1710,819,Contact,,operand = Shot to close
valve control loop,1710,821,Contact,,operand = Shot to open
valve control loop,1710,729,O,,
valve control loop,1710,735,SdCoil,,value = S5T#300MS; operand = Tag_153
valve control loop,1710,823,Contact,,operand = Tag_153
valve control loop,1710,741,RCoil,,operand = Shot to close
valve control loop,1710,743,RCoil,,operand = Shot to open
valve control loop,1711,915,Contact,operand,operand = ON
valve control loop,1711,917,Contact,operand,operand = ON
valve control loop,1711,919,Contact,,operand = Inputs.MV06_Open
valve control loop,1711,921,Contact,,operand = Flag.MV06_Close
valve control loop,1711,923,Contact,,operand = Flag.MV06_Auto
valve control loop,1711,790,O,,
valve control loop,1711,794,RCoil,,operand = Flag.MV06_Open
valve control loop,1711,925,Contact,,operand = Inputs.MV06 Close
valve control loop,1711,927,Contact,,operand = Flag.MV06_Open
valve control loop,1711,929,Contact,,operand = Flag.MV06_Auto
valve control loop,1711,797,O,,
valve control loop,1711,801,RCoil,,operand = Flag.MV06_Close
valve control loop,1711,931,Contact,operand,operand = Allarm.MV_06_FAULT
valve control loop,1711,933,Contact,,operand = Flag.MV06_Auto
valve control loop,1711,935,Contact,,operand = MV06 PID UP
valve control loop,1711,937,Contact,,operand = Shot to open
valve control loop,1711,939,Contact,,operand = Flag.MV06_Open
valve control loop,1711,941,Contact,,operand = MV WORK PULSE
valve control loop,1711,943,Contact,,operand = ON
valve control loop,1711,965,O,,
valve control loop,1711,945,Contact,operand,operand = Close MV06
valve control loop,1711,947,Contact,operand,operand = Inputs.MV06_Open
valve control loop,1711,821,Coil,,operand = Open MV06
valve control loop,1711,949,Contact,,operand = Flag.MV06_Auto
valve control loop,1711,951,Contact,,operand = MV06 PID DOWN
valve control loop,1711,953,Contact,,operand = Shot to close
valve control loop,1711,955,Contact,,operand = Flag.MV06_Close
valve control loop,1711,957,Contact,,operand = MV WORK PULSE
valve control loop,1711,959,Contact,,operand = ON
valve control loop,1711,966,O,,
valve control loop,1711,961,Contact,operand,operand = Open MV06
valve control loop,1711,963,Contact,operand,operand = Inputs.MV06 Close
valve control loop,1711,837,Coil,,operand = Close MV06
valve control loop,1712,846,Contact,,operand = ON
valve control loop,1712,848,Contact,operand,operand = Tag_154
valve control loop,1712,813,SdCoil,,value = S5T#200MS; operand = Tag_155
valve control loop,1712,850,Contact,,operand = Tag_155
valve control loop,1712,818,SdCoil,,value = S5T#2S; operand = Tag_154
valve control loop,1712,852,Contact,operand,operand = Tag_155
valve control loop,1712,823,Coil,,operand = MV WORK PULSE
valve control loop,1713,1639,Contact,,operand = ON
valve control loop,1713,1641,Contact,operand,operand = Tag_156
valve control loop,1713,1225,SdCoil,,value = S5T#10MS; operand = Tag_157
valve control loop,1713,1643,Contact,,operand = Tag_157
valve control loop,1713,1230,SdCoil,,value = S5T#10MS; operand = Tag_156
valve control loop,1713,1645,Contact,operand,operand = Tag_157
valve control loop,1713,1235,PBox,,bit = PLS 50 7
valve control loop,1713,1647,Contact,,operand = ON
valve control loop,1713,1649,Contact,,operand = Start Open MV-01
valve control loop,1713,1248,Add,,in1 = WorkData.W33; in2 = 1; out = WorkData.W33
valve control loop,1713,1254,Move,,in = 0; out1 = WorkData.W34
valve control loop,1713,1651,Contact,,operand = Start Close MV-01
valve control loop,1713,1263,Sub,,in1 = WorkData.W34; in2 = 1; out = WorkData.W34
valve control loop,1713,1269,Move,,in = 0; out1 = WorkData.W33
valve control loop,1713,1653,Contact,,operand = ON
valve control loop,1713,1655,Contact,,operand = Open MV02
valve control loop,1713,1282,Add,,in1 = WorkData.W35; in2 = 1; out = WorkData.W35
valve control loop,1713,1288,Move,,in = 0; out1 = WorkData.W36
valve control loop,1713,1657,Contact,,operand = Close MV02
valve control loop,1713,1297,Sub,,in1 = WorkData.W36; in2 = 1; out = WorkData.W36
valve control loop,1713,1303,Move,,in = 0; out1 = WorkData.W35
valve control loop,1713,1659,Contact,,operand = ON
valve control loop,1713,1661,Contact,,operand = Start open MV03
valve control loop,1713,1316,Add,,in1 = WorkData.W29; in2 = 1; out = WorkData.W29
valve control loop,1713,1322,Move,,in = 0; out1 = WorkData.W30
valve control loop,1713,1663,Contact,,operand = Start Close MV03
valve control loop,1713,1331,Sub,,in1 = WorkData.W30; in2 = 1; out = WorkData.W30
valve control loop,1713,1337,Move,,in = 0; out1 = WorkData.W29
valve control loop,1713,1671,Contact,,operand = ON
valve control loop,1713,1673,Contact,,operand = Open MV05
valve control loop,1713,1384,Add,,in1 = WorkData.W31; in2 = 1; out = WorkData.W31
valve control loop,1713,1390,Move,,in = 0; out1 = WorkData.W32
valve control loop,1713,1675,Contact,,operand = Close MV05
valve control loop,1713,1399,Sub,,in1 = WorkData.W32; in2 = 1; out = WorkData.W32
valve control loop,1713,1405,Move,,in = 0; out1 = WorkData.W31
valve control loop,1713,1677,Contact,,operand = ON
valve control loop,1713,1679,Contact,,operand = Open MV06
valve control loop,1713,1418,Add,,in1 = WorkData.W19; in2 = 1; out = WorkData.W19
valve control loop,1713,1424,Move,,in = 0; out1 = WorkData.W20
valve control loop,1713,1681,Contact,,operand = Close MV06
valve control loop,1713,1433,Sub,,in1 = WorkData.W20; in2 = 1; out = WorkData.W20
valve control loop,1713,1439,Move,,in = 0; out1 = WorkData.W19
valve control loop,1714,1943,Contact,,operand = ON
valve control loop,1714,1945,Contact,,operand = ON
valve control loop,1714,1592,Gt,,in1 = WorkData.W33; in2 = 2000
valve control loop,1714,1598,SCoil,,operand = Allarm.MV01_FAULT
valve control loop,1714,1601,Move,,in = 0; out1 = WorkData.W33
valve control loop,1714,1606,Lt,,in1 = WorkData.W34; in2 = -2000
valve control loop,1714,1612,SCoil,,operand = Allarm.MV01_FAULT
valve control loop,1714,1615,Move,,in = 0; out1 = WorkData.W34
valve control loop,1714,1947,Contact,,operand = ON
valve control loop,1714,1624,Gt,,in1 = WorkData.W35; in2 = 1000
valve control loop,1714,1630,SCoil,,operand = Allarm.MV02_FAULT
valve control loop,1714,1633,Move,,in = 0; out1 = WorkData.W35
valve control loop,1714,1638,Lt,,in1 = WorkData.W36; in2 = -1000
valve control loop,1714,1644,SCoil,,operand = Allarm.MV02_FAULT
valve control loop,1714,1647,Move,,in = 0; out1 = WorkData.W36
valve control loop,1714,1949,Contact,,operand = ON
valve control loop,1714,1656,Gt,,in1 = WorkData.W29; in2 = 3400
valve control loop,1714,1662,SCoil,,operand = Allarm.MV03_FAULT
valve control loop,1714,1665,Move,,in = 0; out1 = WorkData.W29
valve control loop,1714,1670,Lt,,in1 = WorkData.W30; in2 = -3400
valve control loop,1714,1676,SCoil,,operand = Allarm.MV03_FAULT
valve control loop,1714,1679,Move,,in = 0; out1 = WorkData.W30
valve control loop,1714,1951,Contact,,operand = ON
valve control loop,1714,1688,Gt,,in1 = WorkData.W37; in2 = 700
valve control loop,1714,1694,SCoil,,operand = Allarm.MV04_FAULT
valve control loop,1714,1697,Move,,in = 0; out1 = WorkData.W37
valve control loop,1714,1702,Lt,,in1 = WorkData.W38; in2 = -700
valve control loop,1714,1708,SCoil,,operand = Allarm.MV04_FAULT
valve control loop,1714,1711,Move,,in = 0; out1 = WorkData.W38
valve control loop,1714,1953,Contact,,operand = ON
valve control loop,1714,1720,Gt,,in1 = WorkData.W31; in2 = 700
valve control loop,1714,1726,SCoil,,operand = Allarm.MV_05_FAULT
valve control loop,1714,1729,Move,,in = 0; out1 = WorkData.W31
valve control loop,1714,1734,Lt,,in1 = WorkData.W32; in2 = -700
valve control loop,1714,1740,SCoil,,operand = Allarm.MV_05_FAULT
valve control loop,1714,1743,Move,,in = 0; out1 = WorkData.W32
valve control loop,1714,1955,Contact,,operand = ON
valve control loop,1714,1752,Gt,,in1 = WorkData.W19; in2 = 2200
valve control loop,1714,1758,SCoil,,operand = Allarm.MV_06_FAULT
valve control loop,1714,1761,Move,,in = 0; out1 = WorkData.W19
valve control loop,1714,1766,Lt,,in1 = WorkData.W20; in2 = -2200
valve control loop,1714,1772,SCoil,,operand = Allarm.MV_06_FAULT
valve control loop,1714,1775,Move,,in = 0; out1 = WorkData.W20
cyc_int2 ogni 1s,1721,194,Contact,,operand = OFF
cyc_int2 ogni 1s,1721,196,Contact,,operand = Manuale
cyc_int2 ogni 1s,1721,165,Move,,in = I_FFWD; out1 = WorkData.Burner_PID_Result
cyc_int2 ogni 1s,1721,198,Contact,operand,operand = Manuale
cyc_int2 ogni 1s,1721,171,Add,,in1 = 0; in2 = I_Outvalue; out = WorkData.Burner_PID_Result
cyc_int2 ogni 1s,1722,186,Contact,,operand = ON
cyc_int2 ogni 1s,1722,174,Add,,in1 = RefId 35 / ORef UID 179; in2 = I_Outvalue; out = WorkData.Burner_PID_Result
cyc_int2 ogni 1s,1723,188,Contact,,operand = ON
cyc_int2 ogni 1s,1723,183,CRef,,호출 참조: Auto start motors
cyc_int2 ogni 1s,1724,273,Contact,,operand = ON
cyc_int2 ogni 1s,1724,230,Gt,,in1 = Data.Burner_Panel_SetPoint; in2 = Data.Burner_Air_Out
cyc_int2 ogni 1s,1724,233,Add,,in1 = Data.Burner_Air_Out; in2 = 1; out = Data.Burner_Air_Out
cyc_int2 ogni 1s,1724,239,Lt,,in1 = Data.Burner_Panel_SetPoint; in2 = Data.Burner_Air_Out
cyc_int2 ogni 1s,1724,242,Add,,in1 = Data.Burner_Air_Out; in2 = -1; out = Data.Burner_Air_Out
analog input conversion,1731,65,Contact,,operand = ON
analog input conversion,1731,46,CRef,,호출 참조: Signal linearization; IN0 = ON; Analog_input = TC04; Coeff = Coeff.COEFF_TC04; Zero = Coeff.ZERO_TC04; OutValue = Data.Temp_TC04; Out_of_range = Allarm.TC04_OFR
analog input conversion,1732,85,Contact,,operand = OFF
analog input conversion,1732,66,CRef,,호출 참조: Signal linearization; IN0 = ON; Analog_input = TC05; Coeff = Coeff.COEFF_TC05; Zero = Coeff.ZERO_TC05; OutValue = Data.Temp_TC05; Out_of_range = Allarm.TC05_OFR
analog input conversion,1733,105,Contact,,operand = ON
analog input conversion,1733,86,CRef,,호출 참조: Signal linearization; IN0 = ON; Analog_input = TC09; Coeff = Coeff.COEFF_TC09; Zero = Coeff.ZERO_TC09; OutValue = Data.TC_09; Out_of_range = Allarm.TC09_OFR
analog input conversion,1734,125,Contact,,operand = OFF
analog input conversion,1734,106,CRef,,호출 참조: Signal linearization; IN0 = ON; Analog_input = TC-10; Coeff = Coeff.COEFF_TC10; Zero = Coeff.ZERO_TC10; OutValue = Data.TC_10; Out_of_range = Allarm.TC10_OFR
analog input conversion,1735,256,Contact,,operand = ON
analog input conversion,1735,258,Contact,,operand = ON
analog input conversion,1735,185,CRef,,호출 참조: Signal linearization; IN0 = ON; Analog_input = BWF01_FlowRate; Coeff = Coeff.COEFF_BWF1_FEEDER_FLOW_RATE; Zero = Coeff.ZERO_BWF1_FEEDER_FLOW_RATE; OutValue = Data.CLIENT_1; Out_of_range = Allarm.Flow_rate_BWF01_OFR
analog input conversion,1735,260,Contact,,operand = ON
analog input conversion,1735,262,Contact,,operand = BWF 01 RUN
analog input conversion,1735,198,Mul,,in1 = Data.SET_PERC_BWF01; in2 = Data2.Set_TH; out = temp4
analog input conversion,1735,202,Div,,in1 = temp4; in2 = 100; out = Data.CLIENT_1
analog input conversion,1735,264,Contact,operand,operand = BWF 01 RUN
analog input conversion,1735,209,Move,,in = 0; out1 = Data.CLIENT_1
analog input conversion,1736,331,Contact,,operand = ON
analog input conversion,1736,333,Contact,,operand = ON
analog input conversion,1736,260,CRef,,호출 참조: Signal linearization; IN0 = ON; Analog_input = BWF02_FlowRate; Coeff = Coeff.COEFF_BWF2_FEEDER_FLOW_RATE; Zero = Coeff.ZERO_BWF2_FEEDER_FLOW_RATE; OutValue = Data.CLIENT_2; Out_of_range = Allarm.Flow_rate_BWF02_OFR
analog input conversion,1736,335,Contact,,operand = OFF
analog input conversion,1736,337,Contact,,operand = BWF 02 RUN
analog input conversion,1736,273,Mul,,in1 = Data.SET_PERC_BWF02; in2 = Data2.Set_TH; out = temp4
analog input conversion,1736,277,Div,,in1 = temp4; in2 = 100; out = Data.CLIENT_2
analog input conversion,1736,339,Contact,operand,operand = BWF 02 RUN
analog input conversion,1736,284,Move,,in = 0; out1 = Data.CLIENT_2
analog input conversion,1737,295,Contact,,operand = OFF
analog input conversion,1737,276,CRef,,호출 참조: Signal linearization; IN0 = ON; Analog_input = BWF01_Level; Coeff = Coeff.COEFF_BWF1_HOPPER_LEVEL; Zero = Coeff.ZERO_BWF1_HOPPER_LEVEL; OutValue = Data.CLIENT_3; Out_of_range = Allarm.Level_BWF01_OFR
analog input conversion,1738,315,Contact,,operand = ON
analog input conversion,1738,296,CRef,,호출 참조: Signal linearization; IN0 = ON; Analog_input = BWF02_Level; Coeff = Coeff.COEFF_BWF2_HOPPER_LEVEL; Zero = Coeff.ZERO_BWF2_HOPPER_LEVEL; OutValue = Data.CLIENT_4; Out_of_range = Allarm.Level_BWF02_OFR
analog input conversion,1739,335,Contact,,operand = ON
analog input conversion,1739,316,CRef,,호출 참조: Signal linearization; IN0 = ON; Analog_input = TC01; Coeff = Coeff.COEFF_TC01; Zero = Coeff.ZERO_TC01; OutValue = Data.Temp_TC01; Out_of_range = Allarm.TC01_OFR
analog input conversion,1740,355,Contact,,operand = ON
analog input conversion,1740,336,CRef,,호출 참조: Signal linearization; IN0 = ON; Analog_input = TC02; Coeff = Coeff.COEFF_TC02; Zero = Coeff.ZERO_TC02; OutValue = Data.Temp_TC02; Out_of_range = Allarm.TC02_OFR
analog input conversion,1741,375,Contact,,operand = ON
analog input conversion,1741,356,CRef,,호출 참조: Signal linearization; IN0 = ON; Analog_input = TC03; Coeff = Coeff.COEFF_TC03; Zero = Coeff.ZERO_TC03; OutValue = Data.Temp_TC03; Out_of_range = Allarm.TC03_OFR
analog input conversion,1742,395,Contact,,operand = ON
analog input conversion,1742,376,CRef,,호출 참조: Signal linearization; IN0 = ON; Analog_input = TC06; Coeff = Coeff.COEFF_TC06; Zero = Coeff.ZERO_TC06; OutValue = Data.Temp_T6; Out_of_range = Allarm.TC06_OFR
analog input conversion,1743,415,Contact,,operand = OFF
analog input conversion,1743,396,CRef,,호출 참조: Signal linearization; IN0 = ON; Analog_input = TC07; Coeff = Coeff.COEFF_TC07; Zero = Coeff.ZERO_TC07; OutValue = Data.TC_07; Out_of_range = Allarm.TC07_OFR
analog input conversion,1744,435,Contact,,operand = OFF
analog input conversion,1744,416,CRef,,호출 참조: Signal linearization; IN0 = ON; Analog_input = ZT01; Coeff = Coeff.COEFF_ZT01; Zero = Coeff.ZERO_ZT01; OutValue = Data.ZT_01; Out_of_range = Allarm.ZT01_OFR
analog input conversion,1745,455,Contact,,operand = ON
analog input conversion,1745,436,CRef,,호출 참조: Signal linearization; IN0 = ON; Analog_input = PSH01; Coeff = Coeff.COEFF_PSH01; Zero = Coeff.ZERO_PSH01; OutValue = Data.Press_PC01; Out_of_range = Allarm.PSH01_OFR
analog input conversion,1746,475,Contact,,operand = ON
analog input conversion,1746,456,CRef,,호출 참조: Signal linearization; IN0 = ON; Analog_input = PSH02; Coeff = Coeff.COEFF_PSH02; Zero = Coeff.ZERO_PSH02; OutValue = Data.PSH_02; Out_of_range = Allarm.PSH02_OFR
analog input conversion,1747,495,Contact,,operand = ON
analog input conversion,1747,476,CRef,,호출 참조: Signal linearization; IN0 = ON; Analog_input = PSH03; Coeff = Coeff.Coeff_PSH03; Zero = Coeff.Zero_PSH03; OutValue = Data.PSH03; Out_of_range = Allarm.PSH03_OFR
analog input conversion,1748,515,Contact,,operand = OFF
analog input conversion,1748,496,CRef,,호출 참조: Signal linearization; IN0 = ON; Analog_input = R001; Coeff = Coeff.COEFF_R01; Zero = Coeff.ZERO_R01; OutValue = Data.Oxigen_RO01; Out_of_range = Allarm.Ro01_OFR
analog input conversion,1749,535,Contact,,operand = OFF
analog input conversion,1749,516,CRef,,호출 참조: Signal linearization; IN0 = ON; Analog_input = R002; Coeff = Coeff.COEFF_R02; Zero = Coeff.ZERO_R02; OutValue = Data.Oxigen_RO02; Out_of_range = Allarm.RO02_OFR
analog input conversion,1750,594,Contact,,operand = OFF
analog input conversion,1750,558,CRef,,호출 참조: Signal linearization; IN0 = ON; Analog_input = R003; Coeff = Coeff.COEFF_R03; Zero = Coeff.ZERO_R03; OutValue = Data.RO03; Out_of_range = Allarm.RO03_OFR
analog input conversion,1750,596,Contact,,operand = OFF
analog input conversion,1750,566,Add,,in1 = Data.Oxigen_RO02; in2 = 11; out = Data.RO03
analog input conversion,1751,594,Contact,,operand = OFF
analog input conversion,1751,575,CRef,,호출 참조: Signal linearization; IN0 = ON; Analog_input = R004; Coeff = Coeff.COEFF_R04; Zero = Coeff.ZERO_R04; OutValue = Data.RO04; Out_of_range = Allarm.RO04_OFR
analog input conversion,1752,614,Contact,,operand = ON
analog input conversion,1752,595,CRef,,호출 참조: Signal linearization; IN0 = ON; Analog_input = BR01_GAS; Coeff = Coeff.COEFF_TRASM_GAS_BR01; Zero = Coeff.ZERO_TRASM_GAS_BR01; OutValue = Data.GAS_BR_01; Out_of_range = Allarm.BR01_Gas_OFR
analog input conversion,1753,634,Contact,,operand = ON
analog input conversion,1753,615,CRef,,호출 참조: Signal linearization; IN0 = ON; Analog_input = BR01_AIR; Coeff = Coeff.COEFF_TRASM_AIR_BR01; Zero = Coeff.ZERO_TRASM_AIR_BR01; OutValue = Data.AIR_BR_01; Out_of_range = Allarm.BR01_Air_OFR
analog input conversion,1754,697,Contact,,operand = ON
analog input conversion,1754,659,CRef,,호출 참조: Signal linearization; IN0 = ON; Analog_input = BR01_FlowMeter_GAS; Coeff = Coeff.COEFF_FLOW_GAS_BR01; Zero = Coeff.ZERO_FLOW_GAS_BR01; OutValue = Data.MASSICO_FLOW_GAS; Out_of_range = Allarm.Massico_Gas_OFR
analog input conversion,1754,666,Lt,,in1 = Data.MASSICO_FLOW_GAS; in2 = 1
analog input conversion,1754,669,Move,,in = 1; out1 = Data.MASSICO_FLOW_GAS
analog input conversion,1755,695,Contact,,operand = ON
analog input conversion,1755,676,CRef,,호출 참조: Signal linearization; IN0 = ON; Analog_input = BR01_FlowMeter_AIR; Coeff = Coeff.COEFF_FLOW_AIR_BR01; Zero = Coeff.ZERO_FLOW_AIR_BR01; OutValue = Data.MASSICO_FLOW_AIR; Out_of_range = Allarm.Massico_Air_OFR
analog input conversion,1756,21,Contact,operand,operand = Simulation(1)
analog input conversion,1756,22,Contact,,operand = EM_OK
analog input conversion,1756,23,LRef,,호출 참조: RefId 330; SwGate = fill_unit1.CONTROL_SIGNALS.SW_GATE0; CaptureEnable = RefId (RefId 없음) / ORef UID 28; SyncEnable = RefId (RefId 없음) / ORef UID 29; ErrorAck = Flag.RESET_ALLARM; EventAck = Flag.RESET_ALLARM; SetCountValue = RefId (RefId 없음) / ORef UID 32; StatusHW = RefId (RefId 없음) / ORef UID 33; StatusGate = RefId (RefId 없음) / ORef UID 34; StatusUp = RefId (RefId 없음) / ORef UID 35; StatusDown = RefId (RefId 없음) / ORef UID 36; CompResult0 = RefId (RefId 없음) / ORef UID 37; CompResult1 = RefId (RefId 없음) / ORef UID 38; SyncStatus = RefId (RefId 없음) / ORef UID 39; CaptureStatus = RefId (RefId 없음) / ORef UID 40; CapturedValue = RefId (RefId 없음) / ORef UID 41; ZeroStatus = RefId (RefId 없음) / ORef UID 42; PosOverflow = RefId (RefId 없음) / ORef UID 43; NegOverflow = RefId (RefId 없음) / ORef UID 44; Error = RefId (RefId 없음) / ORef UID 45; ErrorID = RefId (RefId 없음) / ORef UID 46; CountValue = fill_unit1.ACT_CNTV0; MeasuredValue = RefId (RefId 없음) / ORef UID 48; CompareMeasuredValue = RefId (RefId 없음) / ORef UID 49
analog input conversion,1757,74,Contact,operand,operand = Simulation(1)
analog input conversion,1757,21,Contact,,operand = EM_OK
analog input conversion,1757,22,LRef,,호출 참조: RefId 330; SwGate = fill_unit1.CONTROL_SIGNALS.SW_GATE1; CaptureEnable = RefId (RefId 없음) / ORef UID 26; SyncEnable = RefId (RefId 없음) / ORef UID 27; ErrorAck = RefId (RefId 없음) / ORef UID 28; EventAck = RefId (RefId 없음) / ORef UID 29; SetCountValue = RefId (RefId 없음) / ORef UID 30; StatusHW = RefId (RefId 없음) / ORef UID 31; StatusGate = RefId (RefId 없음) / ORef UID 32; StatusUp = RefId (RefId 없음) / ORef UID 33; StatusDown = RefId (RefId 없음) / ORef UID 34; CompResult0 = RefId (RefId 없음) / ORef UID 35; CompResult1 = RefId (RefId 없음) / ORef UID 36; SyncStatus = RefId (RefId 없음) / ORef UID 37; CaptureStatus = RefId (RefId 없음) / ORef UID 38; CapturedValue = RefId (RefId 없음) / ORef UID 39; ZeroStatus = RefId (RefId 없음) / ORef UID 40; PosOverflow = RefId (RefId 없음) / ORef UID 41; NegOverflow = RefId (RefId 없음) / ORef UID 42; Error = RefId (RefId 없음) / ORef UID 43; ErrorID = RefId (RefId 없음) / ORef UID 44; CountValue = fill_unit1.ACT_CNTV1; MeasuredValue = RefId (RefId 없음) / ORef UID 46; CompareMeasuredValue = RefId (RefId 없음) / ORef UID 47
analog input conversion,1758,75,Contact,operand,operand = Simulation(1)
analog input conversion,1758,21,Contact,,operand = EM_OK
analog input conversion,1758,22,LRef,,호출 참조: RefId 330; SwGate = fill_unit1.CONTROL_SIGNALS.SW_GATE2; CaptureEnable = RefId (RefId 없음) / ORef UID 26; SyncEnable = RefId (RefId 없음) / ORef UID 27; ErrorAck = RefId (RefId 없음) / ORef UID 28; EventAck = RefId (RefId 없음) / ORef UID 29; SetCountValue = RefId (RefId 없음) / ORef UID 30; StatusHW = RefId (RefId 없음) / ORef UID 31; StatusGate = RefId (RefId 없음) / ORef UID 32; StatusUp = RefId (RefId 없음) / ORef UID 33; StatusDown = RefId (RefId 없음) / ORef UID 34; CompResult0 = RefId (RefId 없음) / ORef UID 35; CompResult1 = RefId (RefId 없음) / ORef UID 36; SyncStatus = RefId (RefId 없음) / ORef UID 37; CaptureStatus = RefId (RefId 없음) / ORef UID 38; CapturedValue = RefId (RefId 없음) / ORef UID 39; ZeroStatus = RefId (RefId 없음) / ORef UID 40; PosOverflow = RefId (RefId 없음) / ORef UID 41; NegOverflow = RefId (RefId 없음) / ORef UID 42; Error = RefId (RefId 없음) / ORef UID 43; ErrorID = RefId (RefId 없음) / ORef UID 44; CountValue = fill_unit1.ACT_CNTV2; MeasuredValue = RefId (RefId 없음) / ORef UID 46; CompareMeasuredValue = RefId (RefId 없음) / ORef UID 47
analog input conversion,1759,21,Contact,operand,operand = Simulation(1)
analog input conversion,1759,22,Contact,,operand = EM_OK
analog input conversion,1759,23,LRef,,호출 참조: RefId 330; SwGate = fill_unit1.CONTROL_SIGNALS.SW_GATE3; CaptureEnable = RefId (RefId 없음) / ORef UID 28; SyncEnable = RefId (RefId 없음) / ORef UID 29; ErrorAck = RefId (RefId 없음) / ORef UID 30; EventAck = RefId (RefId 없음) / ORef UID 31; SetCountValue = RefId (RefId 없음) / ORef UID 32; StatusHW = RefId (RefId 없음) / ORef UID 33; StatusGate = RefId (RefId 없음) / ORef UID 34; StatusUp = RefId (RefId 없음) / ORef UID 35; StatusDown = RefId (RefId 없음) / ORef UID 36; CompResult0 = RefId (RefId 없음) / ORef UID 37; CompResult1 = RefId (RefId 없음) / ORef UID 38; SyncStatus = RefId (RefId 없음) / ORef UID 39; CaptureStatus = RefId (RefId 없음) / ORef UID 40; CapturedValue = RefId (RefId 없음) / ORef UID 41; ZeroStatus = RefId (RefId 없음) / ORef UID 42; PosOverflow = RefId (RefId 없음) / ORef UID 43; NegOverflow = RefId (RefId 없음) / ORef UID 44; Error = RefId (RefId 없음) / ORef UID 45; ErrorID = RefId (RefId 없음) / ORef UID 46; CountValue = fill_unit1.ACT_CNTV3; MeasuredValue = RefId (RefId 없음) / ORef UID 48; CompareMeasuredValue = RefId (RefId 없음) / ORef UID 49
analog input conversion,1760,21,Contact,operand,operand = Simulation(1)
analog input conversion,1760,22,Contact,,operand = EM_OK
analog input conversion,1760,23,LRef,,호출 참조: RefId 330; SwGate = fill_unit1.CONTROL_SIGNALS.SW_GATE4; CaptureEnable = RefId (RefId 없음) / ORef UID 28; SyncEnable = RefId (RefId 없음) / ORef UID 29; ErrorAck = RefId (RefId 없음) / ORef UID 30; EventAck = RefId (RefId 없음) / ORef UID 31; SetCountValue = RefId (RefId 없음) / ORef UID 32; StatusHW = RefId (RefId 없음) / ORef UID 33; StatusGate = RefId (RefId 없음) / ORef UID 34; StatusUp = RefId (RefId 없음) / ORef UID 35; StatusDown = RefId (RefId 없음) / ORef UID 36; CompResult0 = RefId (RefId 없음) / ORef UID 37; CompResult1 = RefId (RefId 없음) / ORef UID 38; SyncStatus = RefId (RefId 없음) / ORef UID 39; CaptureStatus = RefId (RefId 없음) / ORef UID 40; CapturedValue = RefId (RefId 없음) / ORef UID 41; ZeroStatus = RefId (RefId 없음) / ORef UID 42; PosOverflow = RefId (RefId 없음) / ORef UID 43; NegOverflow = RefId (RefId 없음) / ORef UID 44; Error = RefId (RefId 없음) / ORef UID 45; ErrorID = RefId (RefId 없음) / ORef UID 46; CountValue = fill_unit1.ACT_CNTV4; MeasuredValue = RefId (RefId 없음) / ORef UID 48; CompareMeasuredValue = RefId (RefId 없음) / ORef UID 49
analog input conversion,1761,963,Contact,operand,operand = EM_OK
analog input conversion,1761,917,Move,,in = CNT_Act_0; out1 = Memory encoder.Encoder_CH00
analog input conversion,1761,922,Move,,in = CNT_Act_1; out1 = Memory encoder.Encoder_CH01
analog input conversion,1761,927,Move,,in = CNT_Act_2; out1 = Memory encoder.Encoder_CH02
analog input conversion,1761,932,Move,,in = CNT_Act_3; out1 = Memory encoder.Encoder_CH03
analog input conversion,1761,937,Move,,in = CNT_Act_4; out1 = Memory encoder.Encoder_CH04
analog input conversion,1762,1113,Contact,,operand = EM_OK
analog input conversion,1762,1115,Contact,operand,operand = MV01_Close
analog input conversion,1762,1025,Coil,,operand = fill_unit1.CONTROL_SIGNALS.SW_GATE0
analog input conversion,1762,1030,Add,,in1 = Memory encoder.Encoder_CH00; in2 = fill_unit1.ACT_CNTV0; out = CNT_Act_0
analog input conversion,1762,1034,Div,,in1 = CNT_Act_0; in2 = 100; out = CNTV0_100
analog input conversion,1762,1038,Move,,in = CNTV0_100; out1 = Memory encoder.Encoder_CH00_10
analog input conversion,1762,1117,Contact,operand,operand = fill_unit1.CONTROL_SIGNALS.SW_GATE0
analog input conversion,1762,1047,Move,,in = 0; out1 = Memory encoder.Encoder_CH00_10
analog input conversion,1762,1052,Move,,in = INT#0; out1 = Memory encoder.Encoder_CH00
analog input conversion,1762,1059,CRef,,호출 참조: Signal linearization; IN0 = ON; Analog_input = Memory encoder.Encoder_CH00_10; Coeff = Coeff.COEFF_TRASM_MV01; Zero = Coeff.ZERO_TRASM_MV01; OutValue = Data.Pot_MV01; Out_of_range = Allarm.Pot_MV01_OFR
analog input conversion,1763,21,Contact,,operand = EM_OK
analog input conversion,1763,22,Contact,operand,operand = MV02_Close
analog input conversion,1763,23,Coil,,operand = fill_unit1.CONTROL_SIGNALS.SW_GATE1
analog input conversion,1763,24,Add,,in1 = Memory encoder.Encoder_CH01; in2 = fill_unit1.ACT_CNTV1; out = CNT_Act_1
analog input conversion,1763,25,Div,,in1 = CNT_Act_1; in2 = 100; out = CNTV1_100
analog input conversion,1763,26,Move,,in = CNTV1_100; out1 = Memory encoder.Encoder_CH01_10
analog input conversion,1763,27,Contact,operand,operand = fill_unit1.CONTROL_SIGNALS.SW_GATE1
analog input conversion,1763,28,Move,,in = 0; out1 = Memory encoder.Encoder_CH01_10
analog input conversion,1763,29,Move,,in = INT#0; out1 = Memory encoder.Encoder_CH01
analog input conversion,1763,30,CRef,,호출 참조: Signal linearization; IN0 = ON; Analog_input = Memory encoder.Encoder_CH01_10; Coeff = Coeff.COEFF_TRASM_MV02; Zero = Coeff.ZERO_TRASM_MV02; OutValue = Data.Pot_MV02; Out_of_range = Allarm.Pot_MV02_OFR
analog input conversion,1764,1217,Contact,,operand = EM_OK
analog input conversion,1764,1219,Contact,operand,operand = Inputs.MV03 Close
analog input conversion,1764,1129,Coil,,operand = fill_unit1.CONTROL_SIGNALS.SW_GATE2
analog input conversion,1764,1134,Add,,in1 = Memory encoder.Encoder_CH02; in2 = fill_unit1.ACT_CNTV2; out = CNT_Act_2
analog input conversion,1764,1138,Div,,in1 = CNT_Act_2; in2 = 100; out = CNTV2_100
analog input conversion,1764,1142,Move,,in = CNTV2_100; out1 = Memory encoder.Encoder_CH02_10
analog input conversion,1764,1221,Contact,operand,operand = fill_unit1.CONTROL_SIGNALS.SW_GATE2
analog input conversion,1764,1151,Move,,in = 0; out1 = Memory encoder.Encoder_CH02_10
analog input conversion,1764,1156,Move,,in = INT#0; out1 = Memory encoder.Encoder_CH02
analog input conversion,1764,1163,CRef,,호출 참조: Signal linearization; IN0 = ON; Analog_input = Memory encoder.Encoder_CH02_10; Coeff = Coeff.COEFF_TRASM_MV03; Zero = Coeff.ZERO_TRASM_MV03; OutValue = Data.Pot_MV03; Out_of_range = Allarm.Pot_MV03_OFR
analog input conversion,1765,1321,Contact,,operand = EM_OK
analog input conversion,1765,1323,Contact,operand,operand = MV05_Close
analog input conversion,1765,1233,Coil,,operand = fill_unit1.CONTROL_SIGNALS.SW_GATE3
analog input conversion,1765,1238,Add,,in1 = Memory encoder.Encoder_CH03; in2 = fill_unit1.ACT_CNTV3; out = CNT_Act_3
analog input conversion,1765,1242,Div,,in1 = CNT_Act_3; in2 = 100; out = CNTV3_100
analog input conversion,1765,1246,Move,,in = CNTV3_100; out1 = Memory encoder.Encoder_CH03_10
analog input conversion,1765,1325,Contact,operand,operand = fill_unit1.CONTROL_SIGNALS.SW_GATE3
analog input conversion,1765,1255,Move,,in = 0; out1 = Memory encoder.Encoder_CH03_10
analog input conversion,1765,1260,Move,,in = INT#0; out1 = Memory encoder.Encoder_CH03
analog input conversion,1765,1267,CRef,,호출 참조: Signal linearization; IN0 = ON; Analog_input = Memory encoder.Encoder_CH03_10; Coeff = Coeff.COEFF_TRASM_MV05; Zero = Coeff.ZERO_TRASM_MV05; OutValue = Data.Pot_MV05; Out_of_range = Allarm.Pot_MV05_OFR
analog input conversion,1766,1529,Contact,,operand = EM_OK
analog input conversion,1766,1531,Contact,operand,operand = MV06_Close
analog input conversion,1766,1441,Coil,,operand = fill_unit1.CONTROL_SIGNALS.SW_GATE4
analog input conversion,1766,1446,Add,,in1 = Memory encoder.Encoder_CH04; in2 = fill_unit1.ACT_CNTV4; out = CNT_Act_4
analog input conversion,1766,1450,Div,,in1 = CNT_Act_4; in2 = 100; out = CNTV4_100
analog input conversion,1766,1454,Move,,in = CNTV4_100; out1 = Memory encoder.Encoder_CH04_10
analog input conversion,1766,1533,Contact,operand,operand = fill_unit1.CONTROL_SIGNALS.SW_GATE4
analog input conversion,1766,1463,Move,,in = 0; out1 = Memory encoder.Encoder_CH04_10
analog input conversion,1766,1468,Move,,in = INT#0; out1 = Memory encoder.Encoder_CH04
analog input conversion,1766,1475,CRef,,호출 참조: Signal linearization; IN0 = ON; Analog_input = Memory encoder.Encoder_CH04_10; Coeff = Coeff.Coeff_MV06; Zero = Coeff.Zero_MV06; OutValue = Data.Pot_MV06; Out_of_range = Allarm.Pot_MV06_OFR
analog input conversion,1767,1475,Contact,,operand = ON
analog input conversion,1767,1456,CRef,,호출 참조: Signal linearization; IN0 = ON; Analog_input = FN02_Current; Coeff = Coeff.COEFF_FAN_A_FN02; Zero = Coeff.ZERO_FAN_A_FN02; OutValue = Data.FN_02_FAN; Out_of_range = Allarm.FN02_Absorbption_OFR
analog input conversion,1768,21,Contact,,operand = ON
analog input conversion,1768,22,CRef,,호출 참조: Signal linearization; IN0 = ON; Analog_input = 102A3_SPARE0; Coeff = 10; Zero = 0; OutValue = HMI_DB.Amp_BC01; Out_of_range = Allarm.BC01_Absorbption_OFR
analog input conversion,1769,21,Contact,,operand = ON
analog input conversion,1769,22,CRef,,호출 참조: Signal linearization; IN0 = ON; Analog_input = MV04_M18A; Coeff = 100; Zero = 0; OutValue = HMI_DB.Amp_MC04; Out_of_range = Allarm.MC04_Absorbption_OFR
analog input conversion,1770,1495,Contact,,operand = ON
analog input conversion,1770,1476,CRef,,호출 참조: Signal linearization; IN0 = ON; Analog_input = FN04_Current; Coeff = Coeff.COEFF_ASPIRATOR_A_FN04; Zero = Coeff.ZERO_ASPIRATOR_A_FN04; OutValue = Data.FN_04_ASPIRATOR; Out_of_range = Allarm.FN04_Absorbption_OFR
analog input conversion,1771,1515,Contact,,operand = ON
analog input conversion,1771,1496,CRef,,호출 참조: Signal linearization; IN0 = ON; Analog_input = RD01_Current; Coeff = Coeff.COEFF_DRUM_A_RD01; Zero = Coeff.ZERO_DRUM_A_RD01; OutValue = Data.Amp_RD01; Out_of_range = Allarm.RD01_Absorbption_OFR
analog input conversion,1772,1535,Contact,,operand = ON
analog input conversion,1772,1516,CRef,,호출 참조: Signal linearization; IN0 = ON; Analog_input = FN01_Current; Coeff = Coeff.COEFF_FAN_A_FN01; Zero = Coeff.ZERO_FAN_A_FN01; OutValue = Data.Amp_FN01; Out_of_range = Allarm.FN01_Absorbption_OFR
analog input conversion,1773,1555,Contact,,operand = ON
analog input conversion,1773,1536,CRef,,호출 참조: Signal linearization; IN0 = ON; Analog_input = PR_BF01; Coeff = Coeff.COEFF_DP01; Zero = Coeff.ZERO_DP01; OutValue = Data.DP_01; Out_of_range = Allarm.BF01_OFR
analog input conversion,1774,1575,Contact,,operand = ON
analog input conversion,1774,1556,CRef,,호출 참조: Signal linearization; IN0 = ON; Analog_input = PR_BR02; Coeff = Coeff.COEFF_DP02; Zero = Coeff.ZERO_DP02; OutValue = Data.DP_02; Out_of_range = Allarm.BF02_OFR
analog input conversion,1775,1595,Contact,,operand = ON
analog input conversion,1775,1576,CRef,,호출 참조: Signal linearization; IN0 = ON; Analog_input = PC01; Coeff = Coeff.COEFF_PC01; Zero = Coeff.ZERO_PC01; OutValue = Data.PC_01; Out_of_range = Allarm.PC01_OFR
analog input conversion,1776,1772,Contact,,operand = ON
analog input conversion,1776,1774,Contact,,operand = BWF01 Pulse
analog input conversion,1776,1676,PBox,,bit = PLS M51 0
analog input conversion,1776,1693,Add,,in1 = Data.BWF01_count_rep; in2 = 1; out = Data.BWF01_count_rep
analog input conversion,1776,1776,Contact,,operand = BWF02 Pulse
analog input conversion,1776,1700,PBox,,bit = PLS 51 1
analog input conversion,1776,1717,Add,,in1 = Data.BWF02_count_rep; in2 = 1; out = Data.BWF02_count_rep
allarms 1,1781,117,Contact,,operand = ON
allarms 1,1781,119,Contact,,operand = Consent Start BWF01
allarms 1,1781,134,Contact,operand,operand = Inputs.BWF 01 RUN
allarms 1,1781,71,SdCoil,,value = S5T#10S; operand = Tag_49
allarms 1,1781,121,Contact,,operand = Tag_49
allarms 1,1781,123,Contact,operand,operand = Inputs.BWF 01 RUN
allarms 1,1781,125,Contact,,operand = Inputs.BWF01 FAULT
allarms 1,1781,79,O,,
allarms 1,1781,80,SCoil,,operand = Allarm.BWF01_FAULT
allarms 1,1781,127,Contact,,operand = Flag.RESET_ALLARM
allarms 1,1781,129,Contact,,operand = Allarm.BWF01_FAULT
allarms 1,1781,131,Contact,operand,operand = Inputs.BWF01 FAULT
allarms 1,1781,86,RCoil,,operand = Allarm.BWF01_FAULT
allarms 1,1782,150,Contact,,operand = ON
allarms 1,1782,152,Contact,,operand = Consent Start BWF01
allarms 1,1782,154,Contact,,operand = Inputs.min LEV BWF01
allarms 1,1782,105,SCoil,,operand = Allarm.BWF01_min_LEVEL
allarms 1,1782,156,Contact,,operand = Inputs.MAX LEV BWF01
allarms 1,1782,109,SCoil,,operand = Allarm.BWF01_MAX_LEVEL
allarms 1,1782,158,Contact,,operand = Flag.RESET_ALLARM
allarms 1,1782,160,Contact,operand,operand = Inputs.min LEV BWF01
allarms 1,1782,117,RCoil,,operand = Allarm.BWF01_min_LEVEL
allarms 1,1782,162,Contact,operand,operand = Inputs.MAX LEV BWF01
allarms 1,1782,121,RCoil,,operand = Allarm.BWF01_MAX_LEVEL
allarms 1,1783,193,Contact,,operand = ON
allarms 1,1783,195,Contact,,operand = Consent Start BWF02
allarms 1,1783,210,Contact,operand,operand = Inputs.BWF 02 RUN
allarms 1,1783,147,SdCoil,,value = S5T#10S; operand = Tag_50
allarms 1,1783,197,Contact,,operand = Tag_50
allarms 1,1783,199,Contact,operand,operand = Inputs.BWF 02 RUN
allarms 1,1783,201,Contact,,operand = Inputs.BWF02 FAULT
allarms 1,1783,155,O,,
allarms 1,1783,156,SCoil,,operand = Allarm.BWF02_FAULT
allarms 1,1783,203,Contact,,operand = Flag.RESET_ALLARM
allarms 1,1783,205,Contact,,operand = Allarm.BWF02_FAULT
allarms 1,1783,207,Contact,operand,operand = Inputs.BWF02 FAULT
allarms 1,1783,162,RCoil,,operand = Allarm.BWF02_FAULT
allarms 1,1784,226,Contact,,operand = ON
allarms 1,1784,228,Contact,,operand = Consent Start BWF02
allarms 1,1784,230,Contact,,operand = Inputs.min LEV BWF02
allarms 1,1784,181,SCoil,,operand = Allarm.BWF02_min_LEVEL
allarms 1,1784,232,Contact,,operand = Inputs.MAX LEV BWF02
allarms 1,1784,185,SCoil,,operand = Allarm.BWF02_MAX_LEVEL
allarms 1,1784,234,Contact,,operand = Flag.RESET_ALLARM
allarms 1,1784,236,Contact,operand,operand = Inputs.min LEV BWF02
allarms 1,1784,193,RCoil,,operand = Allarm.BWF02_min_LEVEL
allarms 1,1784,238,Contact,operand,operand = Inputs.MAX LEV BWF02
allarms 1,1784,197,RCoil,,operand = Allarm.BWF02_MAX_LEVEL
allarms 1,1785,253,Contact,,operand = ON
allarms 1,1785,255,Contact,,operand = Start BC01
allarms 1,1785,268,Contact,operand,operand = Inputs.BC01 run
allarms 1,1785,272,Contact,,operand = Inputs.BC01_All_inv
allarms 1,1785,24,O,,
allarms 1,1785,217,SdCoil,,value = S5T#2S; operand = Tag_51
allarms 1,1785,257,Contact,,operand = Tag_51
allarms 1,1785,259,Contact,operand,operand = Inputs.BC01 run
allarms 1,1785,223,SCoil,,operand = Allarm.BC_01_FAULT
allarms 1,1785,23,Contact,,operand = Inputs.BC01_All_inv
allarms 1,1785,27,SCoil,,operand = Allarm.BC01_INV
allarms 1,1785,261,Contact,,operand = Flag.RESET_ALLARM
allarms 1,1785,263,Contact,,operand = Allarm.BC_01_FAULT
allarms 1,1785,228,RCoil,,operand = Allarm.BC_01_FAULT
allarms 1,1785,266,Contact,,operand = Allarm.BC01_INV
allarms 1,1785,267,RCoil,,operand = Allarm.BC01_INV
allarms 1,1786,258,Contact,,operand = ON
allarms 1,1786,260,Contact,,operand = Inputs.BC01 trip wire
allarms 1,1786,234,SCoil,,operand = Allarm.BC_01_FC
allarms 1,1786,262,Contact,,operand = Flag.RESET_ALLARM
allarms 1,1786,264,Contact,operand,operand = Inputs.BC01 trip wire
allarms 1,1786,266,Contact,,operand = Allarm.BC_01_FC
allarms 1,1786,240,RCoil,,operand = Allarm.BC_01_FC
allarms 1,1787,351,Contact,,operand = ON
allarms 1,1787,353,Contact,,operand = Start RD01
allarms 1,1787,374,Contact,operand,operand = Inputs.RD01 run
allarms 1,1787,378,Contact,,operand = Inputs.RD01_All_inv
allarms 1,1787,32,O,,
allarms 1,1787,315,SdCoil,,value = S5T#5S; operand = Tag_54
allarms 1,1787,355,Contact,,operand = Tag_54
allarms 1,1787,357,Contact,operand,operand = Inputs.RD01 run
allarms 1,1787,321,SCoil,,operand = Allarm.RD_01_FAULT
allarms 1,1787,364,Contact,,operand = Inputs.RD01_All_inv
allarms 1,1787,365,SCoil,,operand = Allarm.RD01_INV
allarms 1,1787,359,Contact,,operand = Flag.RESET_ALLARM
allarms 1,1787,361,Contact,,operand = Allarm.RD_01_FAULT
allarms 1,1787,326,RCoil,,operand = Allarm.RD_01_FAULT
allarms 1,1787,372,Contact,,operand = Allarm.RD01_INV
allarms 1,1787,373,RCoil,,operand = Allarm.RD01_INV
allarms 1,1788,385,Contact,,operand = ON
allarms 1,1788,387,Contact,,operand = Start fan RD01
allarms 1,1788,398,Contact,operand,operand = Inputs.fan RD01 run
allarms 1,1788,349,SdCoil,,value = S5T#2S; operand = Tag_55
allarms 1,1788,389,Contact,,operand = Tag_55
allarms 1,1788,391,Contact,operand,operand = Inputs.fan RD01 run
allarms 1,1788,355,SCoil,,operand = Allarm.RD_01_FAN_FAULT
allarms 1,1788,393,Contact,,operand = Flag.RESET_ALLARM
allarms 1,1788,395,Contact,,operand = Allarm.RD_01_FAN_FAULT
allarms 1,1788,360,RCoil,,operand = Allarm.RD_01_FAN_FAULT
allarms 1,1789,419,Contact,,operand = OFF
allarms 1,1789,421,Contact,,operand = Start Spare Motor
allarms 1,1789,432,Contact,operand,operand = Inputs.MC03 run
allarms 1,1789,383,SdCoil,,value = S5T#2S; operand = Tag_56
allarms 1,1789,423,Contact,,operand = Tag_56
allarms 1,1789,425,Contact,operand,operand = Inputs.MC03 run
allarms 1,1789,389,SCoil,,operand = Allarm.MC_03_FAULT
allarms 1,1789,427,Contact,,operand = Flag.RESET_ALLARM
allarms 1,1789,429,Contact,,operand = Allarm.MC_03_FAULT
allarms 1,1789,394,RCoil,,operand = Allarm.MC_03_FAULT
allarms 1,1790,424,Contact,,operand = OFF
allarms 1,1790,426,Contact,operand,operand = Inputs.MC03 torque
allarms 1,1790,400,SCoil,,operand = Allarm.MC_03_TORQUE
allarms 1,1790,428,Contact,,operand = Flag.RESET_ALLARM
allarms 1,1790,430,Contact,,operand = Inputs.MC03 torque
allarms 1,1790,432,Contact,,operand = Allarm.MC_03_TORQUE
allarms 1,1790,406,RCoil,,operand = Allarm.MC_03_TORQUE
allarms 1,1791,473,Contact,,operand = ON
allarms 1,1791,475,Contact,,operand = Start MC04
allarms 1,1791,496,Contact,,operand = Inputs.MC04_All_inv
allarms 1,1791,500,Contact,operand,operand = Inputs.MC04 run
allarms 1,1791,32,O,,
allarms 1,1791,437,SdCoil,,value = S5T#5S; operand = Tag_57
allarms 1,1791,477,Contact,,operand = Tag_57
allarms 1,1791,479,Contact,operand,operand = Inputs.MC04 run
allarms 1,1791,443,SCoil,,operand = Allarm.MC_04_FAULT
allarms 1,1791,486,Contact,,operand = Inputs.MC04_All_inv
allarms 1,1791,487,SCoil,,operand = Allarm.MC04_INV
allarms 1,1791,481,Contact,,operand = Flag.RESET_ALLARM
allarms 1,1791,483,Contact,,operand = Allarm.MC_04_FAULT
allarms 1,1791,448,RCoil,,operand = Allarm.MC_04_FAULT
allarms 1,1791,494,Contact,,operand = Allarm.MC04_INV
allarms 1,1791,495,RCoil,,operand = Allarm.MC04_INV
allarms 1,1792,478,Contact,,operand = OFF
allarms 1,1792,480,Contact,operand,operand = Inputs.MC04 torque
allarms 1,1792,454,SCoil,,operand = Allarm.MC_04_TORQUE
allarms 1,1792,482,Contact,,operand = Flag.RESET_ALLARM
allarms 1,1792,484,Contact,,operand = Inputs.MC04 torque
allarms 1,1792,486,Contact,,operand = Allarm.MC_04_TORQUE
allarms 1,1792,460,RCoil,,operand = Allarm.MC_04_TORQUE
allarms 1,1794,581,Contact,,operand = ON
allarms 1,1794,583,Contact,,operand = Start VS01
allarms 1,1794,604,Contact,operand,operand = Inputs.VS01 run
allarms 1,1794,608,Contact,,operand = Inputs.VS01_All_Inv
allarms 1,1794,32,O,,
allarms 1,1794,545,SdCoil,,value = S5T#2S; operand = Tag_59
allarms 1,1794,585,Contact,,operand = Tag_59
allarms 1,1794,587,Contact,operand,operand = Inputs.VS01 run
allarms 1,1794,551,SCoil,,operand = Allarm.VS_01_FAULT
allarms 1,1794,594,Contact,,operand = Inputs.VS01_All_Inv
allarms 1,1794,595,SCoil,,operand = Allarm.VS01_INV
allarms 1,1794,589,Contact,,operand = Flag.RESET_ALLARM
allarms 1,1794,591,Contact,,operand = Allarm.VS_01_FAULT
allarms 1,1794,556,RCoil,,operand = Allarm.VS_01_FAULT
allarms 1,1794,602,Contact,,operand = Allarm.VS01_INV
allarms 1,1794,603,RCoil,,operand = Allarm.VS01_INV
allarms 1,1796,649,Contact,,operand = ON
allarms 1,1796,651,Contact,,operand = Start FN02
allarms 1,1796,672,Contact,operand,operand = Inputs.FN02 Run
allarms 1,1796,676,Contact,,operand = Inputs.FN02_All_Inv
allarms 1,1796,32,O,,
allarms 1,1796,613,SdCoil,,value = S5T#2S; operand = Tag_61
allarms 1,1796,653,Contact,,operand = Tag_61
allarms 1,1796,655,Contact,operand,operand = Inputs.FN02 Run
allarms 1,1796,619,SCoil,,operand = Allarm.FN_02_FAULT
allarms 1,1796,662,Contact,,operand = Inputs.FN02_All_Inv
allarms 1,1796,663,SCoil,,operand = Allarm.FN02_INV
allarms 1,1796,657,Contact,,operand = Flag.RESET_ALLARM
allarms 1,1796,659,Contact,,operand = Allarm.FN_02_FAULT
allarms 1,1796,624,RCoil,,operand = Allarm.FN_02_FAULT
allarms 1,1796,670,Contact,,operand = Allarm.FN02_INV
allarms 1,1796,671,RCoil,,operand = Allarm.FN02_INV
allarms 1,1797,683,Contact,,operand = ON
allarms 1,1797,685,Contact,,operand = Start VR01
allarms 1,1797,696,Contact,operand,operand = Inputs.VR-01 RUN
allarms 1,1797,647,SdCoil,,value = S5T#2S; operand = Tag_62
allarms 1,1797,687,Contact,,operand = Tag_62
allarms 1,1797,653,SCoil,,operand = Allarm.VR_01_FAULT
allarms 1,1797,691,Contact,,operand = Flag.RESET_ALLARM
allarms 1,1797,693,Contact,,operand = Allarm.VR_01_FAULT
allarms 1,1797,658,RCoil,,operand = Allarm.VR_01_FAULT
allarms 1,1798,717,Contact,,operand = ON
allarms 1,1798,719,Contact,,operand = Start FN01
allarms 1,1798,740,Contact,operand,operand = Inputs.FN01 Run
allarms 1,1798,744,Contact,,operand = Inputs.FN01_All_Inv
allarms 1,1798,32,O,,
allarms 1,1798,681,SdCoil,,value = S5T#2S; operand = Tag_63
allarms 1,1798,721,Contact,,operand = Tag_63
allarms 1,1798,723,Contact,operand,operand = Inputs.FN01 Run
allarms 1,1798,687,SCoil,,operand = Allarm.FN_01_FAULT
allarms 1,1798,730,Contact,,operand = Inputs.FN01_All_Inv
allarms 1,1798,731,SCoil,,operand = Allarm.FN01_INV
allarms 1,1798,725,Contact,,operand = Flag.RESET_ALLARM
allarms 1,1798,727,Contact,,operand = Allarm.FN_01_FAULT
allarms 1,1798,692,RCoil,,operand = Allarm.FN_01_FAULT
allarms 1,1798,738,Contact,,operand = Allarm.FN01_INV
allarms 1,1798,739,RCoil,,operand = Allarm.FN01_INV
allarms 1,1799,751,Contact,,operand = ON
allarms 1,1799,753,Contact,,operand = Start VR02
allarms 1,1799,764,Contact,operand,operand = Inputs.VR02 Run
allarms 1,1799,715,SdCoil,,value = S5T#2S; operand = Tag_64
allarms 1,1799,755,Contact,,operand = Tag_64
allarms 1,1799,721,SCoil,,operand = Allarm.VR_02_FAULT
allarms 1,1799,759,Contact,,operand = Flag.RESET_ALLARM
allarms 1,1799,761,Contact,,operand = Allarm.VR_02_FAULT
allarms 1,1799,726,RCoil,,operand = Allarm.VR_02_FAULT
allarms 1,1800,785,Contact,,operand = ON
allarms 1,1800,787,Contact,,operand = Start CH01
allarms 1,1800,798,Contact,operand,operand = Inputs.CH01 Run
allarms 1,1800,749,SdCoil,,value = S5T#2S; operand = Tag_65
allarms 1,1800,789,Contact,,operand = Tag_65
allarms 1,1800,755,SCoil,,operand = Allarm.CH_01_FAULT
allarms 1,1800,793,Contact,,operand = Flag.RESET_ALLARM
allarms 1,1800,795,Contact,,operand = Allarm.CH_01_FAULT
allarms 1,1800,760,RCoil,,operand = Allarm.CH_01_FAULT
allarms 1,1801,44,Contact,,operand = Start FN03
allarms 1,1801,905,PContact,,bit = FP_M25_Run; operand = Inputs.FN03 Run
allarms 1,1801,73,SCoil,,operand = Memo_M25_Running
allarms 1,1801,906,Contact,operand,operand = Start FN03
allarms 1,1801,59,Contact,operand,operand = Inputs.FN03 Run
allarms 1,1801,61,O,,
allarms 1,1801,66,RCoil,,operand = Memo_M25_Running
allarms 1,1801,851,Contact,,operand = ON
allarms 1,1801,852,Contact,,operand = Start FN03
allarms 1,1801,853,Contact,operand,operand = Inputs.FN03 Run
allarms 1,1801,87,Contact,operand,operand = Memo_M25_Running
allarms 1,1801,854,SdCoil,,value = S5T#35S; operand = Tag_66
allarms 1,1801,907,Contact,,operand = Memo_M25_Running
allarms 1,1801,908,SdCoil,,value = S5T#35S; operand = Tag_66
allarms 1,1801,855,Contact,operand,operand = Inputs.FN03_All_SoftStarter
allarms 1,1801,856,SCoil,,operand = Allarm.FN03_INV
allarms 1,1801,857,Contact,,operand = Tag_66
allarms 1,1801,858,Contact,operand,operand = Inputs.FN03 Run
allarms 1,1801,859,SCoil,,operand = Allarm.FN_03_FAULT
allarms 1,1801,860,Contact,,operand = Flag.RESET_ALLARM
allarms 1,1801,861,Contact,,operand = Allarm.FN_03_FAULT
allarms 1,1801,862,RCoil,,operand = Allarm.FN_03_FAULT
allarms 1,1801,863,Contact,,operand = Allarm.FN03_INV
allarms 1,1801,864,RCoil,,operand = Allarm.FN03_INV
allarms 1,1802,853,Contact,,operand = ON
allarms 1,1802,855,Contact,,operand = Start FN06
allarms 1,1802,866,Contact,operand,operand = Inputs.FEEDBACKMOTOR FN-06
allarms 1,1802,817,SdCoil,,value = S5T#2S; operand = Tag_67
allarms 1,1802,857,Contact,,operand = Tag_67
allarms 1,1802,823,SCoil,,operand = Allarm.MBVA01_FAULT
allarms 1,1802,861,Contact,,operand = Flag.RESET_ALLARM
allarms 1,1802,863,Contact,,operand = Allarm.MBVA01_FAULT
allarms 1,1802,828,RCoil,,operand = Allarm.MBVA01_FAULT
allarms 1,1803,887,Contact,,operand = ON
allarms 1,1803,889,Contact,,operand = Start SC01
allarms 1,1803,900,Contact,operand,operand = Inputs.FEEDBACKMOTOR SC-01
allarms 1,1803,851,SdCoil,,value = S5T#2S; operand = Tag_68
allarms 1,1803,891,Contact,,operand = Tag_68
allarms 1,1803,857,SCoil,,operand = Allarm.SC_01_FAULT
allarms 1,1803,895,Contact,,operand = Flag.RESET_ALLARM
allarms 1,1803,897,Contact,,operand = Allarm.SC_01_FAULT
allarms 1,1803,862,RCoil,,operand = Allarm.SC_01_FAULT
allarms 1,1805,955,Contact,,operand = ON
allarms 1,1805,957,Contact,,operand = Start LD01
allarms 1,1805,968,Contact,operand,operand = Inputs.FEEDBACKMOTOR LD-01
allarms 1,1805,919,SdCoil,,value = S5T#2S; operand = Tag_70
allarms 1,1805,959,Contact,,operand = Tag_70
allarms 1,1805,925,SCoil,,operand = Allarm.LD_01_FAULT
allarms 1,1805,963,Contact,,operand = Flag.RESET_ALLARM
allarms 1,1805,965,Contact,,operand = Allarm.LD_01_FAULT
allarms 1,1805,930,RCoil,,operand = Allarm.LD_01_FAULT
allarms 1,1806,989,Contact,,operand = ON
allarms 1,1806,991,Contact,,operand = Start Vibrator LD-01
allarms 1,1806,1002,Contact,operand,operand = Inputs.FEEDBACKMOTOR-LD-01A
allarms 1,1806,953,SdCoil,,value = S5T#2S; operand = Tag_71
allarms 1,1806,993,Contact,,operand = Tag_71
allarms 1,1806,959,SCoil,,operand = Allarm.LD_01_VIB_FAULT
allarms 1,1806,997,Contact,,operand = Flag.RESET_ALLARM
allarms 1,1806,999,Contact,,operand = Allarm.LD_01_VIB_FAULT
allarms 1,1806,964,RCoil,,operand = Allarm.LD_01_VIB_FAULT
allarms 1,1807,1023,Contact,,operand = ON
allarms 1,1807,1025,Contact,,operand = Start SC10
allarms 1,1807,1036,Contact,operand,operand = Inputs.FEEDBACKMOTOR SC-10
allarms 1,1807,987,SdCoil,,value = S5T#2S; operand = Tag_72
allarms 1,1807,1027,Contact,,operand = Tag_72
allarms 1,1807,993,SCoil,,operand = Allarm.SC_10_FAULT
allarms 1,1807,1031,Contact,,operand = Flag.RESET_ALLARM
allarms 1,1807,1033,Contact,,operand = Allarm.SC_10_FAULT
allarms 1,1807,998,RCoil,,operand = Allarm.SC_10_FAULT
allarms 1,1808,1057,Contact,,operand = ON
allarms 1,1808,1059,Contact,,operand = Start SC11
allarms 1,1808,1070,Contact,operand,operand = Inputs.FEEDBACKMOTOR SC-11
allarms 1,1808,1021,SdCoil,,value = S5T#2S; operand = Tag_73
allarms 1,1808,1061,Contact,,operand = Tag_73
allarms 1,1808,1027,SCoil,,operand = Allarm.SC_11_FAULT
allarms 1,1808,1065,Contact,,operand = Flag.RESET_ALLARM
allarms 1,1808,1067,Contact,,operand = Allarm.SC_11_FAULT
allarms 1,1808,1032,RCoil,,operand = Allarm.SC_11_FAULT
allarms 1,1809,1091,Contact,,operand = ON
allarms 1,1809,1093,Contact,,operand = Start FN04
allarms 1,1809,1114,Contact,operand,operand = Inputs.FN04 Run
allarms 1,1809,1118,Contact,,operand = Inputs.FN04_All_inv
allarms 1,1809,32,O,,
allarms 1,1809,1055,SdCoil,,value = S5T#17S; operand = Tag_74
allarms 1,1809,1095,Contact,,operand = Tag_74
allarms 1,1809,1097,Contact,operand,operand = Inputs.FN04 Run
allarms 1,1809,1061,SCoil,,operand = Allarm.FN_04_FAULT
allarms 1,1809,1104,Contact,,operand = Inputs.FN04_All_inv
allarms 1,1809,1105,SCoil,,operand = Allarm.FN04_INV
allarms 1,1809,1099,Contact,,operand = Flag.RESET_ALLARM
allarms 1,1809,1101,Contact,,operand = Allarm.FN_04_FAULT
allarms 1,1809,1066,RCoil,,operand = Allarm.FN_04_FAULT
allarms 1,1809,1112,Contact,,operand = Allarm.FN04_INV
allarms 1,1809,1113,RCoil,,operand = Allarm.FN04_INV
allarms 1,1810,1125,Contact,,operand = ON
allarms 1,1810,1127,Contact,,operand = Start VR03
allarms 1,1810,1138,Contact,operand,operand = Inputs.VR03 Run
allarms 1,1810,1089,SdCoil,,value = S5T#2S; operand = Tag_75
allarms 1,1810,1129,Contact,,operand = Tag_75
allarms 1,1810,1095,SCoil,,operand = Allarm.VR_03_FAULT
allarms 1,1810,1133,Contact,,operand = Flag.RESET_ALLARM
allarms 1,1810,1135,Contact,,operand = Allarm.VR_03_FAULT
allarms 1,1810,1100,RCoil,,operand = Allarm.VR_03_FAULT
allarms 1,1811,1159,Contact,,operand = ON
allarms 1,1811,1161,Contact,,operand = Start VR04
allarms 1,1811,1172,Contact,operand,operand = Inputs.VR04 Run
allarms 1,1811,1123,SdCoil,,value = S5T#2S; operand = Tag_76
allarms 1,1811,1163,Contact,,operand = Tag_76
allarms 1,1811,1129,SCoil,,operand = Allarm.VR_04_FAULT
allarms 1,1811,1167,Contact,,operand = Flag.RESET_ALLARM
allarms 1,1811,1169,Contact,,operand = Allarm.VR_04_FAULT
allarms 1,1811,1134,RCoil,,operand = Allarm.VR_04_FAULT
allarms 1,1812,1193,Contact,,operand = ON
allarms 1,1812,1195,Contact,,operand = Start VR05
allarms 1,1812,1206,Contact,operand,operand = Inputs.VR05 Run
allarms 1,1812,1157,SdCoil,,value = S5T#2S; operand = Tag_77
allarms 1,1812,1197,Contact,,operand = Tag_77
allarms 1,1812,1163,SCoil,,operand = Allarm.VR_05_FAULT
allarms 1,1812,1201,Contact,,operand = Flag.RESET_ALLARM
allarms 1,1812,1203,Contact,,operand = Allarm.VR_05_FAULT
allarms 1,1812,1168,RCoil,,operand = Allarm.VR_05_FAULT
allarms 1,1813,1227,Contact,,operand = ON
allarms 1,1813,1229,Contact,,operand = Start VR06
allarms 1,1813,1240,Contact,operand,operand = Inputs.VR-06 RUN
allarms 1,1813,1191,SdCoil,,value = S5T#2S; operand = Tag_78
allarms 1,1813,1231,Contact,,operand = Tag_78
allarms 1,1813,1197,SCoil,,operand = Allarm.VR_06_FAULT
allarms 1,1813,1235,Contact,,operand = Flag.RESET_ALLARM
allarms 1,1813,1237,Contact,,operand = Allarm.VR_06_FAULT
allarms 1,1813,1202,RCoil,,operand = Allarm.VR_06_FAULT
allarms 1,1814,1261,Contact,,operand = ON
allarms 1,1814,1263,Contact,,operand = Start FN05
allarms 1,1814,1274,Contact,operand,operand = Inputs.FN-05 RUN
allarms 1,1814,1225,SdCoil,,value = S5T#2S; operand = Tag_79
allarms 1,1814,1265,Contact,,operand = Tag_79
allarms 1,1814,1231,SCoil,,operand = Allarm.FN_05_FAULT
allarms 1,1814,1269,Contact,,operand = Flag.RESET_ALLARM
allarms 1,1814,1271,Contact,,operand = Allarm.FN_05_FAULT
allarms 1,1814,1236,RCoil,,operand = Allarm.FN_05_FAULT
allarms 1,1815,1528,Contact,,operand = ON
allarms 1,1815,1530,Contact,,operand = PV-01 Gate a
allarms 1,1815,1551,Contact,operand,operand = Flag.PV_01_GATE_A_MEM_OPEN
allarms 1,1815,1453,SdCoil,,value = S5T#4S; operand = Tag_80
allarms 1,1815,1532,Contact,,operand = Tag_80
allarms 1,1815,1459,SCoil,,operand = Allarm.PV_01_GATE_A_NOT_OPEN
allarms 1,1815,1536,Contact,,operand = Flag.RESET_ALLARM
allarms 1,1815,1538,Contact,,operand = Allarm.PV_01_GATE_A_NOT_OPEN
allarms 1,1815,1464,RCoil,,operand = Allarm.PV_01_GATE_A_NOT_OPEN
allarms 1,1815,1540,Contact,operand,operand = PV-01 Gate a
allarms 1,1815,1555,Contact,operand,operand = Flag.PV_01_GATE_A_MEM_CLOSE
allarms 1,1815,1471,SdCoil,,value = S5T#4S; operand = Tag_81
allarms 1,1815,1542,Contact,,operand = Tag_81
allarms 1,1815,1477,SCoil,,operand = Allarm.PV_01_GATE_A_NOT_CLOSE
allarms 1,1815,1546,Contact,,operand = Flag.RESET_ALLARM
allarms 1,1815,1548,Contact,,operand = Allarm.PV_01_GATE_A_NOT_CLOSE
allarms 1,1815,1482,RCoil,,operand = Allarm.PV_01_GATE_A_NOT_CLOSE
allarms 1,1816,1592,Contact,,operand = ON
allarms 1,1816,1594,Contact,,operand = PV-01 GATE B EV
allarms 1,1816,1615,Contact,operand,operand = Flag.PV_01_GATE_B_MEM_OPEN
allarms 1,1816,1517,SdCoil,,value = S5T#7S; operand = Tag_82
allarms 1,1816,1596,Contact,,operand = Tag_82
allarms 1,1816,1523,SCoil,,operand = Allarm.PV_01_GATE_B_NOT_OPEN
allarms 1,1816,1600,Contact,,operand = Flag.RESET_ALLARM
allarms 1,1816,1602,Contact,,operand = Allarm.PV_01_GATE_B_NOT_OPEN
allarms 1,1816,1528,RCoil,,operand = Allarm.PV_01_GATE_B_NOT_OPEN
allarms 1,1816,1604,Contact,operand,operand = PV-01 GATE B EV
allarms 1,1816,1619,Contact,operand,operand = Flag.PV_01_GATE_B_MEM_CLOSE
allarms 1,1816,1535,SdCoil,,value = S5T#7S; operand = Tag_83
allarms 1,1816,1606,Contact,,operand = Tag_83
allarms 1,1816,1541,SCoil,,operand = Allarm.PV_01_GATE_B_NOT_CLOSE
allarms 1,1816,1610,Contact,,operand = Flag.RESET_ALLARM
allarms 1,1816,1612,Contact,,operand = Allarm.PV_01_GATE_B_NOT_CLOSE
allarms 1,1816,1546,RCoil,,operand = Allarm.PV_01_GATE_B_NOT_CLOSE
allarms 1,1817,1656,Contact,,operand = ON
allarms 1,1817,1658,Contact,,operand = PV-02 GATE A EV
allarms 1,1817,1679,Contact,operand,operand = Flag.PV_02_GATE_A_MEM_OPEN
allarms 1,1817,1581,SdCoil,,value = S5T#7S; operand = Tag_84
allarms 1,1817,1660,Contact,,operand = Tag_84
allarms 1,1817,1587,SCoil,,operand = Allarm.PV_02_GATE_A_NOT_OPEN
allarms 1,1817,1664,Contact,,operand = Flag.RESET_ALLARM
allarms 1,1817,1666,Contact,,operand = Allarm.PV_02_GATE_A_NOT_OPEN
allarms 1,1817,1592,RCoil,,operand = Allarm.PV_02_GATE_A_NOT_OPEN
allarms 1,1817,1668,Contact,operand,operand = PV-02 GATE A EV
allarms 1,1817,1683,Contact,operand,operand = Flag.PV_02_GATE_A_MEM_CLOSE
allarms 1,1817,1599,SdCoil,,value = S5T#7S; operand = Tag_85
allarms 1,1817,1670,Contact,,operand = Tag_85
allarms 1,1817,1605,SCoil,,operand = Allarm.PV_02_GATE_A_NOT_CLOSE
allarms 1,1817,1674,Contact,,operand = Flag.RESET_ALLARM
allarms 1,1817,1676,Contact,,operand = Allarm.PV_02_GATE_A_NOT_CLOSE
allarms 1,1817,1610,RCoil,,operand = Allarm.PV_02_GATE_A_NOT_CLOSE
allarms 1,1818,1720,Contact,,operand = ON
allarms 1,1818,1722,Contact,,operand = PV-02 GATE B EV
allarms 1,1818,1743,Contact,operand,operand = Flag.PV_02_GATE_B_MEM_OPEN
allarms 1,1818,1645,SdCoil,,value = S5T#7S; operand = Tag_86
allarms 1,1818,1724,Contact,,operand = Tag_86
allarms 1,1818,1651,SCoil,,operand = Allarm.PV_02_GATE_B_NOT_OPEN
allarms 1,1818,1728,Contact,,operand = Flag.RESET_ALLARM
allarms 1,1818,1730,Contact,,operand = Allarm.PV_02_GATE_B_NOT_OPEN
allarms 1,1818,1656,RCoil,,operand = Allarm.PV_02_GATE_B_NOT_OPEN
allarms 1,1818,1732,Contact,operand,operand = PV-02 GATE B EV
allarms 1,1818,1747,Contact,operand,operand = Flag.PV_02_GATE_B_MEM_CLOSE
allarms 1,1818,1663,SdCoil,,value = S5T#7S; operand = Tag_87
allarms 1,1818,1734,Contact,,operand = Tag_87
allarms 1,1818,1669,SCoil,,operand = Allarm.PV_02_GATE_B_NOT_CLOSE
allarms 1,1818,1738,Contact,,operand = Flag.RESET_ALLARM
allarms 1,1818,1740,Contact,,operand = Allarm.PV_02_GATE_B_NOT_CLOSE
allarms 1,1818,1674,RCoil,,operand = Allarm.PV_02_GATE_B_NOT_CLOSE
allarms 1,1819,1784,Contact,,operand = ON
allarms 1,1819,1786,Contact,,operand = PV-03 GATE EV
allarms 1,1819,1807,Contact,operand,operand = Flag.PV_03_GATE_MEM_OPEN
allarms 1,1819,1709,SdCoil,,value = S5T#5S; operand = Tag_88
allarms 1,1819,1788,Contact,,operand = Tag_88
allarms 1,1819,1715,SCoil,,operand = Allarm.PV_03_GATE_NOT_OPEN1
allarms 1,1819,1792,Contact,,operand = Flag.RESET_ALLARM
allarms 1,1819,1794,Contact,,operand = Allarm.PV_03_GATE_NOT_OPEN1
allarms 1,1819,1720,RCoil,,operand = Allarm.PV_03_GATE_NOT_OPEN1
allarms 1,1819,1796,Contact,operand,operand = PV-03 GATE EV
allarms 1,1819,1811,Contact,operand,operand = Flag.PV_03_GATE_MEM_CLOSE
allarms 1,1819,1727,SdCoil,,value = S5T#5S; operand = Tag_89
allarms 1,1819,1798,Contact,,operand = Tag_89
allarms 1,1819,1733,SCoil,,operand = Allarm.PV_03_GATE_NOT_CLOSE1
allarms 1,1819,1802,Contact,,operand = Flag.RESET_ALLARM
allarms 1,1819,1804,Contact,,operand = Allarm.PV_03_GATE_NOT_CLOSE1
allarms 1,1819,1738,RCoil,,operand = Allarm.PV_03_GATE_NOT_CLOSE1
allarms 1,1820,1851,Contact,,operand = OFF
allarms 1,1820,1853,Contact,operand,operand = Inputs.BWF1_INVERTER_HIGH_SPEED
allarms 1,1820,1775,SdCoil,,value = S5T#30S; operand = Tag_90
allarms 1,1820,1855,Contact,,operand = Tag_90
allarms 1,1820,1780,SCoil,,operand = Allarm.BWF01_Fault_Control
allarms 1,1820,1857,Contact,operand,operand = Inputs.BWF2_INVERTER_HIGH_SPEED
allarms 1,1820,1787,SdCoil,,value = S5T#30S; operand = Tag_91
allarms 1,1820,1859,Contact,,operand = Tag_91
allarms 1,1820,1792,SCoil,,operand = Allarm.BWF02_Fault_Control
allarms 1,1820,1861,Contact,,operand = Flag.RESET_ALLARM
allarms 1,1820,1863,Contact,,operand = Allarm.BWF01_Fault_Control
allarms 1,1820,1865,Contact,,operand = Inputs.BWF1_INVERTER_HIGH_SPEED
allarms 1,1820,1801,RCoil,,operand = Allarm.BWF01_Fault_Control
allarms 1,1820,1867,Contact,,operand = Allarm.BWF02_Fault_Control
allarms 1,1820,1869,Contact,,operand = Inputs.BWF2_INVERTER_HIGH_SPEED
allarms 1,1820,1806,RCoil,,operand = Allarm.BWF02_Fault_Control
allarms 1,1821,1816,Contact,,operand = ON
allarms 1,1821,1837,Contact,,operand = Start Aux INV
allarms 1,1821,22,Contact,operand,operand = Start Aux INV
allarms 1,1821,1818,Contact,operand,operand = Inputs.Aux inverter RUN
allarms 1,1821,24,LRef,,호출 참조: RefId 309; PT = T#2S; ET = RefId (RefId 없음) / ORef UID 40
allarms 1,1821,1792,SCoil,,operand = Allarm.Aux_Inverter_Fault
allarms 1,1821,1827,Contact,,operand = Inputs.Aux_Inv_All
allarms 1,1821,1828,SCoil,,operand = Allarm.Aux_INV
allarms 1,1821,1820,Contact,,operand = Flag.RESET_ALLARM
allarms 1,1821,1822,Contact,,operand = Allarm.Aux_Inverter_Fault
allarms 1,1821,1824,Contact,,operand = Inputs.Aux inverter RUN
allarms 1,1821,1798,RCoil,,operand = Allarm.Aux_Inverter_Fault
allarms 1,1821,1835,Contact,,operand = Allarm.Aux_INV
allarms 1,1821,1836,RCoil,,operand = Allarm.Aux_INV
allarms 1,1822,21,Contact,,operand = ON
allarms 1,1822,22,Contact,,operand = Start ER-01
allarms 1,1822,23,Contact,operand,operand = Inputs.Feedback_ER01
allarms 1,1822,28,LRef,,호출 참조: RefId 309; PT = T#2S; ET = RefId (RefId 없음) / ORef UID 41
allarms 1,1822,24,SCoil,,operand = Allarm.ER01_run
allarms 1,1822,27,Contact,,operand = Flag.RESET_ALLARM
allarms 1,1822,31,Contact,,operand = Allarm.ER01_run
allarms 1,1822,32,RCoil,,operand = Allarm.ER01_run
allarms 1,1823,23,Contact,operand,operand = Inputs.Presenza_110V
allarms 1,1823,27,SCoil,,operand = Allarm.110V_Fault
allarms 1,1823,35,Contact,,operand = Flag.RESET_ALLARM
allarms 1,1823,36,Contact,,operand = Allarm.110V_Fault
allarms 1,1823,37,RCoil,,operand = Allarm.110V_Fault
allarms 1,1824,26,Contact,operand,operand = Inputs.EM_OK
allarms 1,1824,31,SCoil,,operand = Allarm.Emergency_module_fault
allarms 1,1824,36,Contact,,operand = Flag.RESET_ALLARM
allarms 1,1824,37,Contact,,operand = Allarm.Emergency_module_fault
allarms 1,1824,38,RCoil,,operand = Allarm.Emergency_module_fault
allarms 1,1825,23,Contact,,operand = Simulation(1)
allarms 1,1825,27,Coil,,operand = Allarm.Simulation enabled
allarms 1,1825,29,Contact,,operand = Flag.RESET_ALLARM
allarms 1,1825,30,Contact,,operand = Allarm.Simulation enabled
allarms 1,1825,31,RCoil,,operand = Allarm.Simulation enabled
control_stechio,1830,732,Contact,,operand = ON
control_stechio,1830,371,Ge,,in1 = Data.Burner_Air_Out; in2 = 0
control_stechio,1830,374,Move,,in = Stechio.Gas_crv0_4; out1 = Portata_Presunta_GAS
control_stechio,1830,379,Ge,,in1 = Data.Burner_Air_Out; in2 = 5
control_stechio,1830,382,Move,,in = Stechio.Gas_crv5_9; out1 = Portata_Presunta_GAS
control_stechio,1830,387,Ge,,in1 = Data.Burner_Air_Out; in2 = 10
control_stechio,1830,390,Move,,in = Stechio.Gas_crv10_14; out1 = Portata_Presunta_GAS
control_stechio,1830,395,Ge,,in1 = Data.Burner_Air_Out; in2 = 15
control_stechio,1830,398,Move,,in = Stechio.Gas_crv15_19; out1 = Portata_Presunta_GAS
control_stechio,1830,403,Ge,,in1 = Data.Burner_Air_Out; in2 = 20
control_stechio,1830,406,Move,,in = Stechio.Gas_crv20_24; out1 = Portata_Presunta_GAS
control_stechio,1830,411,Ge,,in1 = Data.Burner_Air_Out; in2 = 25
control_stechio,1830,414,Move,,in = Stechio.Gas_crv25_29; out1 = Portata_Presunta_GAS
control_stechio,1830,419,Ge,,in1 = Data.Burner_Air_Out; in2 = 30
control_stechio,1830,422,Move,,in = Stechio.Gas_crv30_34; out1 = Portata_Presunta_GAS
control_stechio,1830,427,Ge,,in1 = Data.Burner_Air_Out; in2 = 35
control_stechio,1830,430,Move,,in = Stechio.Gas_crv35_39; out1 = Portata_Presunta_GAS
control_stechio,1830,435,Ge,,in1 = Data.Burner_Air_Out; in2 = 40
control_stechio,1830,438,Move,,in = Stechio.Gas_crv40_44; out1 = Portata_Presunta_GAS
control_stechio,1830,443,Ge,,in1 = Data.Burner_Air_Out; in2 = 45
control_stechio,1830,446,Move,,in = Stechio.Gas_crv45_49; out1 = Portata_Presunta_GAS
control_stechio,1830,451,Ge,,in1 = Data.Burner_Air_Out; in2 = 50
control_stechio,1830,454,Move,,in = Stechio.Gas_crv50_54; out1 = Portata_Presunta_GAS
control_stechio,1830,459,Ge,,in1 = Data.Burner_Air_Out; in2 = 55
control_stechio,1830,462,Move,,in = Stechio.Gas_crv55_59; out1 = Portata_Presunta_GAS
control_stechio,1830,467,Ge,,in1 = Data.Burner_Air_Out; in2 = 60
control_stechio,1830,470,Move,,in = Stechio.Gas_crv60_64; out1 = Portata_Presunta_GAS
control_stechio,1830,475,Ge,,in1 = Data.Burner_Air_Out; in2 = 65
control_stechio,1830,478,Move,,in = Stechio.Gas_crv65_69; out1 = Portata_Presunta_GAS
control_stechio,1830,483,Ge,,in1 = Data.Burner_Air_Out; in2 = 70
control_stechio,1830,486,Move,,in = Stechio.Gas_crv70_74; out1 = Portata_Presunta_GAS
control_stechio,1830,491,Ge,,in1 = Data.Burner_Air_Out; in2 = 75
control_stechio,1830,494,Move,,in = Stechio.Gas_crv75_79; out1 = Portata_Presunta_GAS
control_stechio,1830,499,Ge,,in1 = Data.Burner_Air_Out; in2 = 80
control_stechio,1830,502,Move,,in = Stechio.Gas_crv80_84; out1 = Portata_Presunta_GAS
control_stechio,1830,507,Ge,,in1 = Data.Burner_Air_Out; in2 = 85
control_stechio,1830,510,Move,,in = Stechio.Gas_crv85_89; out1 = Portata_Presunta_GAS
control_stechio,1830,515,Ge,,in1 = Data.Burner_Air_Out; in2 = 90
control_stechio,1830,518,Move,,in = Stechio.Gas_crv90_94; out1 = Portata_Presunta_GAS
control_stechio,1830,523,Ge,,in1 = Data.Burner_Air_Out; in2 = 95
control_stechio,1830,526,Move,,in = Stechio.Gas_crv95_100; out1 = Portata_Presunta_GAS
control_stechio,1832,657,Contact,operand,operand = Inputs.High Flame Gas
control_stechio,1832,658,Contact,,operand = ON
control_stechio,1832,659,Contact,operand,operand = Inputs.High Flame Gas
control_stechio,1832,765,Contact,,operand = Disable masses
control_stechio,1832,661,Contact,,operand = OFF
control_stechio,1832,662,O,,
control_stechio,1832,663,LRef,,호출 참조: RefId 112; PVPER_ON = OFF; P_SEL = ON; I_SEL = ON; INT_HOLD = RefId (RefId 없음) / ORef UID 680; I_ITL_ON = RefId (RefId 없음) / ORef UID 681; D_SEL = ON; CYCLE = T#100MS; SP_INT = SetPoint_Stechio; PV_IN = Stechio_attuale; PV_PER = RefId (RefId 없음) / ORef UID 686; MAN = 0.0; GAIN = Stechio.PID_GAIN; TI = Stechio.PID_TI; TD = Stechio.PID_TD; TM_LAG = T#1M; DEADB_W = 0.1; LMN_HLM = Stechio.Limite_MAX; LMN_LLM = Stechio.Limite_min; PV_FAC = 1.0; PV_OFF = 0.0; LMN_FAC = 1.0; LMN_OFF = 0.0; I_ITLVAL = RefId (RefId 없음) / ORef UID 699; DISV = 1.0; LMN = Correzione_Stechio; LMN_PER = RefId (RefId 없음) / ORef UID 702; QLMN_HLM = RefId (RefId 없음) / ORef UID 703; QLMN_LLM = RefId (RefId 없음) / ORef UID 704; LMN_P = RefId (RefId 없음) / ORef UID 705; LMN_I = RefId (RefId 없음) / ORef UID 706; LMN_D = RefId (RefId 없음) / ORef UID 707; PV = RefId (RefId 없음) / ORef UID 708; ER = RefId (RefId 없음) / ORef UID 709
control_stechio,1834,600,Contact,,operand = ON
control_stechio,1834,563,Lt,,in1 = Data.Burner_Gas_Out; in2 = 0
control_stechio,1834,566,Move,,in = 0; out1 = Data.Burner_Gas_Out
control_stechio,1834,571,Gt,,in1 = Data.Burner_Gas_Out; in2 = 100
control_stechio,1834,574,Move,,in = 100; out1 = Data.Burner_Gas_Out
control_stechio,1835,618,Contact,,operand = ON
control_stechio,1835,589,Le,,in1 = Correzione_Stechio; in2 = Stechio.Limite_min
control_stechio,1835,592,Coil,,operand = Stechio.Sign_lim_min
control_stechio,1835,595,Ge,,in1 = Correzione_Stechio; in2 = Stechio.Limite_MAX
control_stechio,1835,598,Coil,,operand = Stechio.Sign_lim_MAX
auto start motors,1841,88,Contact,,operand = ON
auto start motors,1841,90,Contact,,operand = Flag.Auto_ON1
auto start motors,1841,59,Add,,in1 = Data.Tempo_presetting; in2 = 1; out = Data.Tempo_presetting
auto start motors,1841,92,Contact,operand,operand = RefId 4 / ORef UID 74
auto start motors,1841,66,Move,,in = 0; out1 = Data.Tempo_presetting
auto start motors,1842,113,Contact,,operand = ON
auto start motors,1842,115,Contact,operand,operand = Flag.Auto_ON1
auto start motors,1842,87,Move,,in = Data.Tipo_preset; out1 = Data.D37
auto start motors,1842,117,Contact,,operand = Flag.Auto_ON1
auto start motors,1842,93,Move,,in = -1; out1 = Data.D37
auto start motors,1843,785,Contact,,operand = ON
auto start motors,1843,22,Contact,operand,operand = Allarm.Emergency_module_fault
auto start motors,1843,400,Eq,,in1 = Data.Tipo_preset; in2 = 1
auto start motors,1843,823,Contact,,operand = Flag.Auto_ON1
auto start motors,1843,406,Eq,,in1 = Data.Tempo_presetting; in2 = 1
auto start motors,1843,410,SCoil,,operand = Flag.RESET_ALLARM
auto start motors,1843,412,RCoil,,operand = Flag.Maintenance_ON
auto start motors,1843,416,Eq,,in1 = Data.Tempo_presetting; in2 = 3
auto start motors,1843,420,SCoil,,operand = Flag.M_VR_03
auto start motors,1843,422,SCoil,,operand = Flag.M_VR_04
auto start motors,1843,424,SCoil,,operand = Flag.M_VR_05
auto start motors,1843,428,Eq,,in1 = Data.Tempo_presetting; in2 = 5
auto start motors,1843,432,SCoil,,operand = Flag.M_SC_01
auto start motors,1843,434,SCoil,,operand = Flag.M_SC_10
auto start motors,1843,436,SCoil,,operand = Flag.M_SC_11
auto start motors,1843,440,Eq,,in1 = Data.Tempo_presetting; in2 = 8
auto start motors,1843,443,SCoil,,operand = Flag.M_FN_04
auto start motors,1843,446,Eq,,in1 = Data.Tempo_presetting; in2 = 15
auto start motors,1843,449,SCoil,,operand = Flag.STANDBY_ON
auto start motors,1843,452,Eq,,in1 = Data.Tempo_presetting; in2 = 17
auto start motors,1843,456,RCoil,,operand = Flag.M_VS_01
auto start motors,1843,458,RCoil,,operand = Flag.M_MC_05
auto start motors,1843,460,RCoil,,operand = Flag.M_MC_04
auto start motors,1843,462,RCoil,,operand = Flag.Enable_R2_GATE
auto start motors,1843,466,Eq,,in1 = Data.Tempo_presetting; in2 = 19
auto start motors,1843,469,SCoil,,operand = Flag.M_RD_01_FAN
auto start motors,1843,472,Eq,,in1 = Data.Tempo_presetting; in2 = 21
auto start motors,1843,478,SCoil,,operand = Flag.M_RD_01
auto start motors,1843,481,Move,,in = 25; out1 = Data.SET_PERC_FR01
auto start motors,1843,486,Eq,,in1 = Data.Tempo_presetting; in2 = 24
auto start motors,1843,492,SCoil,,operand = Flag.M_BC_01
auto start motors,1843,102,SCoil,,operand = MemoCMD_BC01_Startup
auto start motors,1843,495,Move,,in = 75; out1 = Data.Set_Perc_VT02
auto start motors,1843,500,SCoil,,operand = Flag.M_FN_02
auto start motors,1843,503,Eq,,in1 = Data.Tempo_presetting; in2 = 26
auto start motors,1843,506,SCoil,,operand = Flag.Enable_R1_GATE
auto start motors,1843,34,SCoil,,operand = MemoCMD_PV1_Startup
auto start motors,1843,509,Eq,,in1 = Data.Tempo_presetting; in2 = 28
auto start motors,1843,513,SCoil,,operand = Flag.M_VR_01
auto start motors,1843,515,SCoil,,operand = Flag.M_VR_02
auto start motors,1843,517,RCoil,,operand = Flag.M_CH_01
auto start motors,1843,521,Eq,,in1 = Data.Tempo_presetting; in2 = 30
auto start motors,1843,527,SCoil,,operand = Flag.M_FN_01
auto start motors,1843,530,Move,,in = 35; out1 = Data.SET_PERC_VT01
auto start motors,1843,535,Eq,,in1 = Data.Tempo_presetting; in2 = 33
auto start motors,1843,794,Contact,,operand = OFF
auto start motors,1843,539,RCoil,,operand = Flag.M_FN_02
auto start motors,1843,542,Eq,,in1 = Data.Tempo_presetting; in2 = 36
auto start motors,1843,545,SCoil,,operand = Flag.M_FN_03
auto start motors,1843,548,Eq,,in1 = Data.Tempo_presetting; in2 = 40
auto start motors,1843,552,SCoil,,operand = Flag.RESET_ALLARM
auto start motors,1843,554,SCoil,,operand = Flag.M_FN_06
auto start motors,1843,558,Eq,,in1 = Data.Tempo_presetting; in2 = 45
auto start motors,1843,791,Contact,,operand = OFF
auto start motors,1843,568,Move,,in = 850; out1 = Data.TC01_SETPOINT
auto start motors,1843,573,Move,,in = 500; out1 = Data.TC03_SETPOINT
auto start motors,1843,578,SCoil,,operand = Flag.Start_Burner
auto start motors,1843,581,SCoil,,operand = Flag.AUTO_BURNER
auto start motors,1843,584,Eq,,in1 = Data.Tempo_presetting; in2 = 50
auto start motors,1843,587,RCoil,,operand = Flag.Auto_ON1
auto start motors,1843,827,Not,,
auto start motors,1843,828,RCoil,,operand = MemoCMD_BC01_Startup
auto start motors,1843,833,Contact,,operand = Flag.Enable_R1_GATE
auto start motors,1843,834,Contact,,operand = MemoCMD_PV1_Startup
auto start motors,1843,835,LRef,,호출 참조: RefId 116; PT = T#1M; ET = RefId (RefId 없음) / ORef UID 842
auto start motors,1843,837,RCoil,,operand = Flag.Enable_R1_GATE
auto start motors,1843,838,RCoil,,operand = MemoCMD_PV1_Startup
auto start motors,1844,1145,Contact,,operand = ON
auto start motors,1844,1154,Contact,operand,operand = Allarm.Emergency_module_fault
auto start motors,1844,1147,Contact,,operand = Flag.Auto_ON1
auto start motors,1844,737,Eq,,in1 = Data.Tipo_preset; in2 = 2
auto start motors,1844,743,Eq,,in1 = Data.Tempo_presetting; in2 = 1
auto start motors,1844,747,SCoil,,operand = Flag.RESET_ALLARM
auto start motors,1844,749,RCoil,,operand = Flag.Maintenance_ON
auto start motors,1844,753,Eq,,in1 = Data.Tempo_presetting; in2 = 3
auto start motors,1844,757,SCoil,,operand = Flag.M_VR_03
auto start motors,1844,759,SCoil,,operand = Flag.M_VR_04
auto start motors,1844,761,SCoil,,operand = Flag.M_VR_05
auto start motors,1844,765,Eq,,in1 = Data.Tempo_presetting; in2 = 6
auto start motors,1844,769,SCoil,,operand = Flag.M_SC_01
auto start motors,1844,771,SCoil,,operand = Flag.M_SC_10
auto start motors,1844,773,SCoil,,operand = Flag.M_SC_11
auto start motors,1844,777,Eq,,in1 = Data.Tempo_presetting; in2 = 10
auto start motors,1844,780,SCoil,,operand = Flag.M_FN_04
auto start motors,1844,783,Eq,,in1 = Data.Tempo_presetting; in2 = 18
auto start motors,1844,786,SCoil,,operand = Flag.M_VS_01
auto start motors,1844,789,Eq,,in1 = Data.Tempo_presetting; in2 = 21
auto start motors,1844,1149,Contact,,operand = OFF
auto start motors,1844,793,SCoil,,operand = Flag.M_MC_05
auto start motors,1844,796,Eq,,in1 = Data.Tempo_presetting; in2 = 24
auto start motors,1844,799,SCoil,,operand = Flag.M_MC_04
auto start motors,1844,802,Eq,,in1 = Data.Tempo_presetting; in2 = 27
auto start motors,1844,805,SCoil,,operand = Flag.Enable_R2_GATE
auto start motors,1844,808,Eq,,in1 = Data.Tempo_presetting; in2 = 30
auto start motors,1844,811,RCoil,,operand = Flag.STANDBY_ON
auto start motors,1844,814,Eq,,in1 = Data.Tempo_presetting; in2 = 33
auto start motors,1844,817,SCoil,,operand = Flag.M_RD_01_FAN
auto start motors,1844,820,Eq,,in1 = Data.Tempo_presetting; in2 = 35
auto start motors,1844,826,SCoil,,operand = Flag.M_RD_01
auto start motors,1844,829,Move,,in = 25; out1 = Data.SET_PERC_FR01
auto start motors,1844,834,Eq,,in1 = Data.Tempo_presetting; in2 = 40
auto start motors,1844,1158,SCoil,,operand = Flag.Enable_R1_GATE
auto start motors,1844,840,Eq,,in1 = Data.Tempo_presetting; in2 = 43
auto start motors,1844,1162,SCoil,,operand = Flag.M_BC_01
auto start motors,1844,846,Eq,,in1 = Data.Tempo_presetting; in2 = 46
auto start motors,1844,850,SCoil,,operand = Flag.M_VR_01
auto start motors,1844,852,SCoil,,operand = Flag.M_VR_02
auto start motors,1844,854,SCoil,,operand = Flag.M_CH_01
auto start motors,1844,858,Eq,,in1 = Data.Tempo_presetting; in2 = 49
auto start motors,1844,864,SCoil,,operand = Flag.M_FN_01
auto start motors,1844,867,Move,,in = 35; out1 = Data.SET_PERC_VT01
auto start motors,1844,872,Eq,,in1 = Data.Tempo_presetting; in2 = 52
auto start motors,1844,878,SCoil,,operand = Flag.M_FN_02
auto start motors,1844,881,Move,,in = 80; out1 = Data.Set_Perc_VT02
auto start motors,1844,886,Eq,,in1 = Data.Tempo_presetting; in2 = 56
auto start motors,1844,889,SCoil,,operand = Flag.M_FN_03
auto start motors,1844,892,Eq,,in1 = Data.Tempo_presetting; in2 = 60
auto start motors,1844,896,SCoil,,operand = Flag.RESET_ALLARM
auto start motors,1844,898,SCoil,,operand = Flag.M_FN_06
auto start motors,1844,902,Eq,,in1 = Data.Tempo_presetting; in2 = 62
auto start motors,1844,1151,Contact,,operand = OFF
auto start motors,1844,912,Move,,in = 850; out1 = Data.TC01_SETPOINT
auto start motors,1844,917,Move,,in = 500; out1 = Data.TC03_SETPOINT
auto start motors,1844,922,SCoil,,operand = Flag.Start_Burner
auto start motors,1844,925,SCoil,,operand = Flag.AUTO_BURNER
auto start motors,1844,928,Eq,,in1 = Data.Tempo_presetting; in2 = 65
auto start motors,1844,931,RCoil,,operand = Flag.Auto_ON1
auto start motors,1845,22,Contact,,operand = ON
auto start motors,1845,23,Contact,operand,operand = Allarm.Emergency_module_fault
auto start motors,1845,24,Eq,,in1 = Data.Tipo_preset; in2 = 1
auto start motors,1845,39,Eq,,in1 = Data.Tipo_preset; in2 = 2
auto start motors,1845,29,O,,
auto start motors,1845,55,Contact,,operand = HMI_DB.PreheatingControl_Enabled
auto start motors,1845,56,Ge,,in1 = Manage_TC1_2.PID_Ref_Temp; in2 = HMI_DB.FN01_Preheating_1st_step_temperature
auto start motors,1845,57,Lt,,in1 = Manage_TC1_2.PID_Ref_Temp; in2 = HMI_DB.FN01_Preheating_2nd_step_temperature
auto start motors,1845,58,LRef,,호출 참조: RefId 116; PT = T#10s; ET = RefId (RefId 없음) / ORef UID 85
auto start motors,1845,60,Move,,in = HMI_DB.FN01_Preheating_1st_step_speed; out1 = Data.SET_PERC_VT01
auto start motors,1845,61,Ge,,in1 = Manage_TC1_2.PID_Ref_Temp; in2 = HMI_DB.FN01_Preheating_2nd_step_temperature
auto start motors,1845,62,Lt,,in1 = Manage_TC1_2.PID_Ref_Temp; in2 = HMI_DB.FN01_Preheating_3rd_step_temperature
auto start motors,1845,63,LRef,,호출 참조: RefId 116; PT = T#10s; ET = RefId (RefId 없음) / ORef UID 93
auto start motors,1845,65,Move,,in = HMI_DB.FN01_Preheating_2nd_step_speed; out1 = Data.SET_PERC_VT01
auto start motors,1845,66,Ge,,in1 = Manage_TC1_2.PID_Ref_Temp; in2 = HMI_DB.FN01_Preheating_3rd_step_temperature
auto start motors,1845,67,Lt,,in1 = Manage_TC1_2.PID_Ref_Temp; in2 = HMI_DB.FN01_Preheating_4th_step_temperature
auto start motors,1845,68,LRef,,호출 참조: RefId 116; PT = T#10s; ET = RefId (RefId 없음) / ORef UID 101
auto start motors,1845,70,Move,,in = HMI_DB.FN01_Preheating_3rd_step_speed; out1 = Data.SET_PERC_VT01
auto start motors,1845,71,Ge,,in1 = Manage_TC1_2.PID_Ref_Temp; in2 = HMI_DB.FN01_Preheating_4th_step_temperature
auto start motors,1845,72,LRef,,호출 참조: RefId 116; PT = T#10s; ET = RefId (RefId 없음) / ORef UID 107
auto start motors,1845,74,Move,,in = HMI_DB.FN01_Preheating_4th_step_speed; out1 = Data.SET_PERC_VT01
auto start motors,1845,75,Lt,,in1 = Manage_TC1_2.PID_Ref_Temp; in2 = HMI_DB.FN01_Preheating_1st_step_temperature
auto start motors,1845,76,LRef,,호출 참조: RefId 116; PT = T#10s; ET = RefId (RefId 없음) / ORef UID 113
auto start motors,1845,78,Move,,in = 15; out1 = Data.SET_PERC_VT01
auto start motors,1846,21,PContact,,bit = Tag_292; operand = Allarm.Emergency_module_fault
auto start motors,1846,22,Move,,in = 0; out1 = Data.Tempo_presetting
auto start motors,1846,23,Move,,in = 5; out1 = Data.Tipo_preset
auto start motors,1846,24,SCoil,,operand = Flag.Auto_ON1
auto start motors,1847,1095,Contact,,operand = Flag.Auto_ON1
auto start motors,1847,881,Eq,,in1 = Data.Tipo_preset; in2 = 5
auto start motors,1847,887,Eq,,in1 = Data.Tempo_presetting; in2 = 1
auto start motors,1847,1134,Contact,,operand = Allarm.Emergency_module_fault
auto start motors,1847,54,O,,
auto start motors,1847,891,RCoil,,operand = Flag.M_FN_03
auto start motors,1847,893,RCoil,,operand = Flag.M_FN_02
auto start motors,1847,897,RCoil,,operand = Flag.M_FN_06
auto start motors,1847,901,Eq,,in1 = Data.Tempo_presetting; in2 = 5
auto start motors,1847,1130,Contact,,operand = Allarm.Emergency_module_fault
auto start motors,1847,51,O,,
auto start motors,1847,905,RCoil,,operand = Flag.M_CH_01
auto start motors,1847,907,RCoil,,operand = Flag.M_FN_01_FAN
auto start motors,1847,909,RCoil,,operand = Flag.M_FN_01
auto start motors,1847,913,Eq,,in1 = Data.Tempo_presetting; in2 = 11
auto start motors,1847,1126,Contact,,operand = Allarm.Emergency_module_fault
auto start motors,1847,48,O,,
auto start motors,1847,917,RCoil,,operand = Flag.M_VR_01
auto start motors,1847,919,RCoil,,operand = Flag.M_VR_02
auto start motors,1847,923,Eq,,in1 = Data.Tempo_presetting; in2 = 13
auto start motors,1847,1122,Contact,,operand = Allarm.Emergency_module_fault
auto start motors,1847,45,O,,
auto start motors,1847,927,RCoil,,operand = Flag.M_BC_01
auto start motors,1847,929,RCoil,,operand = Flag.M_FN_04
auto start motors,1847,931,RCoil,,operand = Flag.M_ER01
auto start motors,1847,935,Eq,,in1 = Data.Tempo_presetting; in2 = 15
auto start motors,1847,1118,Contact,,operand = Allarm.Emergency_module_fault
auto start motors,1847,42,O,,
auto start motors,1847,939,RCoil,,operand = Flag.M_RD_01
auto start motors,1847,941,RCoil,,operand = Flag.Enable_R1_GATE
auto start motors,1847,945,Eq,,in1 = Data.Tempo_presetting; in2 = 17
auto start motors,1847,1114,Contact,,operand = Allarm.Emergency_module_fault
auto start motors,1847,39,O,,
auto start motors,1847,948,RCoil,,operand = Flag.M_RD_01_FAN
auto start motors,1847,951,Eq,,in1 = Data.Tempo_presetting; in2 = 19
auto start motors,1847,1110,Contact,,operand = Allarm.Emergency_module_fault
auto start motors,1847,36,O,,
auto start motors,1847,954,RCoil,,operand = Flag.M_MC_04
auto start motors,1847,957,Eq,,in1 = Data.Tempo_presetting; in2 = 20
auto start motors,1847,1106,Contact,,operand = Allarm.Emergency_module_fault
auto start motors,1847,33,O,,
auto start motors,1847,961,RCoil,,operand = Flag.M_VR_03
auto start motors,1847,963,RCoil,,operand = Flag.M_VR_04
auto start motors,1847,965,RCoil,,operand = Flag.M_VR_05
auto start motors,1847,969,Eq,,in1 = Data.Tempo_presetting; in2 = 21
auto start motors,1847,1102,Contact,,operand = Allarm.Emergency_module_fault
auto start motors,1847,30,O,,
auto start motors,1847,973,RCoil,,operand = Flag.STANDBY_ON
auto start motors,1847,975,RCoil,,operand = Flag.M_VS_01
auto start motors,1847,979,Eq,,in1 = Data.Tempo_presetting; in2 = 25
auto start motors,1847,1098,Contact,,operand = Allarm.Emergency_module_fault
auto start motors,1847,27,O,,
auto start motors,1847,982,RCoil,,operand = Flag.Auto_ON1
auto start motors,1848,954,Contact,,operand = Flag.Auto_ON1
auto start motors,1848,914,Eq,,in1 = Data.Tipo_preset; in2 = 6
auto start motors,1848,920,Eq,,in1 = Data.Tempo_presetting; in2 = 1
auto start motors,1848,923,SCoil,,operand = Flag.STANDBY_ON
auto start motors,1848,926,Eq,,in1 = Data.Tempo_presetting; in2 = 25
auto start motors,1848,929,RCoil,,operand = Flag.Auto_ON1
auto start motors,1849,22,Div,,in1 = Data.SET_PERC_BWF01; in2 = 100.0; out = Prod_h_bwf01
auto start motors,1849,38,Mul,,in1 = Prod_h_bwf01; in2 = Data2.Set_TH; out = Prod_h_bwf01
auto start motors,1849,84,Div,,in1 = Prod_h_bwf01; in2 = 3600.0; out = Prod_s_bwf01
auto start motors,1849,30,Div,,in1 = Data.SET_PERC_BWF02; in2 = 100.0; out = Prod_h_bwf02
auto start motors,1849,46,Mul,,in1 = Prod_h_bwf02; in2 = Data2.Set_TH; out = Prod_h_bwf02
auto start motors,1849,92,Div,,in1 = Prod_h_bwf02; in2 = 3600.0; out = Prod_s_bwf02
auto start motors,1849,66,Contact,,operand = HMI_DB.ResetCounter_PartialProduction
auto start motors,1849,69,Move,,in = 0.0; out1 = HMI_DB.Counter_PartialProduction
auto start motors,1849,80,RCoil,,operand = HMI_DB.ResetCounter_PartialProduction
auto start motors,1849,61,Contact,,operand = Consent Start BWF01
auto start motors,1849,101,Contact,operand,operand = Consent Start BWF02
auto start motors,1849,126,Add,,in1 = Prod_s_bwf01; in2 = HMI_DB.Counter_PartialProduction; out = HMI_DB.Counter_PartialProduction
auto start motors,1849,134,Add,,in1 = Prod_s_bwf01; in2 = HMI_DB.Counter_TotalProduction; out = HMI_DB.Counter_TotalProduction
auto start motors,1849,72,Contact,,operand = Consent Start BWF02
auto start motors,1849,109,Contact,operand,operand = Consent Start BWF01
auto start motors,1849,142,Add,,in1 = Prod_s_bwf02; in2 = HMI_DB.Counter_PartialProduction; out = HMI_DB.Counter_PartialProduction
auto start motors,1849,143,Add,,in1 = Prod_s_bwf02; in2 = HMI_DB.Counter_TotalProduction; out = HMI_DB.Counter_TotalProduction
auto start motors,1849,117,Contact,,operand = Consent Start BWF01
auto start motors,1849,118,Contact,,operand = Consent Start BWF02
auto start motors,1849,158,Add,,in1 = Prod_s_bwf01; in2 = Prod_s_bwf02; in3 = HMI_DB.Counter_PartialProduction; out = HMI_DB.Counter_PartialProduction
auto start motors,1849,159,Add,,in1 = Prod_s_bwf01; in2 = Prod_s_bwf02; in3 = HMI_DB.Counter_TotalProduction; out = HMI_DB.Counter_TotalProduction
burner control,1854,219,Contact,,operand = ON
burner control,1854,221,Contact,,operand = Brurner Lock Out
burner control,1854,223,Contact,operand,operand = APP M10.2
burner control,1854,117,SCoil,,operand = Allarm.BURNER_LDU_FAULT
burner control,1854,225,Contact,,operand = Flag.RESET_ALLARM
burner control,1854,227,Contact,,operand = Allarm.BURNER_LDU_FAULT
burner control,1854,123,SCoil,,operand = m491
burner control,1854,125,SCoil,,operand = APP M10.2
burner control,1854,229,Contact,,operand = APP M10.2
burner control,1854,133,SdCoil,,value = S5T#6S; operand = Tag_135
burner control,1854,231,Contact,,operand = Tag_135
burner control,1854,138,RCoil,,operand = APP M10.2
burner control,1854,233,Contact,,operand = m491
burner control,1854,145,SdCoil,,value = S5T#2S; operand = Tag_136
burner control,1854,149,Coil,,operand = Rst allarm Burner
burner control,1854,235,Contact,,operand = Tag_136
burner control,1854,156,RCoil,,operand = Allarm.BURNER_LDU_FAULT
burner control,1854,159,SdCoil,,value = S5T#2S; operand = Tag_137
burner control,1854,237,Contact,,operand = Tag_137
burner control,1854,164,RCoil,,operand = m491
burner control,1855,32,Contact,,operand = ON
burner control,1855,238,Contact,,operand = Flag.Start_Burner
burner control,1855,239,PBox,,bit = PLS M50.0
burner control,1855,240,Contact,operand,operand = Inputs.FC GAS Chiuso
burner control,1855,242,Contact,operand,operand = Inputs.FC Aria chiusa
burner control,1855,244,O,,
burner control,1855,245,SCoil,,operand = Allarm.SERVOMOTOR_MIN_POS_ALL
burner control,1855,246,Contact,,operand = Flag.RESET_ALLARM
burner control,1855,247,Contact,,operand = Allarm.SERVOMOTOR_MIN_POS_ALL
burner control,1855,248,RCoil,,operand = Allarm.SERVOMOTOR_MIN_POS_ALL
burner control,1856,160,Contact,,operand = ON
burner control,1856,162,Contact,operand,operand = Allarm.MAX_MAX_TC09
burner control,1856,164,Contact,operand,operand = Allarm.MAX_MAX_TC01_TEMP
burner control,1856,150,Coil,,operand = Temperature Interlock OK
burner control,1857,207,Contact,,operand = ON
burner control,1857,209,Contact,operand,operand = Allarm.MAX_MAX_TC09
burner control,1857,211,Contact,operand,operand = Allarm.BURNER_START_FAULT
burner control,1857,213,Contact,operand,operand = Allarm.BURNER_LDU_FAULT
burner control,1857,23,Contact,,operand = Inputs.FN01 Run
burner control,1857,27,Contact,,operand = Inputs.FN04 Run
burner control,1857,32,Contact,,operand = Inputs.RD01 run
burner control,1857,36,Contact,,operand = Inputs.FEEDBACKMOTOR FN-06
burner control,1857,228,Contact,,operand = Inputs.Burner On
burner control,1857,38,O,,
burner control,1857,40,Contact,,operand = Inputs.FN02 Run
burner control,1857,182,Coil,,operand = Flag.Burner_ready
burner control,1858,273,Contact,,operand = ON
burner control,1858,275,Contact,operand,operand = Flag.Burner_ready
burner control,1858,277,Contact,,operand = Allarm.MAX_MAX_TC09
burner control,1858,279,Contact,,operand = Allarm.BURNER_START_FAULT
burner control,1858,281,Contact,,operand = Allarm.BURNER_LDU_FAULT
burner control,1858,283,Contact,,operand = Allarm.FN_03_FAULT
burner control,1858,285,Contact,,operand = Allarm.SERVOMOTOR_MIN_POS_ALL
burner control,1858,287,Contact,,operand = Allarm.MAX_TC04_TEMP
burner control,1858,289,Contact,,operand = Allarm.MAX_TC05_TEMP
burner control,1858,291,Contact,,operand = Allarm.MAX_MAX_TC03_TEMP
burner control,1858,293,Contact,,operand = Allarm.MAX_MAX_TC01_TEMP
burner control,1858,295,Contact,,operand = Allarm.RO01_Signal_Fault
burner control,1858,297,Contact,,operand = Allarm.TC01_TC02_COMP_FAULT
burner control,1858,299,Contact,,operand = Allarm.Low_Aspiration
burner control,1858,301,Contact,,operand = Allarm.PSL_AIR_LOW
burner control,1858,303,Contact,,operand = Allarm.HYDROGEN_BOX_FAULT
burner control,1858,22,Contact,,operand = Allarm.EmergencyStopTC1_2
burner control,1858,219,O,,
burner control,1858,305,Contact,,operand = ON
burner control,1858,213,O,,
burner control,1858,232,RCoil,,operand = Flag.Start_Burner
burner control,1859,317,Contact,,operand = ON
burner control,1859,319,Contact,,operand = Inputs.Burner On
burner control,1859,321,Contact,,operand = Tag_138
burner control,1859,268,PBox,,bit = PLS M51.5
burner control,1859,270,Add,,in1 = WorkData.W5; in2 = 1; out = WorkData.W5
burner control,1859,323,Contact,operand,operand = Tag_138
burner control,1859,277,SdCoil,,value = S5T#1M; operand = Tag_138
burner control,1859,325,Contact,operand,operand = Inputs.Burner On
burner control,1859,282,Move,,in = 0; out1 = WorkData.W5
burner control,1860,21,Ne,,in1 = Data.Tipo_preset; in2 = 1
burner control,1860,22,Ne,,in1 = Data.Tipo_preset; in2 = 2
burner control,1860,23,RCoil,,operand = HMI_DB.memoBurnerON
burner control,1860,24,Contact,,operand = Flag.Start_Burner
burner control,1860,25,Contact,,operand = Flag.AUTO_BURNER
burner control,1860,26,O,,
burner control,1860,27,Contact,operand,operand = HMI_DB.memoBurnerON
burner control,1860,28,Contact,,operand = Inputs.Burner On
burner control,1860,29,SCoil,,operand = HMI_DB.memoBurnerON
burner control,1860,30,Move,,in = 0; out1 = HMI_DB.Counter_StopBurner
burner control,1860,113,Move,,in = 0.0; out1 = Stechio.Consumo_GAS
burner control,1860,119,Move,,in = 0.0; out1 = HMI_DB.Counter_PartialProduction
burner control,1860,31,Contact,,operand = HMI_DB.memoBurnerON
burner control,1860,32,Contact,operand,operand = Inputs.Burner On
burner control,1860,78,Contact,operand,operand = PS181_0
burner control,1860,88,LRef,,호출 참조: RefId 252; PT = T#1m; ET = RefId (RefId 없음) / ORef UID 96
burner control,1860,109,PBox,,bit = PS181_0
burner control,1860,34,Add,,in1 = HMI_DB.Counter_StopBurner; in2 = 1; out = HMI_DB.Counter_StopBurner
burner control,1860,83,Contact,,operand = HMI_DB.ResetCounter_StopBurner
burner control,1860,90,Move,,in = 0; out1 = HMI_DB.Counter_StopBurner
burner control,1860,104,RCoil,,operand = HMI_DB.ResetCounter_StopBurner
burner control,1861,318,Contact,,operand = OFF
burner control,1861,289,Ge,,in1 = WorkData.W5; in2 = 1440
burner control,1861,292,Coil,,operand = Programmed stop burner
burner control,1861,295,Ge,,in1 = WorkData.W5; in2 = 1320
burner control,1861,298,Coil,,operand = Allarm.BURNER_TIME_LIMIT_22H
burner control,1862,549,Contact,,operand = ON
burner control,1862,409,Add,,in1 = Data.TC01_SETPOINT; in2 = 20; out = App00
burner control,1862,415,Add,,in1 = Data.TC01_SETPOINT; in2 = 15; out = App01
burner control,1862,551,Contact,operand,operand = Inputs.Burner ON and OK
burner control,1862,422,RCoil,,operand = Start High Flame
burner control,1862,553,Contact,,operand = Burner ON and OK
burner control,1862,555,Contact,,operand = Start High Flame
burner control,1862,557,Contact,,operand = ON
burner control,1862,432,Ge,,in1 = Manage_TC1_2.PID_Ref_Temp; in2 = App00
burner control,1862,559,Contact,,operand = Allarm.MAX_TC01_TEMP
burner control,1862,561,Contact,,operand = Allarm.MAX_TC03_TEMP
burner control,1862,436,O,,
burner control,1862,441,Move,,in = 0; out1 = Data.Burner_Panel_SetPoint
burner control,1862,563,Contact,,operand = Inputs.FC GAS Chiuso
burner control,1862,565,Contact,,operand = Inputs.FC Aria chiusa
burner control,1862,448,SdCoil,,value = S5T#50MS; operand = Tag_139
burner control,1862,567,Contact,,operand = Tag_139
burner control,1862,453,RCoil,,operand = Start High Flame
burner control,1862,569,Contact,operand,operand = Start High Flame
burner control,1862,457,Lt,,in1 = Manage_TC1_2.PID_Ref_Temp; in2 = App01
burner control,1862,571,Contact,operand,operand = Allarm.MAX_TC01_TEMP
burner control,1862,573,Contact,operand,operand = Allarm.MAX_TC03_TEMP
burner control,1862,465,SdCoil,,value = S5T#8S; operand = Tag_140
burner control,1862,575,Contact,,operand = Tag_140
burner control,1862,470,SCoil,,operand = Start High Flame
burner control,1863,521,Contact,,operand = ON
burner control,1863,523,Contact,,operand = Inputs.Burner On
burner control,1863,525,Contact,,operand = Start High Flame
burner control,1863,464,SCoil,,operand = Main flame ON
burner control,1863,527,Contact,operand,operand = Start High Flame
burner control,1863,529,Contact,,operand = Main flame ON
burner control,1863,472,SdCoil,,value = S5T#4S; operand = Tag_141
burner control,1863,531,Contact,operand,operand = Tag_141
burner control,1863,477,Coil,,operand = Foced Spark
burner control,1863,533,Contact,,operand = Tag_141
burner control,1863,481,RCoil,,operand = Main flame ON
burner control,1863,535,Contact,operand,operand = Inputs.Burner On
burner control,1863,485,RCoil,,operand = Main flame ON
burner control,1864,577,Contact,,operand = OFF
burner control,1864,517,Add,,in1 = Data.TC01_SETPOINT; in2 = 30; out = App02
burner control,1864,523,Add,,in1 = Data.TC01_SETPOINT; in2 = 25; out = App03
burner control,1864,579,Contact,,operand = ON
burner control,1864,533,Ge,,in1 = Manage_TC1_2.PID_Ref_Temp; in2 = App02
burner control,1864,536,SCoil,,operand = Riduce MN01
burner control,1864,539,Lt,,in1 = Manage_TC1_2.PID_Ref_Temp; in2 = App03
burner control,1864,542,RCoil,,operand = Riduce MN01
burner control,1865,630,Contact,,operand = ON
burner control,1865,632,Contact,,operand = OFF
burner control,1865,634,Contact,,operand = Allarm.MAX_TC01_TEMP
burner control,1865,636,Contact,,operand = Allarm.MAX_TC03_TEMP
burner control,1865,638,Contact,,operand = Programmed stop burner
burner control,1865,652,O,,
burner control,1865,573,Le,,in1 = Data.GAS_BR_01; in2 = 30
burner control,1865,640,Contact,,operand = Inputs.FC GAS Chiuso
burner control,1865,642,Contact,,operand = Inputs.FC Aria chiusa
burner control,1865,572,O,,
burner control,1865,579,SCoil,,operand = Lock Burner
burner control,1865,644,Contact,operand,operand = Allarm.MAX_TC01_TEMP
burner control,1865,646,Contact,operand,operand = Allarm.MAX_TC03_TEMP
burner control,1865,648,Contact,,operand = ON
burner control,1865,586,O,,
burner control,1865,650,Contact,operand,operand = Programmed stop burner
burner control,1865,588,RCoil,,operand = Lock Burner
burner control,1866,634,Contact,,operand = Flag.Start_Burner
burner control,1866,636,Contact,operand,operand = Lock Burner
burner control,1866,638,Contact,operand,operand = Flag.M_FN_03
burner control,1866,640,Contact,,operand = OFF
burner control,1866,600,SCoil,,operand = Flag.M_FN_03
burner control,1866,642,Contact,,operand = Inputs.FN03 Run
burner control,1866,607,Coil,,operand = Enable start burner(1)
burner control,1866,644,Contact,,operand = Enable start burner
burner control,1866,611,Coil,,operand = Rem. Start/Stop Burner
burner control,1867,653,Contact,,operand = ON
burner control,1867,655,Contact,,operand = Tag_142
burner control,1867,625,Add,,in1 = WorkData.BR01_CleanTime; in2 = 1; out = WorkData.BR01_CleanTime
burner control,1867,657,Contact,operand,operand = Tag_142
burner control,1867,632,SdCoil,,value = S5T#1S; operand = Tag_142
burner control,1868,1634,Contact,,operand = ON
burner control,1868,1636,Contact,operand,operand = Enable start burner(1)
burner control,1868,1122,Move,,in = 0; out1 = WorkData.BR01_State
burner control,1868,1127,RCoil,,operand = Open MV03 for washing
burner control,1868,28,Contact,operand,operand = Inputs.MV03 Close
burner control,1868,1670,Contact,,operand = Inputs.MV03 Close
burner control,1868,1669,SCoil,,operand = Close MV03 for Burner Startup
burner control,1868,1130,RCoil,,operand = Enable start burner
burner control,1868,1638,Contact,,operand = Enable start burner(1)
burner control,1868,1137,Eq,,in1 = WorkData.BR01_State; in2 = 0
burner control,1868,1143,Ge,,in1 = Manage_TC1_2.PID_Ref_Temp; in2 = 500.0
burner control,1868,1146,Move,,in = 7; out1 = WorkData.BR01_State
burner control,1868,1151,Lt,,in1 = Manage_TC1_2.PID_Ref_Temp; in2 = 500.0
burner control,1868,1154,Move,,in = 1; out1 = WorkData.BR01_State
burner control,1868,1159,Move,,in = 0; out1 = WorkData.BR01_CleanTime
burner control,1868,1164,Eq,,in1 = WorkData.BR01_State; in2 = 1
burner control,1868,1640,Contact,,operand = OFF
burner control,1868,1171,Move,,in = Data.Max_PRC_BR1; out1 = Data.Burner_Panel_SetPoint
burner control,1868,1176,SCoil,,operand = Open MV03 for washing
burner control,1868,1179,Move,,in = 2; out1 = WorkData.BR01_State
burner control,1868,1184,Eq,,in1 = WorkData.BR01_State; in2 = 2
burner control,1868,1642,Contact,operand,operand = Inputs.MV03 open
burner control,1868,1188,Move,,in = 3; out1 = WorkData.BR01_State
burner control,1868,1193,Eq,,in1 = WorkData.BR01_State; in2 = 3
burner control,1868,1199,SdCoil,,value = S5T#4M; operand = Tag_143
burner control,1868,1644,Contact,,operand = ON
burner control,1868,1646,Contact,,operand = Tag_142
burner control,1868,1208,Add,,in1 = WorkData.BR01_CleanTime; in2 = 1; out = WorkData.BR01_CleanTime
burner control,1868,1648,Contact,operand,operand = Tag_142
burner control,1868,1215,SdCoil,,value = S5T#1S; operand = Tag_142
burner control,1868,1650,Contact,,operand = Tag_143
burner control,1868,1220,Move,,in = 4; out1 = WorkData.BR01_State
burner control,1868,1225,Eq,,in1 = WorkData.BR01_State; in2 = 4
burner control,1868,1652,Contact,,operand = OFF
burner control,1868,1232,Move,,in = 0; out1 = Data.Burner_Panel_SetPoint
burner control,1868,1237,RCoil,,operand = Open MV03 for washing
burner control,1868,1240,Move,,in = 5; out1 = WorkData.BR01_State
burner control,1868,1245,Eq,,in1 = WorkData.BR01_State; in2 = 5
burner control,1868,1654,Contact,,operand = Inputs.MV03 Close
burner control,1868,1656,Contact,,operand = ON
burner control,1868,1248,O,,
burner control,1868,1251,Move,,in = 6; out1 = WorkData.BR01_State
burner control,1868,1256,Eq,,in1 = WorkData.BR01_State; in2 = 6
burner control,1868,1262,SdCoil,,value = S5T#1S; operand = Tag_144
burner control,1868,1658,Contact,,operand = Tag_144
burner control,1868,1267,Move,,in = 7; out1 = WorkData.BR01_State
burner control,1868,1272,Eq,,in1 = WorkData.BR01_State; in2 = 77
burner control,1868,1278,Ge,,in1 = Data.Oxigen_RO01; in2 = 60
burner control,1868,1281,Move,,in = 7; out1 = WorkData.BR01_State
burner control,1868,1286,Lt,,in1 = Data.Oxigen_RO01; in2 = 60
burner control,1868,1289,Move,,in = 0; out1 = WorkData.BR01_State
burner control,1868,1294,Eq,,in1 = WorkData.BR01_State; in2 = 7
burner control,1868,1300,SCoil,,operand = Enable start burner
burner control,1868,1303,RCoil,,operand = Open MV03 for washing
burner control,1868,1306,SCoil,,operand = Close MV03 for Burner Startup
burner control,1868,1309,Move,,in = 8; out1 = WorkData.BR01_State
burner control,1868,1314,Eq,,in1 = WorkData.BR01_State; in2 = 8
burner control,1868,1660,Contact,,operand = Inputs.Burner On
burner control,1868,1318,Move,,in = 9; out1 = WorkData.BR01_State
burner control,1868,1323,Eq,,in1 = WorkData.BR01_State; in2 = 9
burner control,1868,1329,SdCoil,,value = S5T#30S; operand = Tag_145
burner control,1868,1662,Contact,,operand = Tag_145
burner control,1868,1334,Move,,in = 10; out1 = WorkData.BR01_State
burner control,1868,1339,Eq,,in1 = WorkData.BR01_State; in2 = 10
burner control,1868,1342,Move,,in = 11; out1 = WorkData.BR01_State
burner control,1868,1347,Eq,,in1 = WorkData.BR01_State; in2 = 11
burner control,1868,1664,Contact,,operand = Inputs.Burner On
burner control,1868,1354,Coil,,operand = Start Burner
burner control,1868,1666,Contact,operand,operand = Inputs.Burner On
burner control,1868,1358,Move,,in = 0; out1 = WorkData.BR01_State
burner control,1868,1363,Move,,in = 0; out1 = WorkData.BR01_CleanTime
burner control,1869,1130,Contact,,operand = Flag.RESET_ALLARM
burner control,1869,1132,Contact,,operand = Allarm.BURNER_START_FAULT
burner control,1869,1122,RCoil,,operand = Allarm.BURNER_START_FAULT
burner control,1870,1218,Contact,,operand = ON
burner control,1870,1220,Contact,,operand = Flag.AUTO_BURNER
burner control,1870,1222,Contact,operand,operand = Allarm.MAX_TC01_TEMP
burner control,1870,1224,Contact,operand,operand = Allarm.MAX_TC03_TEMP
burner control,1870,1226,Contact,operand,operand = Programmed stop burner
burner control,1870,1228,Contact,,operand = Start Burner
burner control,1870,1230,Contact,,operand = Inputs.High Flame Gas
burner control,1870,1172,Coil,,operand = Flag AutoBurner
burner control,1870,1232,Contact,operand,operand = Enable start burner(1)
burner control,1870,1234,Contact,,operand = Allarm.MAX_TC01_TEMP
burner control,1870,1236,Contact,,operand = Allarm.MAX_TC03_TEMP
burner control,1870,1238,Contact,,operand = Programmed stop burner
burner control,1870,1240,Contact,operand,operand = Inputs.High Flame Gas
burner control,1870,1175,O,,
burner control,1870,1181,Move,,in = 0; out1 = Data.Burner_Panel_SetPoint
burner control,1871,1188,Contact,,operand = Flag AutoBurner
burner control,1871,1176,Add,,in1 = WorkData.Burner_PID_Result; in2 = 0; out = Data.Burner_Panel_SetPoint
burner control,1872,1350,Contact,,operand = ON
burner control,1872,1352,Contact,,operand = Inputs.Burner On
burner control,1872,1262,Gt,,in1 = Data.Burner_Panel_SetPoint; in2 = Data.Max_PRC_BR1
burner control,1872,1265,Move,,in = Data.Max_PRC_BR1; out1 = Data.Burner_Panel_SetPoint
burner control,1872,1270,Gt,,in1 = Data.Burner_Panel_SetPoint; in2 = 100
burner control,1872,1273,Move,,in = 100; out1 = Data.Burner_Panel_SetPoint
burner control,1872,1354,Contact,,operand = Rem. Start/Stop Burner
burner control,1872,1279,Lt,,in1 = Data.Burner_Panel_SetPoint; in2 = 0
burner control,1872,1282,Move,,in = 0; out1 = Data.Burner_Panel_SetPoint
burner control,1872,1356,Contact,operand,operand = Rem. Start/Stop Burner
burner control,1872,1289,Le,,in1 = Data.Burner_Panel_SetPoint; in2 = 0
burner control,1872,1358,Contact,operand,operand = Enable start burner(1)
burner control,1872,1293,O,,
burner control,1872,1294,Move,,in = 0; out1 = Data.Burner_Panel_SetPoint
burner control,1873,1277,Contact,,operand = OFF
burner control,1873,1268,Move,,in = RefId 52 / ORef UID 1272; out1 = Data.Burner_Panel_SetPoint
burner control,1874,1359,Contact,,operand = ON
burner control,1874,1361,Contact,,operand = Stechio.Sign_lim_min
burner control,1874,1363,Contact,,operand = Stechio.Sign_lim_MAX
burner control,1874,1311,O,,
burner control,1874,1317,SdCoil,,value = S5T#20S; operand = Tag_146
burner control,1874,1365,Contact,,operand = Tag_146
burner control,1874,1322,SCoil,,operand = Allarm.Sechio_Limits
burner control,1874,1367,Contact,,operand = Flag.RESET_ALLARM
burner control,1874,1369,Contact,,operand = Allarm.Sechio_Limits
burner control,1874,1371,Contact,operand,operand = Stechio.Sign_lim_min
burner control,1874,1373,Contact,operand,operand = Stechio.Sign_lim_MAX
burner control,1874,1329,RCoil,,operand = Allarm.Sechio_Limits
burner control,1875,1701,Contact,,operand = OFF
burner control,1875,1502,Eq,,in1 = WorkData.W5; in2 = 1
burner control,1875,1505,Move,,in = 20; out1 = Data.TC01_SETPOINT
burner control,1875,1510,Eq,,in1 = WorkData.W5; in2 = 60
burner control,1875,1513,Move,,in = 30; out1 = Data.TC01_SETPOINT
burner control,1875,1518,Eq,,in1 = WorkData.W5; in2 = 120
burner control,1875,1521,Move,,in = 40; out1 = Data.TC01_SETPOINT
burner control,1875,1526,Eq,,in1 = WorkData.W5; in2 = 180
burner control,1875,1529,Move,,in = 80; out1 = Data.TC01_SETPOINT
burner control,1875,1534,Eq,,in1 = WorkData.W5; in2 = 240
burner control,1875,1537,Move,,in = 100; out1 = Data.TC01_SETPOINT
burner control,1875,1542,Eq,,in1 = WorkData.W5; in2 = 300
burner control,1875,1545,Move,,in = 120; out1 = Data.TC01_SETPOINT
burner control,1875,1550,Eq,,in1 = WorkData.W5; in2 = 360
burner control,1875,1553,Move,,in = 140; out1 = Data.TC01_SETPOINT
burner control,1875,1558,Eq,,in1 = WorkData.W5; in2 = 420
burner control,1875,1561,Move,,in = 160; out1 = Data.TC01_SETPOINT
burner control,1875,1566,Eq,,in1 = WorkData.W5; in2 = 480
burner control,1875,1569,Move,,in = 180; out1 = Data.TC01_SETPOINT
burner control,1875,1574,Eq,,in1 = WorkData.W5; in2 = 540
burner control,1875,1577,Move,,in = 200; out1 = Data.TC01_SETPOINT
burner control,1875,1582,Eq,,in1 = WorkData.W5; in2 = 600
burner control,1875,1585,Move,,in = 200; out1 = Data.TC01_SETPOINT
burner control,1876,1647,Contact,,operand = OFF
burner control,1876,1574,Eq,,in1 = WorkData.W5; in2 = 1320
burner control,1876,1577,Move,,in = 240; out1 = Data.TC01_SETPOINT
burner control,1876,1582,Eq,,in1 = WorkData.W5; in2 = 1380
burner control,1876,1585,Move,,in = 280; out1 = Data.TC01_SETPOINT
burner control,1876,1590,Eq,,in1 = WorkData.W5; in2 = 1440
burner control,1876,1593,Move,,in = 320; out1 = Data.TC01_SETPOINT
burner control,1876,1598,Eq,,in1 = WorkData.W5; in2 = 1500
burner control,1876,1601,Move,,in = 360; out1 = Data.TC01_SETPOINT
burner control,1877,1789,Contact,,operand = OFF
burner control,1877,1680,Eq,,in1 = WorkData.W5; in2 = 1740
burner control,1877,1683,Move,,in = 400; out1 = Data.TC01_SETPOINT
burner control,1877,1688,Eq,,in1 = WorkData.W5; in2 = 1800
burner control,1877,1691,Move,,in = 440; out1 = Data.TC01_SETPOINT
burner control,1877,1696,Eq,,in1 = WorkData.W5; in2 = 1860
burner control,1877,1699,Move,,in = 480; out1 = Data.TC01_SETPOINT
burner control,1877,1704,Eq,,in1 = WorkData.W5; in2 = 1920
burner control,1877,1707,Move,,in = 520; out1 = Data.TC01_SETPOINT
burner control,1877,1712,Eq,,in1 = WorkData.W5; in2 = 1980
burner control,1877,1715,Move,,in = 560; out1 = Data.TC01_SETPOINT
burner control,1877,1720,Eq,,in1 = WorkData.W5; in2 = 2040
burner control,1877,1723,Move,,in = 600; out1 = Data.TC01_SETPOINT
filter,1882,23,CRef,,호출 참조: KF_KT; KF = Data.VALVE_P; SEC = 0; KT = Coeff.DP_01_PAUSA_SOGLIA_1
filter,1882,32,CRef,,호출 참조: KF_KT; KF = Data.VALVE_W; SEC = 0; KT = Coeff.DP_01_LAVORO_SOGLIA_1
filter,1883,377,Contact,,operand = OFF
filter,1883,206,Lt,,in1 = Data.Ev_filter_on; in2 = 51
filter,1883,213,Lt,,in1 = Data.DP_01; in2 = Coeff.DP_01_SOGLIA_1
filter,1883,216,Move,,in = Coeff.DP_01_PAUSA_SOGLIA_1; out1 = Data.LAVA_PAUSA
filter,1883,219,Move,,in = Coeff.DP_01_LAVORO_SOGLIA_1; out1 = Data.LAVA_LAVORO
filter,1883,225,Ge,,in1 = Data.DP_01; in2 = Coeff.DP_01_SOGLIA_1
filter,1883,228,Lt,,in1 = Data.DP_01; in2 = Coeff.DP_01_SOGLIA_2
filter,1883,231,Move,,in = Coeff.DP_01_PAUSA_SOGLIA_2; out1 = Data.LAVA_PAUSA
filter,1883,234,Move,,in = Coeff.DP_01_LAVORO_SOGLIA_1; out1 = Data.LAVA_LAVORO
filter,1883,240,Ge,,in1 = Data.DP_01; in2 = Coeff.DP_01_SOGLIA_2
filter,1883,243,Lt,,in1 = Data.DP_01; in2 = Coeff.DP_01_SOGLIA_3
filter,1883,246,Move,,in = Coeff.DP_01_PAUSA_SOGLIA_3; out1 = Data.LAVA_PAUSA
filter,1883,249,Move,,in = Coeff.DP_01_LAVORO_SOGLIA_1; out1 = Data.LAVA_LAVORO
filter,1883,255,Ge,,in1 = Data.DP_01; in2 = Coeff.DP_01_SOGLIA_3
filter,1883,258,Lt,,in1 = Data.DP_01; in2 = Coeff.DP_01_SOGLIA_4
filter,1883,261,Move,,in = Coeff.DP_01_PAUSA_SOGLIA_4; out1 = Data.LAVA_PAUSA
filter,1883,264,Move,,in = Coeff.DP_01_LAVORO_SOGLIA_1; out1 = Data.LAVA_LAVORO
filter,1883,270,Ge,,in1 = Data.DP_01; in2 = Coeff.DP_01_SOGLIA_4
filter,1883,273,Move,,in = Coeff.DP_01_PAUSA_SOGLIA_5; out1 = Data.LAVA_PAUSA
filter,1883,276,Move,,in = Coeff.DP_01_LAVORO_SOGLIA_1; out1 = Data.LAVA_LAVORO
filter,1884,559,Contact,,operand = OFF
filter,1884,388,Gt,,in1 = RefId 3 / ORef UID 462; in2 = 50
filter,1884,395,Lt,,in1 = Data.DP_02; in2 = Coeff.DP_02_SOGLIA_1
filter,1884,398,Move,,in = Coeff.DP_02_PAUSA_SOGLIA_1; out1 = Data.LAVA_PAUSA
filter,1884,401,Move,,in = Coeff.DP_02_LAVORO_SOGLIA_1; out1 = Data.LAVA_LAVORO
filter,1884,407,Ge,,in1 = Data.DP_02; in2 = Coeff.DP_02_SOGLIA_1
filter,1884,410,Lt,,in1 = Data.DP_02; in2 = Coeff.DP_02_SOGLIA_2
filter,1884,413,Move,,in = Coeff.DP_02_PAUSA_SOGLIA_2; out1 = Data.LAVA_PAUSA
filter,1884,416,Move,,in = Coeff.DP_02_LAVORO_SOGLIA_1; out1 = Data.LAVA_LAVORO
filter,1884,422,Ge,,in1 = Data.DP_02; in2 = Coeff.DP_02_SOGLIA_2
filter,1884,425,Lt,,in1 = Data.DP_02; in2 = Coeff.DP_02_SOGLIA_3
filter,1884,428,Move,,in = Coeff.DP_02_PAUSA_SOGLIA_3; out1 = Data.LAVA_PAUSA
filter,1884,431,Move,,in = Coeff.DP_02_LAVORO_SOGLIA_1; out1 = Data.LAVA_LAVORO
filter,1884,437,Ge,,in1 = Data.DP_02; in2 = Coeff.DP_02_SOGLIA_3
filter,1884,440,Lt,,in1 = Data.DP_02; in2 = Coeff.DP_02_SOGLIA_4
filter,1884,443,Move,,in = Coeff.DP_02_PAUSA_SOGLIA_4; out1 = Data.LAVA_PAUSA
filter,1884,446,Move,,in = Coeff.DP_02_LAVORO_SOGLIA_1; out1 = Data.LAVA_LAVORO
filter,1884,452,Ge,,in1 = Data.DP_02; in2 = Coeff.DP_02_SOGLIA_4
filter,1884,455,Move,,in = Coeff.DP_02_PAUSA_SOGLIA_5; out1 = Data.LAVA_PAUSA
filter,1884,458,Move,,in = Coeff.DP_02_LAVORO_SOGLIA_1; out1 = Data.LAVA_LAVORO
filter,1885,451,Contact,,operand = ON
filter,1885,453,Contact,operand,operand = Tag_129
filter,1885,418,SdCoil,,value = S5T#2H; operand = Tag_130
filter,1885,455,Contact,,operand = Tag_130
filter,1885,423,SdCoil,,value = S5T#10M; operand = Tag_129
filter,1885,457,Contact,,operand = Tag_130
filter,1885,460,Contact,,operand = ON
filter,1885,21,O,,
filter,1885,428,Coil,,operand = Forza_Lavaggio
filter,1886,21,Contact,,operand = ON
filter,1886,22,Contact,,operand = Inputs.FEEDBACKMOTOR SC-10
filter,1886,23,Contact,,operand = Inputs.VR04 Run
filter,1886,24,Le,,in1 = Data.DP_01; in2 = Coeff.DP_01_SOGLIA_1
filter,1886,25,Contact,,operand = Forza_Lavaggio
filter,1886,26,O,,
filter,1886,27,Coil,,operand = Abilita_lavaggio_BF01
filter,1886,74,Coil,,operand = BF01_RUN
filter,1886,28,Contact,,operand = Inputs.FEEDBACKMOTOR SC-11
filter,1886,29,Contact,,operand = Inputs.VR05 Run
filter,1886,30,Le,,in1 = Data.DP_02; in2 = Coeff.DP_01_SOGLIA_1
filter,1886,31,Contact,,operand = Forza_Lavaggio
filter,1886,32,O,,
filter,1886,33,Coil,,operand = Abilita_lavaggio_BF02
filter,1886,78,Coil,,operand = BF02_RUN
filter,1887,500,Contact,,operand = ON
filter,1887,457,Move,,in = Coeff.DP_01_PAUSA_SOGLIA_1; out1 = Data.LAVA_PAUSA
filter,1887,462,Move,,in = Coeff.DP_01_LAVORO_SOGLIA_1; out1 = Data.LAVA_LAVORO
filter,1887,22,Contact,,operand = Abilita_lavaggio_BF01
filter,1887,507,Contact,,operand = Abilita_lavaggio_BF02
filter,1887,25,O,,
filter,1887,502,Contact,operand,operand = Tag_131
filter,1887,468,SdCoil,,value = Data.LAVA_PAUSA; operand = Tag_132
filter,1887,504,Contact,,operand = Tag_132
filter,1887,473,SdCoil,,value = Data.LAVA_LAVORO; operand = Tag_131
filter,1888,599,Contact,,operand = OFF
filter,1888,547,Move,,in = 0; out1 = Data.LAVA
filter,1888,601,Contact,,operand = SC-10_Fbk
filter,1888,553,Move,,in = 1; out1 = Data.LAVA
filter,1888,603,Contact,,operand = SC-11_Fbk
filter,1888,559,Move,,in = 2; out1 = Data.LAVA
filter,1888,605,Contact,,operand = SC-10_Fbk
filter,1888,607,Contact,,operand = SC-11_Fbk
filter,1888,566,Move,,in = 3; out1 = Data.LAVA
filter,1889,780,Contact,,operand = OFF
filter,1889,672,Eq,,in1 = Data.LAVA; in2 = 0
filter,1889,675,Move,,in = 0; out1 = Data.LAVA_START
filter,1889,678,Move,,in = 0; out1 = Data.LAVA_END
filter,1889,684,Eq,,in1 = Data.LAVA; in2 = 1
filter,1889,687,Move,,in = 11; out1 = Data.LAVA_START
filter,1889,690,Move,,in = 50; out1 = Data.LAVA_END
filter,1889,696,Eq,,in1 = Data.LAVA; in2 = 2
filter,1889,699,Move,,in = 51; out1 = Data.LAVA_START
filter,1889,702,Move,,in = 90; out1 = Data.LAVA_END
filter,1889,708,Eq,,in1 = Data.LAVA; in2 = 3
filter,1889,711,Move,,in = 11; out1 = Data.LAVA_START
filter,1889,714,Move,,in = 90; out1 = Data.LAVA_END
filter,1890,714,Contact,,operand = ON
filter,1890,695,Move,,in = 11; out1 = Data.LAVA_START
filter,1890,700,Move,,in = 90; out1 = Data.LAVA_END
filter,1891,1060,Contact,,operand = ON
filter,1891,1062,Contact,,operand = Tag_132
filter,1891,887,Eq,,in1 = Data.Ev_filter_on; in2 = 11
filter,1891,1064,Contact,,operand = Abilita_lavaggio_BF01
filter,1891,891,Coil,,operand = EV-11
filter,1891,894,Eq,,in1 = Data.Ev_filter_on; in2 = 12
filter,1891,1066,Contact,,operand = Abilita_lavaggio_BF02
filter,1891,898,Coil,,operand = EV-51
filter,1891,901,Eq,,in1 = Data.Ev_filter_on; in2 = 13
filter,1891,1068,Contact,,operand = Abilita_lavaggio_BF01
filter,1891,905,Coil,,operand = EV-12
filter,1891,908,Eq,,in1 = Data.Ev_filter_on; in2 = 14
filter,1891,1070,Contact,,operand = Abilita_lavaggio_BF02
filter,1891,912,Coil,,operand = EV-52
filter,1891,915,Eq,,in1 = Data.Ev_filter_on; in2 = 15
filter,1891,1072,Contact,,operand = Abilita_lavaggio_BF01
filter,1891,919,Coil,,operand = EV-13
filter,1891,922,Eq,,in1 = Data.Ev_filter_on; in2 = 16
filter,1891,1074,Contact,,operand = Abilita_lavaggio_BF02
filter,1891,926,Coil,,operand = EV-53
filter,1891,929,Eq,,in1 = Data.Ev_filter_on; in2 = 17
filter,1891,1076,Contact,,operand = Abilita_lavaggio_BF01
filter,1891,933,Coil,,operand = EV-14
filter,1891,936,Eq,,in1 = Data.Ev_filter_on; in2 = 18
filter,1891,1078,Contact,,operand = Abilita_lavaggio_BF02
filter,1891,940,Coil,,operand = EV-54
filter,1891,943,Eq,,in1 = Data.Ev_filter_on; in2 = 19
filter,1891,1080,Contact,,operand = Abilita_lavaggio_BF01
filter,1891,947,Coil,,operand = EV-15
filter,1891,950,Eq,,in1 = Data.Ev_filter_on; in2 = 20
filter,1891,1082,Contact,,operand = Abilita_lavaggio_BF02
filter,1891,954,Coil,,operand = EV-55
filter,1892,1196,Contact,,operand = ON
filter,1892,1198,Contact,,operand = Tag_132
filter,1892,1023,Eq,,in1 = Data.Ev_filter_on; in2 = 21
filter,1892,1200,Contact,,operand = Abilita_lavaggio_BF01
filter,1892,1027,Coil,,operand = EV-16
filter,1892,1030,Eq,,in1 = Data.Ev_filter_on; in2 = 22
filter,1892,1202,Contact,,operand = Abilita_lavaggio_BF02
filter,1892,1034,Coil,,operand = EV-56
filter,1892,1037,Eq,,in1 = Data.Ev_filter_on; in2 = 23
filter,1892,1204,Contact,,operand = Abilita_lavaggio_BF01
filter,1892,1041,Coil,,operand = EV-17
filter,1892,1044,Eq,,in1 = Data.Ev_filter_on; in2 = 24
filter,1892,1206,Contact,,operand = Abilita_lavaggio_BF02
filter,1892,1048,Coil,,operand = EV-57
filter,1892,1051,Eq,,in1 = Data.Ev_filter_on; in2 = 25
filter,1892,1208,Contact,,operand = Abilita_lavaggio_BF01
filter,1892,1055,Coil,,operand = EV-18
filter,1892,1058,Eq,,in1 = Data.Ev_filter_on; in2 = 26
filter,1892,1210,Contact,,operand = Abilita_lavaggio_BF02
filter,1892,1062,Coil,,operand = EV-58
filter,1892,1065,Eq,,in1 = Data.Ev_filter_on; in2 = 27
filter,1892,1212,Contact,,operand = Abilita_lavaggio_BF01
filter,1892,1069,Coil,,operand = EV-19
filter,1892,1072,Eq,,in1 = Data.Ev_filter_on; in2 = 28
filter,1892,1214,Contact,,operand = Abilita_lavaggio_BF02
filter,1892,1076,Coil,,operand = EV-59
filter,1892,1079,Eq,,in1 = Data.Ev_filter_on; in2 = 29
filter,1892,1216,Contact,,operand = Abilita_lavaggio_BF01
filter,1892,1083,Coil,,operand = EV-20
filter,1892,1086,Eq,,in1 = Data.Ev_filter_on; in2 = 30
filter,1892,1218,Contact,,operand = Abilita_lavaggio_BF02
filter,1892,1090,Coil,,operand = EV-60
filter,1893,1332,Contact,,operand = ON
filter,1893,1334,Contact,,operand = Tag_132
filter,1893,1159,Eq,,in1 = Data.Ev_filter_on; in2 = 31
filter,1893,1336,Contact,,operand = Abilita_lavaggio_BF01
filter,1893,1163,Coil,,operand = EV-21
filter,1893,1166,Eq,,in1 = Data.Ev_filter_on; in2 = 32
filter,1893,1338,Contact,,operand = Abilita_lavaggio_BF02
filter,1893,1170,Coil,,operand = EV-61
filter,1893,1173,Eq,,in1 = Data.Ev_filter_on; in2 = 33
filter,1893,1340,Contact,,operand = Abilita_lavaggio_BF01
filter,1893,1177,Coil,,operand = EV-22
filter,1893,1180,Eq,,in1 = Data.Ev_filter_on; in2 = 34
filter,1893,1342,Contact,,operand = Abilita_lavaggio_BF02
filter,1893,1184,Coil,,operand = EV-62
filter,1893,1187,Eq,,in1 = Data.Ev_filter_on; in2 = 35
filter,1893,1344,Contact,,operand = Abilita_lavaggio_BF01
filter,1893,1191,Coil,,operand = EV-23
filter,1893,1194,Eq,,in1 = Data.Ev_filter_on; in2 = 36
filter,1893,1346,Contact,,operand = Abilita_lavaggio_BF02
filter,1893,1198,Coil,,operand = EV-63
filter,1893,1201,Eq,,in1 = Data.Ev_filter_on; in2 = 37
filter,1893,1348,Contact,,operand = Abilita_lavaggio_BF01
filter,1893,1205,Coil,,operand = EV-24
filter,1893,1208,Eq,,in1 = Data.Ev_filter_on; in2 = 38
filter,1893,1350,Contact,,operand = Abilita_lavaggio_BF02
filter,1893,1212,Coil,,operand = EV-64
filter,1893,1215,Eq,,in1 = Data.Ev_filter_on; in2 = 39
filter,1893,1352,Contact,,operand = Abilita_lavaggio_BF01
filter,1893,1219,Coil,,operand = EV-25
filter,1893,1222,Eq,,in1 = Data.Ev_filter_on; in2 = 40
filter,1893,1354,Contact,,operand = Abilita_lavaggio_BF02
filter,1893,1226,Coil,,operand = EV-65
filter,1894,1468,Contact,,operand = ON
filter,1894,1470,Contact,,operand = Tag_132
filter,1894,1295,Eq,,in1 = Data.Ev_filter_on; in2 = 41
filter,1894,1472,Contact,,operand = Abilita_lavaggio_BF01
filter,1894,1299,Coil,,operand = EV-26
filter,1894,1302,Eq,,in1 = Data.Ev_filter_on; in2 = 42
filter,1894,1474,Contact,,operand = Abilita_lavaggio_BF02
filter,1894,1306,Coil,,operand = EV-66
filter,1894,1309,Eq,,in1 = Data.Ev_filter_on; in2 = 43
filter,1894,1476,Contact,,operand = Abilita_lavaggio_BF01
filter,1894,1313,Coil,,operand = EV-27
filter,1894,1316,Eq,,in1 = Data.Ev_filter_on; in2 = 44
filter,1894,1478,Contact,,operand = Abilita_lavaggio_BF02
filter,1894,1320,Coil,,operand = EV-67
filter,1894,1323,Eq,,in1 = Data.Ev_filter_on; in2 = 45
filter,1894,1480,Contact,,operand = Abilita_lavaggio_BF01
filter,1894,1327,Coil,,operand = EV-28
filter,1894,1330,Eq,,in1 = Data.Ev_filter_on; in2 = 46
filter,1894,1482,Contact,,operand = Abilita_lavaggio_BF02
filter,1894,1334,Coil,,operand = EV-68
filter,1894,1337,Eq,,in1 = Data.Ev_filter_on; in2 = 47
filter,1894,1484,Contact,,operand = Abilita_lavaggio_BF01
filter,1894,1341,Coil,,operand = EV-29
filter,1894,1344,Eq,,in1 = Data.Ev_filter_on; in2 = 48
filter,1894,1486,Contact,,operand = Abilita_lavaggio_BF02
filter,1894,1348,Coil,,operand = EV-69
filter,1894,1351,Eq,,in1 = Data.Ev_filter_on; in2 = 49
filter,1894,1488,Contact,,operand = Abilita_lavaggio_BF01
filter,1894,1355,Coil,,operand = EV-30
filter,1894,1358,Eq,,in1 = Data.Ev_filter_on; in2 = 50
filter,1894,1490,Contact,,operand = Abilita_lavaggio_BF02
filter,1894,1362,Coil,,operand = EV-70
filter,1895,1604,Contact,,operand = ON
filter,1895,1606,Contact,,operand = Tag_132
filter,1895,1431,Eq,,in1 = Data.Ev_filter_on; in2 = 51
filter,1895,1608,Contact,,operand = Abilita_lavaggio_BF01
filter,1895,1435,Coil,,operand = EV-31
filter,1895,1438,Eq,,in1 = Data.Ev_filter_on; in2 = 52
filter,1895,1610,Contact,,operand = Abilita_lavaggio_BF02
filter,1895,1442,Coil,,operand = EV-71
filter,1895,1445,Eq,,in1 = Data.Ev_filter_on; in2 = 53
filter,1895,1612,Contact,,operand = Abilita_lavaggio_BF01
filter,1895,1449,Coil,,operand = EV-32
filter,1895,1452,Eq,,in1 = Data.Ev_filter_on; in2 = 54
filter,1895,1614,Contact,,operand = Abilita_lavaggio_BF02
filter,1895,1456,Coil,,operand = EV-72
filter,1895,1459,Eq,,in1 = Data.Ev_filter_on; in2 = 55
filter,1895,1616,Contact,,operand = Abilita_lavaggio_BF01
filter,1895,1463,Coil,,operand = EV-33
filter,1895,1466,Eq,,in1 = Data.Ev_filter_on; in2 = 56
filter,1895,1618,Contact,,operand = Abilita_lavaggio_BF02
filter,1895,1470,Coil,,operand = EV-73
filter,1895,1473,Eq,,in1 = Data.Ev_filter_on; in2 = 57
filter,1895,1620,Contact,,operand = Abilita_lavaggio_BF01
filter,1895,1477,Coil,,operand = EV-34
filter,1895,1480,Eq,,in1 = Data.Ev_filter_on; in2 = 58
filter,1895,1622,Contact,,operand = Abilita_lavaggio_BF02
filter,1895,1484,Coil,,operand = EV-74
filter,1895,1487,Eq,,in1 = Data.Ev_filter_on; in2 = 59
filter,1895,1624,Contact,,operand = Abilita_lavaggio_BF01
filter,1895,1491,Coil,,operand = EV-35
filter,1895,1494,Eq,,in1 = Data.Ev_filter_on; in2 = 60
filter,1895,1626,Contact,,operand = Abilita_lavaggio_BF02
filter,1895,1498,Coil,,operand = EV-75
filter,1896,1740,Contact,,operand = ON
filter,1896,1742,Contact,,operand = Tag_132
filter,1896,1567,Eq,,in1 = Data.Ev_filter_on; in2 = 61
filter,1896,1744,Contact,,operand = Abilita_lavaggio_BF01
filter,1896,1571,Coil,,operand = EV-36
filter,1896,1574,Eq,,in1 = Data.Ev_filter_on; in2 = 62
filter,1896,1746,Contact,,operand = Abilita_lavaggio_BF02
filter,1896,1578,Coil,,operand = EV-76
filter,1896,1581,Eq,,in1 = Data.Ev_filter_on; in2 = 63
filter,1896,1748,Contact,,operand = Abilita_lavaggio_BF01
filter,1896,1585,Coil,,operand = EV-37
filter,1896,1588,Eq,,in1 = Data.Ev_filter_on; in2 = 64
filter,1896,1750,Contact,,operand = Abilita_lavaggio_BF02
filter,1896,1592,Coil,,operand = EV-77
filter,1896,1595,Eq,,in1 = Data.Ev_filter_on; in2 = 65
filter,1896,1752,Contact,,operand = Abilita_lavaggio_BF01
filter,1896,1599,Coil,,operand = EV-38
filter,1896,1602,Eq,,in1 = Data.Ev_filter_on; in2 = 66
filter,1896,1754,Contact,,operand = Abilita_lavaggio_BF02
filter,1896,1606,Coil,,operand = EV-78
filter,1896,1609,Eq,,in1 = Data.Ev_filter_on; in2 = 67
filter,1896,1756,Contact,,operand = Abilita_lavaggio_BF01
filter,1896,1613,Coil,,operand = EV-39
filter,1896,1616,Eq,,in1 = Data.Ev_filter_on; in2 = 68
filter,1896,1758,Contact,,operand = Abilita_lavaggio_BF02
filter,1896,1620,Coil,,operand = EV-79
filter,1896,1623,Eq,,in1 = Data.Ev_filter_on; in2 = 69
filter,1896,1760,Contact,,operand = Abilita_lavaggio_BF01
filter,1896,1627,Coil,,operand = EV-40
filter,1896,1630,Eq,,in1 = Data.Ev_filter_on; in2 = 70
filter,1896,1762,Contact,,operand = Abilita_lavaggio_BF02
filter,1896,1634,Coil,,operand = EV-80
filter,1897,1876,Contact,,operand = ON
filter,1897,1878,Contact,,operand = Tag_132
filter,1897,1703,Eq,,in1 = Data.Ev_filter_on; in2 = 71
filter,1897,1880,Contact,,operand = Abilita_lavaggio_BF01
filter,1897,1707,Coil,,operand = EV-41
filter,1897,1710,Eq,,in1 = Data.Ev_filter_on; in2 = 72
filter,1897,1882,Contact,,operand = Abilita_lavaggio_BF02
filter,1897,1714,Coil,,operand = EV-81
filter,1897,1717,Eq,,in1 = Data.Ev_filter_on; in2 = 73
filter,1897,1884,Contact,,operand = Abilita_lavaggio_BF01
filter,1897,1721,Coil,,operand = EV-42
filter,1897,1724,Eq,,in1 = Data.Ev_filter_on; in2 = 74
filter,1897,1886,Contact,,operand = Abilita_lavaggio_BF02
filter,1897,1728,Coil,,operand = EV-82
filter,1897,1731,Eq,,in1 = Data.Ev_filter_on; in2 = 75
filter,1897,1888,Contact,,operand = Abilita_lavaggio_BF01
filter,1897,1735,Coil,,operand = EV-43
filter,1897,1738,Eq,,in1 = Data.Ev_filter_on; in2 = 76
filter,1897,1890,Contact,,operand = Abilita_lavaggio_BF02
filter,1897,1742,Coil,,operand = EV-83
filter,1897,1745,Eq,,in1 = Data.Ev_filter_on; in2 = 77
filter,1897,1892,Contact,,operand = Abilita_lavaggio_BF01
filter,1897,1749,Coil,,operand = EV-44
filter,1897,1752,Eq,,in1 = Data.Ev_filter_on; in2 = 78
filter,1897,1894,Contact,,operand = Abilita_lavaggio_BF02
filter,1897,1756,Coil,,operand = EV-84
filter,1897,1759,Eq,,in1 = Data.Ev_filter_on; in2 = 79
filter,1897,1896,Contact,,operand = Abilita_lavaggio_BF01
filter,1897,1763,Coil,,operand = EV-45
filter,1897,1766,Eq,,in1 = Data.Ev_filter_on; in2 = 80
filter,1897,1898,Contact,,operand = Abilita_lavaggio_BF02
filter,1897,1770,Coil,,operand = EV-85
filter,1898,2012,Contact,,operand = ON
filter,1898,2014,Contact,,operand = Tag_132
filter,1898,1839,Eq,,in1 = Data.Ev_filter_on; in2 = 81
filter,1898,2016,Contact,,operand = Abilita_lavaggio_BF01
filter,1898,1843,Coil,,operand = EV-46
filter,1898,1846,Eq,,in1 = Data.Ev_filter_on; in2 = 82
filter,1898,2018,Contact,,operand = Abilita_lavaggio_BF02
filter,1898,1850,Coil,,operand = EV-86
filter,1898,1853,Eq,,in1 = Data.Ev_filter_on; in2 = 83
filter,1898,2020,Contact,,operand = Abilita_lavaggio_BF01
filter,1898,1857,Coil,,operand = EV-47
filter,1898,1860,Eq,,in1 = Data.Ev_filter_on; in2 = 84
filter,1898,2022,Contact,,operand = Abilita_lavaggio_BF02
filter,1898,1864,Coil,,operand = EV-87
filter,1898,1867,Eq,,in1 = Data.Ev_filter_on; in2 = 85
filter,1898,2024,Contact,,operand = Abilita_lavaggio_BF01
filter,1898,1871,Coil,,operand = EV-48
filter,1898,1874,Eq,,in1 = Data.Ev_filter_on; in2 = 86
filter,1898,2026,Contact,,operand = Abilita_lavaggio_BF02
filter,1898,1878,Coil,,operand = EV-88
filter,1898,1881,Eq,,in1 = Data.Ev_filter_on; in2 = 87
filter,1898,2028,Contact,,operand = Abilita_lavaggio_BF01
filter,1898,1885,Coil,,operand = EV-49
filter,1898,1888,Eq,,in1 = Data.Ev_filter_on; in2 = 88
filter,1898,2030,Contact,,operand = Abilita_lavaggio_BF02
filter,1898,1892,Coil,,operand = EV-89
filter,1898,1895,Eq,,in1 = Data.Ev_filter_on; in2 = 89
filter,1898,2032,Contact,,operand = Abilita_lavaggio_BF01
filter,1898,1899,Coil,,operand = EV-50
filter,1898,1902,Eq,,in1 = Data.Ev_filter_on; in2 = 90
filter,1898,2034,Contact,,operand = Abilita_lavaggio_BF02
filter,1898,1906,Coil,,operand = EV-90
filter,1899,21,Contact,,operand = ON
filter,1899,22,Contact,,operand = Tag_132
filter,1899,23,PBox,,bit = PLS 50 3
filter,1899,24,Add,,in1 = 1; in2 = Data.Ev_filter_on; out = Data.Ev_filter_on
filter,1899,25,Lt,,in1 = Data.Ev_filter_on; in2 = Data.LAVA_START
filter,1899,26,Move,,in = Data.LAVA_START; out1 = Data.Ev_filter_on
filter,1899,27,Gt,,in1 = Data.Ev_filter_on; in2 = Data.LAVA_END
filter,1899,28,Move,,in = Data.LAVA_START; out1 = Data.Ev_filter_on
filter,1900,1861,Contact,,operand = Start FN04
filter,1900,1847,PBox,,bit = PLS 50 4
filter,1900,1849,Move,,in = 20; out1 = Data.SET_PERC_FN04
filter,1901,2025,Contact,,operand = Flag.FN_04_AUTO
filter,1901,1935,Sub,,in1 = Data.PC_01; in2 = Coeff.SET_PC01; out = App02
filter,1901,2027,Contact,,operand = Tag_133
filter,1901,1945,Ge,,in1 = App02; in2 = 5
filter,1901,1948,Lt,,in1 = Data.FN_04_ASPIRATOR; in2 = 250
filter,1901,1951,Add,,in1 = 1; in2 = Data.SET_PERC_FN04; out = Data.SET_PERC_FN04
filter,1901,1957,Le,,in1 = App02; in2 = -1
filter,1901,1960,Gt,,in1 = Data.SET_PERC_FN04; in2 = 20
filter,1901,1963,Add,,in1 = -1; in2 = Data.SET_PERC_FN04; out = Data.SET_PERC_FN04
filter,1901,2029,Contact,operand,operand = Tag_133
filter,1901,1970,SdCoil,,value = S5T#4S; operand = Tag_133
filter,1902,2028,Contact,,operand = ON
filter,1902,2030,Contact,,operand = PV-14
filter,1902,2032,Contact,operand,operand = Inputs.PV-14 OPEN
filter,1902,2034,Contact,operand,operand = PV-14
filter,1902,2036,Contact,operand,operand = Inputs.PV-14 CLOSE
filter,1902,1979,O,,
filter,1902,1986,SdCoil,,value = S5T#20S; operand = Tag_134
filter,1902,2038,Contact,,operand = Tag_134
filter,1902,1991,SCoil,,operand = Allarm.Fault_PV14
filter,1902,2040,Contact,,operand = Flag.RESET_ALLARM
filter,1902,2042,Contact,,operand = Allarm.Fault_PV14
filter,1902,1996,RCoil,,operand = Allarm.Fault_PV14
filter,1903,2035,Contact,,operand = ON
filter,1903,2037,Contact,,operand = Allarm.Fault_PV14
filter,1903,2004,RCoil,,operand = Flag.M_PV14
filter,1903,2041,Contact,,operand = Flag.M_PV14
filter,1903,2043,Contact,,operand = Open false air
filter,1903,2045,Contact,,operand = Allarm.MAX_TC09
filter,1903,2047,Contact,,operand = Allarm.MAX_MAX_TC09
filter,1903,22,Contact,,operand = Allarm.Emergency_module_fault
filter,1903,2007,O,,
filter,1903,2012,Coil,,operand = PV-14
r1 scraps gate 2,1911,186,Contact,,operand = ON
r1 scraps gate 2,1911,188,Contact,,operand = ON
r1 scraps gate 2,1911,192,Contact,,operand = UNDER TESTING
r1 scraps gate 2,1911,104,O,,
r1 scraps gate 2,1911,194,Contact,,operand = Flag.Enable_R1_GATE
r1 scraps gate 2,1911,196,Contact,operand,operand = Allarm.PV_01_GATE_A_NOT_OPEN
r1 scraps gate 2,1911,198,Contact,operand,operand = Allarm.PV_01_GATE_B_NOT_OPEN
r1 scraps gate 2,1911,200,Contact,operand,operand = Flag.Enable_R1_GATE
r1 scraps gate 2,1911,202,Contact,,operand = Flag.PV_01_GATE_A_MEM_OPEN
r1 scraps gate 2,1911,204,Contact,,operand = Flag.PV_01_GATE_B_MEM_OPEN
r1 scraps gate 2,1911,109,O,,
r1 scraps gate 2,1911,115,Coil,,operand = R1 Gate ON
r1 scraps gate 2,1911,117,Coil,,operand = Flag.R1_GATE_LOOP_ON
r1 scraps gate 2,1911,206,Contact,operand,operand = R1 Gate ON
r1 scraps gate 2,1911,125,Move,,in = 0; out1 = WorkData.R1State
r1 scraps gate 2,1911,130,RCoil,,operand = Open EV A 01  PV-01
r1 scraps gate 2,1911,133,RCoil,,operand = Open EV B 01  PV-01
r1 scraps gate 2,1911,136,RCoil,,operand = Close EV A 01  PV-01
r1 scraps gate 2,1911,139,RCoil,,operand = Close EV B 01  PV-01
r1 scraps gate 2,1912,35,CRef,,호출 참조: KF_KT; KF = Data.PV_01B; SEC = 0; KT = Data.SET_EVR1B_Open_time
r1 scraps gate 2,1912,44,CRef,,호출 참조: KF_KT; KF = Data.PV-01a; SEC = 0; KT = Data.SET_EVR1A_Open_time
r1 scraps gate 2,1913,555,Contact,,operand = ON
r1 scraps gate 2,1913,557,Contact,,operand = Flag.Enable_R1_GATE
r1 scraps gate 2,1913,559,Contact,,operand = R1 Gate ON
r1 scraps gate 2,1913,328,Eq,,in1 = WorkData.R1State; in2 = 0
r1 scraps gate 2,1913,334,SCoil,,operand = Close EV A 01  PV-01
r1 scraps gate 2,1913,337,RCoil,,operand = Open EV A 01  PV-01
r1 scraps gate 2,1913,340,SdCoil,,value = S5T#1S; operand = Tag_163
r1 scraps gate 2,1913,561,Contact,,operand = Tag_163
r1 scraps gate 2,1913,345,Move,,in = 1; out1 = WorkData.R1State
r1 scraps gate 2,1913,350,Eq,,in1 = WorkData.R1State; in2 = 1
r1 scraps gate 2,1913,356,SCoil,,operand = Open EV B 01  PV-01
r1 scraps gate 2,1913,359,RCoil,,operand = Close EV B 01  PV-01
r1 scraps gate 2,1913,563,Contact,,operand = Flag.PV_01_GATE_B_MEM_OPEN
r1 scraps gate 2,1913,363,Move,,in = 2; out1 = WorkData.R1State
r1 scraps gate 2,1913,368,Eq,,in1 = WorkData.R1State; in2 = 2
r1 scraps gate 2,1913,374,SdCoil,,value = Data.SET_EVR1B_Open_time; operand = Tag_164
r1 scraps gate 2,1913,565,Contact,,operand = Tag_164
r1 scraps gate 2,1913,379,Move,,in = 3; out1 = WorkData.R1State
r1 scraps gate 2,1913,384,Eq,,in1 = WorkData.R1State; in2 = 3
r1 scraps gate 2,1913,390,SCoil,,operand = Close EV B 01  PV-01
r1 scraps gate 2,1913,393,RCoil,,operand = Open EV B 01  PV-01
r1 scraps gate 2,1913,396,SdCoil,,value = S5T#1S; operand = Tag_165
r1 scraps gate 2,1913,567,Contact,,operand = Tag_165
r1 scraps gate 2,1913,401,Move,,in = 4; out1 = WorkData.R1State
r1 scraps gate 2,1913,406,Eq,,in1 = WorkData.R1State; in2 = 4
r1 scraps gate 2,1913,412,SCoil,,operand = Open EV A 01  PV-01
r1 scraps gate 2,1913,415,RCoil,,operand = Close EV A 01  PV-01
r1 scraps gate 2,1913,569,Contact,,operand = Flag.PV_01_GATE_A_MEM_OPEN
r1 scraps gate 2,1913,419,Move,,in = 5; out1 = WorkData.R1State
r1 scraps gate 2,1913,424,Eq,,in1 = WorkData.R1State; in2 = 5
r1 scraps gate 2,1913,430,SdCoil,,value = Data.SET_EVR1A_Open_time; operand = Tag_166
r1 scraps gate 2,1913,571,Contact,,operand = Tag_166
r1 scraps gate 2,1913,435,Move,,in = 0; out1 = WorkData.R1State
r1 scraps gate 2,1914,361,Contact,,operand = ON
r1 scraps gate 2,1914,363,Contact,,operand = EV01_Sel_Open
r1 scraps gate 2,1914,343,Coil,,operand = Open EV A 00 PV-01
r1 scraps gate 2,1914,365,Contact,,operand = EV02_Sel_Open
r1 scraps gate 2,1914,347,Coil,,operand = Open EV B 00  PV-01
r1 scraps gate 2,1915,410,Contact,,operand = ON
r1 scraps gate 2,1915,412,Contact,,operand = Open EV B 00  PV-01
r1 scraps gate 2,1915,414,Contact,,operand = Open EV B 01  PV-01
r1 scraps gate 2,1915,416,Contact,,operand = maintenance PV01
r1 scraps gate 2,1915,418,Contact,,operand = OFF
r1 scraps gate 2,1915,372,O,,
r1 scraps gate 2,1915,377,Coil,,operand = PV-01 GATE B EV
r1 scraps gate 2,1915,420,Contact,,operand = Open EV A 00 PV-01
r1 scraps gate 2,1915,422,Contact,,operand = Open EV A 01  PV-01
r1 scraps gate 2,1915,424,Contact,,operand = maintenance PV01
r1 scraps gate 2,1915,380,O,,
r1 scraps gate 2,1915,384,Coil,,operand = PV-01 Gate a
r1 scraps gate 2,1916,524,Contact,,operand = ON
r1 scraps gate 2,1916,526,Contact,,operand = MC04_Fbk
r1 scraps gate 2,1916,22,Contact,,operand = Inputs.MC04 run
r1 scraps gate 2,1916,29,Contact,,operand = Allarm.Maintenance_ON
r1 scraps gate 2,1916,443,O,,
r1 scraps gate 2,1916,530,Contact,,operand = Flag.Enable_R2_GATE
r1 scraps gate 2,1916,532,Contact,operand,operand = Allarm.PV_02_GATE_A_NOT_OPEN
r1 scraps gate 2,1916,534,Contact,operand,operand = Allarm.PV_02_GATE_B_NOT_OPEN
r1 scraps gate 2,1916,536,Contact,operand,operand = Flag.Enable_R2_GATE
r1 scraps gate 2,1916,538,Contact,,operand = Flag.PV_02_GATE_A_MEM_OPEN
r1 scraps gate 2,1916,540,Contact,,operand = Flag.PV_02_GATE_B_MEM_OPEN
r1 scraps gate 2,1916,450,O,,
r1 scraps gate 2,1916,456,Coil,,operand = PV-02 Gate ON
r1 scraps gate 2,1916,458,Coil,,operand = Flag.R2_GATE_LOOP_ON
r1 scraps gate 2,1916,542,Contact,operand,operand = PV-02 Gate ON
r1 scraps gate 2,1916,466,Move,,in = 0; out1 = WorkData.W7
r1 scraps gate 2,1916,471,RCoil,,operand = Open EV A 01  PV-02
r1 scraps gate 2,1916,474,RCoil,,operand = Open EV B 01  PV-02
r1 scraps gate 2,1916,477,RCoil,,operand = Close EV A 01  PV-02
r1 scraps gate 2,1916,480,RCoil,,operand = Close EV B 01  PV-02
r1 scraps gate 2,1917,23,CRef,,호출 참조: KF_KT; KF = Data.PV_02B; SEC = 0; KT = Data.SET_PV02B_Open_time
r1 scraps gate 2,1917,32,CRef,,호출 참조: KF_KT; KF = Data.PV_02A; SEC = 0; KT = Data.SET_PV02A_Open_time
r1 scraps gate 2,1918,898,Contact,,operand = ON
r1 scraps gate 2,1918,900,Contact,,operand = Flag.Enable_R2_GATE
r1 scraps gate 2,1918,902,Contact,,operand = PV-02 Gate ON
r1 scraps gate 2,1918,671,Eq,,in1 = WorkData.W7; in2 = 0
r1 scraps gate 2,1918,677,SCoil,,operand = Close EV A 01  PV-02
r1 scraps gate 2,1918,680,RCoil,,operand = Open EV A 01  PV-02
r1 scraps gate 2,1918,683,SdCoil,,value = S5T#300MS; operand = Tag_167
r1 scraps gate 2,1918,904,Contact,,operand = Tag_167
r1 scraps gate 2,1918,688,Move,,in = 1; out1 = WorkData.W7
r1 scraps gate 2,1918,693,Eq,,in1 = WorkData.W7; in2 = 1
r1 scraps gate 2,1918,699,SCoil,,operand = Open EV B 01  PV-02
r1 scraps gate 2,1918,702,RCoil,,operand = Close EV B 01  PV-02
r1 scraps gate 2,1918,906,Contact,,operand = Flag.PV_02_GATE_B_MEM_OPEN
r1 scraps gate 2,1918,706,Move,,in = 2; out1 = WorkData.W7
r1 scraps gate 2,1918,711,Eq,,in1 = WorkData.W7; in2 = 2
r1 scraps gate 2,1918,717,SdCoil,,value = Data.SET_PV02B_Open_time; operand = Tag_168
r1 scraps gate 2,1918,908,Contact,,operand = Tag_168
r1 scraps gate 2,1918,722,Move,,in = 3; out1 = WorkData.W7
r1 scraps gate 2,1918,727,Eq,,in1 = WorkData.W7; in2 = 3
r1 scraps gate 2,1918,733,SCoil,,operand = Close EV B 01  PV-02
r1 scraps gate 2,1918,736,RCoil,,operand = Open EV B 01  PV-02
r1 scraps gate 2,1918,739,SdCoil,,value = S5T#800MS; operand = Tag_169
r1 scraps gate 2,1918,910,Contact,,operand = Tag_169
r1 scraps gate 2,1918,744,Move,,in = 4; out1 = WorkData.W7
r1 scraps gate 2,1918,749,Eq,,in1 = WorkData.W7; in2 = 4
r1 scraps gate 2,1918,755,SCoil,,operand = Open EV A 01  PV-02
r1 scraps gate 2,1918,758,RCoil,,operand = Close EV A 01  PV-02
r1 scraps gate 2,1918,912,Contact,,operand = Flag.PV_02_GATE_A_MEM_OPEN
r1 scraps gate 2,1918,762,Move,,in = 5; out1 = WorkData.W7
r1 scraps gate 2,1918,767,Eq,,in1 = WorkData.W7; in2 = 5
r1 scraps gate 2,1918,773,SdCoil,,value = Data.SET_PV02A_Open_time; operand = Tag_170
r1 scraps gate 2,1918,914,Contact,,operand = Tag_170
r1 scraps gate 2,1918,778,Move,,in = 0; out1 = WorkData.W7
r1 scraps gate 2,1919,704,Contact,,operand = ON
r1 scraps gate 2,1919,706,Contact,,operand = Selector Op Gate A PV-02
r1 scraps gate 2,1919,686,Coil,,operand = Open EV A 00 PV-02
r1 scraps gate 2,1919,708,Contact,,operand = Selector Op Gate B PV-02
r1 scraps gate 2,1919,690,Coil,,operand = Open EV B 00  PV-02
r1 scraps gate 2,1920,748,Contact,,operand = ON
r1 scraps gate 2,1920,750,Contact,,operand = Open EV B 00  PV-02
r1 scraps gate 2,1920,752,Contact,,operand = Open EV B 01  PV-02
r1 scraps gate 2,1920,754,Contact,,operand = maintenance PV02
r1 scraps gate 2,1920,713,O,,
r1 scraps gate 2,1920,717,Coil,,operand = PV-02 GATE B EV
r1 scraps gate 2,1920,756,Contact,,operand = Open EV A 00 PV-02
r1 scraps gate 2,1920,758,Contact,,operand = Open EV A 01  PV-02
r1 scraps gate 2,1920,760,Contact,,operand = maintenance PV02
r1 scraps gate 2,1920,720,O,,
r1 scraps gate 2,1920,724,Coil,,operand = PV-02 GATE A EV
r1 scraps gate 2,1921,21,Contact,,operand = ON
r1 scraps gate 2,1921,22,Contact,,operand = PV-01 Gate a
r1 scraps gate 2,1921,23,Contact,,operand = EV01_Open
r1 scraps gate 2,1921,24,Contact,,operand = Inputs.FC GATE A OPEN
r1 scraps gate 2,1921,25,O,,
r1 scraps gate 2,1921,26,SCoil,,operand = Flag.PV_01_GATE_A_MEM_OPEN
r1 scraps gate 2,1921,27,Contact,operand,operand = PV-01 Gate a
r1 scraps gate 2,1921,28,RCoil,,operand = Flag.PV_01_GATE_A_MEM_OPEN
r1 scraps gate 2,1921,29,Contact,operand,operand = PV-01 Gate a
r1 scraps gate 2,1921,30,Contact,,operand = EV01_Close
r1 scraps gate 2,1921,31,Contact,,operand = Inputs.LIMIT SWITCH LS-02GATE A CLOSEDVALVE PV-01
r1 scraps gate 2,1921,32,O,,
r1 scraps gate 2,1921,33,SCoil,,operand = Flag.PV_01_GATE_A_MEM_CLOSE
r1 scraps gate 2,1921,34,Contact,,operand = PV-01 Gate a
r1 scraps gate 2,1921,35,RCoil,,operand = Flag.PV_01_GATE_A_MEM_CLOSE
r1 scraps gate 2,1922,21,Contact,,operand = ON
r1 scraps gate 2,1922,22,Contact,,operand = PV-01 GATE B EV
r1 scraps gate 2,1922,23,Contact,,operand = EV02_Open
r1 scraps gate 2,1922,24,Contact,,operand = false
r1 scraps gate 2,1922,25,Contact,,operand = EV02_Close
r1 scraps gate 2,1922,26,Contact,,operand = Inputs.PV-01 GATE B OPEN
r1 scraps gate 2,1922,27,O,,
r1 scraps gate 2,1922,28,SCoil,,operand = Flag.PV_01_GATE_B_MEM_OPEN
r1 scraps gate 2,1922,29,Contact,operand,operand = PV-01 GATE B EV
r1 scraps gate 2,1922,30,RCoil,,operand = Flag.PV_01_GATE_B_MEM_OPEN
r1 scraps gate 2,1922,31,Contact,operand,operand = PV-01 GATE B EV
r1 scraps gate 2,1922,32,Contact,,operand = EV02_Close
r1 scraps gate 2,1922,33,Contact,,operand = Inputs.LIMIT SWITCH LS-06GATE B CLOSEDVALVE PV-01
r1 scraps gate 2,1922,34,O,,
r1 scraps gate 2,1922,35,SCoil,,operand = Flag.PV_01_GATE_B_MEM_CLOSE
r1 scraps gate 2,1922,36,Contact,,operand = PV-01 GATE B EV
r1 scraps gate 2,1922,37,RCoil,,operand = Flag.PV_01_GATE_B_MEM_CLOSE
r1 scraps gate 2,1923,21,Contact,,operand = ON
r1 scraps gate 2,1923,22,Contact,,operand = PV-02 GATE A EV
r1 scraps gate 2,1923,23,Contact,,operand = EV04_Open
r1 scraps gate 2,1923,24,Contact,,operand = Inputs.PV-02 EV A OPEN
r1 scraps gate 2,1923,25,O,,
r1 scraps gate 2,1923,26,SCoil,,operand = Flag.PV_02_GATE_A_MEM_OPEN
r1 scraps gate 2,1923,27,Contact,operand,operand = PV-02 GATE A EV
r1 scraps gate 2,1923,28,RCoil,,operand = Flag.PV_02_GATE_A_MEM_OPEN
r1 scraps gate 2,1923,29,Contact,operand,operand = PV-02 GATE A EV
r1 scraps gate 2,1923,30,Contact,,operand = EV04_Close
r1 scraps gate 2,1923,31,Contact,,operand = Inputs.PV-02 EV A CLOSE
r1 scraps gate 2,1923,32,O,,
r1 scraps gate 2,1923,33,SCoil,,operand = Flag.PV_02_GATE_A_MEM_CLOSE
r1 scraps gate 2,1923,34,Contact,,operand = PV-02 GATE A EV
r1 scraps gate 2,1923,35,RCoil,,operand = Flag.PV_02_GATE_A_MEM_CLOSE
r1 scraps gate 2,1924,21,Contact,,operand = ON
r1 scraps gate 2,1924,22,Contact,,operand = PV-02 GATE B EV
r1 scraps gate 2,1924,23,Contact,,operand = EV05_Open
r1 scraps gate 2,1924,24,Contact,,operand = Inputs.PV-02 GATE B OPEN
r1 scraps gate 2,1924,25,O,,
r1 scraps gate 2,1924,26,SCoil,,operand = Flag.PV_02_GATE_B_MEM_OPEN
r1 scraps gate 2,1924,27,Contact,operand,operand = PV-02 GATE B EV
r1 scraps gate 2,1924,28,RCoil,,operand = Flag.PV_02_GATE_B_MEM_OPEN
r1 scraps gate 2,1924,29,Contact,operand,operand = PV-02 GATE B EV
r1 scraps gate 2,1924,30,Contact,,operand = EV05_Close
r1 scraps gate 2,1924,31,Contact,,operand = Inputs.PV-02 GATE B CLOSE
r1 scraps gate 2,1924,32,O,,
r1 scraps gate 2,1924,33,SCoil,,operand = Flag.PV_02_GATE_B_MEM_CLOSE
r1 scraps gate 2,1924,34,Contact,,operand = PV-02 GATE B EV
r1 scraps gate 2,1924,35,RCoil,,operand = Flag.PV_02_GATE_B_MEM_CLOSE
r1 scraps gate 2,1925,21,Contact,,operand = ON
r1 scraps gate 2,1925,22,Contact,,operand = PV-03 GATE EV
r1 scraps gate 2,1925,23,Contact,,operand = Deviator Open PV-03
r1 scraps gate 2,1925,77,Contact,,operand = Inputs.Deviator Open PV-03
r1 scraps gate 2,1925,80,Contact,,operand = Flag.M_PV03
r1 scraps gate 2,1925,82,O,,
r1 scraps gate 2,1925,24,SCoil,,operand = Flag.PV_03_GATE_MEM_OPEN
r1 scraps gate 2,1925,25,Contact,operand,operand = PV-03 GATE EV
r1 scraps gate 2,1925,26,RCoil,,operand = Flag.PV_03_GATE_MEM_OPEN
r1 scraps gate 2,1925,27,Contact,operand,operand = PV-03 GATE EV
r1 scraps gate 2,1925,28,Contact,,operand = Deviator Close PV-03
r1 scraps gate 2,1925,63,Contact,,operand = Inputs.Deviator Close PV-03
r1 scraps gate 2,1925,69,Contact,operand,operand = Flag.M_PV03
r1 scraps gate 2,1925,65,O,,
r1 scraps gate 2,1925,29,SCoil,,operand = Flag.PV_03_GATE_MEM_CLOSE
r1 scraps gate 2,1925,30,Contact,,operand = PV-03 GATE EV
r1 scraps gate 2,1925,31,RCoil,,operand = Flag.PV_03_GATE_MEM_CLOSE
motors 1,1930,47,Contact,,operand = ON
motors 1,1930,49,Contact,,operand = Flag.Maintenance_ON
motors 1,1930,34,Coil,,operand = UNDER TESTING
motors 1,1930,36,Coil,,operand = Allarm.Maintenance_ON
motors 1,1931,91,Contact,,operand = ON
motors 1,1931,95,Contact,,operand = Allarm.LOW_TC03_TEMP
motors 1,1931,97,Contact,,operand = Allarm.Oxigen_Fault
motors 1,1931,99,Contact,,operand = Allarm.Oxigen_Too_high
motors 1,1931,101,Contact,,operand = Flag.STANDBY_ON
motors 1,1931,103,Contact,,operand = Allarm.MAX_MAX_TC09
motors 1,1931,105,Contact,,operand = Allarm.HYDROGEN_BOX_FAULT
motors 1,1931,107,Contact,operand,operand = R1 Gate ON
motors 1,1931,22,Contact,operand,operand = RD01_Fbk
motors 1,1931,56,O,,
motors 1,1931,66,Coil,,operand = Disable_Load_RD01
motors 1,1932,145,Contact,,operand = ON
motors 1,1932,147,Contact,,operand = Allarm.BWF01_FAULT
motors 1,1932,149,Contact,,operand = Allarm.BWF01_Fault_Control
motors 1,1932,100,Eq,,in1 = Data.SET_PERC_BWF01; in2 = 0
motors 1,1932,22,Contact,operand,operand = Inputs.BWF01 OK
motors 1,1932,26,Contact,operand,operand = Inputs.BC01 run
motors 1,1932,155,Contact,,operand = Disable_Load_RD01
motors 1,1932,97,O,,
motors 1,1932,109,RCoil,,operand = Flag.M_BWF01
motors 1,1932,159,Contact,,operand = Flag.M_BWF01
motors 1,1932,113,Coil,,operand = Consent Start BWF01
motors 1,1933,183,Contact,,operand = ON
motors 1,1933,185,Contact,,operand = Allarm.BWF02_FAULT
motors 1,1933,187,Contact,,operand = Allarm.BWF02_Fault_Control
motors 1,1933,138,Eq,,in1 = Data.SET_PERC_BWF02; in2 = 0
motors 1,1933,22,Contact,operand,operand = Inputs.BWF02 OK
motors 1,1933,26,Contact,operand,operand = Inputs.BC01 run
motors 1,1933,193,Contact,,operand = Disable_Load_RD01
motors 1,1933,135,O,,
motors 1,1933,147,RCoil,,operand = Flag.M_BWF02
motors 1,1933,197,Contact,,operand = Flag.M_BWF02
motors 1,1933,151,Coil,,operand = Consent Start BWF02
motors 1,1934,193,Contact,,operand = OFF
motors 1,1934,195,Contact,,operand = Flag.M_BWF01
motors 1,1934,197,Contact,,operand = Flag.M_BWF02
motors 1,1934,158,O,,
motors 1,1934,164,SdCoil,,value = S5T#6M; operand = Tag_114
motors 1,1934,199,Contact,,operand = Tag_114
motors 1,1934,170,RCoil,,operand = Flag.M_BWF01
motors 1,1934,172,RCoil,,operand = Flag.M_BWF02
motors 1,1934,206,Contact,,operand = ON
motors 1,1934,27,Contact,,operand = Flag.M_BWF01
motors 1,1934,232,Contact,,operand = Flag.M_BWF02
motors 1,1934,36,O,,
motors 1,1934,202,Contact,operand,operand = Inputs.RD01 run
motors 1,1934,224,Contact,operand,operand = Inputs.BC01 run
motors 1,1934,31,O,,
motors 1,1934,228,RCoil,,operand = Flag.M_BWF02
motors 1,1934,210,RCoil,,operand = Flag.M_BWF01
motors 1,1935,227,Contact,,operand = ON
motors 1,1935,229,Contact,,operand = Allarm.BC_01_FAULT
motors 1,1935,22,Contact,,operand = Allarm.BC01_INV
motors 1,1935,233,Contact,,operand = Allarm.BC_01_FC
motors 1,1935,237,Contact,operand,operand = UNDER TESTING
motors 1,1935,190,O,,
motors 1,1935,198,RCoil,,operand = Flag.M_BC_01
motors 1,1935,239,Contact,,operand = Flag.M_BC_01
motors 1,1935,242,Contact,,operand = Flag.R1_GATE_LOOP_ON
motors 1,1935,41,Contact,,operand = MemoCMD_BC01_Startup
motors 1,1935,26,Contact,,operand = Flag.Maintenance_ON
motors 1,1935,43,O,,
motors 1,1935,202,Coil,,operand = Start BC01
motors 1,1936,270,Contact,,operand = ON
motors 1,1936,272,Contact,,operand = Allarm.RD_01_FAULT
motors 1,1936,22,Contact,,operand = Allarm.RD01_INV
motors 1,1936,227,Eq,,in1 = Data.SET_PERC_FR01; in2 = 0
motors 1,1936,26,Contact,operand,operand = Inputs.fan RD01 run
motors 1,1936,278,Contact,operand,operand = Flag.R2_GATE_LOOP_ON
motors 1,1936,280,Contact,operand,operand = Flag.STANDBY_ON
motors 1,1936,35,Contact,operand,operand = UNDER TESTING
motors 1,1936,28,O,,
motors 1,1936,236,RCoil,,operand = Flag.M_RD_01
motors 1,1936,282,Contact,,operand = Flag.M_RD_01
motors 1,1936,240,Coil,,operand = Start RD01
motors 1,1937,36,CRef,,호출 참조: KF_KT; KF = Data.EV_03_W; SEC = 0; KT = Data.EVFR01_Work_time
motors 1,1937,45,CRef,,호출 참조: KF_KT; KF = Data.EV_03P; SEC = 0; KT = Data.EVFR01_Wait_time
motors 1,1938,295,Contact,,operand = ON
motors 1,1938,297,Contact,,operand = Start RD01
motors 1,1938,299,Contact,operand,operand = Tag_115
motors 1,1938,257,SdCoil,,value = Data.EVFR01_Work_time; operand = Tag_116
motors 1,1938,301,Contact,,operand = Tag_116
motors 1,1938,262,SdCoil,,value = Data.EVFR01_Wait_time; operand = Tag_115
motors 1,1938,303,Contact,operand,operand = Tag_116
motors 1,1938,305,Contact,,operand = ON
motors 1,1938,268,Coil,,operand = EV03
motors 1,1939,307,Contact,,operand = ON
motors 1,1939,309,Contact,,operand = Allarm.RD_01_FAN_FAULT
motors 1,1939,311,Contact,operand,operand = Flag.R2_GATE_LOOP_ON
motors 1,1939,313,Contact,operand,operand = Flag.STANDBY_ON
motors 1,1939,318,Contact,operand,operand = UNDER TESTING
motors 1,1939,278,O,,
motors 1,1939,283,RCoil,,operand = Flag.M_RD_01_FAN
motors 1,1939,315,Contact,,operand = Flag.M_RD_01_FAN
motors 1,1939,287,Coil,,operand = Start fan RD01
motors 1,1940,343,Contact,,operand = ON
motors 1,1940,345,Contact,,operand = Allarm.MC_03_FAULT
motors 1,1940,347,Contact,operand,operand = Inputs.MC04 run
motors 1,1940,349,Contact,operand,operand = Flag.STANDBY_ON
motors 1,1940,351,Contact,,operand = Allarm.MC_03_TORQUE
motors 1,1940,353,Contact,operand,operand = UNDER TESTING
motors 1,1940,306,O,,
motors 1,1940,314,RCoil,,operand = Flag.M_MC_03
motors 1,1940,355,Contact,,operand = Flag.M_MC_03
motors 1,1940,318,Coil,,operand = Start Spare Motor
motors 1,1941,367,Contact,,operand = ON
motors 1,1941,369,Contact,,operand = Allarm.MC_04_FAULT
motors 1,1941,22,Contact,,operand = Allarm.MC04_INV
motors 1,1941,26,Contact,operand,operand = Inputs.VS01 run
motors 1,1941,380,Contact,operand,operand = Allarm.Maintenance_ON
motors 1,1941,333,O,,
motors 1,1941,340,RCoil,,operand = Flag.M_MC_04
motors 1,1941,377,Contact,,operand = Flag.M_MC_04
motors 1,1941,344,Coil,,operand = Start MC04
motors 1,1943,395,Contact,,operand = ON
motors 1,1943,397,Contact,,operand = Allarm.VS_01_FAULT
motors 1,1943,22,Contact,,operand = Allarm.VS01_INV
motors 1,1943,24,O,,
motors 1,1943,377,RCoil,,operand = Flag.M_VS_01
motors 1,1943,399,Contact,,operand = Flag.M_VS_01
motors 1,1943,381,Coil,,operand = Start VS01
motors 1,1944,479,Contact,,operand = OFF
motors 1,1944,481,Contact,operand,operand = Flag.M_VS_01
motors 1,1944,483,Contact,operand,operand = Inputs.VS01 run
motors 1,1944,485,Contact,operand,operand = Allarm.VS_01_FAULT
motors 1,1944,425,SCoil,,operand = Start VS01 BRAKE
motors 1,1944,487,Contact,,operand = Flag.M_VS_01
motors 1,1944,489,Contact,,operand = Allarm.VS_01_FAULT
motors 1,1944,22,Contact,,operand = Allarm.VS01_INV
motors 1,1944,428,O,,
motors 1,1944,431,RCoil,,operand = Start VS01 BRAKE
motors 1,1944,491,Contact,operand,operand = Inputs.VS01 run
motors 1,1944,493,Contact,,operand = Start VS01 BRAKE
motors 1,1944,439,SdCoil,,value = S5T#2S; operand = Tag_117
motors 1,1944,495,Contact,,operand = Tag_117
motors 1,1944,444,Coil,,operand = Braking VS01
motors 1,1947,29,CRef,,호출 참조: KF_KT; KF = Data.PV04; SEC = 0; KT = Data.PV04_Clean_Delay
motors 1,1948,616,Contact,,operand = ON
motors 1,1948,618,Contact,,operand = Allarm.FN_02_FAULT
motors 1,1948,22,Contact,,operand = Allarm.FN02_INV
motors 1,1948,589,Eq,,in1 = Data.Set_Perc_VT02; in2 = 0
motors 1,1948,587,O,,
motors 1,1948,592,RCoil,,operand = Flag.M_FN_02
motors 1,1948,620,Contact,,operand = Flag.M_FN_02
motors 1,1948,596,Coil,,operand = Start FN02
motors 1,1949,622,Contact,,operand = ON
motors 1,1949,624,Contact,,operand = Allarm.VR_01_FAULT
motors 1,1949,604,RCoil,,operand = Flag.M_VR_01
motors 1,1949,626,Contact,,operand = Flag.M_VR_01
motors 1,1949,608,Coil,,operand = Start VR01
motors 1,1950,691,Contact,,operand = ON
motors 1,1950,693,Contact,,operand = Allarm.MAX_TC04_TEMP
motors 1,1950,695,Contact,,operand = Allarm.MAX_TC05_TEMP
motors 1,1950,697,Contact,,operand = Allarm.ZT01_FN01_Vibration
motors 1,1950,699,Contact,,operand = Inputs.FN01 Run
motors 1,1950,701,Contact,operand,operand = Inputs.VR-01 RUN
motors 1,1950,703,Contact,operand,operand = Inputs.VR02 Run
motors 1,1950,707,O,,
motors 1,1950,653,Coil,,operand = Allarm.Prealarms_FN01
motors 1,1950,656,SdCoil,,value = S5T#1H_30M; operand = Tag_122
motors 1,1950,705,Contact,,operand = Tag_122
motors 1,1950,661,Coil,,operand = Stop_Fan_FN01
motors 1,1951,716,Contact,,operand = ON
motors 1,1951,718,Contact,,operand = Allarm.FN_01_FAULT
motors 1,1951,22,Contact,,operand = Allarm.FN01_INV
motors 1,1951,678,Eq,,in1 = Data.SET_PERC_VT01; in2 = 0
motors 1,1951,720,Contact,,operand = Stop_Fan_FN01
motors 1,1951,722,Contact,,operand = Allarm.HYDROGEN_BOX_FAULT
motors 1,1951,724,Contact,operand,operand = UNDER TESTING
motors 1,1951,676,O,,
motors 1,1951,685,RCoil,,operand = Flag.M_FN_01
motors 1,1951,726,Contact,,operand = Flag.M_FN_01
motors 1,1951,689,Coil,,operand = Start FN01
motors 1,1952,711,Contact,,operand = ON
motors 1,1952,713,Contact,,operand = Allarm.VR_02_FAULT
motors 1,1952,693,RCoil,,operand = Flag.M_VR_02
motors 1,1952,715,Contact,,operand = Flag.M_VR_02
motors 1,1952,697,Coil,,operand = Start VR02
motors 1,1953,767,Contact,,operand = ON
motors 1,1953,23,Contact,,operand = ServiceBit
motors 1,1953,769,Contact,,operand = Allarm.CH_01_FAULT
motors 1,1953,729,RCoil,,operand = Flag.M_CH_01
motors 1,1953,771,Contact,,operand = Flag.M_CH_01
motors 1,1953,736,Coil,,operand = Start CH01
motors 1,1953,739,SdCoil,,value = S5T#10S; operand = Tag_123
motors 1,1953,773,Contact,,operand = Tag_123
motors 1,1953,744,Coil,,operand = Enable start chiller
motors 1,1954,763,Contact,,operand = ON
motors 1,1954,765,Contact,,operand = Allarm.FN_03_FAULT
motors 1,1954,22,Contact,,operand = Allarm.FN03_INV
motors 1,1954,24,O,,
motors 1,1954,745,RCoil,,operand = Flag.M_FN_03
motors 1,1954,767,Contact,,operand = Flag.M_FN_03
motors 1,1954,749,Coil,,operand = Start FN03
motors 1,1955,796,Contact,,operand = ON
motors 1,1955,798,Contact,,operand = Allarm.MBVA01_FAULT
motors 1,1955,22,Contact,operand,operand = Inputs.RD01 run
motors 1,1955,802,Contact,operand,operand = UNDER TESTING
motors 1,1955,767,O,,
motors 1,1955,772,RCoil,,operand = Flag.M_FN_06
motors 1,1955,804,Contact,,operand = Flag.M_FN_06
motors 1,1955,776,Coil,,operand = Start FN06
motors 1,1956,819,Contact,,operand = ON
motors 1,1956,821,Contact,,operand = Allarm.SC_01_FAULT
motors 1,1956,22,Contact,operand,operand = Inputs.VR03 Run
motors 1,1956,825,Contact,operand,operand = UNDER TESTING
motors 1,1956,790,O,,
motors 1,1956,795,RCoil,,operand = Flag.M_SC_01
motors 1,1956,827,Contact,,operand = Flag.M_SC_01
motors 1,1956,799,Coil,,operand = Start SC01
motors 1,1958,863,Contact,,operand = ON
motors 1,1958,865,Contact,,operand = Allarm.LD_01_FAULT
motors 1,1958,22,Contact,operand,operand = Inputs.VR-06 RUN
motors 1,1958,869,Contact,operand,operand = UNDER TESTING
motors 1,1958,831,O,,
motors 1,1958,836,RCoil,,operand = Flag.M_LD_01
motors 1,1958,871,Contact,,operand = Flag.M_LD_01
motors 1,1958,873,Contact,,operand = Inputs.LD-01 Inspection LS
motors 1,1958,841,Coil,,operand = Start LD01
motors 1,1959,36,CRef,,호출 참조: KF_KT; KF = Data.LD01_W; SEC = 0; KT = Data.LD_01V_WorkTime
motors 1,1959,44,CRef,,호출 참조: KF_KT; KF = Data.LD01_P; SEC = 0; KT = Data.LD_01V_PauseTime
motors 1,1960,896,Contact,,operand = ON
motors 1,1960,23,Contact,,operand = Inputs.FEEDBACKMOTOR LD-01
motors 1,1960,900,Contact,operand,operand = Tag_124
motors 1,1960,861,SdCoil,,value = Data.LD_01V_WorkTime; operand = Tag_125
motors 1,1960,902,Contact,,operand = Tag_125
motors 1,1960,866,SdCoil,,value = Data.LD_01V_PauseTime; operand = Tag_124
motors 1,1960,904,Contact,operand,operand = Tag_125
motors 1,1960,871,Coil,,operand = Start_LD01Vib
motors 1,1961,925,Contact,,operand = ON
motors 1,1961,927,Contact,,operand = Allarm.LD_01_VIB_FAULT
motors 1,1961,22,Contact,operand,operand = Inputs.VR-06 RUN
motors 1,1961,929,Contact,operand,operand = UNDER TESTING
motors 1,1961,888,O,,
motors 1,1961,891,RCoil,,operand = Flag.M_LD_01_VIB
motors 1,1961,931,Contact,,operand = Flag.M_LD_01_VIB
motors 1,1961,933,Contact,operand,operand = Allarm.LD_01_VIB_FAULT
motors 1,1961,935,Contact,,operand = Start_LD01Vib
motors 1,1961,894,O,,
motors 1,1961,31,Contact,,operand = Inputs.LD-01 Local Button
motors 1,1961,900,Coil,,operand = Start Vibrator LD-01
motors 1,1962,940,Contact,,operand = ON
motors 1,1962,942,Contact,,operand = Allarm.SC_10_FAULT
motors 1,1962,22,Contact,operand,operand = Inputs.VR04 Run
motors 1,1962,946,Contact,operand,operand = UNDER TESTING
motors 1,1962,911,O,,
motors 1,1962,916,RCoil,,operand = Flag.M_SC_10
motors 1,1962,948,Contact,,operand = Flag.M_SC_10
motors 1,1962,920,Coil,,operand = Start SC10
motors 1,1963,963,Contact,,operand = ON
motors 1,1963,965,Contact,,operand = Allarm.SC_11_FAULT
motors 1,1963,22,Contact,operand,operand = Inputs.VR05 Run
motors 1,1963,969,Contact,operand,operand = UNDER TESTING
motors 1,1963,934,O,,
motors 1,1963,939,RCoil,,operand = Flag.M_SC_11
motors 1,1963,971,Contact,,operand = Flag.M_SC_11
motors 1,1963,943,Coil,,operand = Start SC11
motors 1,1964,1020,Contact,,operand = ON
motors 1,1964,1022,Contact,,operand = Inputs.FN04 Run
motors 1,1964,1024,Contact,operand,operand = Inputs.FEEDBACKMOTOR SC-01
motors 1,1964,1026,Contact,operand,operand = Inputs.VR03 Run
motors 1,1964,1028,Contact,operand,operand = Inputs.FEEDBACKMOTOR SC-10
motors 1,1964,1030,Contact,operand,operand = Inputs.VR04 Run
motors 1,1964,1032,Contact,operand,operand = Inputs.FEEDBACKMOTOR SC-11
motors 1,1964,1034,Contact,operand,operand = Inputs.VR05 Run
motors 1,1964,972,O,,
motors 1,1964,982,Coil,,operand = Allarm.Prealarms_FN04
motors 1,1964,985,SdCoil,,value = S5T#1H_30M; operand = Tag_126
motors 1,1964,1036,Contact,,operand = Tag_126
motors 1,1964,990,Coil,,operand = Stop_Fan_FN04
motors 1,1965,1038,Contact,,operand = ON
motors 1,1965,1040,Contact,,operand = Allarm.FN_04_FAULT
motors 1,1965,22,Contact,,operand = Allarm.FN04_INV
motors 1,1965,1005,Eq,,in1 = Data.SET_PERC_FN04; in2 = 0
motors 1,1965,1042,Contact,,operand = Stop_Fan_FN04
motors 1,1965,1044,Contact,,operand = Allarm.MAX_MAX_TC09
motors 1,1965,1003,O,,
motors 1,1965,1010,RCoil,,operand = Flag.M_FN_04
motors 1,1965,1046,Contact,,operand = Flag.M_FN_04
motors 1,1965,1014,Coil,,operand = Start FN04
motors 1,1966,1038,Contact,,operand = ON
motors 1,1966,1040,Contact,,operand = Allarm.VR_03_FAULT
motors 1,1966,1020,RCoil,,operand = Flag.M_VR_03
motors 1,1966,1042,Contact,,operand = Flag.M_VR_03
motors 1,1966,1024,Coil,,operand = Start VR03
motors 1,1967,1054,Contact,,operand = ON
motors 1,1967,1056,Contact,,operand = Allarm.VR_04_FAULT
motors 1,1967,1036,RCoil,,operand = Flag.M_VR_04
motors 1,1967,1058,Contact,,operand = Flag.M_VR_04
motors 1,1967,1040,Coil,,operand = Start VR04
motors 1,1968,1070,Contact,,operand = ON
motors 1,1968,1072,Contact,,operand = Allarm.VR_05_FAULT
motors 1,1968,1052,RCoil,,operand = Flag.M_VR_05
motors 1,1968,1074,Contact,,operand = Flag.M_VR_05
motors 1,1968,1056,Coil,,operand = Start VR05
motors 1,1969,1103,Contact,,operand = ON
motors 1,1969,1105,Contact,,operand = Allarm.VR_06_FAULT
motors 1,1969,1107,Contact,operand,operand = Start ER-01
motors 1,1969,1109,Contact,operand,operand = UNDER TESTING
motors 1,1969,1074,O,,
motors 1,1969,1079,RCoil,,operand = Flag.M_VR_06
motors 1,1969,1111,Contact,,operand = Flag.M_VR_06
motors 1,1969,1083,Coil,,operand = Start VR06
motors 1,1970,1126,Contact,,operand = ON
motors 1,1970,1128,Contact,,operand = Allarm.FN_05_FAULT
motors 1,1970,22,Contact,operand,operand = Inputs.FN04 Run
motors 1,1970,1132,Contact,operand,operand = UNDER TESTING
motors 1,1970,1097,O,,
motors 1,1970,1102,RCoil,,operand = Flag.M_FN_05
motors 1,1970,1134,Contact,,operand = Flag.M_FN_05
motors 1,1970,1106,Coil,,operand = Start FN05
motors 1,1971,1149,Contact,,operand = ON
motors 1,1971,1151,Contact,,operand = OFF
motors 1,1971,22,Contact,,operand = Allarm.ER01_run
motors 1,1971,26,Contact,operand,operand = Inputs.FN-05 RUN
motors 1,1971,1155,Contact,operand,operand = UNDER TESTING
motors 1,1971,1120,O,,
motors 1,1971,1125,RCoil,,operand = Flag.M_ER01
motors 1,1971,1157,Contact,,operand = Flag.M_ER01
motors 1,1971,30,Contact,,operand = Inputs.177T1_OK
motors 1,1971,1129,Coil,,operand = Start ER-01
motors 1,1972,1164,Contact,,operand = ON
motors 1,1972,1166,Contact,,operand = OFF
motors 1,1972,1141,RCoil,,operand = Flag.M_PV03
motors 1,1972,1168,Contact,,operand = Flag.M_PV03
motors 1,1972,1170,Contact,,operand = Inputs.PV03 Local Selector
motors 1,1972,1144,O,,
motors 1,1972,1147,Coil,,operand = PV-03 GATE EV
motors 1,1973,1251,Contact,,operand = ON
motors 1,1973,1253,Contact,,operand = Inputs.BWF 01 RUN
motors 1,1973,1255,Contact,,operand = Inputs.BWF 02 RUN
motors 1,1973,1190,O,,
motors 1,1973,1196,SdCoil,,value = S5T#15M; operand = Tag_127
motors 1,1973,1257,Contact,,operand = PV-03 GATE EV
motors 1,1973,1201,SCoil,,operand = START LIW FEEDER
motors 1,1973,1259,Contact,,operand = START LIW FEEDER
motors 1,1973,1261,Contact,operand,operand = Inputs.BWF 01 RUN
motors 1,1973,1263,Contact,operand,operand = Inputs.BWF 02 RUN
motors 1,1973,1210,SdCoil,,value = S5T#15M; operand = Tag_128
motors 1,1973,1265,Contact,,operand = Tag_128
motors 1,1973,1215,RCoil,,operand = START LIW FEEDER
allarms 3,1979,286,Contact,,operand = ON
allarms 3,1979,149,Gt,,in1 = Manage_TC1_2.PID_Ref_Temp; in2 = Data.TC01_MAX_ALL
allarms 3,1979,155,SdCoil,,value = S5T#6S; operand = Tag_99
allarms 3,1979,288,Contact,,operand = Tag_99
allarms 3,1979,160,SCoil,,operand = Allarm.MAX_TC01_TEMP
allarms 3,1979,290,Contact,,operand = Allarm.MAX_TC01_TEMP
allarms 3,1979,165,Sub,,in1 = Data.TC01_MAX_ALL; in2 = 5; out = app00
allarms 3,1979,169,Lt,,in1 = Manage_TC1_2.PID_Ref_Temp; in2 = app00
allarms 3,1979,173,RCoil,,operand = Allarm.MAX_TC01_TEMP
allarms 3,1979,175,SCoil,,operand = Flag.STOP_HORN
allarms 3,1979,179,Add,,in1 = Data.TC01_MAX_ALL; in2 = 20; out = max_max_tc1
allarms 3,1979,186,Gt,,in1 = Manage_TC1_2.PID_Ref_Temp; in2 = max_max_tc1
allarms 3,1979,189,Gt,,in1 = Manage_TC1_2.PID_Ref_Temp; in2 = 1250.0
allarms 3,1979,192,Lt,,in1 = Manage_TC1_2.PID_Ref_Temp; in2 = -60.0
allarms 3,1979,185,O,,
allarms 3,1979,198,SdCoil,,value = S5T#6S; operand = Tag_100
allarms 3,1979,292,Contact,,operand = Tag_100
allarms 3,1979,203,SCoil,,operand = Allarm.MAX_MAX_TC01_TEMP
allarms 3,1979,294,Contact,,operand = Flag.RESET_ALLARM
allarms 3,1979,296,Contact,,operand = Allarm.MAX_MAX_TC01_TEMP
allarms 3,1979,208,RCoil,,operand = Allarm.MAX_MAX_TC01_TEMP
allarms 3,1980,543,Contact,,operand = ON
allarms 3,1980,545,Contact,,operand = Inputs.BWF 01 RUN
allarms 3,1980,547,Contact,,operand = Inputs.BWF 02 RUN
allarms 3,1980,333,O,,
allarms 3,1980,336,Lt,,in1 = Data.Temp_TC03; in2 = Data.TC03_MIN_ALL
allarms 3,1980,342,SdCoil,,value = S5T#3S; operand = Tag_101
allarms 3,1980,549,Contact,,operand = Tag_101
allarms 3,1980,347,SCoil,,operand = Allarm.LOW_TC03_TEMP
allarms 3,1980,21,Lt,,in1 = Data.TC03_MIN_ALL; in2 = 200
allarms 3,1980,27,Move,,in = 200; out1 = Data.TC03_MIN_ALL
allarms 3,1980,551,Contact,,operand = Allarm.LOW_TC03_TEMP
allarms 3,1980,352,Add,,in1 = Data.TC03_MIN_ALL; in2 = 5; out = app00
allarms 3,1980,356,Gt,,in1 = Data.Temp_TC03; in2 = app00
allarms 3,1980,360,RCoil,,operand = Allarm.LOW_TC03_TEMP
allarms 3,1980,362,SCoil,,operand = Flag.STOP_HORN
allarms 3,1980,366,Gt,,in1 = Data.Temp_TC03; in2 = Data.TC03_MAX_ALL
allarms 3,1980,372,SdCoil,,value = S5T#3S; operand = Tag_102
allarms 3,1980,553,Contact,,operand = Tag_102
allarms 3,1980,377,SCoil,,operand = Allarm.MAX_TC03_TEMP
allarms 3,1980,555,Contact,,operand = Allarm.MAX_TC03_TEMP
allarms 3,1980,382,Sub,,in1 = Data.TC03_MAX_ALL; in2 = 5; out = app00
allarms 3,1980,386,Lt,,in1 = Data.Temp_TC03; in2 = app00
allarms 3,1980,390,RCoil,,operand = Allarm.MAX_TC03_TEMP
allarms 3,1980,392,SCoil,,operand = Flag.STOP_HORN
allarms 3,1980,396,Add,,in1 = Data.TC03_MAX_ALL; in2 = 50; out = max_max_tc3
allarms 3,1980,403,Gt,,in1 = Data.Temp_TC03; in2 = max_max_tc3
allarms 3,1980,406,Gt,,in1 = Data.Temp_TC03; in2 = 750
allarms 3,1980,409,Lt,,in1 = Data.Temp_TC03; in2 = -60
allarms 3,1980,402,O,,
allarms 3,1980,415,SdCoil,,value = S5T#3S; operand = Tag_103
allarms 3,1980,557,Contact,,operand = Tag_103
allarms 3,1980,420,SCoil,,operand = Allarm.MAX_MAX_TC03_TEMP
allarms 3,1980,559,Contact,,operand = Flag.RESET_ALLARM
allarms 3,1980,561,Contact,,operand = Allarm.MAX_MAX_TC03_TEMP
allarms 3,1980,425,RCoil,,operand = Allarm.MAX_MAX_TC03_TEMP
allarms 3,1981,557,Contact,,operand = ON
allarms 3,1981,438,Gt,,in1 = Data.Temp_TC04; in2 = Data.TC04_TC05_MAX_ALL
allarms 3,1981,441,Gt,,in1 = Data.Temp_TC04; in2 = 120
allarms 3,1981,444,Lt,,in1 = Data.Temp_TC04; in2 = -60
allarms 3,1981,437,O,,
allarms 3,1981,450,SdCoil,,value = S5T#1M; operand = Tag_104
allarms 3,1981,559,Contact,,operand = Tag_104
allarms 3,1981,455,SCoil,,operand = Allarm.MAX_TC04_TEMP
allarms 3,1981,459,Gt,,in1 = Data.Temp_TC05; in2 = Data.TC04_TC05_MAX_ALL
allarms 3,1981,462,Gt,,in1 = Data.Temp_TC05; in2 = 120
allarms 3,1981,465,Lt,,in1 = Data.Temp_TC05; in2 = -60
allarms 3,1981,458,O,,
allarms 3,1981,471,SdCoil,,value = S5T#1M; operand = Tag_105
allarms 3,1981,561,Contact,,operand = Tag_105
allarms 3,1981,22,Contact,,operand = ServiceBit
allarms 3,1981,476,SCoil,,operand = Allarm.MAX_TC05_TEMP
allarms 3,1981,563,Contact,,operand = Flag.RESET_ALLARM
allarms 3,1981,565,Contact,,operand = Allarm.MAX_TC04_TEMP
allarms 3,1981,484,RCoil,,operand = Allarm.MAX_TC04_TEMP
allarms 3,1981,567,Contact,,operand = Allarm.MAX_TC05_TEMP
allarms 3,1981,488,RCoil,,operand = Allarm.MAX_TC05_TEMP
allarms 3,1982,539,Contact,,operand = ON
allarms 3,1982,484,Le,,in1 = Data.Oxigen_RO01; in2 = 0
allarms 3,1982,487,Ge,,in1 = Data.Oxigen_RO01; in2 = 200
allarms 3,1982,483,O,,
allarms 3,1982,22,Contact,,operand = ServiceBit
allarms 3,1982,490,SCoil,,operand = Allarm.Oxigen_Fault
allarms 3,1982,541,Contact,,operand = Allarm.Oxigen_Fault
allarms 3,1982,494,Ge,,in1 = Data.Oxigen_RO01; in2 = 5
allarms 3,1982,497,Le,,in1 = Data.Oxigen_RO01; in2 = 195
allarms 3,1982,501,RCoil,,operand = Allarm.Oxigen_Fault
allarms 3,1982,503,SCoil,,operand = Flag.STOP_HORN
allarms 3,1983,663,Gt,,in1 = Data.RO01_MAX_SETPOINT; in2 = 100
allarms 3,1983,32,Move,,in = 100; out1 = Data.RO01_MAX_SETPOINT
allarms 3,1983,626,Contact,,operand = ON
allarms 3,1983,627,Ge,,in1 = Data.Oxigen_RO01; in2 = Data.RO01_MAX_SETPOINT
allarms 3,1983,628,SCoil,,operand = Allarm.Oxigen_Too_high
allarms 3,1983,629,Contact,,operand = Allarm.Oxigen_Too_high
allarms 3,1983,630,Sub,,in1 = Data.RO01_MAX_SETPOINT; in2 = 10; out = app05
allarms 3,1983,631,Lt,,in1 = Data.Oxigen_RO01; in2 = app05
allarms 3,1983,632,RCoil,,operand = Allarm.Oxigen_Too_high
allarms 3,1983,633,SCoil,,operand = Flag.STOP_HORN
allarms 3,1984,658,Contact,,operand = OFF
allarms 3,1984,590,Gt,,in1 = Manage_TC1_2.PID_Ref_Temp; in2 = 650.0
allarms 3,1984,593,Le,,in1 = Data.Oxigen_RO01; in2 = 5
allarms 3,1984,599,SdCoil,,value = S5T#1M; operand = Tag_106
allarms 3,1984,660,Contact,,operand = Tag_106
allarms 3,1984,604,SCoil,,operand = Allarm.Oxigen_LOW
allarms 3,1984,662,Contact,,operand = Flag.RESET_ALLARM
allarms 3,1984,664,Contact,,operand = Allarm.Oxigen_LOW
allarms 3,1984,610,Ge,,in1 = Data.Oxigen_RO01; in2 = 20
allarms 3,1984,613,Le,,in1 = Manage_TC1_2.PID_Ref_Temp; in2 = 650.0
allarms 3,1984,609,O,,
allarms 3,1984,616,RCoil,,operand = Allarm.Oxigen_LOW
allarms 3,1985,741,Contact,,operand = ON
allarms 3,1985,743,Contact,operand,operand = RO01-RO02control disable
allarms 3,1985,663,Gt,,in1 = Manage_TC1_2.PID_Ref_Temp; in2 = 650.0
allarms 3,1985,669,Sub,,in1 = Data.Oxigen_RO01; in2 = Data.Oxigen_RO02; out = app01
allarms 3,1985,676,Lt,,in1 = app01; in2 = -20
allarms 3,1985,679,Gt,,in1 = app01; in2 = 20
allarms 3,1985,675,O,,
allarms 3,1985,685,SdCoil,,value = S5T#1M; operand = Tag_107
allarms 3,1985,745,Contact,,operand = Tag_107
allarms 3,1985,690,SCoil,,operand = Allarm.RO01_Signal_Fault
allarms 3,1985,747,Contact,,operand = Flag.RESET_ALLARM
allarms 3,1985,749,Contact,,operand = Allarm.RO01_Signal_Fault
allarms 3,1985,695,RCoil,,operand = Allarm.RO01_Signal_Fault
allarms 3,1986,832,Contact,,operand = ON
allarms 3,1986,834,Contact,operand,operand = TC01-TC02control disable
allarms 3,1986,745,Gt,,in1 = Data.Temp_TC01; in2 = 400
allarms 3,1986,748,Gt,,in1 = Data.Temp_TC02; in2 = 400
allarms 3,1986,744,O,,
allarms 3,1986,754,Sub,,in1 = Data.Temp_TC01; in2 = Data.Temp_TC02; out = app02
allarms 3,1986,761,Lt,,in1 = app02; in2 = -100
allarms 3,1986,764,Gt,,in1 = app02; in2 = 100
allarms 3,1986,760,O,,
allarms 3,1986,770,SdCoil,,value = S5T#1M; operand = Tag_108
allarms 3,1986,836,Contact,,operand = Tag_108
allarms 3,1986,775,SCoil,,operand = Allarm.TC01_TC02_COMP_FAULT
allarms 3,1986,838,Contact,,operand = Flag.RESET_ALLARM
allarms 3,1986,840,Contact,,operand = Allarm.TC01_TC02_COMP_FAULT
allarms 3,1986,780,RCoil,,operand = Allarm.TC01_TC02_COMP_FAULT
allarms 3,1987,856,Contact,,operand = ON
allarms 3,1987,23,Contact,,operand = Inputs.FN01 Run
allarms 3,1987,27,Contact,,operand = Inputs.FN04 Run
allarms 3,1987,797,Gt,,in1 = Data.PC_01; in2 = -10
allarms 3,1987,800,Gt,,in1 = Data.PC_01; in2 = Data.Min_Pressure_PC_01
allarms 3,1987,803,Lt,,in1 = Data.PC_01; in2 = -800
allarms 3,1987,796,O,,
allarms 3,1987,809,SdCoil,,value = S5T#30S; operand = Tag_109
allarms 3,1987,858,Contact,,operand = Tag_109
allarms 3,1987,814,SCoil,,operand = Allarm.Low_Aspiration
allarms 3,1987,860,Contact,,operand = Flag.RESET_ALLARM
allarms 3,1987,862,Contact,,operand = Allarm.Low_Aspiration
allarms 3,1987,819,RCoil,,operand = Allarm.Low_Aspiration
allarms 3,1988,904,Contact,,operand = OFF
allarms 3,1988,848,Gt,,in1 = Data.ZT_01; in2 = 400
allarms 3,1988,851,Lt,,in1 = Data.ZT_01; in2 = -800
allarms 3,1988,847,O,,
allarms 3,1988,857,SdCoil,,value = S5T#10S; operand = Tag_110
allarms 3,1988,906,Contact,,operand = Tag_110
allarms 3,1988,862,SCoil,,operand = Allarm.ZT01_FN01_Vibration
allarms 3,1988,908,Contact,,operand = Allarm.ZT01_FN01_Vibration
allarms 3,1988,866,Lt,,in1 = Data.ZT_01; in2 = 380
allarms 3,1988,869,RCoil,,operand = Allarm.ZT01_FN01_Vibration
allarms 3,1989,977,Contact,,operand = ON
allarms 3,1989,908,Ge,,in1 = Data.PSH_02; in2 = Data.PSH02_MAX_SETPOINT
allarms 3,1989,914,SdCoil,,value = S5T#3M; operand = Tag_111
allarms 3,1989,979,Contact,,operand = Tag_111
allarms 3,1989,919,SCoil,,operand = Allarm.MAX_PSH_02
allarms 3,1989,981,Contact,,operand = Allarm.MAX_PSH_02
allarms 3,1989,926,Sub,,in1 = Data.PSH02_MAX_SETPOINT; in2 = 5; out = app06
allarms 3,1989,932,Lt,,in1 = Data.PSH_02; in2 = app06
allarms 3,1989,936,RCoil,,operand = Allarm.MAX_PSH_02
allarms 3,1989,938,SCoil,,operand = Flag.STOP_HORN
allarms 3,1990,953,Contact,,operand = ON
allarms 3,1990,955,Contact,operand,operand = Inputs.NITROGEN TANK READY
allarms 3,1990,27,Contact,,operand = ServiceBit
allarms 3,1990,929,SCoil,,operand = Allarm.HYDROGEN_BOX_FAULT
allarms 3,1990,957,Contact,,operand = Flag.RESET_ALLARM
allarms 3,1990,959,Contact,,operand = Allarm.HYDROGEN_BOX_FAULT
allarms 3,1990,961,Contact,,operand = Inputs.NITROGEN TANK READY
allarms 3,1990,964,Contact,operand,operand = ServiceBit
allarms 3,1990,31,O,,
allarms 3,1990,935,RCoil,,operand = Allarm.HYDROGEN_BOX_FAULT
allarms 3,1991,1175,Contact,,operand = ON
allarms 3,1991,1046,Gt,,in1 = Data.TC_09; in2 = Data.TC09_MAX
allarms 3,1991,1049,SCoil,,operand = Open false air
allarms 3,1991,1053,Add,,in1 = Data.TC09_MAX; in2 = 5; out = app07
allarms 3,1991,1057,Gt,,in1 = Data.TC_09; in2 = app07
allarms 3,1991,1060,SCoil,,operand = Allarm.MAX_TC09
allarms 3,1991,1064,Sub,,in1 = Data.TC09_MAX; in2 = 2; out = app03
allarms 3,1991,1068,Lt,,in1 = Data.TC_09; in2 = app03
allarms 3,1991,1177,Contact,,operand = Allarm.MAX_TC09
allarms 3,1991,1076,RCoil,,operand = Allarm.MAX_TC09
allarms 3,1991,1078,SCoil,,operand = Flag.STOP_HORN
allarms 3,1991,1082,RCoil,,operand = Open false air
allarms 3,1991,1086,Gt,,in1 = Data.TC_09; in2 = Data.TC09_MAX_MAX
allarms 3,1991,1089,Gt,,in1 = Data.TC_09; in2 = 200
allarms 3,1991,1092,Lt,,in1 = Data.TC_09; in2 = -60
allarms 3,1991,1085,O,,
allarms 3,1991,1095,SCoil,,operand = Allarm.MAX_MAX_TC09
allarms 3,1991,1179,Contact,,operand = Flag.RESET_ALLARM
allarms 3,1991,1181,Contact,,operand = Allarm.MAX_MAX_TC09
allarms 3,1991,1100,RCoil,,operand = Allarm.MAX_MAX_TC09
allarms 3,1992,1204,Contact,,operand = ON
allarms 3,1992,1121,Gt,,in1 = Data.DP_01; in2 = 2800
allarms 3,1992,1124,Gt,,in1 = Data.DP_02; in2 = 2800
allarms 3,1992,1127,Lt,,in1 = Data.DP_01; in2 = -100
allarms 3,1992,1130,Lt,,in1 = Data.DP_02; in2 = -100
allarms 3,1992,1120,O,,
allarms 3,1992,1136,SdCoil,,value = S5T#3M; operand = Tag_112
allarms 3,1992,1206,Contact,,operand = Tag_112
allarms 3,1992,1141,SCoil,,operand = Allarm.MAX_DP_FILTER
allarms 3,1992,1208,Contact,,operand = Flag.RESET_ALLARM
allarms 3,1992,1210,Contact,,operand = Allarm.MAX_DP_FILTER
allarms 3,1992,1146,Lt,,in1 = Data.DP_01; in2 = 2500
allarms 3,1992,1149,Lt,,in1 = Data.DP_02; in2 = 2500
allarms 3,1992,1152,RCoil,,operand = Allarm.MAX_DP_FILTER
allarms 3,1993,1227,Contact,,operand = ON
allarms 3,1993,22,Contact,,operand = Inputs.BWF 01 RUN
allarms 3,1993,26,Contact,,operand = Inputs.BWF 02 RUN
allarms 3,1993,1174,Add,,in1 = Data.SET_PERC_BWF01; in2 = Data.SET_PERC_BWF02; out = Somma_Perc_alim
allarms 3,1993,1178,Ne,,in1 = Somma_Perc_alim; in2 = 100
allarms 3,1993,1184,SdCoil,,value = S5T#5S; operand = Tag_113
allarms 3,1993,1229,Contact,,operand = Tag_113
allarms 3,1993,1189,SCoil,,operand = Allarm.Formula_Fault
allarms 3,1993,1231,Contact,,operand = Flag.RESET_ALLARM
allarms 3,1993,1233,Contact,,operand = Allarm.Formula_Fault
allarms 3,1993,1194,RCoil,,operand = Allarm.Formula_Fault
allarms 3,1994,1269,Contact,,operand = ON
allarms 3,1994,1271,Contact,,operand = I/O FLT
allarms 3,1994,1273,Contact,,operand = OB Fault
allarms 3,1994,1275,Contact,,operand = Rack FAULT
allarms 3,1994,1277,Contact,,operand = Module Access FLT
allarms 3,1994,1279,Contact,,operand = Prog FAULT
allarms 3,1994,1211,O,,
allarms 3,1994,1217,SCoil,,operand = Allarm.PLC_DIAGNOSTIC_FAULT
allarms 3,1994,1281,Contact,,operand = Flag.RESET_ALLARM
allarms 3,1994,1283,Contact,,operand = Allarm.PLC_DIAGNOSTIC_FAULT
allarms 3,1994,1223,RCoil,,operand = Allarm.PLC_DIAGNOSTIC_FAULT
allarms 3,1994,1225,RCoil,,operand = I/O FLT
allarms 3,1994,1227,RCoil,,operand = OB Fault
allarms 3,1994,1229,RCoil,,operand = Rack FAULT
allarms 3,1994,1231,RCoil,,operand = Module Access FLT
allarms 3,1994,1233,RCoil,,operand = Prog FAULT
allarms 3,1995,23,Contact,operand,operand = ON
allarms 3,1995,25,Lt,,in1 = Data.RO_03; in2 = 30
allarms 3,1995,31,LRef,,호출 참조: RefId 149; PT = T#2S; ET = RefId (RefId 없음) / ORef UID 37
allarms 3,1995,41,SCoil,,operand = Allarm.RO03_Min
allarms 3,1995,39,Contact,operand,operand = ON
allarms 3,1995,67,Gt,,in1 = Data.RO_03; in2 = 80
allarms 3,1995,68,LRef,,호출 참조: RefId 149; PT = T#2S; ET = RefId (RefId 없음) / ORef UID 74
allarms 3,1995,70,SCoil,,operand = Allarm.RO03_Max
allarms 3,1995,112,Contact,,operand = Flag.RESET_ALLARM
allarms 3,1995,113,Contact,,operand = Allarm.RO03_Min
allarms 3,1995,114,RCoil,,operand = Allarm.RO03_Min
allarms 3,1995,115,Contact,,operand = Allarm.RO03_Max
allarms 3,1995,116,RCoil,,operand = Allarm.RO03_Max
cyc_int5 ogni 100ms,5,188,Contact,,operand = ON
cyc_int5 ogni 100ms,5,190,Contact,operand,operand = Flag.MV05_Auto
cyc_int5 ogni 100ms,5,192,Contact,,operand = Allarm.Oxigen_Fault
cyc_int5 ogni 100ms,5,194,Contact,operand,operand = UNDER TESTING
cyc_int5 ogni 100ms,5,98,O,,
cyc_int5 ogni 100ms,5,196,Contact,operand,operand = Inputs.MV05 open
cyc_int5 ogni 100ms,5,198,Contact,operand,operand = Inputs.MV05 Close
cyc_int5 ogni 100ms,5,109,LRef,,호출 참조: RefId 113; LMNS_ON = RefId (RefId 없음) / ORef UID 158; LMNUP = RefId (RefId 없음) / ORef UID 160; LMNDN = RefId (RefId 없음) / ORef UID 162; PVPER_ON = RefId (RefId 없음) / ORef UID 164; CYCLE = T#100MS; SP_INT = Real_SPO2; PV_IN = Real_O2; PV_PER = RefId (RefId 없음) / ORef UID 169; GAIN = 2.0; TI = T#1M; DEADB_W = 1.0; PV_FAC = RefId (RefId 없음) / ORef UID 174; PV_OFF = RefId (RefId 없음) / ORef UID 176; PULSE_TM = T#200MS; BREAK_TM = T#3S; MTR_TM = T#5S; DISV = 1.0; QLMNUP = PID UP MV05; QLMNDN = PID DOWN MV05; PV = RefId (RefId 없음) / ORef UID 184; ER = RefId (RefId 없음) / ORef UID 186
cyc_int5 ogni 100ms,7,245,Contact,,operand = ON
cyc_int5 ogni 100ms,7,247,Contact,operand,operand = Flag.MV02_Auto
cyc_int5 ogni 100ms,7,249,Contact,operand,operand = Inputs.MV02 Open
cyc_int5 ogni 100ms,7,251,Contact,operand,operand = Inputs.MV02 Close
cyc_int5 ogni 100ms,7,172,LRef,,호출 참조: RefId 113; LMNS_ON = RefId (RefId 없음) / ORef UID 215; LMNUP = RefId (RefId 없음) / ORef UID 217; LMNDN = RefId (RefId 없음) / ORef UID 219; PVPER_ON = RefId (RefId 없음) / ORef UID 221; CYCLE = T#100MS; SP_INT = Real_SPPC01; PV_IN = Real_PC01; PV_PER = RefId (RefId 없음) / ORef UID 226; GAIN = -0.22; TI = T#2S; DEADB_W = 2.0; PV_FAC = RefId (RefId 없음) / ORef UID 231; PV_OFF = RefId (RefId 없음) / ORef UID 233; PULSE_TM = T#200MS; BREAK_TM = T#2S_500MS; MTR_TM = T#18S; DISV = 1.0; QLMNUP = PID MV02 UP; QLMNDN = PID MV02 Down; PV = RefId (RefId 없음) / ORef UID 241; ER = RefId (RefId 없음) / ORef UID 243
cyc_int5 ogni 100ms,8,22,Lt,,in1 = Data.TC03_SETPOINT; in2 = 200
cyc_int5 ogni 100ms,8,32,Move,,in = 200; out1 = Data.TC03_SETPOINT
cyc_int5 ogni 100ms,11,463,Contact,,operand = ON
cyc_int5 ogni 100ms,11,465,Contact,operand,operand = Flag.MV01_Auto
cyc_int5 ogni 100ms,11,467,Contact,,operand = ON
cyc_int5 ogni 100ms,11,469,Contact,,operand = Inputs.MV01 Open
cyc_int5 ogni 100ms,11,471,Contact,,operand = OFF
cyc_int5 ogni 100ms,11,352,Ge,,in1 = Data.Pot_MV01; in2 = 100
cyc_int5 ogni 100ms,11,348,O,,
cyc_int5 ogni 100ms,11,473,Contact,,operand = ON
cyc_int5 ogni 100ms,11,475,Contact,,operand = Inputs.MV01 Close
cyc_int5 ogni 100ms,11,477,Contact,,operand = OFF
cyc_int5 ogni 100ms,11,361,Le,,in1 = Data.Pot_MV01; in2 = 10
cyc_int5 ogni 100ms,11,357,O,,
cyc_int5 ogni 100ms,11,366,LRef,,호출 참조: RefId 113; LMNS_ON = RefId (RefId 없음) / ORef UID 433; LMNUP = RefId (RefId 없음) / ORef UID 435; LMNDN = RefId (RefId 없음) / ORef UID 437; PVPER_ON = RefId (RefId 없음) / ORef UID 439; CYCLE = T#100MS; SP_INT = Real_SP_TC03xMV01; PV_IN = Real_TC03xMV01; PV_PER = RefId (RefId 없음) / ORef UID 444; GAIN = 3.0; TI = T#3M; DEADB_W = 1.0; PV_FAC = RefId (RefId 없음) / ORef UID 449; PV_OFF = RefId (RefId 없음) / ORef UID 451; PULSE_TM = T#500MS; BREAK_TM = T#1S; MTR_TM = T#31S; DISV = 1.0; QLMNUP = UP MV01 PID; QLMNDN = DOWN MV01 PID; PV = RefId (RefId 없음) / ORef UID 459; ER = RefId (RefId 없음) / ORef UID 461
cyc_int5 ogni 100ms,12,375,Contact,,operand = ON
cyc_int5 ogni 100ms,12,377,Contact,operand,operand = Flag.MV04_Auto
cyc_int5 ogni 100ms,12,379,Contact,operand,operand = Start FN02
cyc_int5 ogni 100ms,12,381,Contact,,operand = ON
cyc_int5 ogni 100ms,12,358,O,,
cyc_int5 ogni 100ms,12,362,Coil,,operand = VT02Manuale
cyc_int5 ogni 100ms,15,583,Contact,,operand = OFF
cyc_int5 ogni 100ms,15,585,Contact,operand,operand = Flag.MV03_Auto
cyc_int5 ogni 100ms,15,587,Contact,,operand = Open MV03 for washing
cyc_int5 ogni 100ms,15,498,O,,
cyc_int5 ogni 100ms,15,589,Contact,operand,operand = Inputs.MV03 open
cyc_int5 ogni 100ms,15,591,Contact,operand,operand = Inputs.MV03 Close
cyc_int5 ogni 100ms,15,507,LRef,,호출 참조: RefId 113; LMNS_ON = RefId (RefId 없음) / ORef UID 553; LMNUP = RefId (RefId 없음) / ORef UID 555; LMNDN = RefId (RefId 없음) / ORef UID 557; PVPER_ON = RefId (RefId 없음) / ORef UID 559; CYCLE = T#100MS; SP_INT = Real_SPPC02; PV_IN = Real_PC02; PV_PER = RefId (RefId 없음) / ORef UID 564; GAIN = -4.0; TI = T#10S; DEADB_W = 2.0; PV_FAC = RefId (RefId 없음) / ORef UID 569; PV_OFF = RefId (RefId 없음) / ORef UID 571; PULSE_TM = T#200MS; BREAK_TM = T#5S; MTR_TM = T#3S; DISV = 2.0; QLMNUP = PID UP MV03; QLMNDN = PID down MV03; PV = RefId (RefId 없음) / ORef UID 579; ER = RefId (RefId 없음) / ORef UID 581
cyc_int5 ogni 100ms,16,513,Contact,,operand = ON
cyc_int5 ogni 100ms,16,508,CRef,,호출 참조: Control_stechio
