network,block,name,scope,role,role_basis,wire,oref,part,gate,pin,file
331,hmi standard motors,Ingresso_run,Local,read,접점 operand,22,24,23,Contact,operand,sources/decoded-original/0355-FlgNet.xml
331,hmi standard motors,Risposta,Local,write,코일 operand,26,28,27,Coil,operand,sources/decoded-original/0355-FlgNet.xml
331,hmi standard motors,Allarme1,Local,read,접점 operand,32,34,33,Contact,operand,sources/decoded-original/0355-FlgNet.xml
331,hmi standard motors,Allarme2,Local,read,접점 operand,35,37,36,Contact,operand,sources/decoded-original/0355-FlgNet.xml
331,hmi standard motors,Allarme3,Local,read,접점 operand,38,40,39,Contact,operand,sources/decoded-original/0355-FlgNet.xml
331,hmi standard motors,Allarme4,Local,read,접점 operand,45,47,46,Contact,operand,sources/decoded-original/0355-FlgNet.xml
331,hmi standard motors,Allarme5,Local,read,접점 operand,29,31,30,Contact,operand,sources/decoded-original/0355-FlgNet.xml
331,hmi standard motors,Comulativo_allarmi,Local,write,코일 operand,58,60,59,Coil,operand,sources/decoded-original/0355-FlgNet.xml
336,hmi standard motorized valve,,Unknown,read,접점 operand,22,24,23,Contact,operand,sources/decoded-original/0356-FlgNet.xml
336,hmi standard motorized valve,,Unknown,write,코일 operand,26,28,27,Coil,operand,sources/decoded-original/0356-FlgNet.xml
336,hmi standard motorized valve,Ingresso_run_Closing,Local,read,접점 operand,94,91,89,Contact,operand,sources/decoded-original/0356-FlgNet.xml
336,hmi standard motorized valve,Risposta_Closing,Local,write,코일 operand,96,92,90,Coil,operand,sources/decoded-original/0356-FlgNet.xml
336,hmi standard motorized valve,Allarme1,Local,read,접점 operand,32,34,33,Contact,operand,sources/decoded-original/0356-FlgNet.xml
336,hmi standard motorized valve,Allarme2,Local,read,접점 operand,35,37,36,Contact,operand,sources/decoded-original/0356-FlgNet.xml
336,hmi standard motorized valve,Allarme3,Local,read,접점 operand,38,40,39,Contact,operand,sources/decoded-original/0356-FlgNet.xml
336,hmi standard motorized valve,Allarme4,Local,read,접점 operand,45,47,46,Contact,operand,sources/decoded-original/0356-FlgNet.xml
336,hmi standard motorized valve,Allarme5,Local,read,접점 operand,29,31,30,Contact,operand,sources/decoded-original/0356-FlgNet.xml
336,hmi standard motorized valve,Comulativo_allarmi,Local,write,코일 operand,58,60,59,Coil,operand,sources/decoded-original/0356-FlgNet.xml
336,hmi standard motorized valve,Limit_switch_Open,Local,read,접점 operand,102,99,97,Contact,operand,sources/decoded-original/0356-FlgNet.xml
336,hmi standard motorized valve,Limit_Switch_Open_HMI,Local,write,코일 operand,104,100,98,Coil,operand,sources/decoded-original/0356-FlgNet.xml
336,hmi standard motorized valve,Limiti_Switch_Close,Local,read,접점 operand,110,107,105,Contact,operand,sources/decoded-original/0356-FlgNet.xml
336,hmi standard motorized valve,Limit_Switch_Close_HMI,Local,write,코일 operand,112,108,106,Coil,operand,sources/decoded-original/0356-FlgNet.xml
341,hmi pv_1gate,LS_Open,Local,read,접점 operand,22,24,23,Contact,operand,sources/decoded-original/0399-FlgNet.xml
341,hmi pv_1gate,HMI_LS_Open,Local,write,코일 operand,65,67,66,Coil,operand,sources/decoded-original/0399-FlgNet.xml
341,hmi pv_1gate,LS_Close,Local,read,접점 operand,25,27,26,Contact,operand,sources/decoded-original/0399-FlgNet.xml
341,hmi pv_1gate,HMI_LS_Close,Local,write,코일 operand,61,63,62,Coil,operand,sources/decoded-original/0399-FlgNet.xml
341,hmi pv_1gate,Selector,Local,read,접점 operand,28,30,29,Contact,operand,sources/decoded-original/0399-FlgNet.xml
341,hmi pv_1gate,HMI_Selectoor,Local,write,코일 operand,57,59,58,Coil,operand,sources/decoded-original/0399-FlgNet.xml
341,hmi pv_1gate,Allarm1,Local,read,접점 operand,31,33,32,Contact,operand,sources/decoded-original/0399-FlgNet.xml
341,hmi pv_1gate,Allarm2,Local,read,접점 operand,43,38,34,Contact,operand,sources/decoded-original/0399-FlgNet.xml
341,hmi pv_1gate,Allarm3,Local,read,접점 operand,44,39,35,Contact,operand,sources/decoded-original/0399-FlgNet.xml
341,hmi pv_1gate,Allarm4,Local,read,접점 operand,45,40,36,Contact,operand,sources/decoded-original/0399-FlgNet.xml
341,hmi pv_1gate,Allarm5,Local,read,접점 operand,46,41,37,Contact,operand,sources/decoded-original/0399-FlgNet.xml
341,hmi pv_1gate,Total_Allarms,Local,write,코일 operand,53,55,54,Coil,operand,sources/decoded-original/0399-FlgNet.xml
347,hmi pv_2gate,GateA_Open,Local,read,접점 operand,48,35,22,Contact,operand,sources/decoded-original/0400-FlgNet.xml
347,hmi pv_2gate,HMI_GateA_Open,Local,write,코일 operand,50,36,23,Coil,operand,sources/decoded-original/0400-FlgNet.xml
347,hmi pv_2gate,GateA_Close,Local,read,접점 operand,51,37,24,Contact,operand,sources/decoded-original/0400-FlgNet.xml
347,hmi pv_2gate,HMI_GateA_Close,Local,write,코일 operand,53,38,25,Coil,operand,sources/decoded-original/0400-FlgNet.xml
347,hmi pv_2gate,GateB_Open,Local,read,접점 operand,78,73,69,Contact,operand,sources/decoded-original/0400-FlgNet.xml
347,hmi pv_2gate,HMI_GateB_Open,Local,write,코일 operand,80,74,70,Coil,operand,sources/decoded-original/0400-FlgNet.xml
347,hmi pv_2gate,GateB_Close,Local,read,접점 operand,81,75,71,Contact,operand,sources/decoded-original/0400-FlgNet.xml
347,hmi pv_2gate,HMI_GateB_Close,Local,write,코일 operand,83,76,72,Coil,operand,sources/decoded-original/0400-FlgNet.xml
347,hmi pv_2gate,Selector_GateA,Local,read,접점 operand,54,39,26,Contact,operand,sources/decoded-original/0400-FlgNet.xml
347,hmi pv_2gate,HMI_Selector_GateA,Local,write,코일 operand,56,40,27,Coil,operand,sources/decoded-original/0400-FlgNet.xml
347,hmi pv_2gate,Selector_GateB,Local,read,접점 operand,89,86,84,Contact,operand,sources/decoded-original/0400-FlgNet.xml
347,hmi pv_2gate,HMI_Selector_GateB,Local,write,코일 operand,91,87,85,Coil,operand,sources/decoded-original/0400-FlgNet.xml
347,hmi pv_2gate,Allarm1,Local,read,접점 operand,57,41,28,Contact,operand,sources/decoded-original/0400-FlgNet.xml
347,hmi pv_2gate,Allarm2,Local,read,접점 operand,59,42,29,Contact,operand,sources/decoded-original/0400-FlgNet.xml
347,hmi pv_2gate,Allarm3,Local,read,접점 operand,61,43,30,Contact,operand,sources/decoded-original/0400-FlgNet.xml
347,hmi pv_2gate,Allarm4,Local,read,접점 operand,63,44,31,Contact,operand,sources/decoded-original/0400-FlgNet.xml
347,hmi pv_2gate,Allarm5,Local,read,접점 operand,65,45,32,Contact,operand,sources/decoded-original/0400-FlgNet.xml
347,hmi pv_2gate,Allarm6,Local,read,접점 operand,77,92,88,Contact,operand,sources/decoded-original/0400-FlgNet.xml
347,hmi pv_2gate,Allarm7,Local,read,접점 operand,93,95,94,Contact,operand,sources/decoded-original/0400-FlgNet.xml
347,hmi pv_2gate,Total_Allarms,Local,write,코일 operand,68,46,34,Coil,operand,sources/decoded-original/0400-FlgNet.xml
356,hmi output,Tag_280,Global,read,Move in,56,33,22,Move,in,sources/decoded-original/0401-FlgNet.xml
356,hmi output,,Unknown,write,Move out,58,34,22,Move,out1,sources/decoded-original/0401-FlgNet.xml
356,hmi output,Tag_281,Global,read,Move in,59,35,23,Move,in,sources/decoded-original/0401-FlgNet.xml
356,hmi output,,Unknown,write,Move out,61,36,23,Move,out1,sources/decoded-original/0401-FlgNet.xml
356,hmi output,Tag_282,Global,read,Move in,62,37,24,Move,in,sources/decoded-original/0401-FlgNet.xml
356,hmi output,,Unknown,write,Move out,63,38,24,Move,out1,sources/decoded-original/0401-FlgNet.xml
356,hmi output,Tag_283,Global,read,Move in,64,39,25,Move,in,sources/decoded-original/0401-FlgNet.xml
356,hmi output,,Unknown,write,Move out,66,40,25,Move,out1,sources/decoded-original/0401-FlgNet.xml
356,hmi output,Tag_284,Global,read,Move in,67,41,26,Move,in,sources/decoded-original/0401-FlgNet.xml
356,hmi output,,Unknown,write,Move out,69,42,26,Move,out1,sources/decoded-original/0401-FlgNet.xml
356,hmi output,Tag_285,Global,read,Move in,70,43,27,Move,in,sources/decoded-original/0401-FlgNet.xml
356,hmi output,,Unknown,write,Move out,71,44,27,Move,out1,sources/decoded-original/0401-FlgNet.xml
356,hmi output,Tag_286,Global,read,Move in,72,45,28,Move,in,sources/decoded-original/0401-FlgNet.xml
356,hmi output,,Unknown,write,Move out,74,46,28,Move,out1,sources/decoded-original/0401-FlgNet.xml
356,hmi output,Tag_287,Global,read,Move in,75,47,29,Move,in,sources/decoded-original/0401-FlgNet.xml
356,hmi output,,Unknown,write,Move out,77,48,29,Move,out1,sources/decoded-original/0401-FlgNet.xml
356,hmi output,Tag_288,Global,read,Move in,78,49,30,Move,in,sources/decoded-original/0401-FlgNet.xml
356,hmi output,,Unknown,write,Move out,79,50,30,Move,out1,sources/decoded-original/0401-FlgNet.xml
356,hmi output,Tag_289,Global,read,Move in,80,51,31,Move,in,sources/decoded-original/0401-FlgNet.xml
356,hmi output,,Unknown,write,Move out,82,52,31,Move,out1,sources/decoded-original/0401-FlgNet.xml
356,hmi output,Tag_290,Global,read,Move in,83,53,32,Move,in,sources/decoded-original/0401-FlgNet.xml
356,hmi output,,Unknown,write,Move out,84,54,32,Move,out1,sources/decoded-original/0401-FlgNet.xml
356,hmi output,Tag_291,Global,read,Move in,87,89,85,Move,in,sources/decoded-original/0401-FlgNet.xml
356,hmi output,,Unknown,write,Move out,88,90,85,Move,out1,sources/decoded-original/0401-FlgNet.xml
396,cyc_int4 ogni 200ms,OFF,Global,read,접점 operand,81,73,92,Contact,operand,sources/decoded-original/0146-FlgNet.xml
396,cyc_int4 ogni 200ms,Data.Pot_MV02,Global,read,연산 입력 핀,82,74,61,Add,in1,sources/decoded-original/0146-FlgNet.xml
396,cyc_int4 ogni 200ms,Data.Pot_MV02,Global,write,연산 출력 핀,84,76,61,Add,out,sources/decoded-original/0146-FlgNet.xml
396,cyc_int4 ogni 200ms,Data.Pot_MV02,Global,read,비교 입력 핀,85,77,67,Gt,in1,sources/decoded-original/0146-FlgNet.xml
396,cyc_int4 ogni 200ms,Data.Pot_MV02,Global,write,Move out,90,80,70,Move,out1,sources/decoded-original/0146-FlgNet.xml
402,startup only,ON,Global,read,접점 operand,184,167,208,Contact,operand,sources/decoded-original/0147-FlgNet.xml
402,startup only,,Unknown,read,Move in,185,168,138,Move,in,sources/decoded-original/0147-FlgNet.xml
402,startup only,,Unknown,write,Move out,186,169,138,Move,out1,sources/decoded-original/0147-FlgNet.xml
402,startup only,,Unknown,read,Move in,188,170,141,Move,in,sources/decoded-original/0147-FlgNet.xml
402,startup only,,Unknown,write,Move out,189,171,141,Move,out1,sources/decoded-original/0147-FlgNet.xml
402,startup only,,Unknown,read,Move in,191,172,144,Move,in,sources/decoded-original/0147-FlgNet.xml
402,startup only,,Unknown,write,Move out,192,173,144,Move,out1,sources/decoded-original/0147-FlgNet.xml
402,startup only,,Unknown,read,Move in,194,174,147,Move,in,sources/decoded-original/0147-FlgNet.xml
402,startup only,,Unknown,write,Move out,195,175,147,Move,out1,sources/decoded-original/0147-FlgNet.xml
402,startup only,,Unknown,read,Move in,196,176,155,Move,in,sources/decoded-original/0147-FlgNet.xml
402,startup only,,Unknown,write,Move out,197,177,155,Move,out1,sources/decoded-original/0147-FlgNet.xml
402,startup only,,Unknown,read,Move in,199,178,158,Move,in,sources/decoded-original/0147-FlgNet.xml
402,startup only,,Unknown,write,Move out,200,179,158,Move,out1,sources/decoded-original/0147-FlgNet.xml
402,startup only,,Unknown,read,Move in,202,180,161,Move,in,sources/decoded-original/0147-FlgNet.xml
402,startup only,,Unknown,write,Move out,203,181,161,Move,out1,sources/decoded-original/0147-FlgNet.xml
402,startup only,,Unknown,read,Move in,205,182,164,Move,in,sources/decoded-original/0147-FlgNet.xml
402,startup only,,Unknown,write,Move out,206,183,164,Move,out1,sources/decoded-original/0147-FlgNet.xml
403,startup only,ON,Unknown,read,접점 operand,303,284,329,Contact,operand,sources/decoded-original/0148-FlgNet.xml
403,startup only,,Unknown,read,Move in,304,285,250,Move,in,sources/decoded-original/0148-FlgNet.xml
403,startup only,,Unknown,write,Move out,305,286,250,Move,out1,sources/decoded-original/0148-FlgNet.xml
403,startup only,,Unknown,read,Move in,307,287,253,Move,in,sources/decoded-original/0148-FlgNet.xml
403,startup only,,Unknown,write,Move out,308,288,253,Move,out1,sources/decoded-original/0148-FlgNet.xml
403,startup only,,Unknown,read,Move in,310,289,256,Move,in,sources/decoded-original/0148-FlgNet.xml
403,startup only,,Unknown,write,Move out,311,290,256,Move,out1,sources/decoded-original/0148-FlgNet.xml
403,startup only,,Unknown,read,Move in,313,291,259,Move,in,sources/decoded-original/0148-FlgNet.xml
403,startup only,,Unknown,write,Move out,314,292,259,Move,out1,sources/decoded-original/0148-FlgNet.xml
403,startup only,,Unknown,read,Move in,315,293,267,Move,in,sources/decoded-original/0148-FlgNet.xml
403,startup only,,Unknown,write,Move out,316,294,267,Move,out1,sources/decoded-original/0148-FlgNet.xml
403,startup only,,Unknown,read,Move in,318,295,270,Move,in,sources/decoded-original/0148-FlgNet.xml
403,startup only,,Unknown,write,Move out,319,296,270,Move,out1,sources/decoded-original/0148-FlgNet.xml
403,startup only,,Unknown,read,Move in,321,297,273,Move,in,sources/decoded-original/0148-FlgNet.xml
403,startup only,,Unknown,write,Move out,322,298,273,Move,out1,sources/decoded-original/0148-FlgNet.xml
403,startup only,,Unknown,read,Move in,324,299,276,Move,in,sources/decoded-original/0148-FlgNet.xml
403,startup only,,Unknown,write,Move out,325,300,276,Move,out1,sources/decoded-original/0148-FlgNet.xml
403,startup only,,Unknown,read,Move in,326,301,281,Move,in,sources/decoded-original/0148-FlgNet.xml
403,startup only,,Unknown,write,Move out,327,302,281,Move,out1,sources/decoded-original/0148-FlgNet.xml
404,startup only,ON,Global,read,접점 operand,324,314,337,Contact,operand,sources/decoded-original/0149-FlgNet.xml
404,startup only,Flag.MV01_Auto,Global,write,코일 operand,325,315,293,SCoil,operand,sources/decoded-original/0149-FlgNet.xml
404,startup only,ON,Global,read,접점 operand,326,316,339,Contact,operand,sources/decoded-original/0149-FlgNet.xml
404,startup only,Flag.MV02_Auto,Global,write,코일 operand,328,317,297,SCoil,operand,sources/decoded-original/0149-FlgNet.xml
404,startup only,Flag.MV03_Auto,Global,write,코일 operand,329,318,300,SCoil,operand,sources/decoded-original/0149-FlgNet.xml
404,startup only,ON,Global,read,접점 operand,330,319,341,Contact,operand,sources/decoded-original/0149-FlgNet.xml
404,startup only,Flag.MV04_Auto,Global,write,코일 operand,332,320,304,SCoil,operand,sources/decoded-original/0149-FlgNet.xml
404,startup only,Flag.MV05_Auto,Global,write,코일 operand,333,321,307,SCoil,operand,sources/decoded-original/0149-FlgNet.xml
404,startup only,Flag.MV06_Auto,Global,write,코일 operand,334,322,310,SCoil,operand,sources/decoded-original/0149-FlgNet.xml
404,startup only,Flag.FN_04_AUTO,Global,write,코일 operand,335,323,313,SCoil,operand,sources/decoded-original/0149-FlgNet.xml
405,startup only,ON,Global,read,접점 operand,319,313,326,Contact,operand,sources/decoded-original/0150-FlgNet.xml
405,startup only,Flag.PV_02_GATE_A_MEM_CLOSE,Global,write,코일 operand,320,314,303,SCoil,operand,sources/decoded-original/0150-FlgNet.xml
405,startup only,Flag.PV_02_GATE_B_MEM_CLOSE,Global,write,코일 operand,321,315,305,SCoil,operand,sources/decoded-original/0150-FlgNet.xml
405,startup only,Flag.PV_01_GATE_A_MEM_CLOSE,Global,write,코일 operand,322,316,307,SCoil,operand,sources/decoded-original/0150-FlgNet.xml
405,startup only,Flag.PV_01_GATE_B_MEM_CLOSE,Global,write,코일 operand,323,317,309,SCoil,operand,sources/decoded-original/0150-FlgNet.xml
405,startup only,Flag.PV_03_GATE_MEM_CLOSE,Global,write,코일 operand,324,318,311,SCoil,operand,sources/decoded-original/0150-FlgNet.xml
410,motor/alarm client,ON,Global,read,접점 operand,58,52,67,Contact,operand,sources/decoded-original/0220-FlgNet.xml
410,motor/alarm client,APRON CONVEYOR A FAULT,Global,read,접점 operand,59,53,69,Contact,operand,sources/decoded-original/0220-FlgNet.xml
410,motor/alarm client,Allarm.motor_client_01_fault,Global,write,코일 operand,61,54,46,SCoil,operand,sources/decoded-original/0220-FlgNet.xml
410,motor/alarm client,APRON CONVEYOR A FAULT,Global,read,접점 operand,62,55,71,Contact,operand,sources/decoded-original/0220-FlgNet.xml
410,motor/alarm client,Flag.RESET_ALLARM,Global,read,접점 operand,63,56,73,Contact,operand,sources/decoded-original/0220-FlgNet.xml
410,motor/alarm client,Allarm.motor_client_01_fault,Global,write,코일 operand,65,57,51,RCoil,operand,sources/decoded-original/0220-FlgNet.xml
411,motor/alarm client,ON,Global,read,접점 operand,76,70,85,Contact,operand,sources/decoded-original/0221-FlgNet.xml
411,motor/alarm client,IMPACTOR FAULT,Global,read,접점 operand,77,71,87,Contact,operand,sources/decoded-original/0221-FlgNet.xml
411,motor/alarm client,Allarm.motor_client_02_fault,Global,write,코일 operand,79,72,64,SCoil,operand,sources/decoded-original/0221-FlgNet.xml
411,motor/alarm client,IMPACTOR FAULT,Global,read,접점 operand,80,73,89,Contact,operand,sources/decoded-original/0221-FlgNet.xml
411,motor/alarm client,Flag.RESET_ALLARM,Global,read,접점 operand,81,74,91,Contact,operand,sources/decoded-original/0221-FlgNet.xml
411,motor/alarm client,Allarm.motor_client_02_fault,Global,write,코일 operand,83,75,69,RCoil,operand,sources/decoded-original/0221-FlgNet.xml
412,motor/alarm client,ON,Global,read,접점 operand,94,88,103,Contact,operand,sources/decoded-original/0222-FlgNet.xml
412,motor/alarm client,IMPACT VIBRATIONFEEDER FAULT,Global,read,접점 operand,95,89,105,Contact,operand,sources/decoded-original/0222-FlgNet.xml
412,motor/alarm client,Allarm.motor_client_03_fault,Global,write,코일 operand,97,90,82,SCoil,operand,sources/decoded-original/0222-FlgNet.xml
412,motor/alarm client,IMPACT VIBRATIONFEEDER FAULT,Global,read,접점 operand,98,91,107,Contact,operand,sources/decoded-original/0222-FlgNet.xml
412,motor/alarm client,Flag.RESET_ALLARM,Global,read,접점 operand,99,92,109,Contact,operand,sources/decoded-original/0222-FlgNet.xml
412,motor/alarm client,Allarm.motor_client_03_fault,Global,write,코일 operand,101,93,87,RCoil,operand,sources/decoded-original/0222-FlgNet.xml
413,motor/alarm client,ON,Global,read,접점 operand,112,106,121,Contact,operand,sources/decoded-original/0223-FlgNet.xml
413,motor/alarm client,BELT CONVEYOR  A FAULT,Global,read,접점 operand,113,107,123,Contact,operand,sources/decoded-original/0223-FlgNet.xml
413,motor/alarm client,Allarm.motor_client_04_fault,Global,write,코일 operand,115,108,100,SCoil,operand,sources/decoded-original/0223-FlgNet.xml
413,motor/alarm client,BELT CONVEYOR  A FAULT,Global,read,접점 operand,116,109,125,Contact,operand,sources/decoded-original/0223-FlgNet.xml
413,motor/alarm client,Flag.RESET_ALLARM,Global,read,접점 operand,117,110,127,Contact,operand,sources/decoded-original/0223-FlgNet.xml
413,motor/alarm client,Allarm.motor_client_04_fault,Global,write,코일 operand,119,111,105,RCoil,operand,sources/decoded-original/0223-FlgNet.xml
414,motor/alarm client,ON,Global,read,접점 operand,130,124,139,Contact,operand,sources/decoded-original/0224-FlgNet.xml
414,motor/alarm client,AIR KNIFE FAULT,Global,read,접점 operand,131,125,141,Contact,operand,sources/decoded-original/0224-FlgNet.xml
414,motor/alarm client,Allarm.motor_client_05_fault,Global,write,코일 operand,133,126,118,SCoil,operand,sources/decoded-original/0224-FlgNet.xml
414,motor/alarm client,AIR KNIFE FAULT,Global,read,접점 operand,134,127,143,Contact,operand,sources/decoded-original/0224-FlgNet.xml
414,motor/alarm client,Flag.RESET_ALLARM,Global,read,접점 operand,135,128,145,Contact,operand,sources/decoded-original/0224-FlgNet.xml
414,motor/alarm client,Allarm.motor_client_05_fault,Global,write,코일 operand,137,129,123,RCoil,operand,sources/decoded-original/0224-FlgNet.xml
415,motor/alarm client,ON,Global,read,접점 operand,148,142,157,Contact,operand,sources/decoded-original/0225-FlgNet.xml
415,motor/alarm client,BELT CONVEYOR B FAULT,Global,read,접점 operand,149,143,159,Contact,operand,sources/decoded-original/0225-FlgNet.xml
415,motor/alarm client,Allarm.motor_client_06_fault,Global,write,코일 operand,151,144,136,SCoil,operand,sources/decoded-original/0225-FlgNet.xml
415,motor/alarm client,BELT CONVEYOR B FAULT,Global,read,접점 operand,152,145,161,Contact,operand,sources/decoded-original/0225-FlgNet.xml
415,motor/alarm client,Flag.RESET_ALLARM,Global,read,접점 operand,153,146,163,Contact,operand,sources/decoded-original/0225-FlgNet.xml
415,motor/alarm client,Allarm.motor_client_06_fault,Global,write,코일 operand,155,147,141,RCoil,operand,sources/decoded-original/0225-FlgNet.xml
416,motor/alarm client,ON,Global,read,접점 operand,166,160,175,Contact,operand,sources/decoded-original/0226-FlgNet.xml
416,motor/alarm client,SHREDDER 1 FAULT,Global,read,접점 operand,167,161,177,Contact,operand,sources/decoded-original/0226-FlgNet.xml
416,motor/alarm client,Allarm.motor_client_07_fault,Global,write,코일 operand,169,162,154,SCoil,operand,sources/decoded-original/0226-FlgNet.xml
416,motor/alarm client,SHREDDER 1 FAULT,Global,read,접점 operand,170,163,179,Contact,operand,sources/decoded-original/0226-FlgNet.xml
416,motor/alarm client,Flag.RESET_ALLARM,Global,read,접점 operand,171,164,181,Contact,operand,sources/decoded-original/0226-FlgNet.xml
416,motor/alarm client,Allarm.motor_client_07_fault,Global,write,코일 operand,173,165,159,RCoil,operand,sources/decoded-original/0226-FlgNet.xml
417,motor/alarm client,ON,Global,read,접점 operand,184,178,193,Contact,operand,sources/decoded-original/0227-FlgNet.xml
417,motor/alarm client,SHREDDER VIBRATIONFEEDER FAULT,Global,read,접점 operand,185,179,195,Contact,operand,sources/decoded-original/0227-FlgNet.xml
417,motor/alarm client,Allarm.motor_client_08_fault,Global,write,코일 operand,187,180,172,SCoil,operand,sources/decoded-original/0227-FlgNet.xml
417,motor/alarm client,SHREDDER VIBRATIONFEEDER FAULT,Global,read,접점 operand,188,181,197,Contact,operand,sources/decoded-original/0227-FlgNet.xml
417,motor/alarm client,Flag.RESET_ALLARM,Global,read,접점 operand,189,182,199,Contact,operand,sources/decoded-original/0227-FlgNet.xml
417,motor/alarm client,Allarm.motor_client_08_fault,Global,write,코일 operand,191,183,177,RCoil,operand,sources/decoded-original/0227-FlgNet.xml
418,motor/alarm client,ON,Global,read,접점 operand,202,196,211,Contact,operand,sources/decoded-original/0228-FlgNet.xml
418,motor/alarm client,BELT CONVEYOR C FAULT,Global,read,접점 operand,203,197,213,Contact,operand,sources/decoded-original/0228-FlgNet.xml
418,motor/alarm client,Allarm.motor_client_09_fault,Global,write,코일 operand,205,198,190,SCoil,operand,sources/decoded-original/0228-FlgNet.xml
418,motor/alarm client,BELT CONVEYOR C FAULT,Global,read,접점 operand,206,199,215,Contact,operand,sources/decoded-original/0228-FlgNet.xml
418,motor/alarm client,Flag.RESET_ALLARM,Global,read,접점 operand,207,200,217,Contact,operand,sources/decoded-original/0228-FlgNet.xml
418,motor/alarm client,Allarm.motor_client_09_fault,Global,write,코일 operand,209,201,195,RCoil,operand,sources/decoded-original/0228-FlgNet.xml
419,motor/alarm client,ON,Global,read,접점 operand,220,214,229,Contact,operand,sources/decoded-original/0229-FlgNet.xml
419,motor/alarm client,ROTEX SCREENFAULT,Global,read,접점 operand,221,215,231,Contact,operand,sources/decoded-original/0229-FlgNet.xml
419,motor/alarm client,Allarm.motor_client_10_fault,Global,write,코일 operand,223,216,208,SCoil,operand,sources/decoded-original/0229-FlgNet.xml
419,motor/alarm client,ROTEX SCREENFAULT,Global,read,접점 operand,224,217,233,Contact,operand,sources/decoded-original/0229-FlgNet.xml
419,motor/alarm client,Flag.RESET_ALLARM,Global,read,접점 operand,225,218,235,Contact,operand,sources/decoded-original/0229-FlgNet.xml
419,motor/alarm client,Allarm.motor_client_10_fault,Global,write,코일 operand,227,219,213,RCoil,operand,sources/decoded-original/0229-FlgNet.xml
420,motor/alarm client,ON,Global,read,접점 operand,274,268,283,Contact,operand,sources/decoded-original/0230-FlgNet.xml
420,motor/alarm client,APRON CONVEYOR B FAULT,Global,read,접점 operand,275,269,285,Contact,operand,sources/decoded-original/0230-FlgNet.xml
420,motor/alarm client,Allarm.motor_client_13_fault,Global,write,코일 operand,277,270,262,SCoil,operand,sources/decoded-original/0230-FlgNet.xml
420,motor/alarm client,APRON CONVEYOR B FAULT,Global,read,접점 operand,278,271,287,Contact,operand,sources/decoded-original/0230-FlgNet.xml
420,motor/alarm client,Flag.RESET_ALLARM,Global,read,접점 operand,279,272,289,Contact,operand,sources/decoded-original/0230-FlgNet.xml
420,motor/alarm client,Allarm.motor_client_13_fault,Global,write,코일 operand,281,273,267,RCoil,operand,sources/decoded-original/0230-FlgNet.xml
421,motor/alarm client,ON,Global,read,접점 operand,292,286,301,Contact,operand,sources/decoded-original/0231-FlgNet.xml
421,motor/alarm client,SHREDDER 2FAULT,Global,read,접점 operand,293,287,303,Contact,operand,sources/decoded-original/0231-FlgNet.xml
421,motor/alarm client,Allarm.motor_client_14_fault,Global,write,코일 operand,295,288,280,SCoil,operand,sources/decoded-original/0231-FlgNet.xml
421,motor/alarm client,SHREDDER 2FAULT,Global,read,접점 operand,296,289,305,Contact,operand,sources/decoded-original/0231-FlgNet.xml
421,motor/alarm client,Flag.RESET_ALLARM,Global,read,접점 operand,297,290,307,Contact,operand,sources/decoded-original/0231-FlgNet.xml
421,motor/alarm client,Allarm.motor_client_14_fault,Global,write,코일 operand,299,291,285,RCoil,operand,sources/decoded-original/0231-FlgNet.xml
422,motor/alarm client,ON,Global,read,접점 operand,310,304,319,Contact,operand,sources/decoded-original/0232-FlgNet.xml
422,motor/alarm client,BELT COVEYOR  D FAULT,Global,read,접점 operand,311,305,321,Contact,operand,sources/decoded-original/0232-FlgNet.xml
422,motor/alarm client,Allarm.motor_client_15_fault,Global,write,코일 operand,313,306,298,SCoil,operand,sources/decoded-original/0232-FlgNet.xml
422,motor/alarm client,BELT COVEYOR  D FAULT,Global,read,접점 operand,314,307,323,Contact,operand,sources/decoded-original/0232-FlgNet.xml
422,motor/alarm client,Flag.RESET_ALLARM,Global,read,접점 operand,315,308,325,Contact,operand,sources/decoded-original/0232-FlgNet.xml
422,motor/alarm client,Allarm.motor_client_15_fault,Global,write,코일 operand,317,309,303,RCoil,operand,sources/decoded-original/0232-FlgNet.xml
423,motor/alarm client,ON,Global,read,접점 operand,328,322,337,Contact,operand,sources/decoded-original/0233-FlgNet.xml
423,motor/alarm client,BELT CONVEYOR  E FAULT,Global,read,접점 operand,329,323,339,Contact,operand,sources/decoded-original/0233-FlgNet.xml
423,motor/alarm client,Allarm.motor_client_16_fault,Global,write,코일 operand,331,324,316,SCoil,operand,sources/decoded-original/0233-FlgNet.xml
423,motor/alarm client,BELT CONVEYOR  E FAULT,Global,read,접점 operand,332,325,341,Contact,operand,sources/decoded-original/0233-FlgNet.xml
423,motor/alarm client,Flag.RESET_ALLARM,Global,read,접점 operand,333,326,343,Contact,operand,sources/decoded-original/0233-FlgNet.xml
423,motor/alarm client,Allarm.motor_client_16_fault,Global,write,코일 operand,335,327,321,RCoil,operand,sources/decoded-original/0233-FlgNet.xml
424,motor/alarm client,ON,Global,read,접점 operand,346,340,355,Contact,operand,sources/decoded-original/0234-FlgNet.xml
424,motor/alarm client,WEIGHTING HOPPER 2FAULT,Global,read,접점 operand,347,341,357,Contact,operand,sources/decoded-original/0234-FlgNet.xml
424,motor/alarm client,Allarm.motor_client_17_fault,Global,write,코일 operand,349,342,334,SCoil,operand,sources/decoded-original/0234-FlgNet.xml
424,motor/alarm client,WEIGHTING HOPPER 2FAULT,Global,read,접점 operand,350,343,359,Contact,operand,sources/decoded-original/0234-FlgNet.xml
424,motor/alarm client,Flag.RESET_ALLARM,Global,read,접점 operand,351,344,361,Contact,operand,sources/decoded-original/0234-FlgNet.xml
424,motor/alarm client,Allarm.motor_client_17_fault,Global,write,코일 operand,353,345,339,RCoil,operand,sources/decoded-original/0234-FlgNet.xml
425,motor/alarm client,ON,Global,read,접점 operand,364,358,373,Contact,operand,sources/decoded-original/0235-FlgNet.xml
425,motor/alarm client,HOPPER CONVEYOR 2FAULT,Global,read,접점 operand,365,359,375,Contact,operand,sources/decoded-original/0235-FlgNet.xml
425,motor/alarm client,Allarm.motor_client_18_fault,Global,write,코일 operand,367,360,352,SCoil,operand,sources/decoded-original/0235-FlgNet.xml
425,motor/alarm client,HOPPER CONVEYOR 2FAULT,Global,read,접점 operand,368,361,377,Contact,operand,sources/decoded-original/0235-FlgNet.xml
425,motor/alarm client,Flag.RESET_ALLARM,Global,read,접점 operand,369,362,379,Contact,operand,sources/decoded-original/0235-FlgNet.xml
425,motor/alarm client,Allarm.motor_client_18_fault,Global,write,코일 operand,371,363,357,RCoil,operand,sources/decoded-original/0235-FlgNet.xml
426,motor/alarm client,ON,Global,read,접점 operand,382,376,391,Contact,operand,sources/decoded-original/0236-FlgNet.xml
426,motor/alarm client,PRIMARYSHREDDER RUN,Global,read,접점 operand,383,377,393,Contact,operand,sources/decoded-original/0236-FlgNet.xml
426,motor/alarm client,Allarm.motor_client_19_fault,Global,write,코일 operand,385,378,370,SCoil,operand,sources/decoded-original/0236-FlgNet.xml
426,motor/alarm client,PRIMARYSHREDDER RUN,Global,read,접점 operand,386,379,395,Contact,operand,sources/decoded-original/0236-FlgNet.xml
426,motor/alarm client,Flag.RESET_ALLARM,Global,read,접점 operand,387,380,397,Contact,operand,sources/decoded-original/0236-FlgNet.xml
426,motor/alarm client,Allarm.motor_client_19_fault,Global,write,코일 operand,389,381,375,RCoil,operand,sources/decoded-original/0236-FlgNet.xml
434,i/o_flt1,ON,Global,read,접점 operand,31,29,33,Contact,operand,sources/decoded-original/0000-FlgNet.xml
434,i/o_flt1,I/O FLT,Global,write,코일 operand,32,30,28,SCoil,operand,sources/decoded-original/0000-FlgNet.xml
439,mod_err,ON,Global,read,접점 operand,31,29,33,Contact,operand,sources/decoded-original/0001-FlgNet.xml
439,mod_err,Module Access FLT,Global,write,코일 operand,32,30,28,SCoil,operand,sources/decoded-original/0001-FlgNet.xml
444,prog_err,ON,Global,read,접점 operand,31,29,33,Contact,operand,sources/decoded-original/0002-FlgNet.xml
444,prog_err,Prog FAULT,Global,write,코일 operand,32,30,28,SCoil,operand,sources/decoded-original/0002-FlgNet.xml
449,tod_int0,ON,Global,read,접점 operand,31,29,33,Contact,operand,sources/decoded-original/0004-FlgNet.xml
449,tod_int0,Tag_191,Global,write,코일 operand,32,30,28,SCoil,operand,sources/decoded-original/0004-FlgNet.xml
765,rack_flt,ON,Global,read,접점 operand,31,29,33,Contact,operand,sources/decoded-original/0003-FlgNet.xml
765,rack_flt,Rack FAULT,Global,write,코일 operand,32,30,28,SCoil,operand,sources/decoded-original/0003-FlgNet.xml
927,allarm manager,Flag.RESET_ALLARM,Global,read,접점 operand,191,170,213,Contact,operand,sources/decoded-original/0151-FlgNet.xml
927,allarm manager,Flag.RUN_HORN,Global,read,접점 operand,192,171,215,Contact,operand,sources/decoded-original/0151-FlgNet.xml
927,allarm manager,Flag.STOP_HORN,Global,read,접점 operand,193,172,217,Contact,operand,sources/decoded-original/0151-FlgNet.xml
927,allarm manager,,Unknown,read,Move in,194,173,127,Move,in,sources/decoded-original/0151-FlgNet.xml
927,allarm manager,WorkData.W0,Global,write,Move out,195,174,127,Move,out1,sources/decoded-original/0151-FlgNet.xml
927,allarm manager,,Unknown,read,Move in,196,175,132,Move,in,sources/decoded-original/0151-FlgNet.xml
927,allarm manager,WorkData.W1,Global,write,Move out,197,176,132,Move,out1,sources/decoded-original/0151-FlgNet.xml
927,allarm manager,,Unknown,read,Move in,198,177,137,Move,in,sources/decoded-original/0151-FlgNet.xml
927,allarm manager,WorkData.W2,Global,write,Move out,199,178,137,Move,out1,sources/decoded-original/0151-FlgNet.xml
927,allarm manager,,Unknown,read,Move in,200,179,142,Move,in,sources/decoded-original/0151-FlgNet.xml
927,allarm manager,WorkData.W3,Global,write,Move out,201,180,142,Move,out1,sources/decoded-original/0151-FlgNet.xml
927,allarm manager,,Unknown,read,Move in,202,181,147,Move,in,sources/decoded-original/0151-FlgNet.xml
927,allarm manager,WorkData.W4,Global,write,Move out,203,182,147,Move,out1,sources/decoded-original/0151-FlgNet.xml
927,allarm manager,,Unknown,read,Move in,204,183,152,Move,in,sources/decoded-original/0151-FlgNet.xml
927,allarm manager,WorkData.W15,Global,write,Move out,205,184,152,Move,out1,sources/decoded-original/0151-FlgNet.xml
927,allarm manager,,Unknown,read,Move in,206,185,157,Move,in,sources/decoded-original/0151-FlgNet.xml
927,allarm manager,WorkData.W16,Global,write,Move out,207,186,157,Move,out1,sources/decoded-original/0151-FlgNet.xml
927,allarm manager,,Unknown,read,Move in,208,187,162,Move,in,sources/decoded-original/0151-FlgNet.xml
927,allarm manager,WorkData.W17,Global,write,Move out,209,188,162,Move,out1,sources/decoded-original/0151-FlgNet.xml
927,allarm manager,,Unknown,read,Move in,210,189,167,Move,in,sources/decoded-original/0151-FlgNet.xml
927,allarm manager,WorkData.W18,Global,write,Move out,211,190,167,Move,out1,sources/decoded-original/0151-FlgNet.xml
928,allarm manager,,Unknown,read,비교 입력 핀,240,220,191,Ne,in1,sources/decoded-original/0152-FlgNet.xml
928,allarm manager,WorkData.W0,Global,read,비교 입력 핀,241,221,191,Ne,in2,sources/decoded-original/0152-FlgNet.xml
928,allarm manager,,Unknown,read,비교 입력 핀,243,222,194,Ne,in1,sources/decoded-original/0152-FlgNet.xml
928,allarm manager,WorkData.W1,Global,read,비교 입력 핀,244,223,194,Ne,in2,sources/decoded-original/0152-FlgNet.xml
928,allarm manager,,Unknown,read,비교 입력 핀,246,224,197,Ne,in1,sources/decoded-original/0152-FlgNet.xml
928,allarm manager,WorkData.W2,Global,read,비교 입력 핀,247,225,197,Ne,in2,sources/decoded-original/0152-FlgNet.xml
928,allarm manager,,Unknown,read,비교 입력 핀,249,226,200,Ne,in1,sources/decoded-original/0152-FlgNet.xml
928,allarm manager,WorkData.W3,Global,read,비교 입력 핀,250,227,200,Ne,in2,sources/decoded-original/0152-FlgNet.xml
928,allarm manager,,Unknown,read,비교 입력 핀,252,228,203,Ne,in1,sources/decoded-original/0152-FlgNet.xml
928,allarm manager,WorkData.W4,Global,read,비교 입력 핀,253,229,203,Ne,in2,sources/decoded-original/0152-FlgNet.xml
928,allarm manager,,Unknown,read,비교 입력 핀,255,230,206,Ne,in1,sources/decoded-original/0152-FlgNet.xml
928,allarm manager,WorkData.W15,Global,read,비교 입력 핀,256,231,206,Ne,in2,sources/decoded-original/0152-FlgNet.xml
928,allarm manager,,Unknown,read,비교 입력 핀,258,232,209,Ne,in1,sources/decoded-original/0152-FlgNet.xml
928,allarm manager,WorkData.W16,Global,read,비교 입력 핀,259,233,209,Ne,in2,sources/decoded-original/0152-FlgNet.xml
928,allarm manager,,Unknown,read,비교 입력 핀,261,234,212,Ne,in1,sources/decoded-original/0152-FlgNet.xml
928,allarm manager,WorkData.W17,Global,read,비교 입력 핀,262,235,212,Ne,in2,sources/decoded-original/0152-FlgNet.xml
928,allarm manager,,Unknown,read,비교 입력 핀,264,236,215,Ne,in1,sources/decoded-original/0152-FlgNet.xml
928,allarm manager,WorkData.W18,Global,read,비교 입력 핀,265,237,215,Ne,in2,sources/decoded-original/0152-FlgNet.xml
928,allarm manager,Flag.STOP_HORN,Global,read,접점 operand,268,238,271,Contact,operand,sources/decoded-original/0152-FlgNet.xml
928,allarm manager,Flag.NEW_ALLARM,Global,write,코일 operand,270,239,219,Coil,operand,sources/decoded-original/0152-FlgNet.xml
929,allarm manager,Flag.NEW_ALLARM,Global,read,접점 operand,213,208,219,Contact,operand,sources/decoded-original/0153-FlgNet.xml
929,allarm manager,Flag.RESET_ALLARM,Global,read,접점 operand,214,209,221,Contact,operand,sources/decoded-original/0153-FlgNet.xml
929,allarm manager,Flag.STOP_HORN,Global,read,접점 operand,215,210,223,Contact,operand,sources/decoded-original/0153-FlgNet.xml
929,allarm manager,Flag.RUN_HORN,Global,write,코일 operand,216,211,204,SCoil,operand,sources/decoded-original/0153-FlgNet.xml
929,allarm manager,Flag.NEW_ALLARM,Global,write,코일 operand,217,212,206,RCoil,operand,sources/decoded-original/0153-FlgNet.xml
930,allarm manager,Inputs.Reset_allarmi,Global,read,접점 operand,22,24,23,Contact,operand,sources/decoded-original/0158-FlgNet.xml
930,allarm manager,Flag.Reset_Allarms_HMI,Global,read,접점 operand,25,27,26,Contact,operand,sources/decoded-original/0158-FlgNet.xml
930,allarm manager,Flag.RESET_ALLARM,Global,write,코일 operand,36,37,33,SCoil,operand,sources/decoded-original/0158-FlgNet.xml
930,allarm manager,Flag.Reset_Allarms_HMI,Global,write,코일 operand,42,43,40,RCoil,operand,sources/decoded-original/0158-FlgNet.xml
930,allarm manager,,Unknown,pending,호출 방향·미분류 핀 확인 필요,69,71,64,CRef,ET,sources/decoded-original/0158-FlgNet.xml
930,allarm manager,103A7,Global,write,코일 operand,62,63,48,Coil,operand,sources/decoded-original/0158-FlgNet.xml
930,allarm manager,,Unknown,pending,호출 방향·미분류 핀 확인 필요,79,76,73,CRef,ET,sources/decoded-original/0158-FlgNet.xml
930,allarm manager,Reset_Inverter,Global,write,코일 operand,51,55,60,Coil,operand,sources/decoded-original/0158-FlgNet.xml
930,allarm manager,Inputs.Tacitazione,Global,read,접점 operand,31,34,32,Contact,operand,sources/decoded-original/0158-FlgNet.xml
930,allarm manager,Flag.Stop_horn_HMI,Global,read,접점 operand,35,41,39,Contact,operand,sources/decoded-original/0158-FlgNet.xml
930,allarm manager,Flag.STOP_HORN,Global,write,코일 operand,52,53,49,SCoil,operand,sources/decoded-original/0158-FlgNet.xml
930,allarm manager,Flag.Stop_horn_HMI,Global,write,코일 operand,58,59,56,RCoil,operand,sources/decoded-original/0158-FlgNet.xml
931,allarm manager,Flag.RESET_ALLARM,Global,read,접점 operand,249,241,259,Contact,operand,sources/decoded-original/0154-FlgNet.xml
931,allarm manager,Flag.STOP_HORN,Global,read,접점 operand,250,242,261,Contact,operand,sources/decoded-original/0154-FlgNet.xml
931,allarm manager,Tag_160,Global,write,코일 operand,252,244,229,SdCoil,operand,sources/decoded-original/0154-FlgNet.xml
931,allarm manager,Tag_160,Global,read,접점 operand,253,245,263,Contact,operand,sources/decoded-original/0154-FlgNet.xml
931,allarm manager,Flag.RESET_ALLARM,Global,write,코일 operand,254,246,235,RCoil,operand,sources/decoded-original/0154-FlgNet.xml
931,allarm manager,Flag.STOP_HORN,Global,write,코일 operand,255,247,237,RCoil,operand,sources/decoded-original/0154-FlgNet.xml
931,allarm manager,Blinking Ligh,Global,write,코일 operand,256,248,239,RCoil,operand,sources/decoded-original/0154-FlgNet.xml
932,allarm manager,Data.Siren_time,Global,pending,호출 방향·미분류 핀 확인 필요,24,25,23,CRef,KF,sources/decoded-original/0005-FlgNet.xml
932,allarm manager,Data.SIREN_WORK_TIME,Global,write,식별 원본 AK=Write · 호출 방향/인터페이스 추가 확인,28,29,23,CRef,KT,sources/decoded-original/0005-FlgNet.xml
933,allarm manager,Flag.RUN_HORN,Global,read,접점 operand,284,275,296,Contact,operand,sources/decoded-original/0155-FlgNet.xml
933,allarm manager,Flag.M_HORN,Global,read,접점 operand,285,276,298,Contact,operand,sources/decoded-original/0155-FlgNet.xml
933,allarm manager,Data.SIREN_WORK_TIME,Global,read,타이머 설정 value,286,277,261,SdCoil,value,sources/decoded-original/0155-FlgNet.xml
933,allarm manager,Tag_161,Global,write,코일 operand,287,278,261,SdCoil,operand,sources/decoded-original/0155-FlgNet.xml
933,allarm manager,Siren,Global,write,코일 operand,288,279,265,Coil,operand,sources/decoded-original/0155-FlgNet.xml
933,allarm manager,PLS M50.2,Global,pending,호출 방향·미분류 핀 확인 필요,289,280,268,PBox,bit,sources/decoded-original/0155-FlgNet.xml
933,allarm manager,Blinking Ligh,Global,write,코일 operand,291,281,270,SCoil,operand,sources/decoded-original/0155-FlgNet.xml
933,allarm manager,Tag_161,Global,read,접점 operand,292,282,300,Contact,operand,sources/decoded-original/0155-FlgNet.xml
933,allarm manager,Flag.RUN_HORN,Global,write,코일 operand,294,283,274,RCoil,operand,sources/decoded-original/0155-FlgNet.xml
934,allarm manager,ON,Global,read,접점 operand,295,288,305,Contact,operand,sources/decoded-original/0156-FlgNet.xml
934,allarm manager,Tag_162,Global,read,접점 operand,296,289,307,Contact,operand,sources/decoded-original/0156-FlgNet.xml
934,allarm manager,Flag.M_TDPRO_REPORT,Global,write,코일 operand,298,290,281,SCoil,operand,sources/decoded-original/0156-FlgNet.xml
934,allarm manager,Flag.M_TDPRO_REPORT,Global,read,접점 operand,300,292,309,Contact,operand,sources/decoded-original/0156-FlgNet.xml
934,allarm manager,Tag_162,Global,read,접점 operand,301,293,311,Contact,operand,sources/decoded-original/0156-FlgNet.xml
934,allarm manager,Tag_162,Global,write,코일 operand,303,294,286,SdCoil,operand,sources/decoded-original/0156-FlgNet.xml
935,allarm manager,ON,Global,read,접점 operand,326,319,335,Contact,operand,sources/decoded-original/0157-FlgNet.xml
935,allarm manager,Flag.M_TDPRO_REPORT,Global,read,접점 operand,327,320,337,Contact,operand,sources/decoded-original/0157-FlgNet.xml
935,allarm manager,PLS 50_5,Global,pending,호출 방향·미분류 핀 확인 필요,329,321,306,PBox,bit,sources/decoded-original/0157-FlgNet.xml
935,allarm manager,Data.BWF01_count_rep,Global,write,Move out,331,323,311,Move,out1,sources/decoded-original/0157-FlgNet.xml
935,allarm manager,Data.BWF02_count_rep,Global,write,Move out,333,325,316,Move,out1,sources/decoded-original/0157-FlgNet.xml
1002,time work motor,Tag_47,Global,read,접점 operand,111,99,128,Contact,operand,sources/decoded-original/0292-FlgNet.xml
1002,time work motor,APRON CONVEYOR A RUN,Global,read,접점 operand,112,100,130,Contact,operand,sources/decoded-original/0292-FlgNet.xml
1002,time work motor,hours motors.CLIENT_MOTOR_1_MIN,Global,read,연산 입력 핀,113,101,82,Add,in1,sources/decoded-original/0292-FlgNet.xml
1002,time work motor,hours motors.CLIENT_MOTOR_1_MIN,Global,write,연산 출력 핀,115,103,82,Add,out,sources/decoded-original/0292-FlgNet.xml
1002,time work motor,hours motors.CLIENT_MOTOR_1_MIN,Global,read,비교 입력 핀,116,104,89,Ge,in1,sources/decoded-original/0292-FlgNet.xml
1002,time work motor,hours motors.CLIENT_MOTOR_1_HOUR,Global,write,Move out,121,107,92,Move,out1,sources/decoded-original/0292-FlgNet.xml
1002,time work motor,hours motors.CLIENT_MOTOR_1_MIN,Global,write,Move out,124,109,95,Move,out1,sources/decoded-original/0292-FlgNet.xml
1002,time work motor,Flag_Aggiorna_DB,Global,write,코일 operand,126,110,98,SCoil,operand,sources/decoded-original/0292-FlgNet.xml
1003,time work motor,Tag_47,Global,read,접점 operand,165,153,182,Contact,operand,sources/decoded-original/0293-FlgNet.xml
1003,time work motor,IMPACTOR RUN,Global,read,접점 operand,166,154,184,Contact,operand,sources/decoded-original/0293-FlgNet.xml
1003,time work motor,hours motors.CLIENT_MOTOR_2_MIN,Global,read,연산 입력 핀,167,155,136,Add,in1,sources/decoded-original/0293-FlgNet.xml
1003,time work motor,hours motors.CLIENT_MOTOR_2_MIN,Global,write,연산 출력 핀,169,157,136,Add,out,sources/decoded-original/0293-FlgNet.xml
1003,time work motor,hours motors.CLIENT_MOTOR_2_MIN,Global,read,비교 입력 핀,170,158,143,Ge,in1,sources/decoded-original/0293-FlgNet.xml
1003,time work motor,hours motors.CLIENT_MOTOR_2_HOUR,Global,write,Move out,175,161,146,Move,out1,sources/decoded-original/0293-FlgNet.xml
1003,time work motor,hours motors.CLIENT_MOTOR_2_MIN,Global,write,Move out,178,163,149,Move,out1,sources/decoded-original/0293-FlgNet.xml
1003,time work motor,Flag_Aggiorna_DB,Global,write,코일 operand,180,164,152,SCoil,operand,sources/decoded-original/0293-FlgNet.xml
1004,time work motor,Tag_47,Global,read,접점 operand,219,207,236,Contact,operand,sources/decoded-original/0294-FlgNet.xml
1004,time work motor,IMPACT VIBRATIONFEEDER RUN,Global,read,접점 operand,220,208,238,Contact,operand,sources/decoded-original/0294-FlgNet.xml
1004,time work motor,hours motors.CLIENT_MOTOR_3_MIN,Global,read,연산 입력 핀,221,209,190,Add,in1,sources/decoded-original/0294-FlgNet.xml
1004,time work motor,hours motors.CLIENT_MOTOR_3_MIN,Global,write,연산 출력 핀,223,211,190,Add,out,sources/decoded-original/0294-FlgNet.xml
1004,time work motor,hours motors.CLIENT_MOTOR_3_MIN,Global,read,비교 입력 핀,224,212,197,Ge,in1,sources/decoded-original/0294-FlgNet.xml
1004,time work motor,hours motors.CLIENT_MOTOR_3_HOUR,Global,write,Move out,229,215,200,Move,out1,sources/decoded-original/0294-FlgNet.xml
1004,time work motor,hours motors.CLIENT_MOTOR_3_MIN,Global,write,Move out,232,217,203,Move,out1,sources/decoded-original/0294-FlgNet.xml
1004,time work motor,Flag_Aggiorna_DB,Global,write,코일 operand,234,218,206,SCoil,operand,sources/decoded-original/0294-FlgNet.xml
1005,time work motor,Tag_47,Global,read,접점 operand,273,261,290,Contact,operand,sources/decoded-original/0295-FlgNet.xml
1005,time work motor,BELT CONVEYOR A RUN,Global,read,접점 operand,274,262,292,Contact,operand,sources/decoded-original/0295-FlgNet.xml
1005,time work motor,hours motors.CLIENT_MOTOR_4_MIN,Global,read,연산 입력 핀,275,263,244,Add,in1,sources/decoded-original/0295-FlgNet.xml
1005,time work motor,hours motors.CLIENT_MOTOR_4_MIN,Global,write,연산 출력 핀,277,265,244,Add,out,sources/decoded-original/0295-FlgNet.xml
1005,time work motor,hours motors.CLIENT_MOTOR_4_MIN,Global,read,비교 입력 핀,278,266,251,Ge,in1,sources/decoded-original/0295-FlgNet.xml
1005,time work motor,hours motors.CLIENT_MOTOR_4_HOUR,Global,write,Move out,283,269,254,Move,out1,sources/decoded-original/0295-FlgNet.xml
1005,time work motor,hours motors.CLIENT_MOTOR_4_MIN,Global,write,Move out,286,271,257,Move,out1,sources/decoded-original/0295-FlgNet.xml
1005,time work motor,Flag_Aggiorna_DB,Global,write,코일 operand,288,272,260,SCoil,operand,sources/decoded-original/0295-FlgNet.xml
1006,time work motor,Tag_47,Global,read,접점 operand,327,315,344,Contact,operand,sources/decoded-original/0296-FlgNet.xml
1006,time work motor,AIR KNIFE RUN,Global,read,접점 operand,328,316,346,Contact,operand,sources/decoded-original/0296-FlgNet.xml
1006,time work motor,hours motors.CLIENT_MOTOR_5_MIN,Global,read,연산 입력 핀,329,317,298,Add,in1,sources/decoded-original/0296-FlgNet.xml
1006,time work motor,hours motors.CLIENT_MOTOR_5_MIN,Global,write,연산 출력 핀,331,319,298,Add,out,sources/decoded-original/0296-FlgNet.xml
1006,time work motor,hours motors.CLIENT_MOTOR_5_MIN,Global,read,비교 입력 핀,332,320,305,Ge,in1,sources/decoded-original/0296-FlgNet.xml
1006,time work motor,hours motors.CLIENT_MOTOR_5_HOUR,Global,write,Move out,337,323,308,Move,out1,sources/decoded-original/0296-FlgNet.xml
1006,time work motor,hours motors.CLIENT_MOTOR_5_MIN,Global,write,Move out,340,325,311,Move,out1,sources/decoded-original/0296-FlgNet.xml
1006,time work motor,Flag_Aggiorna_DB,Global,write,코일 operand,342,326,314,SCoil,operand,sources/decoded-original/0296-FlgNet.xml
1007,time work motor,Tag_47,Global,read,접점 operand,381,369,398,Contact,operand,sources/decoded-original/0297-FlgNet.xml
1007,time work motor,BELT CONVEYOR B RUN,Global,read,접점 operand,382,370,400,Contact,operand,sources/decoded-original/0297-FlgNet.xml
1007,time work motor,hours motors.CLIENT_MOTOR_6_MIN,Global,read,연산 입력 핀,383,371,352,Add,in1,sources/decoded-original/0297-FlgNet.xml
1007,time work motor,hours motors.CLIENT_MOTOR_6_MIN,Global,write,연산 출력 핀,385,373,352,Add,out,sources/decoded-original/0297-FlgNet.xml
1007,time work motor,hours motors.CLIENT_MOTOR_6_MIN,Global,read,비교 입력 핀,386,374,359,Ge,in1,sources/decoded-original/0297-FlgNet.xml
1007,time work motor,hours motors.CLIENT_MOTOR_6_HOUR,Global,write,Move out,391,377,362,Move,out1,sources/decoded-original/0297-FlgNet.xml
1007,time work motor,hours motors.CLIENT_MOTOR_6_MIN,Global,write,Move out,394,379,365,Move,out1,sources/decoded-original/0297-FlgNet.xml
1007,time work motor,Flag_Aggiorna_DB,Global,write,코일 operand,396,380,368,SCoil,operand,sources/decoded-original/0297-FlgNet.xml
1008,time work motor,Tag_47,Global,read,접점 operand,435,423,452,Contact,operand,sources/decoded-original/0298-FlgNet.xml
1008,time work motor,SHREDDER 1 RUN,Global,read,접점 operand,436,424,454,Contact,operand,sources/decoded-original/0298-FlgNet.xml
1008,time work motor,hours motors.CLIENT_MOTOR_7_MIN,Global,read,연산 입력 핀,437,425,406,Add,in1,sources/decoded-original/0298-FlgNet.xml
1008,time work motor,hours motors.CLIENT_MOTOR_7_MIN,Global,write,연산 출력 핀,439,427,406,Add,out,sources/decoded-original/0298-FlgNet.xml
1008,time work motor,hours motors.CLIENT_MOTOR_7_MIN,Global,read,비교 입력 핀,440,428,413,Ge,in1,sources/decoded-original/0298-FlgNet.xml
1008,time work motor,hours motors.CLIENT_MOTOR_7_HOUR,Global,write,Move out,445,431,416,Move,out1,sources/decoded-original/0298-FlgNet.xml
1008,time work motor,hours motors.CLIENT_MOTOR_7_MIN,Global,write,Move out,448,433,419,Move,out1,sources/decoded-original/0298-FlgNet.xml
1008,time work motor,Flag_Aggiorna_DB,Global,write,코일 operand,450,434,422,SCoil,operand,sources/decoded-original/0298-FlgNet.xml
1009,time work motor,Tag_47,Global,read,접점 operand,489,477,506,Contact,operand,sources/decoded-original/0299-FlgNet.xml
1009,time work motor,SHREDDER VIBRATIONFEEDER RUN,Global,read,접점 operand,490,478,508,Contact,operand,sources/decoded-original/0299-FlgNet.xml
1009,time work motor,hours motors.CLIENT_MOTOR_8_MIN,Global,read,연산 입력 핀,491,479,460,Add,in1,sources/decoded-original/0299-FlgNet.xml
1009,time work motor,hours motors.CLIENT_MOTOR_8_MIN,Global,write,연산 출력 핀,493,481,460,Add,out,sources/decoded-original/0299-FlgNet.xml
1009,time work motor,hours motors.CLIENT_MOTOR_8_MIN,Global,read,비교 입력 핀,494,482,467,Ge,in1,sources/decoded-original/0299-FlgNet.xml
1009,time work motor,hours motors.CLIENT_MOTOR_8_HOUR,Global,write,Move out,499,485,470,Move,out1,sources/decoded-original/0299-FlgNet.xml
1009,time work motor,hours motors.CLIENT_MOTOR_8_MIN,Global,write,Move out,502,487,473,Move,out1,sources/decoded-original/0299-FlgNet.xml
1009,time work motor,Flag_Aggiorna_DB,Global,write,코일 operand,504,488,476,SCoil,operand,sources/decoded-original/0299-FlgNet.xml
1010,time work motor,Tag_47,Global,read,접점 operand,543,531,560,Contact,operand,sources/decoded-original/0300-FlgNet.xml
1010,time work motor,BELT CONVEYOR  C RUN,Global,read,접점 operand,544,532,562,Contact,operand,sources/decoded-original/0300-FlgNet.xml
1010,time work motor,hours motors.CLIENT_MOTOR_9_MIN,Global,read,연산 입력 핀,545,533,514,Add,in1,sources/decoded-original/0300-FlgNet.xml
1010,time work motor,hours motors.CLIENT_MOTOR_9_MIN,Global,write,연산 출력 핀,547,535,514,Add,out,sources/decoded-original/0300-FlgNet.xml
1010,time work motor,hours motors.CLIENT_MOTOR_9_MIN,Global,read,비교 입력 핀,548,536,521,Ge,in1,sources/decoded-original/0300-FlgNet.xml
1010,time work motor,hours motors.CLIENT_MOTOR_9_HOUR,Global,write,Move out,553,539,524,Move,out1,sources/decoded-original/0300-FlgNet.xml
1010,time work motor,hours motors.CLIENT_MOTOR_9_MIN,Global,write,Move out,556,541,527,Move,out1,sources/decoded-original/0300-FlgNet.xml
1010,time work motor,Flag_Aggiorna_DB,Global,write,코일 operand,558,542,530,SCoil,operand,sources/decoded-original/0300-FlgNet.xml
1011,time work motor,Tag_47,Global,read,접점 operand,597,585,614,Contact,operand,sources/decoded-original/0301-FlgNet.xml
1011,time work motor,ROTEX SCREEN RUN,Global,read,접점 operand,598,586,616,Contact,operand,sources/decoded-original/0301-FlgNet.xml
1011,time work motor,hours motors.CLIENT_MOTOR_10_MIN,Global,read,연산 입력 핀,599,587,568,Add,in1,sources/decoded-original/0301-FlgNet.xml
1011,time work motor,hours motors.CLIENT_MOTOR_10_MIN,Global,write,연산 출력 핀,601,589,568,Add,out,sources/decoded-original/0301-FlgNet.xml
1011,time work motor,hours motors.CLIENT_MOTOR_10_MIN,Global,read,비교 입력 핀,602,590,575,Ge,in1,sources/decoded-original/0301-FlgNet.xml
1011,time work motor,hours motors.CLIENT_MOTOR_10_HOUR,Global,write,Move out,607,593,578,Move,out1,sources/decoded-original/0301-FlgNet.xml
1011,time work motor,hours motors.CLIENT_MOTOR_10_MIN,Global,write,Move out,610,595,581,Move,out1,sources/decoded-original/0301-FlgNet.xml
1011,time work motor,Flag_Aggiorna_DB,Global,write,코일 operand,612,596,584,SCoil,operand,sources/decoded-original/0301-FlgNet.xml
1012,time work motor,Tag_47,Global,read,접점 operand,759,747,776,Contact,operand,sources/decoded-original/0302-FlgNet.xml
1012,time work motor,APRON CONVEYOR B RUN,Global,read,접점 operand,760,748,778,Contact,operand,sources/decoded-original/0302-FlgNet.xml
1012,time work motor,hours motors.CLIENT_MOTOR_13_MIN,Global,read,연산 입력 핀,761,749,730,Add,in1,sources/decoded-original/0302-FlgNet.xml
1012,time work motor,hours motors.CLIENT_MOTOR_13_MIN,Global,write,연산 출력 핀,763,751,730,Add,out,sources/decoded-original/0302-FlgNet.xml
1012,time work motor,hours motors.CLIENT_MOTOR_13_MIN,Global,read,비교 입력 핀,764,752,737,Ge,in1,sources/decoded-original/0302-FlgNet.xml
1012,time work motor,hours motors.CLIENT_MOTOR_13_HOUR,Global,write,Move out,769,755,740,Move,out1,sources/decoded-original/0302-FlgNet.xml
1012,time work motor,hours motors.CLIENT_MOTOR_13_MIN,Global,write,Move out,772,757,743,Move,out1,sources/decoded-original/0302-FlgNet.xml
1012,time work motor,Flag_Aggiorna_DB,Global,write,코일 operand,774,758,746,SCoil,operand,sources/decoded-original/0302-FlgNet.xml
1013,time work motor,Tag_47,Global,read,접점 operand,813,801,830,Contact,operand,sources/decoded-original/0303-FlgNet.xml
1013,time work motor,SHREDDER 2 RUN,Global,read,접점 operand,814,802,832,Contact,operand,sources/decoded-original/0303-FlgNet.xml
1013,time work motor,hours motors.CLIENT_MOTOR_14_MIN,Global,read,연산 입력 핀,815,803,784,Add,in1,sources/decoded-original/0303-FlgNet.xml
1013,time work motor,hours motors.CLIENT_MOTOR_14_MIN,Global,write,연산 출력 핀,817,805,784,Add,out,sources/decoded-original/0303-FlgNet.xml
1013,time work motor,hours motors.CLIENT_MOTOR_14_MIN,Global,read,비교 입력 핀,818,806,791,Ge,in1,sources/decoded-original/0303-FlgNet.xml
1013,time work motor,hours motors.CLIENT_MOTOR_14_HOUR,Global,write,Move out,823,809,794,Move,out1,sources/decoded-original/0303-FlgNet.xml
1013,time work motor,hours motors.CLIENT_MOTOR_14_MIN,Global,write,Move out,826,811,797,Move,out1,sources/decoded-original/0303-FlgNet.xml
1013,time work motor,Flag_Aggiorna_DB,Global,write,코일 operand,828,812,800,SCoil,operand,sources/decoded-original/0303-FlgNet.xml
1014,time work motor,Tag_47,Global,read,접점 operand,867,855,884,Contact,operand,sources/decoded-original/0304-FlgNet.xml
1014,time work motor,BELT CONVEYOR  D RUN,Global,read,접점 operand,868,856,886,Contact,operand,sources/decoded-original/0304-FlgNet.xml
1014,time work motor,hours motors.CLIENT_MOTOR_15_MIN,Global,read,연산 입력 핀,869,857,838,Add,in1,sources/decoded-original/0304-FlgNet.xml
1014,time work motor,hours motors.CLIENT_MOTOR_15_MIN,Global,write,연산 출력 핀,871,859,838,Add,out,sources/decoded-original/0304-FlgNet.xml
1014,time work motor,hours motors.CLIENT_MOTOR_15_MIN,Global,read,비교 입력 핀,872,860,845,Ge,in1,sources/decoded-original/0304-FlgNet.xml
1014,time work motor,hours motors.CLIENT_MOTOR_15_HOUR,Global,write,Move out,877,863,848,Move,out1,sources/decoded-original/0304-FlgNet.xml
1014,time work motor,hours motors.CLIENT_MOTOR_15_MIN,Global,write,Move out,880,865,851,Move,out1,sources/decoded-original/0304-FlgNet.xml
1014,time work motor,Flag_Aggiorna_DB,Global,write,코일 operand,882,866,854,SCoil,operand,sources/decoded-original/0304-FlgNet.xml
1015,time work motor,Tag_47,Global,read,접점 operand,921,909,938,Contact,operand,sources/decoded-original/0305-FlgNet.xml
1015,time work motor,BELT CONVEYOR E RUN,Global,read,접점 operand,922,910,940,Contact,operand,sources/decoded-original/0305-FlgNet.xml
1015,time work motor,hours motors.CLIENT_MOTOR_16_MIN,Global,read,연산 입력 핀,923,911,892,Add,in1,sources/decoded-original/0305-FlgNet.xml
1015,time work motor,hours motors.CLIENT_MOTOR_16_MIN,Global,write,연산 출력 핀,925,913,892,Add,out,sources/decoded-original/0305-FlgNet.xml
1015,time work motor,hours motors.CLIENT_MOTOR_16_MIN,Global,read,비교 입력 핀,926,914,899,Ge,in1,sources/decoded-original/0305-FlgNet.xml
1015,time work motor,hours motors.CLIENT_MOTOR_16_HOUR,Global,write,Move out,931,917,902,Move,out1,sources/decoded-original/0305-FlgNet.xml
1015,time work motor,hours motors.CLIENT_MOTOR_16_MIN,Global,write,Move out,934,919,905,Move,out1,sources/decoded-original/0305-FlgNet.xml
1015,time work motor,Flag_Aggiorna_DB,Global,write,코일 operand,936,920,908,SCoil,operand,sources/decoded-original/0305-FlgNet.xml
1016,time work motor,Tag_47,Global,read,접점 operand,975,963,992,Contact,operand,sources/decoded-original/0306-FlgNet.xml
1016,time work motor,LIW SYSTEMAUTOREADER,Global,read,접점 operand,976,964,994,Contact,operand,sources/decoded-original/0306-FlgNet.xml
1016,time work motor,hours motors.CLIENT_MOTOR_17_MIN,Global,read,연산 입력 핀,977,965,946,Add,in1,sources/decoded-original/0306-FlgNet.xml
1016,time work motor,hours motors.CLIENT_MOTOR_17_MIN,Global,write,연산 출력 핀,979,967,946,Add,out,sources/decoded-original/0306-FlgNet.xml
1016,time work motor,hours motors.CLIENT_MOTOR_17_MIN,Global,read,비교 입력 핀,980,968,953,Ge,in1,sources/decoded-original/0306-FlgNet.xml
1016,time work motor,hours motors.CLIENT_MOTOR_17_HOUR,Global,write,Move out,985,971,956,Move,out1,sources/decoded-original/0306-FlgNet.xml
1016,time work motor,hours motors.CLIENT_MOTOR_17_MIN,Global,write,Move out,988,973,959,Move,out1,sources/decoded-original/0306-FlgNet.xml
1016,time work motor,Flag_Aggiorna_DB,Global,write,코일 operand,990,974,962,SCoil,operand,sources/decoded-original/0306-FlgNet.xml
1017,time work motor,Tag_47,Global,read,접점 operand,1083,1071,1100,Contact,operand,sources/decoded-original/0307-FlgNet.xml
1017,time work motor,PRIMARYSHREDDER RUN,Global,read,접점 operand,1084,1072,1102,Contact,operand,sources/decoded-original/0307-FlgNet.xml
1017,time work motor,hours motors.CLIENT_MOTOR_19_MIN,Global,read,연산 입력 핀,1085,1073,1054,Add,in1,sources/decoded-original/0307-FlgNet.xml
1017,time work motor,hours motors.CLIENT_MOTOR_19_MIN,Global,write,연산 출력 핀,1087,1075,1054,Add,out,sources/decoded-original/0307-FlgNet.xml
1017,time work motor,hours motors.CLIENT_MOTOR_19_MIN,Global,read,비교 입력 핀,1088,1076,1061,Ge,in1,sources/decoded-original/0307-FlgNet.xml
1017,time work motor,hours motors.CLIENT_MOTOR_19_HOUR,Global,write,Move out,1093,1079,1064,Move,out1,sources/decoded-original/0307-FlgNet.xml
1017,time work motor,hours motors.CLIENT_MOTOR_19_MIN,Global,write,Move out,1096,1081,1067,Move,out1,sources/decoded-original/0307-FlgNet.xml
1017,time work motor,Flag_Aggiorna_DB,Global,write,코일 operand,1098,1082,1070,SCoil,operand,sources/decoded-original/0307-FlgNet.xml
1018,time work motor,Tag_47,Global,read,접점 operand,1137,1125,1154,Contact,operand,sources/decoded-original/0308-FlgNet.xml
1018,time work motor,BC01_Fbk,Global,read,접점 operand,1138,1126,1156,Contact,operand,sources/decoded-original/0308-FlgNet.xml
1018,time work motor,hours motors.BC_01_MIN,Global,read,연산 입력 핀,1139,1127,1108,Add,in1,sources/decoded-original/0308-FlgNet.xml
1018,time work motor,hours motors.BC_01_MIN,Global,write,연산 출력 핀,1141,1129,1108,Add,out,sources/decoded-original/0308-FlgNet.xml
1018,time work motor,hours motors.BC_01_MIN,Global,read,비교 입력 핀,1142,1130,1115,Ge,in1,sources/decoded-original/0308-FlgNet.xml
1018,time work motor,hours motors.BC_01_HOUR,Global,write,Move out,1147,1133,1118,Move,out1,sources/decoded-original/0308-FlgNet.xml
1018,time work motor,hours motors.BC_01_MIN,Global,write,Move out,1150,1135,1121,Move,out1,sources/decoded-original/0308-FlgNet.xml
1018,time work motor,Flag_Aggiorna_DB,Global,write,코일 operand,1152,1136,1124,SCoil,operand,sources/decoded-original/0308-FlgNet.xml
1019,time work motor,Tag_47,Global,read,접점 operand,1191,1179,1208,Contact,operand,sources/decoded-original/0309-FlgNet.xml
1019,time work motor,RD01_Fbk,Global,read,접점 operand,1192,1180,1210,Contact,operand,sources/decoded-original/0309-FlgNet.xml
1019,time work motor,hours motors.RD_01_MIN,Global,read,연산 입력 핀,1193,1181,1162,Add,in1,sources/decoded-original/0309-FlgNet.xml
1019,time work motor,hours motors.RD_01_MIN,Global,write,연산 출력 핀,1195,1183,1162,Add,out,sources/decoded-original/0309-FlgNet.xml
1019,time work motor,hours motors.RD_01_MIN,Global,read,비교 입력 핀,1196,1184,1169,Ge,in1,sources/decoded-original/0309-FlgNet.xml
1019,time work motor,hours motors.RD_01_HOUR,Global,write,Move out,1201,1187,1172,Move,out1,sources/decoded-original/0309-FlgNet.xml
1019,time work motor,hours motors.RD_01_MIN,Global,write,Move out,1204,1189,1175,Move,out1,sources/decoded-original/0309-FlgNet.xml
1019,time work motor,Flag_Aggiorna_DB,Global,write,코일 operand,1206,1190,1178,SCoil,operand,sources/decoded-original/0309-FlgNet.xml
1020,time work motor,Tag_47,Global,read,접점 operand,1245,1233,1262,Contact,operand,sources/decoded-original/0310-FlgNet.xml
1020,time work motor,RD01F_Fbk,Global,read,접점 operand,1246,1234,1264,Contact,operand,sources/decoded-original/0310-FlgNet.xml
1020,time work motor,hours motors.RD_01_FAN_MIN,Global,read,연산 입력 핀,1247,1235,1216,Add,in1,sources/decoded-original/0310-FlgNet.xml
1020,time work motor,hours motors.RD_01_FAN_MIN,Global,write,연산 출력 핀,1249,1237,1216,Add,out,sources/decoded-original/0310-FlgNet.xml
1020,time work motor,hours motors.RD_01_FAN_MIN,Global,read,비교 입력 핀,1250,1238,1223,Ge,in1,sources/decoded-original/0310-FlgNet.xml
1020,time work motor,hours motors.RD_01_FAN_HOUR,Global,write,Move out,1255,1241,1226,Move,out1,sources/decoded-original/0310-FlgNet.xml
1020,time work motor,hours motors.RD_01_FAN_MIN,Global,write,Move out,1258,1243,1229,Move,out1,sources/decoded-original/0310-FlgNet.xml
1020,time work motor,Flag_Aggiorna_DB,Global,write,코일 operand,1260,1244,1232,SCoil,operand,sources/decoded-original/0310-FlgNet.xml
1021,time work motor,Tag_47,Global,read,접점 operand,1299,1287,1316,Contact,operand,sources/decoded-original/0311-FlgNet.xml
1021,time work motor,102A7_SPARE5,Global,read,접점 operand,1300,1288,1318,Contact,operand,sources/decoded-original/0311-FlgNet.xml
1021,time work motor,hours motors.MC_03_MIN,Global,read,연산 입력 핀,1301,1289,1270,Add,in1,sources/decoded-original/0311-FlgNet.xml
1021,time work motor,hours motors.MC_03_MIN,Global,write,연산 출력 핀,1303,1291,1270,Add,out,sources/decoded-original/0311-FlgNet.xml
1021,time work motor,hours motors.MC_03_MIN,Global,read,비교 입력 핀,1304,1292,1277,Ge,in1,sources/decoded-original/0311-FlgNet.xml
1021,time work motor,hours motors.MC_03_HOUR,Global,write,Move out,1309,1295,1280,Move,out1,sources/decoded-original/0311-FlgNet.xml
1021,time work motor,hours motors.MC_03_MIN,Global,write,Move out,1312,1297,1283,Move,out1,sources/decoded-original/0311-FlgNet.xml
1021,time work motor,Flag_Aggiorna_DB,Global,write,코일 operand,1314,1298,1286,SCoil,operand,sources/decoded-original/0311-FlgNet.xml
1022,time work motor,Tag_47,Global,read,접점 operand,1353,1341,1370,Contact,operand,sources/decoded-original/0312-FlgNet.xml
1022,time work motor,MC04_Fbk,Global,read,접점 operand,1354,1342,1372,Contact,operand,sources/decoded-original/0312-FlgNet.xml
1022,time work motor,hours motors.MC_04_MIN,Global,read,연산 입력 핀,1355,1343,1324,Add,in1,sources/decoded-original/0312-FlgNet.xml
1022,time work motor,hours motors.MC_04_MIN,Global,write,연산 출력 핀,1357,1345,1324,Add,out,sources/decoded-original/0312-FlgNet.xml
1022,time work motor,hours motors.MC_04_MIN,Global,read,비교 입력 핀,1358,1346,1331,Ge,in1,sources/decoded-original/0312-FlgNet.xml
1022,time work motor,hours motors.MC_04_HOUR,Global,write,Move out,1363,1349,1334,Move,out1,sources/decoded-original/0312-FlgNet.xml
1022,time work motor,hours motors.MC_04_MIN,Global,write,Move out,1366,1351,1337,Move,out1,sources/decoded-original/0312-FlgNet.xml
1022,time work motor,Flag_Aggiorna_DB,Global,write,코일 operand,1368,1352,1340,SCoil,operand,sources/decoded-original/0312-FlgNet.xml
1024,time work motor,Tag_47,Global,read,접점 operand,1461,1449,1478,Contact,operand,sources/decoded-original/0313-FlgNet.xml
1024,time work motor,VS01_Fbk,Global,read,접점 operand,1462,1450,1480,Contact,operand,sources/decoded-original/0313-FlgNet.xml
1024,time work motor,hours motors.VS_01_MIN,Global,read,연산 입력 핀,1463,1451,1432,Add,in1,sources/decoded-original/0313-FlgNet.xml
1024,time work motor,hours motors.VS_01_MIN,Global,write,연산 출력 핀,1465,1453,1432,Add,out,sources/decoded-original/0313-FlgNet.xml
1024,time work motor,hours motors.VS_01_MIN,Global,read,비교 입력 핀,1466,1454,1439,Ge,in1,sources/decoded-original/0313-FlgNet.xml
1024,time work motor,hours motors.VS_01_HOUR,Global,write,Move out,1471,1457,1442,Move,out1,sources/decoded-original/0313-FlgNet.xml
1024,time work motor,hours motors.VS_01_MIN,Global,write,Move out,1474,1459,1445,Move,out1,sources/decoded-original/0313-FlgNet.xml
1024,time work motor,Flag_Aggiorna_DB,Global,write,코일 operand,1476,1460,1448,SCoil,operand,sources/decoded-original/0313-FlgNet.xml
1026,time work motor,Tag_47,Global,read,접점 operand,1569,1557,1586,Contact,operand,sources/decoded-original/0314-FlgNet.xml
1026,time work motor,FN02_Fbk,Global,read,접점 operand,1570,1558,1588,Contact,operand,sources/decoded-original/0314-FlgNet.xml
1026,time work motor,hours motors.FN_02_MIN,Global,read,연산 입력 핀,1571,1559,1540,Add,in1,sources/decoded-original/0314-FlgNet.xml
1026,time work motor,hours motors.FN_02_MIN,Global,write,연산 출력 핀,1573,1561,1540,Add,out,sources/decoded-original/0314-FlgNet.xml
1026,time work motor,hours motors.FN_02_MIN,Global,read,비교 입력 핀,1574,1562,1547,Ge,in1,sources/decoded-original/0314-FlgNet.xml
1026,time work motor,hours motors.FN_02_HOUR,Global,write,Move out,1579,1565,1550,Move,out1,sources/decoded-original/0314-FlgNet.xml
1026,time work motor,hours motors.FN_02_MIN,Global,write,Move out,1582,1567,1553,Move,out1,sources/decoded-original/0314-FlgNet.xml
1026,time work motor,Flag_Aggiorna_DB,Global,write,코일 operand,1584,1568,1556,SCoil,operand,sources/decoded-original/0314-FlgNet.xml
1027,time work motor,Tag_47,Global,read,접점 operand,1623,1611,1640,Contact,operand,sources/decoded-original/0315-FlgNet.xml
1027,time work motor,VR01_Fbk,Global,read,접점 operand,1624,1612,1642,Contact,operand,sources/decoded-original/0315-FlgNet.xml
1027,time work motor,hours motors.VR_01_MIN,Global,read,연산 입력 핀,1625,1613,1594,Add,in1,sources/decoded-original/0315-FlgNet.xml
1027,time work motor,hours motors.VR_01_MIN,Global,write,연산 출력 핀,1627,1615,1594,Add,out,sources/decoded-original/0315-FlgNet.xml
1027,time work motor,hours motors.VR_01_MIN,Global,read,비교 입력 핀,1628,1616,1601,Ge,in1,sources/decoded-original/0315-FlgNet.xml
1027,time work motor,hours motors.VR_01_HOUR,Global,write,Move out,1633,1619,1604,Move,out1,sources/decoded-original/0315-FlgNet.xml
1027,time work motor,hours motors.VR_01_MIN,Global,write,Move out,1636,1621,1607,Move,out1,sources/decoded-original/0315-FlgNet.xml
1027,time work motor,Flag_Aggiorna_DB,Global,write,코일 operand,1638,1622,1610,SCoil,operand,sources/decoded-original/0315-FlgNet.xml
1028,time work motor,Tag_47,Global,read,접점 operand,1677,1665,1694,Contact,operand,sources/decoded-original/0316-FlgNet.xml
1028,time work motor,FN01_Fbk,Global,read,접점 operand,1678,1666,1696,Contact,operand,sources/decoded-original/0316-FlgNet.xml
1028,time work motor,hours motors.FN_01_MIN,Global,read,연산 입력 핀,1679,1667,1648,Add,in1,sources/decoded-original/0316-FlgNet.xml
1028,time work motor,hours motors.FN_01_MIN,Global,write,연산 출력 핀,1681,1669,1648,Add,out,sources/decoded-original/0316-FlgNet.xml
1028,time work motor,hours motors.FN_01_MIN,Global,read,비교 입력 핀,1682,1670,1655,Ge,in1,sources/decoded-original/0316-FlgNet.xml
1028,time work motor,hours motors.FN_01_HOUR,Global,write,Move out,1687,1673,1658,Move,out1,sources/decoded-original/0316-FlgNet.xml
1028,time work motor,hours motors.FN_01_MIN,Global,write,Move out,1690,1675,1661,Move,out1,sources/decoded-original/0316-FlgNet.xml
1028,time work motor,Flag_Aggiorna_DB,Global,write,코일 operand,1692,1676,1664,SCoil,operand,sources/decoded-original/0316-FlgNet.xml
1029,time work motor,Tag_47,Global,read,접점 operand,1731,1719,1748,Contact,operand,sources/decoded-original/0317-FlgNet.xml
1029,time work motor,VR02_Fbk,Global,read,접점 operand,1732,1720,1750,Contact,operand,sources/decoded-original/0317-FlgNet.xml
1029,time work motor,hours motors.VR_02_MIN,Global,read,연산 입력 핀,1733,1721,1702,Add,in1,sources/decoded-original/0317-FlgNet.xml
1029,time work motor,hours motors.VR_02_MIN,Global,write,연산 출력 핀,1735,1723,1702,Add,out,sources/decoded-original/0317-FlgNet.xml
1029,time work motor,hours motors.VR_02_MIN,Global,read,비교 입력 핀,1736,1724,1709,Ge,in1,sources/decoded-original/0317-FlgNet.xml
1029,time work motor,hours motors.VR_02_HOUR,Global,write,Move out,1741,1727,1712,Move,out1,sources/decoded-original/0317-FlgNet.xml
1029,time work motor,hours motors.VR_02_MIN,Global,write,Move out,1744,1729,1715,Move,out1,sources/decoded-original/0317-FlgNet.xml
1029,time work motor,Flag_Aggiorna_DB,Global,write,코일 operand,1746,1730,1718,SCoil,operand,sources/decoded-original/0317-FlgNet.xml
1030,time work motor,Tag_47,Global,read,접점 operand,1785,1773,1802,Contact,operand,sources/decoded-original/0318-FlgNet.xml
1030,time work motor,CH01_Fbk,Global,read,접점 operand,1786,1774,1804,Contact,operand,sources/decoded-original/0318-FlgNet.xml
1030,time work motor,hours motors.CH_01_MIN,Global,read,연산 입력 핀,1787,1775,1756,Add,in1,sources/decoded-original/0318-FlgNet.xml
1030,time work motor,hours motors.CH_01_MIN,Global,write,연산 출력 핀,1789,1777,1756,Add,out,sources/decoded-original/0318-FlgNet.xml
1030,time work motor,hours motors.CH_01_MIN,Global,read,비교 입력 핀,1790,1778,1763,Ge,in1,sources/decoded-original/0318-FlgNet.xml
1030,time work motor,hours motors.CH_01_HOUR,Global,write,Move out,1795,1781,1766,Move,out1,sources/decoded-original/0318-FlgNet.xml
1030,time work motor,hours motors.CH_01_MIN,Global,write,Move out,1798,1783,1769,Move,out1,sources/decoded-original/0318-FlgNet.xml
1030,time work motor,Flag_Aggiorna_DB,Global,write,코일 operand,1800,1784,1772,SCoil,operand,sources/decoded-original/0318-FlgNet.xml
1031,time work motor,Tag_47,Global,read,접점 operand,1839,1827,1856,Contact,operand,sources/decoded-original/0319-FlgNet.xml
1031,time work motor,FN03_Fbk,Global,read,접점 operand,1840,1828,1858,Contact,operand,sources/decoded-original/0319-FlgNet.xml
1031,time work motor,hours motors.FN_03_MIN,Global,read,연산 입력 핀,1841,1829,1810,Add,in1,sources/decoded-original/0319-FlgNet.xml
1031,time work motor,hours motors.FN_03_MIN,Global,write,연산 출력 핀,1843,1831,1810,Add,out,sources/decoded-original/0319-FlgNet.xml
1031,time work motor,hours motors.FN_03_MIN,Global,read,비교 입력 핀,1844,1832,1817,Ge,in1,sources/decoded-original/0319-FlgNet.xml
1031,time work motor,hours motors.FN_03_HOUR,Global,write,Move out,1849,1835,1820,Move,out1,sources/decoded-original/0319-FlgNet.xml
1031,time work motor,hours motors.FN_03_MIN,Global,write,Move out,1852,1837,1823,Move,out1,sources/decoded-original/0319-FlgNet.xml
1031,time work motor,Flag_Aggiorna_DB,Global,write,코일 operand,1854,1838,1826,SCoil,operand,sources/decoded-original/0319-FlgNet.xml
1032,time work motor,Tag_47,Global,read,접점 operand,1893,1881,1910,Contact,operand,sources/decoded-original/0320-FlgNet.xml
1032,time work motor,FN06_Fbk,Global,read,접점 operand,1894,1882,1912,Contact,operand,sources/decoded-original/0320-FlgNet.xml
1032,time work motor,hours motors.FN_06_MIN,Global,read,연산 입력 핀,1895,1883,1864,Add,in1,sources/decoded-original/0320-FlgNet.xml
1032,time work motor,hours motors.FN_06_MIN,Global,write,연산 출력 핀,1897,1885,1864,Add,out,sources/decoded-original/0320-FlgNet.xml
1032,time work motor,hours motors.FN_06_MIN,Global,read,비교 입력 핀,1898,1886,1871,Ge,in1,sources/decoded-original/0320-FlgNet.xml
1032,time work motor,hours motors.FN_06_HOUR,Global,write,Move out,1903,1889,1874,Move,out1,sources/decoded-original/0320-FlgNet.xml
1032,time work motor,hours motors.FN_06_MIN,Global,write,Move out,1906,1891,1877,Move,out1,sources/decoded-original/0320-FlgNet.xml
1032,time work motor,Flag_Aggiorna_DB,Global,write,코일 operand,1908,1892,1880,SCoil,operand,sources/decoded-original/0320-FlgNet.xml
1033,time work motor,Tag_47,Global,read,접점 operand,1947,1935,1964,Contact,operand,sources/decoded-original/0321-FlgNet.xml
1033,time work motor,SC01_Fbk,Global,read,접점 operand,1948,1936,1966,Contact,operand,sources/decoded-original/0321-FlgNet.xml
1033,time work motor,hours motors.SC_01_MIN,Global,read,연산 입력 핀,1949,1937,1918,Add,in1,sources/decoded-original/0321-FlgNet.xml
1033,time work motor,hours motors.SC_01_MIN,Global,write,연산 출력 핀,1951,1939,1918,Add,out,sources/decoded-original/0321-FlgNet.xml
1033,time work motor,hours motors.SC_01_MIN,Global,read,비교 입력 핀,1952,1940,1925,Ge,in1,sources/decoded-original/0321-FlgNet.xml
1033,time work motor,hours motors.SC_01_HOUR,Global,write,Move out,1957,1943,1928,Move,out1,sources/decoded-original/0321-FlgNet.xml
1033,time work motor,hours motors.SC_01_MIN,Global,write,Move out,1960,1945,1931,Move,out1,sources/decoded-original/0321-FlgNet.xml
1033,time work motor,Flag_Aggiorna_DB,Global,write,코일 operand,1962,1946,1934,SCoil,operand,sources/decoded-original/0321-FlgNet.xml
1035,time work motor,Tag_47,Global,read,접점 operand,2055,2043,2072,Contact,operand,sources/decoded-original/0322-FlgNet.xml
1035,time work motor,LD-01_Fbk,Global,read,접점 operand,2056,2044,2074,Contact,operand,sources/decoded-original/0322-FlgNet.xml
1035,time work motor,hours motors.LD_01_MIN,Global,read,연산 입력 핀,2057,2045,2026,Add,in1,sources/decoded-original/0322-FlgNet.xml
1035,time work motor,hours motors.LD_01_MIN,Global,write,연산 출력 핀,2059,2047,2026,Add,out,sources/decoded-original/0322-FlgNet.xml
1035,time work motor,hours motors.LD_01_MIN,Global,read,비교 입력 핀,2060,2048,2033,Ge,in1,sources/decoded-original/0322-FlgNet.xml
1035,time work motor,hours motors.LD_01_HOUR,Global,write,Move out,2065,2051,2036,Move,out1,sources/decoded-original/0322-FlgNet.xml
1035,time work motor,hours motors.LD_01_MIN,Global,write,Move out,2068,2053,2039,Move,out1,sources/decoded-original/0322-FlgNet.xml
1035,time work motor,Flag_Aggiorna_DB,Global,write,코일 operand,2070,2054,2042,SCoil,operand,sources/decoded-original/0322-FlgNet.xml
1036,time work motor,Tag_47,Global,read,접점 operand,2109,2097,2126,Contact,operand,sources/decoded-original/0323-FlgNet.xml
1036,time work motor,LD-01A_Fbk,Global,read,접점 operand,2110,2098,2128,Contact,operand,sources/decoded-original/0323-FlgNet.xml
1036,time work motor,hours motors.LD_01_VIB_MIN,Global,read,연산 입력 핀,2111,2099,2080,Add,in1,sources/decoded-original/0323-FlgNet.xml
1036,time work motor,hours motors.LD_01_VIB_MIN,Global,write,연산 출력 핀,2113,2101,2080,Add,out,sources/decoded-original/0323-FlgNet.xml
1036,time work motor,hours motors.LD_01_VIB_MIN,Global,read,비교 입력 핀,2114,2102,2087,Ge,in1,sources/decoded-original/0323-FlgNet.xml
1036,time work motor,hours motors.LD_01_VIB_HOUR,Global,write,Move out,2119,2105,2090,Move,out1,sources/decoded-original/0323-FlgNet.xml
1036,time work motor,hours motors.LD_01_VIB_MIN,Global,write,Move out,2122,2107,2093,Move,out1,sources/decoded-original/0323-FlgNet.xml
1036,time work motor,Flag_Aggiorna_DB,Global,write,코일 operand,2124,2108,2096,SCoil,operand,sources/decoded-original/0323-FlgNet.xml
1037,time work motor,Tag_47,Global,read,접점 operand,2163,2151,2180,Contact,operand,sources/decoded-original/0324-FlgNet.xml
1037,time work motor,SC-10_Fbk,Global,read,접점 operand,2164,2152,2182,Contact,operand,sources/decoded-original/0324-FlgNet.xml
1037,time work motor,hours motors.SC_10_MIN,Global,read,연산 입력 핀,2165,2153,2134,Add,in1,sources/decoded-original/0324-FlgNet.xml
1037,time work motor,hours motors.SC_10_MIN,Global,write,연산 출력 핀,2167,2155,2134,Add,out,sources/decoded-original/0324-FlgNet.xml
1037,time work motor,hours motors.SC_10_MIN,Global,read,비교 입력 핀,2168,2156,2141,Ge,in1,sources/decoded-original/0324-FlgNet.xml
1037,time work motor,hours motors.SC_10_HOUR,Global,write,Move out,2173,2159,2144,Move,out1,sources/decoded-original/0324-FlgNet.xml
1037,time work motor,hours motors.SC_10_MIN,Global,write,Move out,2176,2161,2147,Move,out1,sources/decoded-original/0324-FlgNet.xml
1037,time work motor,Flag_Aggiorna_DB,Global,write,코일 operand,2178,2162,2150,SCoil,operand,sources/decoded-original/0324-FlgNet.xml
1038,time work motor,Tag_47,Global,read,접점 operand,2217,2205,2234,Contact,operand,sources/decoded-original/0325-FlgNet.xml
1038,time work motor,SC-11_Fbk,Global,read,접점 operand,2218,2206,2236,Contact,operand,sources/decoded-original/0325-FlgNet.xml
1038,time work motor,hours motors.SC_11_MIN,Global,read,연산 입력 핀,2219,2207,2188,Add,in1,sources/decoded-original/0325-FlgNet.xml
1038,time work motor,hours motors.SC_11_MIN,Global,write,연산 출력 핀,2221,2209,2188,Add,out,sources/decoded-original/0325-FlgNet.xml
1038,time work motor,hours motors.SC_11_MIN,Global,read,비교 입력 핀,2222,2210,2195,Ge,in1,sources/decoded-original/0325-FlgNet.xml
1038,time work motor,hours motors.SC_11_HOUR,Global,write,Move out,2227,2213,2198,Move,out1,sources/decoded-original/0325-FlgNet.xml
1038,time work motor,hours motors.SC_11_MIN,Global,write,Move out,2230,2215,2201,Move,out1,sources/decoded-original/0325-FlgNet.xml
1038,time work motor,Flag_Aggiorna_DB,Global,write,코일 operand,2232,2216,2204,SCoil,operand,sources/decoded-original/0325-FlgNet.xml
1039,time work motor,Tag_47,Global,read,접점 operand,2271,2259,2288,Contact,operand,sources/decoded-original/0326-FlgNet.xml
1039,time work motor,FN04_Fbk,Global,read,접점 operand,2272,2260,2290,Contact,operand,sources/decoded-original/0326-FlgNet.xml
1039,time work motor,hours motors.FN_04_MIN,Global,read,연산 입력 핀,2273,2261,2242,Add,in1,sources/decoded-original/0326-FlgNet.xml
1039,time work motor,hours motors.FN_04_MIN,Global,write,연산 출력 핀,2275,2263,2242,Add,out,sources/decoded-original/0326-FlgNet.xml
1039,time work motor,hours motors.FN_04_MIN,Global,read,비교 입력 핀,2276,2264,2249,Ge,in1,sources/decoded-original/0326-FlgNet.xml
1039,time work motor,hours motors.FN_04_HOUR,Global,write,Move out,2281,2267,2252,Move,out1,sources/decoded-original/0326-FlgNet.xml
1039,time work motor,hours motors.FN_04_MIN,Global,write,Move out,2284,2269,2255,Move,out1,sources/decoded-original/0326-FlgNet.xml
1039,time work motor,Flag_Aggiorna_DB,Global,write,코일 operand,2286,2270,2258,SCoil,operand,sources/decoded-original/0326-FlgNet.xml
1040,time work motor,Tag_47,Global,read,접점 operand,2325,2313,2342,Contact,operand,sources/decoded-original/0327-FlgNet.xml
1040,time work motor,VR03_Fbk,Global,read,접점 operand,2326,2314,2344,Contact,operand,sources/decoded-original/0327-FlgNet.xml
1040,time work motor,hours motors.VR_03_MIN,Global,read,연산 입력 핀,2327,2315,2296,Add,in1,sources/decoded-original/0327-FlgNet.xml
1040,time work motor,hours motors.VR_03_MIN,Global,write,연산 출력 핀,2329,2317,2296,Add,out,sources/decoded-original/0327-FlgNet.xml
1040,time work motor,hours motors.VR_03_MIN,Global,read,비교 입력 핀,2330,2318,2303,Ge,in1,sources/decoded-original/0327-FlgNet.xml
1040,time work motor,hours motors.VR_03_HOUR,Global,write,Move out,2335,2321,2306,Move,out1,sources/decoded-original/0327-FlgNet.xml
1040,time work motor,hours motors.VR_03_MIN,Global,write,Move out,2338,2323,2309,Move,out1,sources/decoded-original/0327-FlgNet.xml
1040,time work motor,Flag_Aggiorna_DB,Global,write,코일 operand,2340,2324,2312,SCoil,operand,sources/decoded-original/0327-FlgNet.xml
1041,time work motor,Tag_47,Global,read,접점 operand,2379,2367,2396,Contact,operand,sources/decoded-original/0328-FlgNet.xml
1041,time work motor,VR04_Fbk,Global,read,접점 operand,2380,2368,2398,Contact,operand,sources/decoded-original/0328-FlgNet.xml
1041,time work motor,hours motors.VR_04_MIN,Global,read,연산 입력 핀,2381,2369,2350,Add,in1,sources/decoded-original/0328-FlgNet.xml
1041,time work motor,hours motors.VR_04_MIN,Global,write,연산 출력 핀,2383,2371,2350,Add,out,sources/decoded-original/0328-FlgNet.xml
1041,time work motor,hours motors.VR_04_MIN,Global,read,비교 입력 핀,2384,2372,2357,Ge,in1,sources/decoded-original/0328-FlgNet.xml
1041,time work motor,hours motors.VR_04_HOUR,Global,write,Move out,2389,2375,2360,Move,out1,sources/decoded-original/0328-FlgNet.xml
1041,time work motor,hours motors.VR_04_MIN,Global,write,Move out,2392,2377,2363,Move,out1,sources/decoded-original/0328-FlgNet.xml
1041,time work motor,Flag_Aggiorna_DB,Global,write,코일 operand,2394,2378,2366,SCoil,operand,sources/decoded-original/0328-FlgNet.xml
1042,time work motor,Tag_47,Global,read,접점 operand,2433,2421,2450,Contact,operand,sources/decoded-original/0329-FlgNet.xml
1042,time work motor,VR05_Fbk,Global,read,접점 operand,2434,2422,2452,Contact,operand,sources/decoded-original/0329-FlgNet.xml
1042,time work motor,hours motors.VR_05_MIN,Global,read,연산 입력 핀,2435,2423,2404,Add,in1,sources/decoded-original/0329-FlgNet.xml
1042,time work motor,hours motors.VR_05_MIN,Global,write,연산 출력 핀,2437,2425,2404,Add,out,sources/decoded-original/0329-FlgNet.xml
1042,time work motor,hours motors.VR_05_MIN,Global,read,비교 입력 핀,2438,2426,2411,Ge,in1,sources/decoded-original/0329-FlgNet.xml
1042,time work motor,hours motors.VR_05_HOUR,Global,write,Move out,2443,2429,2414,Move,out1,sources/decoded-original/0329-FlgNet.xml
1042,time work motor,hours motors.VR_05_MIN,Global,write,Move out,2446,2431,2417,Move,out1,sources/decoded-original/0329-FlgNet.xml
1042,time work motor,Flag_Aggiorna_DB,Global,write,코일 operand,2448,2432,2420,SCoil,operand,sources/decoded-original/0329-FlgNet.xml
1043,time work motor,Tag_47,Global,read,접점 operand,2487,2475,2504,Contact,operand,sources/decoded-original/0330-FlgNet.xml
1043,time work motor,VR06_Fbk,Global,read,접점 operand,2488,2476,2506,Contact,operand,sources/decoded-original/0330-FlgNet.xml
1043,time work motor,hours motors.VR_06_MIN,Global,read,연산 입력 핀,2489,2477,2458,Add,in1,sources/decoded-original/0330-FlgNet.xml
1043,time work motor,hours motors.VR_06_MIN,Global,write,연산 출력 핀,2491,2479,2458,Add,out,sources/decoded-original/0330-FlgNet.xml
1043,time work motor,hours motors.VR_06_MIN,Global,read,비교 입력 핀,2492,2480,2465,Ge,in1,sources/decoded-original/0330-FlgNet.xml
1043,time work motor,hours motors.VR_06_HOUR,Global,write,Move out,2497,2483,2468,Move,out1,sources/decoded-original/0330-FlgNet.xml
1043,time work motor,hours motors.VR_06_MIN,Global,write,Move out,2500,2485,2471,Move,out1,sources/decoded-original/0330-FlgNet.xml
1043,time work motor,Flag_Aggiorna_DB,Global,write,코일 operand,2502,2486,2474,SCoil,operand,sources/decoded-original/0330-FlgNet.xml
1044,time work motor,Tag_47,Global,read,접점 operand,2541,2529,2558,Contact,operand,sources/decoded-original/0331-FlgNet.xml
1044,time work motor,FN05_Fbk,Global,read,접점 operand,2542,2530,2560,Contact,operand,sources/decoded-original/0331-FlgNet.xml
1044,time work motor,hours motors.FN_05_MIN,Global,read,연산 입력 핀,2543,2531,2512,Add,in1,sources/decoded-original/0331-FlgNet.xml
1044,time work motor,hours motors.FN_05_MIN,Global,write,연산 출력 핀,2545,2533,2512,Add,out,sources/decoded-original/0331-FlgNet.xml
1044,time work motor,hours motors.FN_05_MIN,Global,read,비교 입력 핀,2546,2534,2519,Ge,in1,sources/decoded-original/0331-FlgNet.xml
1044,time work motor,hours motors.FN_05_HOUR,Global,write,Move out,2551,2537,2522,Move,out1,sources/decoded-original/0331-FlgNet.xml
1044,time work motor,hours motors.FN_05_MIN,Global,write,Move out,2554,2539,2525,Move,out1,sources/decoded-original/0331-FlgNet.xml
1044,time work motor,Flag_Aggiorna_DB,Global,write,코일 operand,2556,2540,2528,SCoil,operand,sources/decoded-original/0331-FlgNet.xml
1045,time work motor,Tag_48,Global,read,접점 operand,2600,2589,2615,Contact,operand,sources/decoded-original/0332-FlgNet.xml
1045,time work motor,hours motors.CLIENT_MOTOR_1_HOUR,Global,write,Move out,2602,2591,2574,Move,out1,sources/decoded-original/0332-FlgNet.xml
1045,time work motor,hours motors.CLIENT_MOTOR_2_HOUR,Global,write,Move out,2605,2593,2577,Move,out1,sources/decoded-original/0332-FlgNet.xml
1045,time work motor,hours motors.CLIENT_MOTOR_3_HOUR,Global,write,Move out,2608,2595,2580,Move,out1,sources/decoded-original/0332-FlgNet.xml
1045,time work motor,hours motors.CLIENT_MOTOR_4_HOUR,Global,write,Move out,2611,2597,2583,Move,out1,sources/decoded-original/0332-FlgNet.xml
1045,time work motor,hours motors.CLIENT_MOTOR_5_HOUR,Global,write,Move out,2614,2599,2586,Move,out1,sources/decoded-original/0332-FlgNet.xml
1046,time work motor,Tag_48,Global,read,접점 operand,2662,2651,2677,Contact,operand,sources/decoded-original/0333-FlgNet.xml
1046,time work motor,hours motors.CLIENT_MOTOR_6_HOUR,Global,write,Move out,2664,2653,2636,Move,out1,sources/decoded-original/0333-FlgNet.xml
1046,time work motor,hours motors.CLIENT_MOTOR_7_HOUR,Global,write,Move out,2667,2655,2639,Move,out1,sources/decoded-original/0333-FlgNet.xml
1046,time work motor,hours motors.CLIENT_MOTOR_8_HOUR,Global,write,Move out,2670,2657,2642,Move,out1,sources/decoded-original/0333-FlgNet.xml
1046,time work motor,hours motors.CLIENT_MOTOR_9_HOUR,Global,write,Move out,2673,2659,2645,Move,out1,sources/decoded-original/0333-FlgNet.xml
1046,time work motor,hours motors.CLIENT_MOTOR_10_HOUR,Global,write,Move out,2676,2661,2648,Move,out1,sources/decoded-original/0333-FlgNet.xml
1047,time work motor,Tag_48,Global,read,접점 operand,2724,2713,2739,Contact,operand,sources/decoded-original/0334-FlgNet.xml
1047,time work motor,hours motors.CLIENT_MOTOR_11_HOUR,Global,write,Move out,2726,2715,2698,Move,out1,sources/decoded-original/0334-FlgNet.xml
1047,time work motor,hours motors.CLIENT_MOTOR_12_HOUR,Global,write,Move out,2729,2717,2701,Move,out1,sources/decoded-original/0334-FlgNet.xml
1047,time work motor,hours motors.CLIENT_MOTOR_13_HOUR,Global,write,Move out,2732,2719,2704,Move,out1,sources/decoded-original/0334-FlgNet.xml
1047,time work motor,hours motors.CLIENT_MOTOR_14_HOUR,Global,write,Move out,2735,2721,2707,Move,out1,sources/decoded-original/0334-FlgNet.xml
1047,time work motor,hours motors.CLIENT_MOTOR_15_HOUR,Global,write,Move out,2738,2723,2710,Move,out1,sources/decoded-original/0334-FlgNet.xml
1048,time work motor,Tag_48,Global,read,접점 operand,2786,2775,2801,Contact,operand,sources/decoded-original/0335-FlgNet.xml
1048,time work motor,hours motors.CLIENT_MOTOR_16_HOUR,Global,write,Move out,2788,2777,2760,Move,out1,sources/decoded-original/0335-FlgNet.xml
1048,time work motor,hours motors.CLIENT_MOTOR_17_HOUR,Global,write,Move out,2791,2779,2763,Move,out1,sources/decoded-original/0335-FlgNet.xml
1048,time work motor,hours motors.CLIENT_MOTOR_18_HOUR,Global,write,Move out,2794,2781,2766,Move,out1,sources/decoded-original/0335-FlgNet.xml
1048,time work motor,hours motors.CLIENT_MOTOR_19_HOUR,Global,write,Move out,2797,2783,2769,Move,out1,sources/decoded-original/0335-FlgNet.xml
1048,time work motor,hours motors.BC_01_HOUR,Global,write,Move out,2800,2785,2772,Move,out1,sources/decoded-original/0335-FlgNet.xml
1049,time work motor,Tag_48,Global,read,접점 operand,2848,2837,2863,Contact,operand,sources/decoded-original/0336-FlgNet.xml
1049,time work motor,hours motors.RD_01_HOUR,Global,write,Move out,2850,2839,2822,Move,out1,sources/decoded-original/0336-FlgNet.xml
1049,time work motor,hours motors.RD_01_FAN_HOUR,Global,write,Move out,2853,2841,2825,Move,out1,sources/decoded-original/0336-FlgNet.xml
1049,time work motor,hours motors.MC_03_HOUR,Global,write,Move out,2856,2843,2828,Move,out1,sources/decoded-original/0336-FlgNet.xml
1049,time work motor,hours motors.MC_04_HOUR,Global,write,Move out,2859,2845,2831,Move,out1,sources/decoded-original/0336-FlgNet.xml
1049,time work motor,hours motors.MC_05_HOUR,Global,write,Move out,2862,2847,2834,Move,out1,sources/decoded-original/0336-FlgNet.xml
1050,time work motor,Tag_48,Global,read,접점 operand,2910,2899,2925,Contact,operand,sources/decoded-original/0337-FlgNet.xml
1050,time work motor,hours motors.VS_01_HOUR,Global,write,Move out,2912,2901,2884,Move,out1,sources/decoded-original/0337-FlgNet.xml
1050,time work motor,hours motors.SC_12_HOUR,Global,write,Move out,2915,2903,2887,Move,out1,sources/decoded-original/0337-FlgNet.xml
1050,time work motor,hours motors.FN_02_HOUR,Global,write,Move out,2918,2905,2890,Move,out1,sources/decoded-original/0337-FlgNet.xml
1050,time work motor,hours motors.VR_01_HOUR,Global,write,Move out,2921,2907,2893,Move,out1,sources/decoded-original/0337-FlgNet.xml
1050,time work motor,hours motors.FN_01_HOUR,Global,write,Move out,2924,2909,2896,Move,out1,sources/decoded-original/0337-FlgNet.xml
1051,time work motor,Tag_48,Global,read,접점 operand,2972,2961,2987,Contact,operand,sources/decoded-original/0338-FlgNet.xml
1051,time work motor,hours motors.VR_02_HOUR,Global,write,Move out,2974,2963,2946,Move,out1,sources/decoded-original/0338-FlgNet.xml
1051,time work motor,hours motors.CH_01_HOUR,Global,write,Move out,2977,2965,2949,Move,out1,sources/decoded-original/0338-FlgNet.xml
1051,time work motor,hours motors.FN_03_HOUR,Global,write,Move out,2980,2967,2952,Move,out1,sources/decoded-original/0338-FlgNet.xml
1051,time work motor,hours motors.FN_06_HOUR,Global,write,Move out,2983,2969,2955,Move,out1,sources/decoded-original/0338-FlgNet.xml
1051,time work motor,hours motors.SC_01_HOUR,Global,write,Move out,2986,2971,2958,Move,out1,sources/decoded-original/0338-FlgNet.xml
1052,time work motor,Tag_48,Global,read,접점 operand,3034,3023,3049,Contact,operand,sources/decoded-original/0339-FlgNet.xml
1052,time work motor,hours motors.FN_01_FAN_HOUR,Global,write,Move out,3036,3025,3008,Move,out1,sources/decoded-original/0339-FlgNet.xml
1052,time work motor,hours motors.LD_01_HOUR,Global,write,Move out,3039,3027,3011,Move,out1,sources/decoded-original/0339-FlgNet.xml
1052,time work motor,hours motors.LD_01_VIB_HOUR,Global,write,Move out,3042,3029,3014,Move,out1,sources/decoded-original/0339-FlgNet.xml
1052,time work motor,hours motors.SC_10_HOUR,Global,write,Move out,3045,3031,3017,Move,out1,sources/decoded-original/0339-FlgNet.xml
1052,time work motor,hours motors.SC_11_HOUR,Global,write,Move out,3048,3033,3020,Move,out1,sources/decoded-original/0339-FlgNet.xml
1053,time work motor,Tag_48,Global,read,접점 operand,3096,3085,3111,Contact,operand,sources/decoded-original/0340-FlgNet.xml
1053,time work motor,hours motors.FN_04_HOUR,Global,write,Move out,3098,3087,3070,Move,out1,sources/decoded-original/0340-FlgNet.xml
1053,time work motor,hours motors.VR_03_HOUR,Global,write,Move out,3101,3089,3073,Move,out1,sources/decoded-original/0340-FlgNet.xml
1053,time work motor,hours motors.VR_04_HOUR,Global,write,Move out,3104,3091,3076,Move,out1,sources/decoded-original/0340-FlgNet.xml
1053,time work motor,hours motors.VR_05_HOUR,Global,write,Move out,3107,3093,3079,Move,out1,sources/decoded-original/0340-FlgNet.xml
1053,time work motor,hours motors.VR_06_HOUR,Global,write,Move out,3110,3095,3082,Move,out1,sources/decoded-original/0340-FlgNet.xml
1054,time work motor,Tag_48,Global,read,접점 operand,3082,3079,3085,Contact,operand,sources/decoded-original/0018-FlgNet.xml
1054,time work motor,hours motors.FN_05_HOUR,Global,write,Move out,3084,3081,3076,Move,out1,sources/decoded-original/0018-FlgNet.xml
1055,time work motor,ON,Global,read,접점 operand,3133,3124,3147,Contact,operand,sources/decoded-original/0341-FlgNet.xml
1055,time work motor,Flag_Aggiorna_DB,Global,read,접점 operand,3134,3125,3149,Contact,operand,sources/decoded-original/0341-FlgNet.xml
1055,time work motor,MEM2_0,Global,write,코일 operand,3136,3126,3110,SCoil,operand,sources/decoded-original/0341-FlgNet.xml
1055,time work motor,MEM2_0,Global,read,접점 operand,3137,3127,3151,Contact,operand,sources/decoded-original/0341-FlgNet.xml
1055,time work motor,Flag_Aggiorna_DB,Global,read,접점 operand,3139,3129,3153,Contact,operand,sources/decoded-original/0341-FlgNet.xml
1055,time work motor,Tag_48,Global,write,코일 operand,3141,3130,3118,SdCoil,operand,sources/decoded-original/0341-FlgNet.xml
1055,time work motor,Tag_48,Global,read,접점 operand,3142,3131,3155,Contact,operand,sources/decoded-original/0341-FlgNet.xml
1055,time work motor,MEM2_0,Global,write,코일 operand,3144,3132,3123,RCoil,operand,sources/decoded-original/0341-FlgNet.xml
1056,time work motor,Tag_47,Global,read,접점 operand,3118,3115,3120,Contact,operand,sources/decoded-original/0019-FlgNet.xml
1056,time work motor,Tag_47,Global,write,코일 operand,3119,3116,3112,SdCoil,operand,sources/decoded-original/0019-FlgNet.xml
1070,hmi inputs,Tag_178,Global,read,Move in,23,25,22,Move,in,sources/decoded-original/0397-FlgNet.xml
1070,hmi inputs,,Unknown,write,Move out,24,26,22,Move,out1,sources/decoded-original/0397-FlgNet.xml
1070,hmi inputs,Tag_179,Global,read,Move in,31,28,27,Move,in,sources/decoded-original/0397-FlgNet.xml
1070,hmi inputs,,Unknown,write,Move out,32,29,27,Move,out1,sources/decoded-original/0397-FlgNet.xml
1070,hmi inputs,Tag_180,Global,read,Move in,39,36,35,Move,in,sources/decoded-original/0397-FlgNet.xml
1070,hmi inputs,,Unknown,write,Move out,40,37,35,Move,out1,sources/decoded-original/0397-FlgNet.xml
1070,hmi inputs,Tag_171,Global,read,Move in,52,45,42,Move,in,sources/decoded-original/0397-FlgNet.xml
1070,hmi inputs,,Unknown,write,Move out,54,46,42,Move,out1,sources/decoded-original/0397-FlgNet.xml
1070,hmi inputs,Tag_181,Global,read,Move in,55,47,43,Move,in,sources/decoded-original/0397-FlgNet.xml
1070,hmi inputs,,Unknown,write,Move out,57,48,43,Move,out1,sources/decoded-original/0397-FlgNet.xml
1070,hmi inputs,Tag_182,Global,read,Move in,58,49,44,Move,in,sources/decoded-original/0397-FlgNet.xml
1070,hmi inputs,,Unknown,write,Move out,59,50,44,Move,out1,sources/decoded-original/0397-FlgNet.xml
1070,hmi inputs,Tag_183,Global,read,Move in,70,63,60,Move,in,sources/decoded-original/0397-FlgNet.xml
1070,hmi inputs,,Unknown,write,Move out,72,64,60,Move,out1,sources/decoded-original/0397-FlgNet.xml
1070,hmi inputs,Tag_274,Global,read,Move in,73,65,61,Move,in,sources/decoded-original/0397-FlgNet.xml
1070,hmi inputs,,Unknown,write,Move out,75,66,61,Move,out1,sources/decoded-original/0397-FlgNet.xml
1070,hmi inputs,Tag_275,Global,read,Move in,76,67,62,Move,in,sources/decoded-original/0397-FlgNet.xml
1070,hmi inputs,,Unknown,write,Move out,77,68,62,Move,out1,sources/decoded-original/0397-FlgNet.xml
1070,hmi inputs,Tag_276,Global,read,Move in,88,81,78,Move,in,sources/decoded-original/0397-FlgNet.xml
1070,hmi inputs,,Unknown,write,Move out,90,82,78,Move,out1,sources/decoded-original/0397-FlgNet.xml
1070,hmi inputs,Tag_277,Global,read,Move in,91,83,79,Move,in,sources/decoded-original/0397-FlgNet.xml
1070,hmi inputs,,Unknown,write,Move out,93,84,79,Move,out1,sources/decoded-original/0397-FlgNet.xml
1070,hmi inputs,PV-14 CLOSE,Global,read,접점 operand,100,102,101,Contact,operand,sources/decoded-original/0397-FlgNet.xml
1070,hmi inputs,Inputs.PV-14 CLOSE,Global,write,코일 operand,104,106,105,Coil,operand,sources/decoded-original/0397-FlgNet.xml
1070,hmi inputs,PV-14 OPEN,Global,read,접점 operand,107,109,108,Contact,operand,sources/decoded-original/0397-FlgNet.xml
1070,hmi inputs,Inputs.PV-14 OPEN,Global,write,코일 operand,111,113,112,Coil,operand,sources/decoded-original/0397-FlgNet.xml
1070,hmi inputs,FN04_Fbk,Global,read,접점 operand,30,38,33,Contact,operand,sources/decoded-original/0397-FlgNet.xml
1070,hmi inputs,Inputs.FN04 Run,Global,write,코일 operand,117,119,118,Coil,operand,sources/decoded-original/0397-FlgNet.xml
1070,hmi inputs,FN04_All_inv,Global,read,접점 operand,51,80,69,Contact,operand,sources/decoded-original/0397-FlgNet.xml
1070,hmi inputs,Inputs.FN04_All_inv,Global,write,코일 operand,123,121,120,Coil,operand,sources/decoded-original/0397-FlgNet.xml
1070,hmi inputs,177T1_OK,Global,read,접점 operand,85,87,86,Contact,operand,sources/decoded-original/0397-FlgNet.xml
1070,hmi inputs,Inputs.177T1_OK,Global,write,코일 operand,128,126,125,Coil,operand,sources/decoded-original/0397-FlgNet.xml
1070,hmi inputs,LL_LD01,Global,read,접점 operand,92,95,94,Contact,operand,sources/decoded-original/0397-FlgNet.xml
1070,hmi inputs,Inputs.LD-01 Minimo,Global,write,코일 operand,133,131,130,Coil,operand,sources/decoded-original/0397-FlgNet.xml
1070,hmi inputs,170FC1,Global,read,접점 operand,96,98,97,Contact,operand,sources/decoded-original/0397-FlgNet.xml
1070,hmi inputs,Inputs.LD-01 Inspection LS,Global,write,코일 operand,138,136,135,Coil,operand,sources/decoded-original/0397-FlgNet.xml
1070,hmi inputs,170SA1,Global,read,접점 operand,99,115,114,Contact,operand,sources/decoded-original/0397-FlgNet.xml
1070,hmi inputs,Inputs.LD-01 Local Button,Global,write,코일 operand,143,141,140,Coil,operand,sources/decoded-original/0397-FlgNet.xml
1070,hmi inputs,MV03_Open,Global,read,접점 operand,122,132,127,Contact,operand,sources/decoded-original/0397-FlgNet.xml
1070,hmi inputs,Inputs.MV03 open,Global,write,코일 operand,146,148,147,Coil,operand,sources/decoded-original/0397-FlgNet.xml
1070,hmi inputs,MV03_Close,Global,read,접점 operand,155,152,149,Contact,operand,sources/decoded-original/0397-FlgNet.xml
1070,hmi inputs,Inputs.MV03 Close,Global,write,코일 operand,158,153,151,Coil,operand,sources/decoded-original/0397-FlgNet.xml
1071,hmi inputs,TC04,Global,read,Move in,23,25,22,Move,in,sources/decoded-original/0398-FlgNet.xml
1071,hmi inputs,Inputs.TC_04,Global,write,Move out,24,26,22,Move,out1,sources/decoded-original/0398-FlgNet.xml
1071,hmi inputs,TC05,Global,read,Move in,31,28,27,Move,in,sources/decoded-original/0398-FlgNet.xml
1071,hmi inputs,Inputs.TC_05,Global,write,Move out,32,29,27,Move,out1,sources/decoded-original/0398-FlgNet.xml
1071,hmi inputs,BWF01_FlowRate,Global,read,Move in,38,35,34,Move,in,sources/decoded-original/0398-FlgNet.xml
1071,hmi inputs,Inputs.Flow_rate_BWF01,Global,write,Move out,39,36,34,Move,out1,sources/decoded-original/0398-FlgNet.xml
1071,hmi inputs,BWF02_FlowRate,Global,read,Move in,45,42,41,Move,in,sources/decoded-original/0398-FlgNet.xml
1071,hmi inputs,Inputs.Flow_rate_BWF02,Global,write,Move out,46,43,41,Move,out1,sources/decoded-original/0398-FlgNet.xml
1071,hmi inputs,BWF01_Level,Global,read,Move in,61,52,48,Move,in,sources/decoded-original/0398-FlgNet.xml
1071,hmi inputs,Inputs.Level_BWF01,Global,write,Move out,63,53,48,Move,out1,sources/decoded-original/0398-FlgNet.xml
1071,hmi inputs,BWF02_Level,Global,read,Move in,64,54,49,Move,in,sources/decoded-original/0398-FlgNet.xml
1071,hmi inputs,Inputs.Level_BWF02,Global,write,Move out,66,55,49,Move,out1,sources/decoded-original/0398-FlgNet.xml
1071,hmi inputs,TC01,Global,read,Move in,67,56,50,Move,in,sources/decoded-original/0398-FlgNet.xml
1071,hmi inputs,Inputs.TC_01,Global,write,Move out,69,57,50,Move,out1,sources/decoded-original/0398-FlgNet.xml
1071,hmi inputs,TC02,Global,read,Move in,70,58,51,Move,in,sources/decoded-original/0398-FlgNet.xml
1071,hmi inputs,Inputs.TC_02,Global,write,Move out,71,59,51,Move,out1,sources/decoded-original/0398-FlgNet.xml
1071,hmi inputs,TC03,Global,read,Move in,85,76,72,Move,in,sources/decoded-original/0398-FlgNet.xml
1071,hmi inputs,Inputs.TC_03,Global,write,Move out,87,77,72,Move,out1,sources/decoded-original/0398-FlgNet.xml
1071,hmi inputs,TC06,Global,read,Move in,88,78,73,Move,in,sources/decoded-original/0398-FlgNet.xml
1071,hmi inputs,Inputs.TC_06,Global,write,Move out,90,79,73,Move,out1,sources/decoded-original/0398-FlgNet.xml
1071,hmi inputs,TC07,Global,read,Move in,91,80,74,Move,in,sources/decoded-original/0398-FlgNet.xml
1071,hmi inputs,Inputs.TC_07,Global,write,Move out,93,81,74,Move,out1,sources/decoded-original/0398-FlgNet.xml
1071,hmi inputs,ZT01,Global,read,Move in,94,82,75,Move,in,sources/decoded-original/0398-FlgNet.xml
1071,hmi inputs,Inputs.ZT_01,Global,write,Move out,95,83,75,Move,out1,sources/decoded-original/0398-FlgNet.xml
1071,hmi inputs,PSH01,Global,read,Move in,109,100,96,Move,in,sources/decoded-original/0398-FlgNet.xml
1071,hmi inputs,Inputs.PSH_01,Global,write,Move out,111,101,96,Move,out1,sources/decoded-original/0398-FlgNet.xml
1071,hmi inputs,PSH02,Global,read,Move in,112,102,97,Move,in,sources/decoded-original/0398-FlgNet.xml
1071,hmi inputs,Inputs.PSH_02,Global,write,Move out,114,103,97,Move,out1,sources/decoded-original/0398-FlgNet.xml
1071,hmi inputs,PSH03,Global,read,Move in,115,104,98,Move,in,sources/decoded-original/0398-FlgNet.xml
1071,hmi inputs,Inputs.PSH_03,Global,write,Move out,117,105,98,Move,out1,sources/decoded-original/0398-FlgNet.xml
1071,hmi inputs,PC01,Global,read,Move in,118,106,99,Move,in,sources/decoded-original/0398-FlgNet.xml
1071,hmi inputs,Inputs.PC_01,Global,write,Move out,119,107,99,Move,out1,sources/decoded-original/0398-FlgNet.xml
1071,hmi inputs,FN02_Current,Global,read,Move in,139,128,122,Move,in,sources/decoded-original/0398-FlgNet.xml
1071,hmi inputs,Inputs.FN02_ABSORPTION,Global,write,Move out,141,129,122,Move,out1,sources/decoded-original/0398-FlgNet.xml
1071,hmi inputs,FN04_Current,Global,read,Move in,142,130,123,Move,in,sources/decoded-original/0398-FlgNet.xml
1071,hmi inputs,Inputs.FN04_ABSORPTION,Global,write,Move out,143,131,123,Move,out1,sources/decoded-original/0398-FlgNet.xml
1071,hmi inputs,RD01_Current,Global,read,Move in,157,148,144,Move,in,sources/decoded-original/0398-FlgNet.xml
1071,hmi inputs,Inputs.RD01_ABSORBPTION,Global,write,Move out,159,149,144,Move,out1,sources/decoded-original/0398-FlgNet.xml
1071,hmi inputs,FN01_Current,Global,read,Move in,160,150,145,Move,in,sources/decoded-original/0398-FlgNet.xml
1071,hmi inputs,Inputs.FN01_ABSORPTION,Global,write,Move out,162,151,145,Move,out1,sources/decoded-original/0398-FlgNet.xml
1071,hmi inputs,R001,Global,read,Move in,163,152,146,Move,in,sources/decoded-original/0398-FlgNet.xml
1071,hmi inputs,Inputs.RO_01,Global,write,Move out,165,153,146,Move,out1,sources/decoded-original/0398-FlgNet.xml
1071,hmi inputs,R002,Global,read,Move in,166,154,147,Move,in,sources/decoded-original/0398-FlgNet.xml
1071,hmi inputs,Inputs.RO_02,Global,write,Move out,167,155,147,Move,out1,sources/decoded-original/0398-FlgNet.xml
1071,hmi inputs,R003,Global,read,Move in,181,172,168,Move,in,sources/decoded-original/0398-FlgNet.xml
1071,hmi inputs,Inputs.RO_03,Global,write,Move out,183,173,168,Move,out1,sources/decoded-original/0398-FlgNet.xml
1071,hmi inputs,R004,Global,read,Move in,184,174,169,Move,in,sources/decoded-original/0398-FlgNet.xml
1071,hmi inputs,Inputs.RO_04,Global,write,Move out,186,175,169,Move,out1,sources/decoded-original/0398-FlgNet.xml
1071,hmi inputs,BR01_GAS,Global,read,Move in,187,176,170,Move,in,sources/decoded-original/0398-FlgNet.xml
1071,hmi inputs,Inputs.BR_01_RETRANSMISSION_GAS,Global,write,Move out,189,177,170,Move,out1,sources/decoded-original/0398-FlgNet.xml
1071,hmi inputs,BR01_AIR,Global,read,Move in,190,178,171,Move,in,sources/decoded-original/0398-FlgNet.xml
1071,hmi inputs,Inputs.BR_01_RETRANSMISSION_AIR,Global,write,Move out,191,179,171,Move,out1,sources/decoded-original/0398-FlgNet.xml
1071,hmi inputs,BR01_FlowMeter_GAS,Global,read,Move in,132,180,84,Move,in,sources/decoded-original/0398-FlgNet.xml
1071,hmi inputs,Inputs.BR_01_MASSFLOWMETER_GAS,Global,write,Move out,156,192,84,Move,out1,sources/decoded-original/0398-FlgNet.xml
1071,hmi inputs,BR01_FlowMeter_AIR,Global,read,Move in,196,198,194,Move,in,sources/decoded-original/0398-FlgNet.xml
1071,hmi inputs,Inputs.BR_01_MASSFLOWMETER_AIR,Global,write,Move out,197,199,194,Move,out1,sources/decoded-original/0398-FlgNet.xml
1079,simulation,Clock100ms,Global,read,접점 operand,35,36,23,Contact,operand,sources/decoded-original/0413-FlgNet.xml
1079,simulation,,Unknown,pending,호출 방향·미분류 핀 확인 필요,30,32,26,CRef,ET,sources/decoded-original/0413-FlgNet.xml
1079,simulation,Clock100ms,Global,write,코일 operand,38,40,39,Coil,operand,sources/decoded-original/0413-FlgNet.xml
1080,simulation,ON,Global,read,접점 operand,22,24,23,Contact,operand,sources/decoded-original/0415-FlgNet.xml
1080,simulation,Inputs.MC04 torque,Global,write,코일 operand,26,28,27,Coil,operand,sources/decoded-original/0415-FlgNet.xml
1080,simulation,Inputs.Low Pressure Air,Global,write,코일 operand,25,34,33,Coil,operand,sources/decoded-original/0415-FlgNet.xml
1080,simulation,Inputs.LD-01 Minimo,Global,write,코일 operand,35,37,36,Coil,operand,sources/decoded-original/0415-FlgNet.xml
1080,simulation,Inputs.NITROGEN TANK READY,Global,write,코일 operand,38,40,39,Coil,operand,sources/decoded-original/0415-FlgNet.xml
1080,simulation,Inputs.EM_OK,Global,write,코일 operand,41,43,42,Coil,operand,sources/decoded-original/0415-FlgNet.xml
1080,simulation,Inputs.Presenza_110V,Global,write,코일 operand,44,46,45,Coil,operand,sources/decoded-original/0415-FlgNet.xml
1081,simulation,Clock3s,Global,read,접점 operand,30,25,21,Contact,operand,sources/decoded-original/0414-FlgNet.xml
1081,simulation,,Unknown,pending,호출 방향·미분류 핀 확인 필요,34,27,22,CRef,ET,sources/decoded-original/0414-FlgNet.xml
1081,simulation,Clock3s,Global,write,코일 operand,35,28,24,Coil,operand,sources/decoded-original/0414-FlgNet.xml
1082,simulation,Flag.M_BC_01,Global,read,접점 operand,22,24,23,Contact,operand,sources/decoded-original/0402-FlgNet.xml
1082,simulation,Inputs.BC01 run,Global,write,코일 operand,32,34,33,Coil,operand,sources/decoded-original/0402-FlgNet.xml
1082,simulation,Flag.M_RD_01,Global,read,접점 operand,25,27,26,Contact,operand,sources/decoded-original/0402-FlgNet.xml
1082,simulation,Inputs.RD01 run,Global,write,코일 operand,36,38,37,Coil,operand,sources/decoded-original/0402-FlgNet.xml
1082,simulation,Flag.M_RD_01_FAN,Global,read,접점 operand,28,30,29,Contact,operand,sources/decoded-original/0402-FlgNet.xml
1082,simulation,Inputs.fan RD01 run,Global,write,코일 operand,40,42,41,Coil,operand,sources/decoded-original/0402-FlgNet.xml
1082,simulation,Flag.M_MC_03,Global,read,접점 operand,56,49,43,Contact,operand,sources/decoded-original/0402-FlgNet.xml
1082,simulation,Inputs.MC03 run,Global,write,코일 operand,58,50,44,Coil,operand,sources/decoded-original/0402-FlgNet.xml
1082,simulation,Flag.M_MC_04,Global,read,접점 operand,59,51,45,Contact,operand,sources/decoded-original/0402-FlgNet.xml
1082,simulation,Inputs.MC04 run,Global,write,코일 operand,61,52,46,Coil,operand,sources/decoded-original/0402-FlgNet.xml
1082,simulation,Flag.M_VS_01,Global,read,접점 operand,90,77,65,Contact,operand,sources/decoded-original/0402-FlgNet.xml
1082,simulation,Inputs.VS01 run,Global,write,코일 operand,92,78,66,Coil,operand,sources/decoded-original/0402-FlgNet.xml
1082,simulation,Start Aux INV,Global,read,접점 operand,96,81,69,Contact,operand,sources/decoded-original/0402-FlgNet.xml
1082,simulation,Inputs.Aux inverter RUN,Global,write,코일 operand,98,82,70,Coil,operand,sources/decoded-original/0402-FlgNet.xml
1083,simulation,Start Open MV-01,Global,read,접점 operand,101,66,42,Contact,operand,sources/decoded-original/0403-FlgNet.xml
1083,simulation,Inputs.MV01 Run_Opening,Global,write,코일 operand,103,67,43,Coil,operand,sources/decoded-original/0403-FlgNet.xml
1083,simulation,Clock100ms,Global,read,접점 operand,70,78,72,Contact,operand,sources/decoded-original/0403-FlgNet.xml
1083,simulation,Data.Pot_MV01,Global,read,비교 입력 핀,121,122,120,Le,in1,sources/decoded-original/0403-FlgNet.xml
1083,simulation,Data.Pot_MV01,Global,read,연산 입력 핀,102,108,99,Add,in1,sources/decoded-original/0403-FlgNet.xml
1083,simulation,Data.Pot_MV01,Global,write,연산 출력 핀,107,112,99,Add,out,sources/decoded-original/0403-FlgNet.xml
1083,simulation,Start Close MV-01,Global,read,접점 operand,104,68,44,Contact,operand,sources/decoded-original/0403-FlgNet.xml
1083,simulation,Inputs.MV01 Run_Closing,Global,write,코일 operand,106,69,45,Coil,operand,sources/decoded-original/0403-FlgNet.xml
1083,simulation,Clock100ms,Global,read,접점 operand,353,351,350,Contact,operand,sources/decoded-original/0403-FlgNet.xml
1083,simulation,Data.Pot_MV01,Global,read,비교 입력 핀,131,136,340,Ge,in1,sources/decoded-original/0403-FlgNet.xml
1083,simulation,Data.Pot_MV01,Global,read,연산 입력 핀,142,145,341,Sub,in1,sources/decoded-original/0403-FlgNet.xml
1083,simulation,Data.Pot_MV01,Global,write,연산 출력 핀,144,147,341,Sub,out,sources/decoded-original/0403-FlgNet.xml
1083,simulation,Data.Pot_MV01,Global,read,비교 입력 핀,346,343,342,Ge,in1,sources/decoded-original/0403-FlgNet.xml
1083,simulation,Inputs.MV01 Open,Global,write,코일 operand,150,152,151,Coil,operand,sources/decoded-original/0403-FlgNet.xml
1083,simulation,Data.Pot_MV01,Global,read,비교 입력 핀,153,158,348,Le,in1,sources/decoded-original/0403-FlgNet.xml
1083,simulation,Inputs.MV01 Close,Global,write,코일 operand,163,164,349,Coil,operand,sources/decoded-original/0403-FlgNet.xml
1083,simulation,Open MV02,Global,read,접점 operand,391,368,354,Contact,operand,sources/decoded-original/0403-FlgNet.xml
1083,simulation,Inputs.MV02 RUN_Opening,Global,write,코일 operand,393,369,355,Coil,operand,sources/decoded-original/0403-FlgNet.xml
1083,simulation,Clock100ms,Global,read,접점 operand,394,370,356,Contact,operand,sources/decoded-original/0403-FlgNet.xml
1083,simulation,Data.Pot_MV02,Global,read,비교 입력 핀,396,371,357,Le,in1,sources/decoded-original/0403-FlgNet.xml
1083,simulation,Data.Pot_MV02,Global,read,연산 입력 핀,399,373,358,Add,in1,sources/decoded-original/0403-FlgNet.xml
1083,simulation,Data.Pot_MV02,Global,write,연산 출력 핀,401,375,358,Add,out,sources/decoded-original/0403-FlgNet.xml
1083,simulation,Close MV02,Global,read,접점 operand,402,376,359,Contact,operand,sources/decoded-original/0403-FlgNet.xml
1083,simulation,Inputs.MV02 RUN_Closing,Global,write,코일 operand,404,377,360,Coil,operand,sources/decoded-original/0403-FlgNet.xml
1083,simulation,Clock100ms,Global,read,접점 operand,405,378,361,Contact,operand,sources/decoded-original/0403-FlgNet.xml
1083,simulation,Data.Pot_MV02,Global,read,비교 입력 핀,407,379,362,Ge,in1,sources/decoded-original/0403-FlgNet.xml
1083,simulation,Data.Pot_MV02,Global,read,연산 입력 핀,410,381,363,Sub,in1,sources/decoded-original/0403-FlgNet.xml
1083,simulation,Data.Pot_MV02,Global,write,연산 출력 핀,412,383,363,Sub,out,sources/decoded-original/0403-FlgNet.xml
1083,simulation,Data.Pot_MV02,Global,read,비교 입력 핀,87,89,364,Lt,in1,sources/decoded-original/0403-FlgNet.xml
1083,simulation,Inputs.MV02 Open,Global,write,코일 operand,416,386,365,Coil,operand,sources/decoded-original/0403-FlgNet.xml
1083,simulation,Data.Pot_MV02,Global,read,비교 입력 핀,82,84,366,Gt,in1,sources/decoded-original/0403-FlgNet.xml
1083,simulation,Inputs.MV02 Close,Global,write,코일 operand,420,389,367,Coil,operand,sources/decoded-original/0403-FlgNet.xml
1083,simulation,Start open MV03,Global,read,접점 operand,525,502,488,Contact,operand,sources/decoded-original/0403-FlgNet.xml
1083,simulation,Inputs.MV03 Run_Opening,Global,write,코일 operand,527,503,489,Coil,operand,sources/decoded-original/0403-FlgNet.xml
1083,simulation,Clock100ms,Global,read,접점 operand,528,504,490,Contact,operand,sources/decoded-original/0403-FlgNet.xml
1083,simulation,Data.Pot_MV03,Global,read,비교 입력 핀,530,505,491,Le,in1,sources/decoded-original/0403-FlgNet.xml
1083,simulation,Data.Pot_MV03,Global,read,연산 입력 핀,533,507,492,Add,in1,sources/decoded-original/0403-FlgNet.xml
1083,simulation,Data.Pot_MV03,Global,write,연산 출력 핀,535,509,492,Add,out,sources/decoded-original/0403-FlgNet.xml
1083,simulation,Start Close MV03,Global,read,접점 operand,536,510,493,Contact,operand,sources/decoded-original/0403-FlgNet.xml
1083,simulation,Inputs.MV03 Run_Closing,Global,write,코일 operand,538,511,494,Coil,operand,sources/decoded-original/0403-FlgNet.xml
1083,simulation,Clock100ms,Global,read,접점 operand,539,512,495,Contact,operand,sources/decoded-original/0403-FlgNet.xml
1083,simulation,Data.Pot_MV03,Global,read,비교 입력 핀,541,513,496,Ge,in1,sources/decoded-original/0403-FlgNet.xml
1083,simulation,Data.Pot_MV03,Global,read,연산 입력 핀,544,515,497,Sub,in1,sources/decoded-original/0403-FlgNet.xml
1083,simulation,Data.Pot_MV03,Global,write,연산 출력 핀,546,517,497,Sub,out,sources/decoded-original/0403-FlgNet.xml
1083,simulation,Data.Pot_MV03,Global,read,비교 입력 핀,76,79,498,Lt,in1,sources/decoded-original/0403-FlgNet.xml
1083,simulation,Inputs.MV03 open,Global,write,코일 operand,550,520,499,Coil,operand,sources/decoded-original/0403-FlgNet.xml
1083,simulation,Data.Pot_MV03,Global,read,비교 입력 핀,65,73,500,Gt,in1,sources/decoded-original/0403-FlgNet.xml
1083,simulation,Inputs.MV03 Close,Global,write,코일 operand,554,523,501,Coil,operand,sources/decoded-original/0403-FlgNet.xml
1083,simulation,Open MV05,Global,read,접점 operand,592,569,555,Contact,operand,sources/decoded-original/0403-FlgNet.xml
1083,simulation,Inputs.MV05 RUN_Opening,Global,write,코일 operand,594,570,556,Coil,operand,sources/decoded-original/0403-FlgNet.xml
1083,simulation,Clock100ms,Global,read,접점 operand,595,571,557,Contact,operand,sources/decoded-original/0403-FlgNet.xml
1083,simulation,Data.Pot_MV05,Global,read,비교 입력 핀,597,572,558,Le,in1,sources/decoded-original/0403-FlgNet.xml
1083,simulation,Data.Pot_MV05,Global,read,연산 입력 핀,600,574,559,Add,in1,sources/decoded-original/0403-FlgNet.xml
1083,simulation,Data.Pot_MV05,Global,write,연산 출력 핀,602,576,559,Add,out,sources/decoded-original/0403-FlgNet.xml
1083,simulation,Close MV05,Global,read,접점 operand,603,577,560,Contact,operand,sources/decoded-original/0403-FlgNet.xml
1083,simulation,Inputs.MV05 RUN_Closing,Global,write,코일 operand,605,578,561,Coil,operand,sources/decoded-original/0403-FlgNet.xml
1083,simulation,Clock100ms,Global,read,접점 operand,606,579,562,Contact,operand,sources/decoded-original/0403-FlgNet.xml
1083,simulation,Data.Pot_MV05,Global,read,비교 입력 핀,608,580,563,Ge,in1,sources/decoded-original/0403-FlgNet.xml
1083,simulation,Data.Pot_MV05,Global,read,연산 입력 핀,611,582,564,Sub,in1,sources/decoded-original/0403-FlgNet.xml
1083,simulation,Data.Pot_MV05,Global,write,연산 출력 핀,613,584,564,Sub,out,sources/decoded-original/0403-FlgNet.xml
1083,simulation,Data.Pot_MV05,Global,read,비교 입력 핀,24,31,565,Lt,in1,sources/decoded-original/0403-FlgNet.xml
1083,simulation,Inputs.MV05 open,Global,write,코일 operand,617,587,566,Coil,operand,sources/decoded-original/0403-FlgNet.xml
1083,simulation,Data.Pot_MV05,Global,read,비교 입력 핀,34,36,567,Gt,in1,sources/decoded-original/0403-FlgNet.xml
1083,simulation,Inputs.MV05 Close,Global,write,코일 operand,621,590,568,Coil,operand,sources/decoded-original/0403-FlgNet.xml
1083,simulation,Open MV06,Global,read,접점 operand,659,636,622,Contact,operand,sources/decoded-original/0403-FlgNet.xml
1083,simulation,Inputs.MV06 Run_Opening,Global,write,코일 operand,661,637,623,Coil,operand,sources/decoded-original/0403-FlgNet.xml
1083,simulation,Clock100ms,Global,read,접점 operand,662,638,624,Contact,operand,sources/decoded-original/0403-FlgNet.xml
1083,simulation,Data.Pot_MV06,Global,read,비교 입력 핀,664,639,625,Le,in1,sources/decoded-original/0403-FlgNet.xml
1083,simulation,Data.Pot_MV06,Global,read,연산 입력 핀,667,641,626,Add,in1,sources/decoded-original/0403-FlgNet.xml
1083,simulation,Data.Pot_MV06,Global,write,연산 출력 핀,669,643,626,Add,out,sources/decoded-original/0403-FlgNet.xml
1083,simulation,Close MV06,Global,read,접점 operand,670,644,627,Contact,operand,sources/decoded-original/0403-FlgNet.xml
1083,simulation,Inputs.MV06 Run_Closing,Global,write,코일 operand,672,645,628,Coil,operand,sources/decoded-original/0403-FlgNet.xml
1083,simulation,Clock100ms,Global,read,접점 operand,673,646,629,Contact,operand,sources/decoded-original/0403-FlgNet.xml
1083,simulation,Data.Pot_MV06,Global,read,비교 입력 핀,675,647,630,Ge,in1,sources/decoded-original/0403-FlgNet.xml
1083,simulation,Data.Pot_MV06,Global,read,연산 입력 핀,678,649,631,Sub,in1,sources/decoded-original/0403-FlgNet.xml
1083,simulation,Data.Pot_MV06,Global,write,연산 출력 핀,680,651,631,Sub,out,sources/decoded-original/0403-FlgNet.xml
1083,simulation,Data.Pot_MV06,Global,read,비교 입력 핀,92,94,632,Ge,in1,sources/decoded-original/0403-FlgNet.xml
1083,simulation,Inputs.MV06_Open,Global,write,코일 operand,684,654,633,Coil,operand,sources/decoded-original/0403-FlgNet.xml
1083,simulation,Data.Pot_MV06,Global,read,비교 입력 핀,97,100,634,Le,in1,sources/decoded-original/0403-FlgNet.xml
1083,simulation,Inputs.MV06 Close,Global,write,코일 operand,688,657,635,Coil,operand,sources/decoded-original/0403-FlgNet.xml
1084,simulation,Flag.M_FN_02,Global,read,접점 operand,22,24,23,Contact,operand,sources/decoded-original/0404-FlgNet.xml
1084,simulation,Inputs.FN02 Run,Global,write,코일 operand,26,28,27,Coil,operand,sources/decoded-original/0404-FlgNet.xml
1084,simulation,Flag.M_VR_01,Global,read,접점 operand,29,31,30,Contact,operand,sources/decoded-original/0404-FlgNet.xml
1084,simulation,Inputs.VR-01 RUN,Global,write,코일 operand,33,35,34,Coil,operand,sources/decoded-original/0404-FlgNet.xml
1084,simulation,Flag.M_FN_01,Global,read,접점 operand,36,38,37,Contact,operand,sources/decoded-original/0404-FlgNet.xml
1084,simulation,Inputs.FN01 Run,Global,write,코일 operand,40,42,41,Coil,operand,sources/decoded-original/0404-FlgNet.xml
1084,simulation,Flag.M_VR_02,Global,read,접점 operand,56,49,43,Contact,operand,sources/decoded-original/0404-FlgNet.xml
1084,simulation,Inputs.VR02 Run,Global,write,코일 operand,58,50,44,Coil,operand,sources/decoded-original/0404-FlgNet.xml
1084,simulation,Flag.M_CH_01,Global,read,접점 operand,59,51,45,Contact,operand,sources/decoded-original/0404-FlgNet.xml
1084,simulation,Inputs.CH01 Run,Global,write,코일 operand,61,52,46,Coil,operand,sources/decoded-original/0404-FlgNet.xml
1084,simulation,Flag.M_FN_03,Global,read,접점 operand,62,53,47,Contact,operand,sources/decoded-original/0404-FlgNet.xml
1084,simulation,Inputs.FN03 Run,Global,write,코일 operand,64,54,48,Coil,operand,sources/decoded-original/0404-FlgNet.xml
1084,simulation,Flag.M_FN_06,Global,read,접점 operand,55,66,65,Contact,operand,sources/decoded-original/0404-FlgNet.xml
1084,simulation,Inputs.FEEDBACKMOTOR FN-06,Global,write,코일 operand,68,70,69,Coil,operand,sources/decoded-original/0404-FlgNet.xml
1084,simulation,Flag.M_SC_01,Global,read,접점 operand,71,73,72,Contact,operand,sources/decoded-original/0404-FlgNet.xml
1084,simulation,Inputs.FEEDBACKMOTOR SC-01,Global,write,코일 operand,75,77,76,Coil,operand,sources/decoded-original/0404-FlgNet.xml
1085,simulation,Flag.M_LD_01,Global,read,접점 operand,22,24,23,Contact,operand,sources/decoded-original/0405-FlgNet.xml
1085,simulation,Inputs.FEEDBACKMOTOR LD-01,Global,write,코일 operand,26,28,27,Coil,operand,sources/decoded-original/0405-FlgNet.xml
1085,simulation,Flag.M_LD_01_VIB,Global,read,접점 operand,29,31,30,Contact,operand,sources/decoded-original/0405-FlgNet.xml
1085,simulation,Inputs.FEEDBACKMOTOR-LD-01A,Global,write,코일 operand,33,35,34,Coil,operand,sources/decoded-original/0405-FlgNet.xml
1085,simulation,Inputs.LD-01 Local Button,Global,write,코일 operand,85,87,86,Coil,operand,sources/decoded-original/0405-FlgNet.xml
1085,simulation,Flag.M_SC_10,Global,read,접점 operand,36,38,37,Contact,operand,sources/decoded-original/0405-FlgNet.xml
1085,simulation,Inputs.FEEDBACKMOTOR SC-10,Global,write,코일 operand,40,42,41,Coil,operand,sources/decoded-original/0405-FlgNet.xml
1085,simulation,Flag.M_SC_11,Global,read,접점 operand,43,45,44,Contact,operand,sources/decoded-original/0405-FlgNet.xml
1085,simulation,Inputs.FEEDBACKMOTOR SC-11,Global,write,코일 operand,47,49,48,Coil,operand,sources/decoded-original/0405-FlgNet.xml
1085,simulation,Flag.M_FN_04,Global,read,접점 operand,67,58,50,Contact,operand,sources/decoded-original/0405-FlgNet.xml
1085,simulation,Inputs.FN04 Run,Global,write,코일 operand,69,59,51,Coil,operand,sources/decoded-original/0405-FlgNet.xml
1085,simulation,Flag.M_VR_03,Global,read,접점 operand,70,60,52,Contact,operand,sources/decoded-original/0405-FlgNet.xml
1085,simulation,Inputs.VR03 Run,Global,write,코일 operand,72,61,53,Coil,operand,sources/decoded-original/0405-FlgNet.xml
1085,simulation,Flag.M_VR_04,Global,read,접점 operand,73,62,54,Contact,operand,sources/decoded-original/0405-FlgNet.xml
1085,simulation,Inputs.VR04 Run,Global,write,코일 operand,75,63,55,Coil,operand,sources/decoded-original/0405-FlgNet.xml
1085,simulation,Flag.M_VR_05,Global,read,접점 operand,76,64,56,Contact,operand,sources/decoded-original/0405-FlgNet.xml
1085,simulation,Inputs.VR05 Run,Global,write,코일 operand,78,65,57,Coil,operand,sources/decoded-original/0405-FlgNet.xml
1085,simulation,Flag.M_VR_06,Global,read,접점 operand,66,80,79,Contact,operand,sources/decoded-original/0405-FlgNet.xml
1085,simulation,Inputs.VR-06 RUN,Global,write,코일 operand,82,84,83,Coil,operand,sources/decoded-original/0405-FlgNet.xml
1086,simulation,Flag.M_FN_05,Global,read,접점 operand,29,31,30,Contact,operand,sources/decoded-original/0406-FlgNet.xml
1086,simulation,Inputs.FN-05 RUN,Global,write,코일 operand,33,35,34,Coil,operand,sources/decoded-original/0406-FlgNet.xml
1086,simulation,Flag.M_ER01,Global,read,접점 operand,36,38,37,Contact,operand,sources/decoded-original/0406-FlgNet.xml
1086,simulation,Inputs.Feedback_ER01,Global,write,코일 operand,40,42,41,Coil,operand,sources/decoded-original/0406-FlgNet.xml
1086,simulation,Flag.M_BWF01,Global,read,접점 operand,56,49,43,Contact,operand,sources/decoded-original/0406-FlgNet.xml
1086,simulation,Inputs.BWF 01 RUN,Global,write,코일 operand,58,50,44,Coil,operand,sources/decoded-original/0406-FlgNet.xml
1086,simulation,Inputs.BWF01 OK,Global,write,코일 operand,23,25,24,Coil,operand,sources/decoded-original/0406-FlgNet.xml
1086,simulation,Flag.M_BWF02,Global,read,접점 operand,59,51,45,Contact,operand,sources/decoded-original/0406-FlgNet.xml
1086,simulation,Inputs.BWF 02 RUN,Global,write,코일 operand,61,52,46,Coil,operand,sources/decoded-original/0406-FlgNet.xml
1086,simulation,Inputs.BWF02 OK,Global,write,코일 operand,27,47,28,Coil,operand,sources/decoded-original/0406-FlgNet.xml
1087,simulation,Flag.M_PV03,Global,read,접점 operand,22,24,23,Contact,operand,sources/decoded-original/0407-FlgNet.xml
1087,simulation,Inputs.Deviator Open PV-03,Global,write,코일 operand,30,32,31,Coil,operand,sources/decoded-original/0407-FlgNet.xml
1087,simulation,Flag.M_PV03,Global,read,접점 operand,34,35,33,Contact,operand,sources/decoded-original/0407-FlgNet.xml
1087,simulation,Inputs.Deviator Close PV-03,Global,write,코일 operand,37,39,38,Coil,operand,sources/decoded-original/0407-FlgNet.xml
1088,simulation,Flag.M_PV04,Global,read,접점 operand,25,27,26,Contact,operand,sources/decoded-original/0408-FlgNet.xml
1088,simulation,Inputs.PV04 Open,Global,write,코일 operand,29,31,30,Coil,operand,sources/decoded-original/0408-FlgNet.xml
1088,simulation,Flag.M_PV04,Global,read,접점 operand,32,34,33,Contact,operand,sources/decoded-original/0408-FlgNet.xml
1088,simulation,Inputs.PV04 Close,Global,write,코일 operand,38,36,35,Coil,operand,sources/decoded-original/0408-FlgNet.xml
1089,simulation,PV-14,Global,read,접점 operand,22,24,23,Contact,operand,sources/decoded-original/0409-FlgNet.xml
1089,simulation,Inputs.PV-14 OPEN,Global,write,코일 operand,26,28,27,Coil,operand,sources/decoded-original/0409-FlgNet.xml
1089,simulation,PV-14,Global,read,접점 operand,29,31,30,Contact,operand,sources/decoded-original/0409-FlgNet.xml
1089,simulation,Inputs.PV-14 CLOSE,Global,write,코일 operand,33,35,34,Coil,operand,sources/decoded-original/0409-FlgNet.xml
1090,simulation,PV-01 Gate a,Global,read,접점 operand,22,24,23,Contact,operand,sources/decoded-original/0410-FlgNet.xml
1090,simulation,Inputs.FC GATE A OPEN,Global,write,코일 operand,26,28,27,Coil,operand,sources/decoded-original/0410-FlgNet.xml
1090,simulation,PV-01 Gate a,Global,read,접점 operand,32,33,30,Contact,operand,sources/decoded-original/0410-FlgNet.xml
1090,simulation,Inputs.LIMIT SWITCH LS-02GATE A CLOSEDVALVE PV-01,Global,write,코일 operand,35,37,36,Coil,operand,sources/decoded-original/0410-FlgNet.xml
1090,simulation,PV-01 GATE B EV,Global,read,접점 operand,47,42,38,Contact,operand,sources/decoded-original/0410-FlgNet.xml
1090,simulation,Inputs.PV-01 GATE B OPEN,Global,write,코일 operand,49,43,39,Coil,operand,sources/decoded-original/0410-FlgNet.xml
1090,simulation,PV-01 GATE B EV,Global,read,접점 operand,50,44,40,Contact,operand,sources/decoded-original/0410-FlgNet.xml
1090,simulation,Inputs.LIMIT SWITCH LS-06GATE B CLOSEDVALVE PV-01,Global,write,코일 operand,52,45,41,Coil,operand,sources/decoded-original/0410-FlgNet.xml
1091,simulation,PV-02 GATE A EV,Global,read,접점 operand,39,30,22,Contact,operand,sources/decoded-original/0411-FlgNet.xml
1091,simulation,Inputs.PV-02 EV A OPEN,Global,write,코일 operand,41,31,23,Coil,operand,sources/decoded-original/0411-FlgNet.xml
1091,simulation,PV-02 GATE A EV,Global,read,접점 operand,42,32,24,Contact,operand,sources/decoded-original/0411-FlgNet.xml
1091,simulation,Inputs.PV-02 EV A CLOSE,Global,write,코일 operand,44,33,25,Coil,operand,sources/decoded-original/0411-FlgNet.xml
1091,simulation,PV-02 GATE B EV,Global,read,접점 operand,45,34,26,Contact,operand,sources/decoded-original/0411-FlgNet.xml
1091,simulation,Inputs.PV-02 GATE B OPEN,Global,write,코일 operand,47,35,27,Coil,operand,sources/decoded-original/0411-FlgNet.xml
1091,simulation,PV-02 GATE B EV,Global,read,접점 operand,48,36,28,Contact,operand,sources/decoded-original/0411-FlgNet.xml
1091,simulation,Inputs.PV-02 GATE B CLOSE,Global,write,코일 operand,50,37,29,Coil,operand,sources/decoded-original/0411-FlgNet.xml
1092,simulation,Flag.Start_Burner,Global,read,접점 operand,25,23,22,Contact,operand,sources/decoded-original/0412-FlgNet.xml
1092,simulation,Inputs.FC Aria chiusa,Global,write,코일 operand,26,28,27,Coil,operand,sources/decoded-original/0412-FlgNet.xml
1092,simulation,Inputs.FC GAS Chiuso,Global,write,코일 operand,30,32,31,Coil,operand,sources/decoded-original/0412-FlgNet.xml
1092,simulation,Inputs.Burner On,Global,write,코일 operand,24,34,33,Coil,operand,sources/decoded-original/0412-FlgNet.xml
1092,simulation,Inputs.High Flame Gas,Global,write,코일 operand,35,37,36,Coil,operand,sources/decoded-original/0412-FlgNet.xml
1092,simulation,Start Burner,Global,read,접점 operand,78,51,38,Contact,operand,sources/decoded-original/0412-FlgNet.xml
1092,simulation,Data.Temp_TC01,Global,read,비교 입력 핀,80,52,39,Le,in1,sources/decoded-original/0412-FlgNet.xml
1092,simulation,Data.TC01_SETPOINT,Global,read,비교 입력 핀,81,53,39,Le,in2,sources/decoded-original/0412-FlgNet.xml
1092,simulation,Clock3s,Global,read,접점 operand,83,54,40,Contact,operand,sources/decoded-original/0412-FlgNet.xml
1092,simulation,Data.Burner_Panel_SetPoint,Global,read,연산 입력 핀,85,55,41,Div,in1,sources/decoded-original/0412-FlgNet.xml
1092,simulation,BuffInc,Local,write,연산 출력 핀,88,57,41,Div,out,sources/decoded-original/0412-FlgNet.xml
1092,simulation,Data.Temp_TC01,Global,read,연산 입력 핀,89,58,42,Add,in1,sources/decoded-original/0412-FlgNet.xml
1092,simulation,BuffInc,Local,read,연산 입력 핀,90,59,42,Add,in2,sources/decoded-original/0412-FlgNet.xml
1092,simulation,Data.Temp_TC01,Global,write,연산 출력 핀,91,60,42,Add,out,sources/decoded-original/0412-FlgNet.xml
1092,simulation,Data.Temp_TC01,Global,read,비교 입력 핀,92,61,43,Gt,in1,sources/decoded-original/0412-FlgNet.xml
1092,simulation,Data.TC01_SETPOINT,Global,read,비교 입력 핀,93,62,43,Gt,in2,sources/decoded-original/0412-FlgNet.xml
1092,simulation,Clock3s,Global,read,접점 operand,95,63,44,Contact,operand,sources/decoded-original/0412-FlgNet.xml
1092,simulation,Data.Temp_TC01,Global,read,연산 입력 핀,97,64,45,Sub,in1,sources/decoded-original/0412-FlgNet.xml
1092,simulation,Data.Temp_TC01,Global,write,연산 출력 핀,99,66,45,Sub,out,sources/decoded-original/0412-FlgNet.xml
1092,simulation,Start Burner,Global,read,접점 operand,100,67,46,Contact,operand,sources/decoded-original/0412-FlgNet.xml
1092,simulation,Clock100ms,Global,read,접점 operand,102,68,47,Contact,operand,sources/decoded-original/0412-FlgNet.xml
1092,simulation,Data.Temp_TC01,Global,read,비교 입력 핀,104,69,48,Ge,in1,sources/decoded-original/0412-FlgNet.xml
1092,simulation,Data.Temp_TC01,Global,read,연산 입력 핀,107,71,49,Sub,in1,sources/decoded-original/0412-FlgNet.xml
1092,simulation,Data.Temp_TC01,Global,write,연산 출력 핀,109,73,49,Sub,out,sources/decoded-original/0412-FlgNet.xml
1092,simulation,Data.Temp_TC01,Global,read,연산 입력 핀,110,74,50,Add,in1,sources/decoded-original/0412-FlgNet.xml
1092,simulation,Data.Temp_TC02,Global,write,연산 출력 핀,112,76,50,Add,out,sources/decoded-original/0412-FlgNet.xml
1178,hmi,,Unknown,pending,호출 방향·미분류 핀 확인 필요,24,25,23,CRef,Ingresso_run,sources/decoded-original/0357-FlgNet.xml
1178,hmi,,Unknown,pending,호출 방향·미분류 핀 확인 필요,28,29,23,CRef,Allarme1,sources/decoded-original/0357-FlgNet.xml
1178,hmi,,Unknown,pending,호출 방향·미분류 핀 확인 필요,30,31,23,CRef,Allarme2,sources/decoded-original/0357-FlgNet.xml
1178,hmi,,Unknown,pending,호출 방향·미분류 핀 확인 필요,34,35,23,CRef,Allarme4,sources/decoded-original/0357-FlgNet.xml
1178,hmi,,Unknown,pending,호출 방향·미분류 핀 확인 필요,36,37,23,CRef,Risposta,sources/decoded-original/0357-FlgNet.xml
1178,hmi,,Unknown,pending,호출 방향·미분류 핀 확인 필요,40,41,23,CRef,Comulativo_allarmi,sources/decoded-original/0357-FlgNet.xml
1179,hmi,,Unknown,pending,호출 방향·미분류 핀 확인 필요,24,25,23,CRef,Ingresso_run,sources/decoded-original/0358-FlgNet.xml
1179,hmi,,Unknown,pending,호출 방향·미분류 핀 확인 필요,28,29,23,CRef,Allarme1,sources/decoded-original/0358-FlgNet.xml
1179,hmi,,Unknown,pending,호출 방향·미분류 핀 확인 필요,30,31,23,CRef,Allarme2,sources/decoded-original/0358-FlgNet.xml
1179,hmi,,Unknown,pending,호출 방향·미분류 핀 확인 필요,46,47,23,CRef,Comulativo_allarmi,sources/decoded-original/0358-FlgNet.xml
1180,hmi,,Unknown,pending,호출 방향·미분류 핀 확인 필요,37,24,22,CRef,Ingresso_run,sources/decoded-original/0359-FlgNet.xml
1180,hmi,,Unknown,pending,호출 방향·미분류 핀 확인 필요,39,26,22,CRef,Allarme1,sources/decoded-original/0359-FlgNet.xml
1180,hmi,,Unknown,pending,호출 방향·미분류 핀 확인 필요,46,33,22,CRef,Risposta,sources/decoded-original/0359-FlgNet.xml
1180,hmi,,Unknown,pending,호출 방향·미분류 핀 확인 필요,48,35,22,CRef,Comulativo_allarmi,sources/decoded-original/0359-FlgNet.xml
1181,hmi,,Unknown,pending,호출 방향·미분류 핀 확인 필요,24,25,23,CRef,Ingresso_run,sources/decoded-original/0360-FlgNet.xml
1181,hmi,,Unknown,pending,호출 방향·미분류 핀 확인 필요,28,29,23,CRef,Allarme1,sources/decoded-original/0360-FlgNet.xml
1181,hmi,,Unknown,pending,호출 방향·미분류 핀 확인 필요,30,31,23,CRef,Allarme2,sources/decoded-original/0360-FlgNet.xml
1181,hmi,,Unknown,pending,호출 방향·미분류 핀 확인 필요,42,43,23,CRef,Risposta,sources/decoded-original/0360-FlgNet.xml
1181,hmi,,Unknown,pending,호출 방향·미분류 핀 확인 필요,46,47,23,CRef,Comulativo_allarmi,sources/decoded-original/0360-FlgNet.xml
1182,hmi,,Unknown,pending,호출 방향·미분류 핀 확인 필요,24,25,23,CRef,Ingresso_run,sources/decoded-original/0361-FlgNet.xml
1182,hmi,,Unknown,pending,호출 방향·미분류 핀 확인 필요,28,29,23,CRef,Allarme1,sources/decoded-original/0361-FlgNet.xml
1182,hmi,,Unknown,pending,호출 방향·미분류 핀 확인 필요,32,33,23,CRef,Allarme3,sources/decoded-original/0361-FlgNet.xml
1182,hmi,,Unknown,pending,호출 방향·미분류 핀 확인 필요,42,43,23,CRef,Risposta,sources/decoded-original/0361-FlgNet.xml
1182,hmi,,Unknown,pending,호출 방향·미분류 핀 확인 필요,46,47,23,CRef,Comulativo_allarmi,sources/decoded-original/0361-FlgNet.xml
1184,hmi,,Unknown,pending,호출 방향·미분류 핀 확인 필요,24,25,23,CRef,Ingresso_run,sources/decoded-original/0362-FlgNet.xml
1184,hmi,,Unknown,pending,호출 방향·미분류 핀 확인 필요,28,29,23,CRef,Allarme1,sources/decoded-original/0362-FlgNet.xml
1184,hmi,,Unknown,pending,호출 방향·미분류 핀 확인 필요,30,31,23,CRef,Allarme2,sources/decoded-original/0362-FlgNet.xml
1184,hmi,,Unknown,pending,호출 방향·미분류 핀 확인 필요,42,43,23,CRef,Risposta,sources/decoded-original/0362-FlgNet.xml
1184,hmi,,Unknown,pending,호출 방향·미분류 핀 확인 필요,46,47,23,CRef,Comulativo_allarmi,sources/decoded-original/0362-FlgNet.xml
1186,hmi,,Unknown,pending,호출 방향·미분류 핀 확인 필요,24,25,23,CRef,Ingresso_run,sources/decoded-original/0363-FlgNet.xml
1186,hmi,,Unknown,pending,호출 방향·미분류 핀 확인 필요,28,29,23,CRef,Allarme1,sources/decoded-original/0363-FlgNet.xml
1186,hmi,,Unknown,pending,호출 방향·미분류 핀 확인 필요,30,31,23,CRef,Allarme2,sources/decoded-original/0363-FlgNet.xml
1186,hmi,,Unknown,pending,호출 방향·미분류 핀 확인 필요,42,43,23,CRef,Risposta,sources/decoded-original/0363-FlgNet.xml
1186,hmi,,Unknown,pending,호출 방향·미분류 핀 확인 필요,46,47,23,CRef,Comulativo_allarmi,sources/decoded-original/0363-FlgNet.xml
1186,hmi,,Unknown,read,접점 operand,38,39,63,Contact,operand,sources/decoded-original/0363-FlgNet.xml
1186,hmi,Start Aux INV,Global,write,코일 operand,41,44,64,Coil,operand,sources/decoded-original/0363-FlgNet.xml
1187,hmi,,Unknown,pending,호출 방향·미분류 핀 확인 필요,24,25,23,CRef,Ingresso_run_Opening,sources/decoded-original/0364-FlgNet.xml
1187,hmi,,Unknown,pending,호출 방향·미분류 핀 확인 필요,26,27,23,CRef,Ingresso_run_Closing,sources/decoded-original/0364-FlgNet.xml
1187,hmi,,Unknown,pending,호출 방향·미분류 핀 확인 필요,28,29,23,CRef,Allarme1,sources/decoded-original/0364-FlgNet.xml
1187,hmi,,Unknown,pending,호출 방향·미분류 핀 확인 필요,42,43,23,CRef,Limit_switch_Open,sources/decoded-original/0364-FlgNet.xml
1187,hmi,,Unknown,pending,호출 방향·미분류 핀 확인 필요,44,45,23,CRef,Limiti_Switch_Close,sources/decoded-original/0364-FlgNet.xml
1187,hmi,,Unknown,pending,호출 방향·미분류 핀 확인 필요,50,51,23,CRef,Risposta_Opening,sources/decoded-original/0364-FlgNet.xml
1187,hmi,,Unknown,pending,호출 방향·미분류 핀 확인 필요,52,53,23,CRef,Risposta_Closing,sources/decoded-original/0364-FlgNet.xml
1187,hmi,,Unknown,pending,호출 방향·미분류 핀 확인 필요,54,55,23,CRef,Limit_Switch_Open_HMI,sources/decoded-original/0364-FlgNet.xml
1187,hmi,,Unknown,pending,호출 방향·미분류 핀 확인 필요,56,57,23,CRef,Limit_Switch_Close_HMI,sources/decoded-original/0364-FlgNet.xml
1187,hmi,,Unknown,pending,호출 방향·미분류 핀 확인 필요,62,63,23,CRef,Comulativo_allarmi,sources/decoded-original/0364-FlgNet.xml
1188,hmi,,Unknown,pending,호출 방향·미분류 핀 확인 필요,47,24,22,CRef,Ingresso_run_Opening,sources/decoded-original/0365-FlgNet.xml
1188,hmi,,Unknown,pending,호출 방향·미분류 핀 확인 필요,48,25,22,CRef,Ingresso_run_Closing,sources/decoded-original/0365-FlgNet.xml
1188,hmi,,Unknown,pending,호출 방향·미분류 핀 확인 필요,49,26,22,CRef,Allarme1,sources/decoded-original/0365-FlgNet.xml
1188,hmi,,Unknown,pending,호출 방향·미분류 핀 확인 필요,56,33,22,CRef,Limit_switch_Open,sources/decoded-original/0365-FlgNet.xml
1188,hmi,,Unknown,pending,호출 방향·미분류 핀 확인 필요,57,34,22,CRef,Limiti_Switch_Close,sources/decoded-original/0365-FlgNet.xml
1188,hmi,,Unknown,pending,호출 방향·미분류 핀 확인 필요,62,39,22,CRef,Risposta_Opening,sources/decoded-original/0365-FlgNet.xml
1188,hmi,,Unknown,pending,호출 방향·미분류 핀 확인 필요,63,40,22,CRef,Risposta_Closing,sources/decoded-original/0365-FlgNet.xml
1188,hmi,,Unknown,pending,호출 방향·미분류 핀 확인 필요,64,41,22,CRef,Limit_Switch_Open_HMI,sources/decoded-original/0365-FlgNet.xml
1188,hmi,,Unknown,pending,호출 방향·미분류 핀 확인 필요,65,42,22,CRef,Limit_Switch_Close_HMI,sources/decoded-original/0365-FlgNet.xml
1188,hmi,,Unknown,pending,호출 방향·미분류 핀 확인 필요,68,45,22,CRef,Comulativo_allarmi,sources/decoded-original/0365-FlgNet.xml
1189,hmi,,Unknown,pending,호출 방향·미분류 핀 확인 필요,47,24,22,CRef,Ingresso_run_Opening,sources/decoded-original/0366-FlgNet.xml
1189,hmi,,Unknown,pending,호출 방향·미분류 핀 확인 필요,48,25,22,CRef,Ingresso_run_Closing,sources/decoded-original/0366-FlgNet.xml
1189,hmi,,Unknown,pending,호출 방향·미분류 핀 확인 필요,49,26,22,CRef,Allarme1,sources/decoded-original/0366-FlgNet.xml
1189,hmi,,Unknown,pending,호출 방향·미분류 핀 확인 필요,56,33,22,CRef,Limit_switch_Open,sources/decoded-original/0366-FlgNet.xml
1189,hmi,,Unknown,pending,호출 방향·미분류 핀 확인 필요,57,34,22,CRef,Limiti_Switch_Close,sources/decoded-original/0366-FlgNet.xml
1189,hmi,,Unknown,pending,호출 방향·미분류 핀 확인 필요,62,39,22,CRef,Risposta_Opening,sources/decoded-original/0366-FlgNet.xml
1189,hmi,,Unknown,pending,호출 방향·미분류 핀 확인 필요,63,40,22,CRef,Risposta_Closing,sources/decoded-original/0366-FlgNet.xml
1189,hmi,,Unknown,pending,호출 방향·미분류 핀 확인 필요,64,41,22,CRef,Limit_Switch_Open_HMI,sources/decoded-original/0366-FlgNet.xml
1189,hmi,,Unknown,pending,호출 방향·미분류 핀 확인 필요,65,42,22,CRef,Limit_Switch_Close_HMI,sources/decoded-original/0366-FlgNet.xml
1189,hmi,,Unknown,pending,호출 방향·미분류 핀 확인 필요,68,45,22,CRef,Comulativo_allarmi,sources/decoded-original/0366-FlgNet.xml
1190,hmi,,Unknown,pending,호출 방향·미분류 핀 확인 필요,47,24,22,CRef,Ingresso_run_Opening,sources/decoded-original/0367-FlgNet.xml
1190,hmi,,Unknown,pending,호출 방향·미분류 핀 확인 필요,48,25,22,CRef,Ingresso_run_Closing,sources/decoded-original/0367-FlgNet.xml
1190,hmi,,Unknown,pending,호출 방향·미분류 핀 확인 필요,49,26,22,CRef,Allarme1,sources/decoded-original/0367-FlgNet.xml
1190,hmi,,Unknown,pending,호출 방향·미분류 핀 확인 필요,56,33,22,CRef,Limit_switch_Open,sources/decoded-original/0367-FlgNet.xml
1190,hmi,,Unknown,pending,호출 방향·미분류 핀 확인 필요,57,34,22,CRef,Limiti_Switch_Close,sources/decoded-original/0367-FlgNet.xml
1190,hmi,,Unknown,pending,호출 방향·미분류 핀 확인 필요,62,39,22,CRef,Risposta_Opening,sources/decoded-original/0367-FlgNet.xml
1190,hmi,,Unknown,pending,호출 방향·미분류 핀 확인 필요,63,40,22,CRef,Risposta_Closing,sources/decoded-original/0367-FlgNet.xml
1190,hmi,,Unknown,pending,호출 방향·미분류 핀 확인 필요,64,41,22,CRef,Limit_Switch_Open_HMI,sources/decoded-original/0367-FlgNet.xml
1190,hmi,,Unknown,pending,호출 방향·미분류 핀 확인 필요,65,42,22,CRef,Limit_Switch_Close_HMI,sources/decoded-original/0367-FlgNet.xml
1190,hmi,,Unknown,pending,호출 방향·미분류 핀 확인 필요,68,45,22,CRef,Comulativo_allarmi,sources/decoded-original/0367-FlgNet.xml
1191,hmi,,Unknown,pending,호출 방향·미분류 핀 확인 필요,47,24,22,CRef,Ingresso_run_Opening,sources/decoded-original/0369-FlgNet.xml
1191,hmi,,Unknown,pending,호출 방향·미분류 핀 확인 필요,48,25,22,CRef,Ingresso_run_Closing,sources/decoded-original/0369-FlgNet.xml
1191,hmi,,Unknown,pending,호출 방향·미분류 핀 확인 필요,49,26,22,CRef,Allarme1,sources/decoded-original/0369-FlgNet.xml
1191,hmi,,Unknown,pending,호출 방향·미분류 핀 확인 필요,56,33,22,CRef,Limit_switch_Open,sources/decoded-original/0369-FlgNet.xml
1191,hmi,,Unknown,pending,호출 방향·미분류 핀 확인 필요,57,34,22,CRef,Limiti_Switch_Close,sources/decoded-original/0369-FlgNet.xml
1191,hmi,,Unknown,pending,호출 방향·미분류 핀 확인 필요,62,39,22,CRef,Risposta_Opening,sources/decoded-original/0369-FlgNet.xml
1191,hmi,,Unknown,pending,호출 방향·미분류 핀 확인 필요,63,40,22,CRef,Risposta_Closing,sources/decoded-original/0369-FlgNet.xml
1191,hmi,,Unknown,pending,호출 방향·미분류 핀 확인 필요,64,41,22,CRef,Limit_Switch_Open_HMI,sources/decoded-original/0369-FlgNet.xml
1191,hmi,,Unknown,pending,호출 방향·미분류 핀 확인 필요,65,42,22,CRef,Limit_Switch_Close_HMI,sources/decoded-original/0369-FlgNet.xml
1191,hmi,,Unknown,pending,호출 방향·미분류 핀 확인 필요,68,45,22,CRef,Comulativo_allarmi,sources/decoded-original/0369-FlgNet.xml
1192,hmi,,Unknown,pending,호출 방향·미분류 핀 확인 필요,24,25,23,CRef,Ingresso_run,sources/decoded-original/0368-FlgNet.xml
1192,hmi,,Unknown,pending,호출 방향·미분류 핀 확인 필요,28,29,23,CRef,Allarme1,sources/decoded-original/0368-FlgNet.xml
1192,hmi,,Unknown,pending,호출 방향·미분류 핀 확인 필요,30,31,23,CRef,Allarme2,sources/decoded-original/0368-FlgNet.xml
1192,hmi,,Unknown,pending,호출 방향·미분류 핀 확인 필요,42,43,23,CRef,Risposta,sources/decoded-original/0368-FlgNet.xml
1192,hmi,,Unknown,pending,호출 방향·미분류 핀 확인 필요,46,47,23,CRef,Comulativo_allarmi,sources/decoded-original/0368-FlgNet.xml
1193,hmi,,Unknown,pending,호출 방향·미분류 핀 확인 필요,37,24,22,CRef,Ingresso_run,sources/decoded-original/0370-FlgNet.xml
1193,hmi,,Unknown,pending,호출 방향·미분류 핀 확인 필요,39,26,22,CRef,Allarme1,sources/decoded-original/0370-FlgNet.xml
1193,hmi,,Unknown,pending,호출 방향·미분류 핀 확인 필요,46,33,22,CRef,Risposta,sources/decoded-original/0370-FlgNet.xml
1193,hmi,,Unknown,pending,호출 방향·미분류 핀 확인 필요,48,35,22,CRef,Comulativo_allarmi,sources/decoded-original/0370-FlgNet.xml
1194,hmi,,Unknown,pending,호출 방향·미분류 핀 확인 필요,37,24,22,CRef,Ingresso_run,sources/decoded-original/0371-FlgNet.xml
1194,hmi,,Unknown,pending,호출 방향·미분류 핀 확인 필요,39,26,22,CRef,Allarme1,sources/decoded-original/0371-FlgNet.xml
1194,hmi,,Unknown,pending,호출 방향·미분류 핀 확인 필요,40,27,22,CRef,Allarme2,sources/decoded-original/0371-FlgNet.xml
1194,hmi,,Unknown,pending,호출 방향·미분류 핀 확인 필요,46,33,22,CRef,Risposta,sources/decoded-original/0371-FlgNet.xml
1194,hmi,,Unknown,pending,호출 방향·미분류 핀 확인 필요,48,35,22,CRef,Comulativo_allarmi,sources/decoded-original/0371-FlgNet.xml
1195,hmi,,Unknown,pending,호출 방향·미분류 핀 확인 필요,37,24,22,CRef,Ingresso_run,sources/decoded-original/0372-FlgNet.xml
1195,hmi,,Unknown,pending,호출 방향·미분류 핀 확인 필요,39,26,22,CRef,Allarme1,sources/decoded-original/0372-FlgNet.xml
1195,hmi,,Unknown,pending,호출 방향·미분류 핀 확인 필요,46,33,22,CRef,Risposta,sources/decoded-original/0372-FlgNet.xml
1195,hmi,,Unknown,pending,호출 방향·미분류 핀 확인 필요,48,35,22,CRef,Comulativo_allarmi,sources/decoded-original/0372-FlgNet.xml
1196,hmi,,Unknown,pending,호출 방향·미분류 핀 확인 필요,37,24,22,CRef,Ingresso_run,sources/decoded-original/0373-FlgNet.xml
1196,hmi,,Unknown,pending,호출 방향·미분류 핀 확인 필요,39,26,22,CRef,Allarme1,sources/decoded-original/0373-FlgNet.xml
1196,hmi,,Unknown,pending,호출 방향·미분류 핀 확인 필요,46,33,22,CRef,Risposta,sources/decoded-original/0373-FlgNet.xml
1196,hmi,,Unknown,pending,호출 방향·미분류 핀 확인 필요,48,35,22,CRef,Comulativo_allarmi,sources/decoded-original/0373-FlgNet.xml
1197,hmi,,Unknown,pending,호출 방향·미분류 핀 확인 필요,37,24,22,CRef,Ingresso_run,sources/decoded-original/0374-FlgNet.xml
1197,hmi,,Unknown,pending,호출 방향·미분류 핀 확인 필요,39,26,22,CRef,Allarme1,sources/decoded-original/0374-FlgNet.xml
1197,hmi,,Unknown,pending,호출 방향·미분류 핀 확인 필요,40,27,22,CRef,Allarme2,sources/decoded-original/0374-FlgNet.xml
1197,hmi,,Unknown,pending,호출 방향·미분류 핀 확인 필요,46,33,22,CRef,Risposta,sources/decoded-original/0374-FlgNet.xml
1197,hmi,,Unknown,pending,호출 방향·미분류 핀 확인 필요,48,35,22,CRef,Comulativo_allarmi,sources/decoded-original/0374-FlgNet.xml
1198,hmi,,Unknown,pending,호출 방향·미분류 핀 확인 필요,37,24,22,CRef,Ingresso_run,sources/decoded-original/0375-FlgNet.xml
1198,hmi,,Unknown,pending,호출 방향·미분류 핀 확인 필요,39,26,22,CRef,Allarme1,sources/decoded-original/0375-FlgNet.xml
1198,hmi,,Unknown,pending,호출 방향·미분류 핀 확인 필요,46,33,22,CRef,Risposta,sources/decoded-original/0375-FlgNet.xml
1198,hmi,,Unknown,pending,호출 방향·미분류 핀 확인 필요,48,35,22,CRef,Comulativo_allarmi,sources/decoded-original/0375-FlgNet.xml
1199,hmi,,Unknown,pending,호출 방향·미분류 핀 확인 필요,37,24,22,CRef,Ingresso_run,sources/decoded-original/0376-FlgNet.xml
1199,hmi,,Unknown,pending,호출 방향·미분류 핀 확인 필요,39,26,22,CRef,Allarme1,sources/decoded-original/0376-FlgNet.xml
1199,hmi,,Unknown,pending,호출 방향·미분류 핀 확인 필요,46,33,22,CRef,Risposta,sources/decoded-original/0376-FlgNet.xml
1199,hmi,,Unknown,pending,호출 방향·미분류 핀 확인 필요,48,35,22,CRef,Comulativo_allarmi,sources/decoded-original/0376-FlgNet.xml
1201,hmi,,Unknown,pending,호출 방향·미분류 핀 확인 필요,37,24,22,CRef,Ingresso_run,sources/decoded-original/0377-FlgNet.xml
1201,hmi,,Unknown,pending,호출 방향·미분류 핀 확인 필요,39,26,22,CRef,Allarme1,sources/decoded-original/0377-FlgNet.xml
1201,hmi,,Unknown,pending,호출 방향·미분류 핀 확인 필요,46,33,22,CRef,Risposta,sources/decoded-original/0377-FlgNet.xml
1201,hmi,,Unknown,pending,호출 방향·미분류 핀 확인 필요,48,35,22,CRef,Comulativo_allarmi,sources/decoded-original/0377-FlgNet.xml
1202,hmi,,Unknown,pending,호출 방향·미분류 핀 확인 필요,37,24,22,CRef,Ingresso_run,sources/decoded-original/0378-FlgNet.xml
1202,hmi,,Unknown,pending,호출 방향·미분류 핀 확인 필요,39,26,22,CRef,Allarme1,sources/decoded-original/0378-FlgNet.xml
1202,hmi,,Unknown,pending,호출 방향·미분류 핀 확인 필요,46,33,22,CRef,Risposta,sources/decoded-original/0378-FlgNet.xml
1202,hmi,,Unknown,pending,호출 방향·미분류 핀 확인 필요,48,35,22,CRef,Comulativo_allarmi,sources/decoded-original/0378-FlgNet.xml
1203,hmi,,Unknown,pending,호출 방향·미분류 핀 확인 필요,37,24,22,CRef,Ingresso_run,sources/decoded-original/0379-FlgNet.xml
1203,hmi,,Unknown,pending,호출 방향·미분류 핀 확인 필요,39,26,22,CRef,Allarme1,sources/decoded-original/0379-FlgNet.xml
1203,hmi,,Unknown,pending,호출 방향·미분류 핀 확인 필요,46,33,22,CRef,Risposta,sources/decoded-original/0379-FlgNet.xml
1203,hmi,,Unknown,pending,호출 방향·미분류 핀 확인 필요,48,35,22,CRef,Comulativo_allarmi,sources/decoded-original/0379-FlgNet.xml
1204,hmi,,Unknown,pending,호출 방향·미분류 핀 확인 필요,37,24,22,CRef,Ingresso_run,sources/decoded-original/0380-FlgNet.xml
1204,hmi,,Unknown,pending,호출 방향·미분류 핀 확인 필요,39,26,22,CRef,Allarme1,sources/decoded-original/0380-FlgNet.xml
1204,hmi,,Unknown,pending,호출 방향·미분류 핀 확인 필요,46,33,22,CRef,Risposta,sources/decoded-original/0380-FlgNet.xml
1204,hmi,,Unknown,pending,호출 방향·미분류 핀 확인 필요,48,35,22,CRef,Comulativo_allarmi,sources/decoded-original/0380-FlgNet.xml
1205,hmi,,Unknown,pending,호출 방향·미분류 핀 확인 필요,24,25,23,CRef,Ingresso_run,sources/decoded-original/0381-FlgNet.xml
1205,hmi,,Unknown,pending,호출 방향·미분류 핀 확인 필요,28,29,23,CRef,Allarme1,sources/decoded-original/0381-FlgNet.xml
1205,hmi,,Unknown,pending,호출 방향·미분류 핀 확인 필요,30,31,23,CRef,Allarme2,sources/decoded-original/0381-FlgNet.xml
1205,hmi,,Unknown,pending,호출 방향·미분류 핀 확인 필요,42,43,23,CRef,Risposta,sources/decoded-original/0381-FlgNet.xml
1205,hmi,,Unknown,pending,호출 방향·미분류 핀 확인 필요,46,47,23,CRef,Comulativo_allarmi,sources/decoded-original/0381-FlgNet.xml
1206,hmi,,Unknown,pending,호출 방향·미분류 핀 확인 필요,24,25,23,CRef,Ingresso_run,sources/decoded-original/0382-FlgNet.xml
1206,hmi,,Unknown,pending,호출 방향·미분류 핀 확인 필요,28,29,23,CRef,Allarme1,sources/decoded-original/0382-FlgNet.xml
1206,hmi,,Unknown,pending,호출 방향·미분류 핀 확인 필요,42,43,23,CRef,Risposta,sources/decoded-original/0382-FlgNet.xml
1206,hmi,,Unknown,pending,호출 방향·미분류 핀 확인 필요,46,47,23,CRef,Comulativo_allarmi,sources/decoded-original/0382-FlgNet.xml
1207,hmi,,Unknown,pending,호출 방향·미분류 핀 확인 필요,37,24,22,CRef,Ingresso_run,sources/decoded-original/0383-FlgNet.xml
1207,hmi,,Unknown,pending,호출 방향·미분류 핀 확인 필요,39,26,22,CRef,Allarme1,sources/decoded-original/0383-FlgNet.xml
1207,hmi,,Unknown,pending,호출 방향·미분류 핀 확인 필요,46,33,22,CRef,Risposta,sources/decoded-original/0383-FlgNet.xml
1207,hmi,,Unknown,pending,호출 방향·미분류 핀 확인 필요,48,35,22,CRef,Comulativo_allarmi,sources/decoded-original/0383-FlgNet.xml
1208,hmi,,Unknown,pending,호출 방향·미분류 핀 확인 필요,37,24,22,CRef,Ingresso_run,sources/decoded-original/0384-FlgNet.xml
1208,hmi,,Unknown,pending,호출 방향·미분류 핀 확인 필요,39,26,22,CRef,Allarme1,sources/decoded-original/0384-FlgNet.xml
1208,hmi,,Unknown,pending,호출 방향·미분류 핀 확인 필요,46,33,22,CRef,Risposta,sources/decoded-original/0384-FlgNet.xml
1208,hmi,,Unknown,pending,호출 방향·미분류 핀 확인 필요,48,35,22,CRef,Comulativo_allarmi,sources/decoded-original/0384-FlgNet.xml
1209,hmi,,Unknown,pending,호출 방향·미분류 핀 확인 필요,37,24,22,CRef,Ingresso_run,sources/decoded-original/0385-FlgNet.xml
1209,hmi,,Unknown,pending,호출 방향·미분류 핀 확인 필요,39,26,22,CRef,Allarme1,sources/decoded-original/0385-FlgNet.xml
1209,hmi,,Unknown,pending,호출 방향·미분류 핀 확인 필요,46,33,22,CRef,Risposta,sources/decoded-original/0385-FlgNet.xml
1209,hmi,,Unknown,pending,호출 방향·미분류 핀 확인 필요,48,35,22,CRef,Comulativo_allarmi,sources/decoded-original/0385-FlgNet.xml
1210,hmi,,Unknown,pending,호출 방향·미분류 핀 확인 필요,37,24,22,CRef,Ingresso_run,sources/decoded-original/0386-FlgNet.xml
1210,hmi,,Unknown,pending,호출 방향·미분류 핀 확인 필요,39,26,22,CRef,Allarme1,sources/decoded-original/0386-FlgNet.xml
1210,hmi,,Unknown,pending,호출 방향·미분류 핀 확인 필요,46,33,22,CRef,Risposta,sources/decoded-original/0386-FlgNet.xml
1210,hmi,,Unknown,pending,호출 방향·미분류 핀 확인 필요,48,35,22,CRef,Comulativo_allarmi,sources/decoded-original/0386-FlgNet.xml
1211,hmi,,Unknown,pending,호출 방향·미분류 핀 확인 필요,37,24,22,CRef,Ingresso_run,sources/decoded-original/0387-FlgNet.xml
1211,hmi,,Unknown,pending,호출 방향·미분류 핀 확인 필요,39,26,22,CRef,Allarme1,sources/decoded-original/0387-FlgNet.xml
1211,hmi,,Unknown,pending,호출 방향·미분류 핀 확인 필요,46,33,22,CRef,Risposta,sources/decoded-original/0387-FlgNet.xml
1211,hmi,,Unknown,pending,호출 방향·미분류 핀 확인 필요,48,35,22,CRef,Comulativo_allarmi,sources/decoded-original/0387-FlgNet.xml
1212,hmi,,Unknown,read,접점 operand,25,27,26,Contact,operand,sources/decoded-original/0388-FlgNet.xml
1212,hmi,,Unknown,write,코일 operand,36,38,37,Coil,operand,sources/decoded-original/0388-FlgNet.xml
1212,hmi,,Unknown,read,접점 operand,28,30,29,Contact,operand,sources/decoded-original/0388-FlgNet.xml
1212,hmi,,Unknown,write,코일 operand,40,42,41,Coil,operand,sources/decoded-original/0388-FlgNet.xml
1213,hmi,,Unknown,read,접점 operand,22,24,23,Contact,operand,sources/decoded-original/0389-FlgNet.xml
1213,hmi,,Unknown,write,코일 operand,50,52,51,Coil,operand,sources/decoded-original/0389-FlgNet.xml
1213,hmi,,Unknown,read,접점 operand,25,27,26,Contact,operand,sources/decoded-original/0389-FlgNet.xml
1213,hmi,,Unknown,write,코일 operand,54,56,55,Coil,operand,sources/decoded-original/0389-FlgNet.xml
1213,hmi,,Unknown,read,접점 operand,28,30,29,Contact,operand,sources/decoded-original/0389-FlgNet.xml
1213,hmi,,Unknown,read,접점 operand,31,33,32,Contact,operand,sources/decoded-original/0389-FlgNet.xml
1213,hmi,,Unknown,read,접점 operand,34,36,35,Contact,operand,sources/decoded-original/0389-FlgNet.xml
1213,hmi,,Unknown,read,접점 operand,41,43,42,Contact,operand,sources/decoded-original/0389-FlgNet.xml
1213,hmi,,Unknown,write,코일 operand,46,48,47,Coil,operand,sources/decoded-original/0389-FlgNet.xml
1214,hmi,,Unknown,read,접점 operand,42,32,22,Contact,operand,sources/decoded-original/0390-FlgNet.xml
1214,hmi,,Unknown,write,코일 operand,44,33,23,Coil,operand,sources/decoded-original/0390-FlgNet.xml
1214,hmi,,Unknown,read,접점 operand,45,34,24,Contact,operand,sources/decoded-original/0390-FlgNet.xml
1214,hmi,,Unknown,write,코일 operand,47,35,25,Coil,operand,sources/decoded-original/0390-FlgNet.xml
1214,hmi,,Unknown,read,접점 operand,48,36,26,Contact,operand,sources/decoded-original/0390-FlgNet.xml
1214,hmi,,Unknown,read,접점 operand,50,37,27,Contact,operand,sources/decoded-original/0390-FlgNet.xml
1214,hmi,,Unknown,read,접점 operand,52,38,28,Contact,operand,sources/decoded-original/0390-FlgNet.xml
1214,hmi,,Unknown,read,접점 operand,54,39,29,Contact,operand,sources/decoded-original/0390-FlgNet.xml
1214,hmi,,Unknown,write,코일 operand,57,40,31,Coil,operand,sources/decoded-original/0390-FlgNet.xml
1215,hmi,,Unknown,pending,호출 방향·미분류 핀 확인 필요,33,34,32,CRef,GateA_Open,sources/decoded-original/0391-FlgNet.xml
1215,hmi,,Unknown,pending,호출 방향·미분류 핀 확인 필요,35,36,32,CRef,GateA_Close,sources/decoded-original/0391-FlgNet.xml
1215,hmi,,Unknown,pending,호출 방향·미분류 핀 확인 필요,37,38,32,CRef,GateB_Open,sources/decoded-original/0391-FlgNet.xml
1215,hmi,,Unknown,pending,호출 방향·미분류 핀 확인 필요,39,40,32,CRef,GateB_Close,sources/decoded-original/0391-FlgNet.xml
1215,hmi,,Unknown,pending,호출 방향·미분류 핀 확인 필요,41,42,32,CRef,Selector_GateA,sources/decoded-original/0391-FlgNet.xml
1215,hmi,,Unknown,pending,호출 방향·미분류 핀 확인 필요,43,44,32,CRef,Selector_GateB,sources/decoded-original/0391-FlgNet.xml
1215,hmi,,Unknown,pending,호출 방향·미분류 핀 확인 필요,45,46,32,CRef,Allarm1,sources/decoded-original/0391-FlgNet.xml
1215,hmi,,Unknown,pending,호출 방향·미분류 핀 확인 필요,47,48,32,CRef,Allarm2,sources/decoded-original/0391-FlgNet.xml
1215,hmi,,Unknown,pending,호출 방향·미분류 핀 확인 필요,49,50,32,CRef,Allarm3,sources/decoded-original/0391-FlgNet.xml
1215,hmi,,Unknown,pending,호출 방향·미분류 핀 확인 필요,51,52,32,CRef,Allarm4,sources/decoded-original/0391-FlgNet.xml
1215,hmi,,Unknown,pending,호출 방향·미분류 핀 확인 필요,59,60,32,CRef,HMI_GateA_Open,sources/decoded-original/0391-FlgNet.xml
1215,hmi,,Unknown,pending,호출 방향·미분류 핀 확인 필요,61,62,32,CRef,HMI_GateA_Close,sources/decoded-original/0391-FlgNet.xml
1215,hmi,,Unknown,pending,호출 방향·미분류 핀 확인 필요,63,64,32,CRef,HMI_GateB_Open,sources/decoded-original/0391-FlgNet.xml
1215,hmi,,Unknown,pending,호출 방향·미분류 핀 확인 필요,65,66,32,CRef,HMI_GateB_Close,sources/decoded-original/0391-FlgNet.xml
1215,hmi,,Unknown,pending,호출 방향·미분류 핀 확인 필요,67,68,32,CRef,HMI_Selector_GateA,sources/decoded-original/0391-FlgNet.xml
1215,hmi,,Unknown,pending,호출 방향·미분류 핀 확인 필요,69,70,32,CRef,HMI_Selector_GateB,sources/decoded-original/0391-FlgNet.xml
1215,hmi,,Unknown,pending,호출 방향·미분류 핀 확인 필요,71,72,32,CRef,Total_Allarms,sources/decoded-original/0391-FlgNet.xml
1216,hmi,,Unknown,pending,호출 방향·미분류 핀 확인 필요,45,24,22,CRef,GateA_Open,sources/decoded-original/0392-FlgNet.xml
1216,hmi,,Unknown,pending,호출 방향·미분류 핀 확인 필요,46,25,22,CRef,GateA_Close,sources/decoded-original/0392-FlgNet.xml
1216,hmi,,Unknown,pending,호출 방향·미분류 핀 확인 필요,47,26,22,CRef,GateB_Open,sources/decoded-original/0392-FlgNet.xml
1216,hmi,,Unknown,pending,호출 방향·미분류 핀 확인 필요,48,27,22,CRef,GateB_Close,sources/decoded-original/0392-FlgNet.xml
1216,hmi,,Unknown,pending,호출 방향·미분류 핀 확인 필요,49,28,22,CRef,Selector_GateA,sources/decoded-original/0392-FlgNet.xml
1216,hmi,,Unknown,pending,호출 방향·미분류 핀 확인 필요,50,29,22,CRef,Selector_GateB,sources/decoded-original/0392-FlgNet.xml
1216,hmi,,Unknown,pending,호출 방향·미분류 핀 확인 필요,51,30,22,CRef,Allarm1,sources/decoded-original/0392-FlgNet.xml
1216,hmi,,Unknown,pending,호출 방향·미분류 핀 확인 필요,52,31,22,CRef,Allarm2,sources/decoded-original/0392-FlgNet.xml
1216,hmi,,Unknown,pending,호출 방향·미분류 핀 확인 필요,53,32,22,CRef,Allarm3,sources/decoded-original/0392-FlgNet.xml
1216,hmi,,Unknown,pending,호출 방향·미분류 핀 확인 필요,54,33,22,CRef,Allarm4,sources/decoded-original/0392-FlgNet.xml
1216,hmi,,Unknown,pending,호출 방향·미분류 핀 확인 필요,58,37,22,CRef,HMI_GateA_Open,sources/decoded-original/0392-FlgNet.xml
1216,hmi,,Unknown,pending,호출 방향·미분류 핀 확인 필요,59,38,22,CRef,HMI_GateA_Close,sources/decoded-original/0392-FlgNet.xml
1216,hmi,,Unknown,pending,호출 방향·미분류 핀 확인 필요,60,39,22,CRef,HMI_GateB_Open,sources/decoded-original/0392-FlgNet.xml
1216,hmi,,Unknown,pending,호출 방향·미분류 핀 확인 필요,61,40,22,CRef,HMI_GateB_Close,sources/decoded-original/0392-FlgNet.xml
1216,hmi,,Unknown,pending,호출 방향·미분류 핀 확인 필요,62,41,22,CRef,HMI_Selector_GateA,sources/decoded-original/0392-FlgNet.xml
1216,hmi,,Unknown,pending,호출 방향·미분류 핀 확인 필요,63,42,22,CRef,HMI_Selector_GateB,sources/decoded-original/0392-FlgNet.xml
1216,hmi,,Unknown,pending,호출 방향·미분류 핀 확인 필요,64,43,22,CRef,Total_Allarms,sources/decoded-original/0392-FlgNet.xml
1217,hmi,,Unknown,pending,호출 방향·미분류 핀 확인 필요,24,25,23,CRef,LS_Open,sources/decoded-original/0393-FlgNet.xml
1217,hmi,,Unknown,pending,호출 방향·미분류 핀 확인 필요,26,27,23,CRef,LS_Close,sources/decoded-original/0393-FlgNet.xml
1217,hmi,,Unknown,pending,호출 방향·미분류 핀 확인 필요,28,29,23,CRef,Selector,sources/decoded-original/0393-FlgNet.xml
1217,hmi,,Unknown,pending,호출 방향·미분류 핀 확인 필요,30,31,23,CRef,Allarm1,sources/decoded-original/0393-FlgNet.xml
1217,hmi,,Unknown,pending,호출 방향·미분류 핀 확인 필요,32,33,23,CRef,Allarm2,sources/decoded-original/0393-FlgNet.xml
1217,hmi,,Unknown,pending,호출 방향·미분류 핀 확인 필요,40,41,23,CRef,HMI_LS_Open,sources/decoded-original/0393-FlgNet.xml
1217,hmi,,Unknown,pending,호출 방향·미분류 핀 확인 필요,42,43,23,CRef,HMI_LS_Close,sources/decoded-original/0393-FlgNet.xml
1217,hmi,,Unknown,pending,호출 방향·미분류 핀 확인 필요,44,45,23,CRef,Total_Allarms,sources/decoded-original/0393-FlgNet.xml
1217,hmi,,Unknown,pending,호출 방향·미분류 핀 확인 필요,46,47,23,CRef,HMI_Selectoor,sources/decoded-original/0393-FlgNet.xml
1218,hmi,,Unknown,pending,호출 방향·미분류 핀 확인 필요,37,24,22,CRef,LS_Open,sources/decoded-original/0394-FlgNet.xml
1218,hmi,,Unknown,pending,호출 방향·미분류 핀 확인 필요,38,25,22,CRef,LS_Close,sources/decoded-original/0394-FlgNet.xml
1218,hmi,,Unknown,pending,호출 방향·미분류 핀 확인 필요,39,26,22,CRef,Selector,sources/decoded-original/0394-FlgNet.xml
1218,hmi,,Unknown,pending,호출 방향·미분류 핀 확인 필요,40,27,22,CRef,Allarm1,sources/decoded-original/0394-FlgNet.xml
1218,hmi,,Unknown,pending,호출 방향·미분류 핀 확인 필요,45,32,22,CRef,HMI_LS_Open,sources/decoded-original/0394-FlgNet.xml
1218,hmi,,Unknown,pending,호출 방향·미분류 핀 확인 필요,46,33,22,CRef,HMI_LS_Close,sources/decoded-original/0394-FlgNet.xml
1218,hmi,,Unknown,pending,호출 방향·미분류 핀 확인 필요,47,34,22,CRef,Total_Allarms,sources/decoded-original/0394-FlgNet.xml
1218,hmi,,Unknown,pending,호출 방향·미분류 핀 확인 필요,48,35,22,CRef,HMI_Selectoor,sources/decoded-original/0394-FlgNet.xml
1219,hmi,,Unknown,read,접점 operand,22,24,23,Contact,operand,sources/decoded-original/0395-FlgNet.xml
1219,hmi,,Unknown,write,코일 operand,26,28,27,Coil,operand,sources/decoded-original/0395-FlgNet.xml
1219,hmi,,Unknown,read,접점 operand,29,31,30,Contact,operand,sources/decoded-original/0395-FlgNet.xml
1219,hmi,,Unknown,write,코일 operand,33,35,34,Coil,operand,sources/decoded-original/0395-FlgNet.xml
1220,hmi,EV03,Global,read,접점 operand,22,24,23,Contact,operand,sources/decoded-original/0396-FlgNet.xml
1220,hmi,,Unknown,write,코일 operand,26,28,27,Coil,operand,sources/decoded-original/0396-FlgNet.xml
1220,hmi,EV03,Global,read,접점 operand,33,34,29,Contact,operand,sources/decoded-original/0396-FlgNet.xml
1220,hmi,,Unknown,write,코일 operand,36,32,30,Coil,operand,sources/decoded-original/0396-FlgNet.xml
1226,allarms 2,ON,Global,read,접점 operand,425,363,513,Contact,operand,sources/decoded-original/0159-FlgNet.xml
1226,allarms 2,ON,Global,read,접점 operand,426,364,515,Contact,operand,sources/decoded-original/0159-FlgNet.xml
1226,allarms 2,Start Open MV-01,Global,read,접점 operand,427,365,517,Contact,operand,sources/decoded-original/0159-FlgNet.xml
1226,allarms 2,Inputs.MV01 Run_Opening,Global,read,접점 operand,597,595,594,Contact,operand,sources/decoded-original/0159-FlgNet.xml
1226,allarms 2,Start Close MV-01,Global,read,접점 operand,428,366,519,Contact,operand,sources/decoded-original/0159-FlgNet.xml
1226,allarms 2,Inputs.MV01 Run_Closing,Global,read,접점 operand,593,591,590,Contact,operand,sources/decoded-original/0159-FlgNet.xml
1226,allarms 2,Tag_92,Global,write,코일 operand,432,369,249,SdCoil,operand,sources/decoded-original/0159-FlgNet.xml
1226,allarms 2,Tag_92,Global,read,접점 operand,433,370,523,Contact,operand,sources/decoded-original/0159-FlgNet.xml
1226,allarms 2,Allarm.MV01_FAULT,Global,write,코일 operand,435,371,254,SCoil,operand,sources/decoded-original/0159-FlgNet.xml
1226,allarms 2,ON,Global,read,접점 operand,437,372,525,Contact,operand,sources/decoded-original/0159-FlgNet.xml
1226,allarms 2,Open MV02,Global,read,접점 operand,438,373,527,Contact,operand,sources/decoded-original/0159-FlgNet.xml
1226,allarms 2,Inputs.MV02 RUN_Opening,Global,read,접점 operand,441,375,531,Contact,operand,sources/decoded-original/0159-FlgNet.xml
1226,allarms 2,Close MV02,Global,read,접점 operand,439,374,529,Contact,operand,sources/decoded-original/0159-FlgNet.xml
1226,allarms 2,Inputs.MV02 RUN_Closing,Global,read,접점 operand,25,27,26,Contact,operand,sources/decoded-original/0159-FlgNet.xml
1226,allarms 2,Tag_93,Global,write,코일 operand,443,377,265,SdCoil,operand,sources/decoded-original/0159-FlgNet.xml
1226,allarms 2,Tag_93,Global,read,접점 operand,444,378,533,Contact,operand,sources/decoded-original/0159-FlgNet.xml
1226,allarms 2,Allarm.MV02_FAULT,Global,write,코일 operand,446,379,270,SCoil,operand,sources/decoded-original/0159-FlgNet.xml
1226,allarms 2,ON,Global,read,접점 operand,448,380,535,Contact,operand,sources/decoded-original/0159-FlgNet.xml
1226,allarms 2,Start open MV03,Global,read,접점 operand,449,381,537,Contact,operand,sources/decoded-original/0159-FlgNet.xml
1226,allarms 2,Inputs.MV03 Run_Opening,Global,read,접점 operand,452,383,541,Contact,operand,sources/decoded-original/0159-FlgNet.xml
1226,allarms 2,Start Close MV03,Global,read,접점 operand,450,382,539,Contact,operand,sources/decoded-original/0159-FlgNet.xml
1226,allarms 2,Inputs.MV03 Run_Closing,Global,read,접점 operand,33,35,34,Contact,operand,sources/decoded-original/0159-FlgNet.xml
1226,allarms 2,Tag_94,Global,write,코일 operand,454,385,281,SdCoil,operand,sources/decoded-original/0159-FlgNet.xml
1226,allarms 2,Tag_94,Global,read,접점 operand,455,386,543,Contact,operand,sources/decoded-original/0159-FlgNet.xml
1226,allarms 2,Allarm.MV03_FAULT,Global,write,코일 operand,457,387,286,SCoil,operand,sources/decoded-original/0159-FlgNet.xml
1226,allarms 2,ON,Global,read,접점 operand,470,396,555,Contact,operand,sources/decoded-original/0159-FlgNet.xml
1226,allarms 2,Open MV05,Global,read,접점 operand,471,397,557,Contact,operand,sources/decoded-original/0159-FlgNet.xml
1226,allarms 2,Inputs.MV05 RUN_Opening,Global,read,접점 operand,474,399,561,Contact,operand,sources/decoded-original/0159-FlgNet.xml
1226,allarms 2,Close MV05,Global,read,접점 operand,472,398,559,Contact,operand,sources/decoded-original/0159-FlgNet.xml
1226,allarms 2,Inputs.MV05 RUN_Closing,Global,read,접점 operand,57,59,58,Contact,operand,sources/decoded-original/0159-FlgNet.xml
1226,allarms 2,Tag_96,Global,write,코일 operand,476,401,313,SdCoil,operand,sources/decoded-original/0159-FlgNet.xml
1226,allarms 2,Tag_96,Global,read,접점 operand,477,402,563,Contact,operand,sources/decoded-original/0159-FlgNet.xml
1226,allarms 2,Allarm.MV_05_FAULT,Global,write,코일 operand,479,403,318,SCoil,operand,sources/decoded-original/0159-FlgNet.xml
1226,allarms 2,ON,Global,read,접점 operand,481,404,565,Contact,operand,sources/decoded-original/0159-FlgNet.xml
1226,allarms 2,Open MV06,Global,read,접점 operand,482,405,567,Contact,operand,sources/decoded-original/0159-FlgNet.xml
1226,allarms 2,Inputs.MV06 Run_Opening,Global,read,접점 operand,485,407,571,Contact,operand,sources/decoded-original/0159-FlgNet.xml
1226,allarms 2,Close MV06,Global,read,접점 operand,483,406,569,Contact,operand,sources/decoded-original/0159-FlgNet.xml
1226,allarms 2,Inputs.MV06 Run_Closing,Global,read,접점 operand,49,51,50,Contact,operand,sources/decoded-original/0159-FlgNet.xml
1226,allarms 2,Tag_97,Global,write,코일 operand,487,409,329,SdCoil,operand,sources/decoded-original/0159-FlgNet.xml
1226,allarms 2,Tag_97,Global,read,접점 operand,488,410,573,Contact,operand,sources/decoded-original/0159-FlgNet.xml
1226,allarms 2,Allarm.MV_06_FAULT,Global,write,코일 operand,490,411,334,SCoil,operand,sources/decoded-original/0159-FlgNet.xml
1226,allarms 2,Flag.RESET_ALLARM,Global,read,접점 operand,492,412,575,Contact,operand,sources/decoded-original/0159-FlgNet.xml
1226,allarms 2,Allarm.MV01_FAULT,Global,read,접점 operand,493,413,577,Contact,operand,sources/decoded-original/0159-FlgNet.xml
1226,allarms 2,Allarm.MV01_FAULT,Global,write,코일 operand,495,414,342,RCoil,operand,sources/decoded-original/0159-FlgNet.xml
1226,allarms 2,Allarm.MV02_FAULT,Global,read,접점 operand,496,415,579,Contact,operand,sources/decoded-original/0159-FlgNet.xml
1226,allarms 2,Allarm.MV02_FAULT,Global,write,코일 operand,498,416,346,RCoil,operand,sources/decoded-original/0159-FlgNet.xml
1226,allarms 2,Allarm.MV03_FAULT,Global,read,접점 operand,499,417,581,Contact,operand,sources/decoded-original/0159-FlgNet.xml
1226,allarms 2,Allarm.MV03_FAULT,Global,write,코일 operand,501,418,350,RCoil,operand,sources/decoded-original/0159-FlgNet.xml
1226,allarms 2,Allarm.MV04_FAULT,Global,read,접점 operand,502,419,583,Contact,operand,sources/decoded-original/0159-FlgNet.xml
1226,allarms 2,Allarm.MV04_FAULT,Global,write,코일 operand,504,420,354,RCoil,operand,sources/decoded-original/0159-FlgNet.xml
1226,allarms 2,Allarm.MV_05_FAULT,Global,read,접점 operand,505,421,585,Contact,operand,sources/decoded-original/0159-FlgNet.xml
1226,allarms 2,Allarm.MV_05_FAULT,Global,write,코일 operand,507,422,358,RCoil,operand,sources/decoded-original/0159-FlgNet.xml
1226,allarms 2,Allarm.MV_06_FAULT,Global,read,접점 operand,508,423,587,Contact,operand,sources/decoded-original/0159-FlgNet.xml
1226,allarms 2,Allarm.MV_06_FAULT,Global,write,코일 operand,510,424,362,RCoil,operand,sources/decoded-original/0159-FlgNet.xml
1227,allarms 2,ON,Global,read,접점 operand,276,269,286,Contact,operand,sources/decoded-original/0160-FlgNet.xml
1227,allarms 2,Inputs.Low Pressure Air,Global,read,접점 operand,277,270,288,Contact,operand,sources/decoded-original/0160-FlgNet.xml
1227,allarms 2,Allarm.PSL_AIR_LOW,Global,write,코일 operand,279,271,262,SCoil,operand,sources/decoded-original/0160-FlgNet.xml
1227,allarms 2,Flag.RESET_ALLARM,Global,read,접점 operand,280,272,290,Contact,operand,sources/decoded-original/0160-FlgNet.xml
1227,allarms 2,Allarm.PSL_AIR_LOW,Global,read,접점 operand,281,273,292,Contact,operand,sources/decoded-original/0160-FlgNet.xml
1227,allarms 2,Inputs.Low Pressure Air,Global,read,접점 operand,282,274,294,Contact,operand,sources/decoded-original/0160-FlgNet.xml
1227,allarms 2,Allarm.PSL_AIR_LOW,Global,write,코일 operand,284,275,268,RCoil,operand,sources/decoded-original/0160-FlgNet.xml
1228,allarms 2,ON,Global,read,접점 operand,296,289,306,Contact,operand,sources/decoded-original/0161-FlgNet.xml
1228,allarms 2,Inputs.LD-01 Minimo,Global,read,접점 operand,29,30,308,Contact,operand,sources/decoded-original/0161-FlgNet.xml
1228,allarms 2,,Unknown,pending,호출 방향·미분류 핀 확인 필요,26,28,21,CRef,ET,sources/decoded-original/0161-FlgNet.xml
1228,allarms 2,Allarm.LD_01_MIN,Global,write,코일 operand,299,291,282,SCoil,operand,sources/decoded-original/0161-FlgNet.xml
1228,allarms 2,Flag.RESET_ALLARM,Global,read,접점 operand,300,292,310,Contact,operand,sources/decoded-original/0161-FlgNet.xml
1228,allarms 2,Allarm.LD_01_MIN,Global,read,접점 operand,301,293,312,Contact,operand,sources/decoded-original/0161-FlgNet.xml
1228,allarms 2,Inputs.LD-01 Minimo,Global,read,접점 operand,33,34,314,Contact,operand,sources/decoded-original/0161-FlgNet.xml
1228,allarms 2,Allarm.LD_01_MIN,Global,write,코일 operand,304,295,288,RCoil,operand,sources/decoded-original/0161-FlgNet.xml
1612,main,Simulation(1),Global,read,접점 operand,26,24,21,Contact,operand,sources/decoded-original/0029-FlgNet.xml
1613,main,Simulation(1),Global,read,접점 operand,44,45,37,Contact,operand,sources/decoded-original/0030-FlgNet.xml
1614,main,Tag_171,Global,read,Move in,92,82,69,Move,in,sources/decoded-original/0544-FlgNet.xml
1614,main,Word_inputs.word1,Global,write,Move out,93,83,69,Move,out1,sources/decoded-original/0544-FlgNet.xml
1614,main,Tag_172,Global,read,Move in,95,84,73,Move,in,sources/decoded-original/0544-FlgNet.xml
1614,main,Word_inputs.word2,Global,write,Move out,96,85,73,Move,out1,sources/decoded-original/0544-FlgNet.xml
1614,main,Tag_173,Global,read,Move in,98,86,76,Move,in,sources/decoded-original/0544-FlgNet.xml
1614,main,Word_inputs.word3,Global,write,Move out,99,87,76,Move,out1,sources/decoded-original/0544-FlgNet.xml
1614,main,Tag_174,Global,read,Move in,101,88,79,Move,in,sources/decoded-original/0544-FlgNet.xml
1614,main,Word_inputs.word4,Global,write,Move out,102,89,79,Move,out1,sources/decoded-original/0544-FlgNet.xml
1615,main,Tag_175,Global,read,Move in,117,109,99,Move,in,sources/decoded-original/0545-FlgNet.xml
1615,main,Word_inputs.word5,Global,write,Move out,118,110,99,Move,out1,sources/decoded-original/0545-FlgNet.xml
1615,main,Tag_176,Global,read,Move in,120,111,103,Move,in,sources/decoded-original/0545-FlgNet.xml
1615,main,Word_inputs.word6,Global,write,Move out,121,112,103,Move,out1,sources/decoded-original/0545-FlgNet.xml
1615,main,Tag_177,Global,read,Move in,123,113,106,Move,in,sources/decoded-original/0545-FlgNet.xml
1615,main,Word_inputs.word7,Global,write,Move out,124,114,106,Move,out1,sources/decoded-original/0545-FlgNet.xml
1616,main,Tag_178,Global,read,Move in,167,157,144,Move,in,sources/decoded-original/0546-FlgNet.xml
1616,main,Word_outputs.WORD1,Global,write,Move out,168,158,144,Move,out1,sources/decoded-original/0546-FlgNet.xml
1616,main,Tag_179,Global,read,Move in,170,159,148,Move,in,sources/decoded-original/0546-FlgNet.xml
1616,main,Word_outputs.WORD2,Global,write,Move out,171,160,148,Move,out1,sources/decoded-original/0546-FlgNet.xml
1616,main,Tag_180,Global,read,Move in,173,161,151,Move,in,sources/decoded-original/0546-FlgNet.xml
1616,main,Word_outputs.WORD3,Global,write,Move out,174,162,151,Move,out1,sources/decoded-original/0546-FlgNet.xml
1616,main,Tag_181,Global,read,Move in,176,163,154,Move,in,sources/decoded-original/0546-FlgNet.xml
1616,main,Word_outputs.WORD4,Global,write,Move out,177,164,154,Move,out1,sources/decoded-original/0546-FlgNet.xml
1617,main,Tag_182,Global,read,Move in,211,201,188,Move,in,sources/decoded-original/0547-FlgNet.xml
1617,main,Word_outputs.WORD5,Global,write,Move out,212,202,188,Move,out1,sources/decoded-original/0547-FlgNet.xml
1617,main,Tag_183,Global,read,Move in,214,203,192,Move,in,sources/decoded-original/0547-FlgNet.xml
1617,main,Word_outputs.WORD6,Global,write,Move out,215,204,192,Move,out1,sources/decoded-original/0547-FlgNet.xml
1617,main,Tag_184,Global,read,Move in,217,205,195,Move,in,sources/decoded-original/0547-FlgNet.xml
1617,main,Word_outputs.WORD7,Global,write,Move out,218,206,195,Move,out1,sources/decoded-original/0547-FlgNet.xml
1617,main,Tag_185,Global,read,Move in,220,207,198,Move,in,sources/decoded-original/0547-FlgNet.xml
1617,main,Word_outputs.WORD8,Global,write,Move out,221,208,198,Move,out1,sources/decoded-original/0547-FlgNet.xml
1618,main,Tag_186,Global,read,Move in,236,228,218,Move,in,sources/decoded-original/0548-FlgNet.xml
1618,main,Word_outputs.WORD9,Global,write,Move out,237,229,218,Move,out1,sources/decoded-original/0548-FlgNet.xml
1618,main,Tag_187,Global,read,Move in,239,230,222,Move,in,sources/decoded-original/0548-FlgNet.xml
1618,main,Word_outputs.WORD10,Global,write,Move out,240,231,222,Move,out1,sources/decoded-original/0548-FlgNet.xml
1618,main,Tag_188,Global,read,Move in,242,232,225,Move,in,sources/decoded-original/0548-FlgNet.xml
1618,main,Word_outputs.WORD11,Global,write,Move out,243,233,225,Move,out1,sources/decoded-original/0548-FlgNet.xml
1619,main,ON,Global,read,접점 operand,280,271,282,Contact,operand,sources/decoded-original/0031-FlgNet.xml
1620,main,ON,Global,read,접점 operand,348,335,350,Contact,operand,sources/decoded-original/0549-FlgNet.xml
1621,main,ON,Global,read,접점 operand,350,345,352,Contact,operand,sources/decoded-original/0032-FlgNet.xml
1622,main,ON,Global,read,접점 operand,351,349,352,Contact,operand,sources/decoded-original/0033-FlgNet.xml
1623,main,OFF,Global,read,접점 operand,389,384,395,Contact,operand,sources/decoded-original/0034-FlgNet.xml
1623,main,ReadClkRetValue,Local,write,식별 원본 AK=Write · 호출 방향/인터페이스 추가 확인,390,385,376,CRef,RET_VAL,sources/decoded-original/0034-FlgNet.xml
1623,main,TodayDateTime,Local,write,식별 원본 AK=Write · 호출 방향/인터페이스 추가 확인,391,386,376,CRef,OUT,sources/decoded-original/0034-FlgNet.xml
1623,main,TodayDateTime,Local,pending,호출 방향·미분류 핀 확인 필요,392,387,381,CRef,IN,sources/decoded-original/0034-FlgNet.xml
1623,main,TodayDate,Local,write,식별 원본 AK=Write · 호출 방향/인터페이스 추가 확인,393,388,381,CRef,OUT,sources/decoded-original/0034-FlgNet.xml
1624,main,ON,Global,read,접점 operand,413,408,419,Contact,operand,sources/decoded-original/0550-FlgNet.xml
1624,main,Data.Maint_code_0,Global,read,Move in,414,409,400,Move,in,sources/decoded-original/0550-FlgNet.xml
1624,main,Tag_189,Global,write,Move out,415,410,400,Move,out1,sources/decoded-original/0550-FlgNet.xml
1624,main,Data.Maint_code_3,Global,read,Move in,416,411,405,Move,in,sources/decoded-original/0550-FlgNet.xml
1624,main,Tag_190,Global,write,Move out,417,412,405,Move,out1,sources/decoded-original/0550-FlgNet.xml
1626,main,ON,Global,read,접점 operand,446,442,451,Contact,operand,sources/decoded-original/0551-FlgNet.xml
1626,main,Flag.RESET_ALLARM,Global,read,접점 operand,447,443,453,Contact,operand,sources/decoded-original/0551-FlgNet.xml
1626,main,Allarm.MAINTENANCE_PERIOD_LIMIT,Global,read,접점 operand,448,444,455,Contact,operand,sources/decoded-original/0551-FlgNet.xml
1626,main,Allarm.MAINTENANCE_PERIOD_LIMIT,Global,write,코일 operand,450,445,441,RCoil,operand,sources/decoded-original/0551-FlgNet.xml
1658,signal linearization,IN0,Local,read,접점 operand,220,196,255,Contact,operand,sources/decoded-original/0291-FlgNet.xml
1658,signal linearization,Analog_input,Local,read,비교 입력 핀,30,32,258,Gt,in1,sources/decoded-original/0291-FlgNet.xml
1658,signal linearization,Analog_input,Local,read,비교 입력 핀,27,29,161,Le,in1,sources/decoded-original/0291-FlgNet.xml
1658,signal linearization,Analog_input,Local,read,연산 입력 핀,225,199,164,Convert,in,sources/decoded-original/0291-FlgNet.xml
1658,signal linearization,App5,Local,write,연산 출력 핀,226,200,164,Convert,out,sources/decoded-original/0291-FlgNet.xml
1658,signal linearization,Zero,Local,read,연산 입력 핀,228,201,167,Convert,in,sources/decoded-original/0291-FlgNet.xml
1658,signal linearization,App6,Local,write,연산 출력 핀,229,202,167,Convert,out,sources/decoded-original/0291-FlgNet.xml
1658,signal linearization,App5,Local,read,연산 입력 핀,231,203,170,Add,in1,sources/decoded-original/0291-FlgNet.xml
1658,signal linearization,App6,Local,read,연산 입력 핀,232,204,170,Add,in2,sources/decoded-original/0291-FlgNet.xml
1658,signal linearization,App3,Local,write,연산 출력 핀,233,205,170,Add,out,sources/decoded-original/0291-FlgNet.xml
1658,signal linearization,Coeff,Local,read,연산 입력 핀,235,206,174,Convert,in,sources/decoded-original/0291-FlgNet.xml
1658,signal linearization,App4,Local,write,연산 출력 핀,236,207,174,Convert,out,sources/decoded-original/0291-FlgNet.xml
1658,signal linearization,App3,Local,read,연산 입력 핀,238,208,177,Mul,in1,sources/decoded-original/0291-FlgNet.xml
1658,signal linearization,App4,Local,read,연산 입력 핀,239,209,177,Mul,in2,sources/decoded-original/0291-FlgNet.xml
1658,signal linearization,App3,Local,write,연산 출력 핀,240,210,177,Mul,out,sources/decoded-original/0291-FlgNet.xml
1658,signal linearization,App3,Local,read,연산 입력 핀,242,211,181,Div,in1,sources/decoded-original/0291-FlgNet.xml
1658,signal linearization,App3,Local,write,연산 출력 핀,244,213,181,Div,out,sources/decoded-original/0291-FlgNet.xml
1658,signal linearization,App3,Local,read,Move in,246,214,185,Move,in,sources/decoded-original/0291-FlgNet.xml
1658,signal linearization,OutValue,Local,write,Move out,247,215,185,Move,out1,sources/decoded-original/0291-FlgNet.xml
1658,signal linearization,Analog_input,Local,read,비교 입력 핀,36,42,190,Gt,in1,sources/decoded-original/0291-FlgNet.xml
1658,signal linearization,Analog_input,Local,read,비교 입력 핀,38,40,259,Le,in1,sources/decoded-original/0291-FlgNet.xml
1658,signal linearization,OutValue,Local,write,Move out,253,219,193,Move,out1,sources/decoded-original/0291-FlgNet.xml
1658,signal linearization,Out_of_range,Local,write,코일 operand,22,24,23,Coil,operand,sources/decoded-original/0291-FlgNet.xml
1659,signal linearization,IN0,Local,read,접점 operand,168,165,171,Contact,operand,sources/decoded-original/0014-FlgNet.xml
1659,signal linearization,OutValue,Local,write,Move out,170,167,162,Move,out1,sources/decoded-original/0014-FlgNet.xml
1679,analog output conversion,ON,Global,read,접점 operand,88,79,102,Contact,operand,sources/decoded-original/0460-FlgNet.xml
1679,analog output conversion,,Unknown,read,비교 입력 핀,89,80,65,Lt,in1,sources/decoded-original/0460-FlgNet.xml
1679,analog output conversion,Data2.Set_TH,Global,write,Move out,94,83,68,Move,out1,sources/decoded-original/0460-FlgNet.xml
1679,analog output conversion,Data2.Set_TH,Global,read,비교 입력 핀,95,84,73,Gt,in1,sources/decoded-original/0460-FlgNet.xml
1679,analog output conversion,Data2.Set_MAX_TH,Global,read,비교 입력 핀,96,85,73,Gt,in2,sources/decoded-original/0460-FlgNet.xml
1679,analog output conversion,Data2.Set_MAX_TH,Global,read,Move in,99,86,76,Move,in,sources/decoded-original/0460-FlgNet.xml
1679,analog output conversion,Data2.Set_TH,Global,write,Move out,100,87,76,Move,out1,sources/decoded-original/0460-FlgNet.xml
1679,analog output conversion,Data.SET_PERC_BWF01,Global,read,연산 입력 핀,22,25,21,Div,in1,sources/decoded-original/0460-FlgNet.xml
1679,analog output conversion,Prod_h,Local,write,연산 출력 핀,24,27,21,Div,out,sources/decoded-original/0460-FlgNet.xml
1679,analog output conversion,Prod_h,Local,read,연산 입력 핀,31,34,29,Mul,in1,sources/decoded-original/0460-FlgNet.xml
1679,analog output conversion,Data2.Set_TH,Global,read,연산 입력 핀,32,35,29,Mul,in2,sources/decoded-original/0460-FlgNet.xml
1679,analog output conversion,Prod_h,Local,write,연산 출력 핀,33,36,29,Mul,out,sources/decoded-original/0460-FlgNet.xml
1679,analog output conversion,ON,Global,read,접점 operand,120,110,105,Contact,operand,sources/decoded-original/0460-FlgNet.xml
1679,analog output conversion,Prod_h,Local,read,비교 입력 핀,122,111,106,Lt,in1,sources/decoded-original/0460-FlgNet.xml
1679,analog output conversion,Data.SET_PERC_BWF01,Global,write,Move out,126,114,107,Move,out1,sources/decoded-original/0460-FlgNet.xml
1679,analog output conversion,Prod_h,Local,read,비교 입력 핀,127,115,108,Gt,in1,sources/decoded-original/0460-FlgNet.xml
1679,analog output conversion,Data2.Set_MAX_TH1,Global,read,비교 입력 핀,128,116,108,Gt,in2,sources/decoded-original/0460-FlgNet.xml
1679,analog output conversion,Data2.Set_MAX_TH1,Global,read,연산 입력 핀,164,160,159,Mul,in1,sources/decoded-original/0460-FlgNet.xml
1679,analog output conversion,tmp,Local,write,연산 출력 핀,166,162,159,Mul,out,sources/decoded-original/0460-FlgNet.xml
1679,analog output conversion,tmp,Local,read,연산 입력 핀,41,44,39,Div,in1,sources/decoded-original/0460-FlgNet.xml
1679,analog output conversion,Data2.Set_MAX_TH,Global,read,연산 입력 핀,42,45,39,Div,in2,sources/decoded-original/0460-FlgNet.xml
1679,analog output conversion,Data.SET_PERC_BWF01,Global,write,연산 출력 핀,43,46,39,Div,out,sources/decoded-original/0460-FlgNet.xml
1679,analog output conversion,Data.SET_PERC_BWF02,Global,read,연산 입력 핀,213,206,204,Div,in1,sources/decoded-original/0460-FlgNet.xml
1679,analog output conversion,Prod_h,Local,write,연산 출력 핀,216,208,204,Div,out,sources/decoded-original/0460-FlgNet.xml
1679,analog output conversion,Prod_h,Local,read,연산 입력 핀,217,209,205,Mul,in1,sources/decoded-original/0460-FlgNet.xml
1679,analog output conversion,Data2.Set_TH,Global,read,연산 입력 핀,218,210,205,Mul,in2,sources/decoded-original/0460-FlgNet.xml
1679,analog output conversion,Prod_h,Local,write,연산 출력 핀,219,211,205,Mul,out,sources/decoded-original/0460-FlgNet.xml
1679,analog output conversion,ON,Global,read,접점 operand,187,173,167,Contact,operand,sources/decoded-original/0460-FlgNet.xml
1679,analog output conversion,Prod_h,Local,read,비교 입력 핀,189,174,168,Lt,in1,sources/decoded-original/0460-FlgNet.xml
1679,analog output conversion,Data.SET_PERC_BWF02,Global,write,Move out,193,177,169,Move,out1,sources/decoded-original/0460-FlgNet.xml
1679,analog output conversion,Prod_h,Local,read,비교 입력 핀,194,178,170,Gt,in1,sources/decoded-original/0460-FlgNet.xml
1679,analog output conversion,Data2.Set_MAX_TH2,Global,read,비교 입력 핀,195,179,170,Gt,in2,sources/decoded-original/0460-FlgNet.xml
1679,analog output conversion,Data2.Set_MAX_TH2,Global,read,연산 입력 핀,197,180,171,Mul,in1,sources/decoded-original/0460-FlgNet.xml
1679,analog output conversion,tmp,Local,write,연산 출력 핀,200,182,171,Mul,out,sources/decoded-original/0460-FlgNet.xml
1679,analog output conversion,tmp,Local,read,연산 입력 핀,201,183,172,Div,in1,sources/decoded-original/0460-FlgNet.xml
1679,analog output conversion,Data2.Set_MAX_TH,Global,read,연산 입력 핀,202,184,172,Div,in2,sources/decoded-original/0460-FlgNet.xml
1679,analog output conversion,Data.SET_PERC_BWF02,Global,write,연산 출력 핀,203,185,172,Div,out,sources/decoded-original/0460-FlgNet.xml
1680,analog output conversion,ON,Global,read,접점 operand,152,139,171,Contact,operand,sources/decoded-original/0461-FlgNet.xml
1680,analog output conversion,Data.SET_PERC_BWF01,Global,read,비교 입력 핀,153,140,118,Lt,in1,sources/decoded-original/0461-FlgNet.xml
1680,analog output conversion,Data.SET_PERC_BWF01,Global,write,Move out,158,143,121,Move,out1,sources/decoded-original/0461-FlgNet.xml
1680,analog output conversion,Data.SET_PERC_BWF01,Global,read,비교 입력 핀,159,144,126,Gt,in1,sources/decoded-original/0461-FlgNet.xml
1680,analog output conversion,Data.SET_PERC_BWF01,Global,write,Move out,164,147,129,Move,out1,sources/decoded-original/0461-FlgNet.xml
1681,analog output conversion,ON,Global,read,접점 operand,261,243,283,Contact,operand,sources/decoded-original/0462-FlgNet.xml
1681,analog output conversion,Data.SET_PERC_BWF01,Global,read,Move in,262,244,210,Move,in,sources/decoded-original/0462-FlgNet.xml
1681,analog output conversion,App00,Local,write,Move out,263,245,210,Move,out1,sources/decoded-original/0462-FlgNet.xml
1681,analog output conversion,Data2.Set_TH,Global,read,Move in,264,246,215,Move,in,sources/decoded-original/0462-FlgNet.xml
1681,analog output conversion,App01,Local,write,Move out,265,247,215,Move,out1,sources/decoded-original/0462-FlgNet.xml
1681,analog output conversion,Data2.Set_MAX_TH1,Global,read,Move in,354,351,350,Move,in,sources/decoded-original/0462-FlgNet.xml
1681,analog output conversion,App03,Local,write,Move out,355,352,350,Move,out1,sources/decoded-original/0462-FlgNet.xml
1681,analog output conversion,ON,Global,read,접점 operand,319,317,316,Contact,operand,sources/decoded-original/0462-FlgNet.xml
1681,analog output conversion,App00,Local,read,연산 입력 핀,268,250,228,Mul,in1,sources/decoded-original/0462-FlgNet.xml
1681,analog output conversion,App00,Local,write,연산 출력 핀,270,252,228,Mul,out,sources/decoded-original/0462-FlgNet.xml
1681,analog output conversion,App00,Local,read,연산 입력 핀,272,253,232,Mul,in1,sources/decoded-original/0462-FlgNet.xml
1681,analog output conversion,App01,Local,read,연산 입력 핀,273,254,232,Mul,in2,sources/decoded-original/0462-FlgNet.xml
1681,analog output conversion,App01,Local,write,연산 출력 핀,274,255,232,Mul,out,sources/decoded-original/0462-FlgNet.xml
1681,analog output conversion,App01,Local,read,연산 입력 핀,276,256,236,Div,in1,sources/decoded-original/0462-FlgNet.xml
1681,analog output conversion,App03,Local,read,연산 입력 핀,277,257,236,Div,in2,sources/decoded-original/0462-FlgNet.xml
1681,analog output conversion,App03,Local,write,연산 출력 핀,278,258,236,Div,out,sources/decoded-original/0462-FlgNet.xml
1681,analog output conversion,App03,Local,read,Move in,280,259,240,Move,in,sources/decoded-original/0462-FlgNet.xml
1681,analog output conversion,BWF01_SP_FlowRate,Global,write,Move out,281,260,240,Move,out1,sources/decoded-original/0462-FlgNet.xml
1681,analog output conversion,App00,Local,read,연산 입력 핀,336,324,320,Mul,in1,sources/decoded-original/0462-FlgNet.xml
1681,analog output conversion,App00,Local,write,연산 출력 핀,339,326,320,Mul,out,sources/decoded-original/0462-FlgNet.xml
1681,analog output conversion,App00,Local,read,연산 입력 핀,340,327,321,Mul,in1,sources/decoded-original/0462-FlgNet.xml
1681,analog output conversion,App01,Local,read,연산 입력 핀,341,328,321,Mul,in2,sources/decoded-original/0462-FlgNet.xml
1681,analog output conversion,App01,Local,write,연산 출력 핀,343,329,321,Mul,out,sources/decoded-original/0462-FlgNet.xml
1681,analog output conversion,App01,Local,read,연산 입력 핀,361,357,356,Div,in1,sources/decoded-original/0462-FlgNet.xml
1681,analog output conversion,App03,Local,read,연산 입력 핀,362,358,356,Div,in2,sources/decoded-original/0462-FlgNet.xml
1681,analog output conversion,App03,Local,write,연산 출력 핀,363,359,356,Div,out,sources/decoded-original/0462-FlgNet.xml
1681,analog output conversion,App03,Local,read,Move in,348,333,323,Move,in,sources/decoded-original/0462-FlgNet.xml
1681,analog output conversion,BWF01_SP_FlowRate,Global,write,Move out,349,334,323,Move,out1,sources/decoded-original/0462-FlgNet.xml
1682,analog output conversion,ON,Global,read,접점 operand,297,284,316,Contact,operand,sources/decoded-original/0463-FlgNet.xml
1682,analog output conversion,Data.SET_PERC_BWF02,Global,read,비교 입력 핀,298,285,263,Lt,in1,sources/decoded-original/0463-FlgNet.xml
1682,analog output conversion,Data.SET_PERC_BWF02,Global,write,Move out,303,288,266,Move,out1,sources/decoded-original/0463-FlgNet.xml
1682,analog output conversion,Data.SET_PERC_BWF02,Global,read,비교 입력 핀,304,289,271,Gt,in1,sources/decoded-original/0463-FlgNet.xml
1682,analog output conversion,Data.SET_PERC_BWF02,Global,write,Move out,309,292,274,Move,out1,sources/decoded-original/0463-FlgNet.xml
1682,analog output conversion,OFF,Global,read,접점 operand,310,293,318,Contact,operand,sources/decoded-original/0463-FlgNet.xml
1682,analog output conversion,Data.SET_PERC_BWF02,Global,read,연산 입력 핀,312,294,280,Mul,in1,sources/decoded-original/0463-FlgNet.xml
1682,analog output conversion,BWF02_SP_FlowRate,Global,write,연산 출력 핀,314,296,280,Mul,out,sources/decoded-original/0463-FlgNet.xml
1683,analog output conversion,ON,Global,read,접점 operand,406,388,428,Contact,operand,sources/decoded-original/0464-FlgNet.xml
1683,analog output conversion,Data.SET_PERC_BWF02,Global,read,Move in,407,389,355,Move,in,sources/decoded-original/0464-FlgNet.xml
1683,analog output conversion,App00,Local,write,Move out,408,390,355,Move,out1,sources/decoded-original/0464-FlgNet.xml
1683,analog output conversion,Data2.Set_TH,Global,read,Move in,409,391,360,Move,in,sources/decoded-original/0464-FlgNet.xml
1683,analog output conversion,App01,Local,write,Move out,410,392,360,Move,out1,sources/decoded-original/0464-FlgNet.xml
1683,analog output conversion,Data2.Set_MAX_TH2,Global,read,Move in,411,393,365,Move,in,sources/decoded-original/0464-FlgNet.xml
1683,analog output conversion,App03,Local,write,Move out,412,394,365,Move,out1,sources/decoded-original/0464-FlgNet.xml
1683,analog output conversion,App00,Local,read,연산 입력 핀,413,395,373,Mul,in1,sources/decoded-original/0464-FlgNet.xml
1683,analog output conversion,App00,Local,write,연산 출력 핀,415,397,373,Mul,out,sources/decoded-original/0464-FlgNet.xml
1683,analog output conversion,App00,Local,read,연산 입력 핀,417,398,377,Mul,in1,sources/decoded-original/0464-FlgNet.xml
1683,analog output conversion,App01,Local,read,연산 입력 핀,418,399,377,Mul,in2,sources/decoded-original/0464-FlgNet.xml
1683,analog output conversion,App01,Local,write,연산 출력 핀,419,400,377,Mul,out,sources/decoded-original/0464-FlgNet.xml
1683,analog output conversion,App01,Local,read,연산 입력 핀,421,401,381,Div,in1,sources/decoded-original/0464-FlgNet.xml
1683,analog output conversion,App03,Local,read,연산 입력 핀,422,402,381,Div,in2,sources/decoded-original/0464-FlgNet.xml
1683,analog output conversion,App03,Local,write,연산 출력 핀,423,403,381,Div,out,sources/decoded-original/0464-FlgNet.xml
1683,analog output conversion,App03,Local,read,Move in,425,404,385,Move,in,sources/decoded-original/0464-FlgNet.xml
1683,analog output conversion,BWF02_SP_FlowRate,Global,write,Move out,426,405,385,Move,out1,sources/decoded-original/0464-FlgNet.xml
1684,analog output conversion,ON,Global,read,접점 operand,438,426,455,Contact,operand,sources/decoded-original/0465-FlgNet.xml
1684,analog output conversion,Data.SET_PERC_FR01,Global,read,비교 입력 핀,439,427,406,Lt,in1,sources/decoded-original/0465-FlgNet.xml
1684,analog output conversion,Data.SET_PERC_FR01,Global,write,Move out,444,430,409,Move,out1,sources/decoded-original/0465-FlgNet.xml
1684,analog output conversion,Data.SET_PERC_FR01,Global,read,비교 입력 핀,445,431,414,Gt,in1,sources/decoded-original/0465-FlgNet.xml
1684,analog output conversion,Data.SET_PERC_FR01,Global,write,Move out,450,434,417,Move,out1,sources/decoded-original/0465-FlgNet.xml
1684,analog output conversion,Data.SET_PERC_FR01,Global,read,연산 입력 핀,451,435,422,Mul,in1,sources/decoded-original/0465-FlgNet.xml
1684,analog output conversion,RD01_SP_SPEED,Global,write,연산 출력 핀,453,437,422,Mul,out,sources/decoded-original/0465-FlgNet.xml
1685,analog output conversion,ON,Global,read,접점 operand,489,477,506,Contact,operand,sources/decoded-original/0466-FlgNet.xml
1685,analog output conversion,Data.SET_PERC_VT01,Global,read,비교 입력 핀,490,478,457,Lt,in1,sources/decoded-original/0466-FlgNet.xml
1685,analog output conversion,Data.SET_PERC_VT01,Global,write,Move out,495,481,460,Move,out1,sources/decoded-original/0466-FlgNet.xml
1685,analog output conversion,Data.SET_PERC_VT01,Global,read,비교 입력 핀,496,482,465,Gt,in1,sources/decoded-original/0466-FlgNet.xml
1685,analog output conversion,Data.SET_PERC_VT01,Global,write,Move out,501,485,468,Move,out1,sources/decoded-original/0466-FlgNet.xml
1685,analog output conversion,Data.SET_PERC_VT01,Global,read,연산 입력 핀,502,486,473,Mul,in1,sources/decoded-original/0466-FlgNet.xml
1685,analog output conversion,FN01_SP_SPEED,Global,write,연산 출력 핀,504,488,473,Mul,out,sources/decoded-original/0466-FlgNet.xml
1686,analog output conversion,ON,Global,read,접점 operand,561,546,582,Contact,operand,sources/decoded-original/0467-FlgNet.xml
1686,analog output conversion,Data.Burner_Air_Out,Global,read,비교 입력 핀,562,547,520,Lt,in1,sources/decoded-original/0467-FlgNet.xml
1686,analog output conversion,Data.Burner_Air_Out,Global,write,Move out,567,550,523,Move,out1,sources/decoded-original/0467-FlgNet.xml
1686,analog output conversion,Data.Burner_Air_Out,Global,read,비교 입력 핀,568,551,528,Gt,in1,sources/decoded-original/0467-FlgNet.xml
1686,analog output conversion,Data.Burner_Air_Out,Global,write,Move out,573,554,531,Move,out1,sources/decoded-original/0467-FlgNet.xml
1686,analog output conversion,Data.Burner_Air_Out,Global,read,연산 입력 핀,574,555,536,Mul,in1,sources/decoded-original/0467-FlgNet.xml
1686,analog output conversion,Calcolo_Aria,Local,write,연산 출력 핀,576,557,536,Mul,out,sources/decoded-original/0467-FlgNet.xml
1686,analog output conversion,ON,Global,read,접점 operand,577,558,584,Contact,operand,sources/decoded-original/0467-FlgNet.xml
1686,analog output conversion,Calcolo_Aria,Local,read,Move in,579,559,543,Move,in,sources/decoded-original/0467-FlgNet.xml
1686,analog output conversion,BR01_AIR_SP,Global,write,Move out,580,560,543,Move,out1,sources/decoded-original/0467-FlgNet.xml
1687,analog output conversion,ON,Global,read,접점 operand,607,594,626,Contact,operand,sources/decoded-original/0468-FlgNet.xml
1687,analog output conversion,Data.Burner_Gas_Out,Global,read,비교 입력 핀,608,595,573,Lt,in1,sources/decoded-original/0468-FlgNet.xml
1687,analog output conversion,Data.Burner_Gas_Out,Global,write,Move out,613,598,576,Move,out1,sources/decoded-original/0468-FlgNet.xml
1687,analog output conversion,Data.Burner_Gas_Out,Global,read,비교 입력 핀,614,599,581,Gt,in1,sources/decoded-original/0468-FlgNet.xml
1687,analog output conversion,Data.Burner_Gas_Out,Global,write,Move out,619,602,584,Move,out1,sources/decoded-original/0468-FlgNet.xml
1687,analog output conversion,ON,Global,read,접점 operand,620,603,628,Contact,operand,sources/decoded-original/0468-FlgNet.xml
1687,analog output conversion,Data.Burner_Gas_Out,Global,read,연산 입력 핀,622,604,590,Mul,in1,sources/decoded-original/0468-FlgNet.xml
1687,analog output conversion,BR01_GAS_SP,Global,write,연산 출력 핀,624,606,590,Mul,out,sources/decoded-original/0468-FlgNet.xml
1687,analog output conversion,BR01_GAS_SP,Global,read,Move in,24,26,22,Move,in,sources/decoded-original/0468-FlgNet.xml
1687,analog output conversion,test_out,Local,write,Move out,25,27,22,Move,out1,sources/decoded-original/0468-FlgNet.xml
1688,analog output conversion,ON,Global,read,접점 operand,656,644,673,Contact,operand,sources/decoded-original/0469-FlgNet.xml
1688,analog output conversion,Data.Set_Perc_VT02,Global,read,비교 입력 핀,657,645,624,Lt,in1,sources/decoded-original/0469-FlgNet.xml
1688,analog output conversion,Data.Set_Perc_VT02,Global,write,Move out,662,648,627,Move,out1,sources/decoded-original/0469-FlgNet.xml
1688,analog output conversion,Data.Set_Perc_VT02,Global,read,비교 입력 핀,663,649,632,Gt,in1,sources/decoded-original/0469-FlgNet.xml
1688,analog output conversion,Data.Set_Perc_VT02,Global,write,Move out,668,652,635,Move,out1,sources/decoded-original/0469-FlgNet.xml
1688,analog output conversion,Data.Set_Perc_VT02,Global,read,연산 입력 핀,669,653,640,Mul,in1,sources/decoded-original/0469-FlgNet.xml
1688,analog output conversion,FN02_SP,Global,write,연산 출력 핀,671,655,640,Mul,out,sources/decoded-original/0469-FlgNet.xml
1689,analog output conversion,ON,Global,read,접점 operand,860,848,877,Contact,operand,sources/decoded-original/0470-FlgNet.xml
1689,analog output conversion,Data.SET_PERC_FN04,Global,read,비교 입력 핀,861,849,828,Lt,in1,sources/decoded-original/0470-FlgNet.xml
1689,analog output conversion,Data.SET_PERC_FN04,Global,write,Move out,866,852,831,Move,out1,sources/decoded-original/0470-FlgNet.xml
1689,analog output conversion,Data.SET_PERC_FN04,Global,read,비교 입력 핀,867,853,836,Gt,in1,sources/decoded-original/0470-FlgNet.xml
1689,analog output conversion,Data.SET_PERC_FN04,Global,write,Move out,872,856,839,Move,out1,sources/decoded-original/0470-FlgNet.xml
1689,analog output conversion,Data.SET_PERC_FN04,Global,read,연산 입력 핀,873,857,844,Mul,in1,sources/decoded-original/0470-FlgNet.xml
1689,analog output conversion,FN04_SP,Global,write,연산 출력 핀,875,859,844,Mul,out,sources/decoded-original/0470-FlgNet.xml
1690,analog output conversion,ON,Global,read,접점 operand,878,870,889,Contact,operand,sources/decoded-original/0471-FlgNet.xml
1690,analog output conversion,Data2.Set_TH,Global,read,비교 입력 핀,879,871,856,Ne,in1,sources/decoded-original/0471-FlgNet.xml
1690,analog output conversion,Tag_158,Global,read,비교 입력 핀,880,872,856,Ne,in2,sources/decoded-original/0471-FlgNet.xml
1690,analog output conversion,Tag_159,Global,write,코일 operand,883,874,862,SdCoil,operand,sources/decoded-original/0471-FlgNet.xml
1690,analog output conversion,Tag_159,Global,read,접점 operand,884,875,891,Contact,operand,sources/decoded-original/0471-FlgNet.xml
1690,analog output conversion,Data2.Set_TH,Global,read,Move in,886,876,867,Move,in,sources/decoded-original/0471-FlgNet.xml
1690,analog output conversion,Tag_158,Global,write,Move out,887,877,867,Move,out1,sources/decoded-original/0471-FlgNet.xml
1691,analog output conversion,ON,Global,read,접점 operand,920,912,930,Contact,operand,sources/decoded-original/0472-FlgNet.xml
1691,analog output conversion,Tag_158,Global,read,Move in,921,913,899,Move,in,sources/decoded-original/0472-FlgNet.xml
1691,analog output conversion,App04,Local,write,Move out,922,914,899,Move,out1,sources/decoded-original/0472-FlgNet.xml
1691,analog output conversion,App04,Local,read,연산 입력 핀,923,915,905,Mul,in1,sources/decoded-original/0472-FlgNet.xml
1691,analog output conversion,app05,Local,write,연산 출력 핀,925,917,905,Mul,out,sources/decoded-original/0472-FlgNet.xml
1691,analog output conversion,app05,Local,read,Move in,927,918,909,Move,in,sources/decoded-original/0472-FlgNet.xml
1691,analog output conversion,LIW_SP_SPEED,Global,write,Move out,928,919,909,Move,out1,sources/decoded-original/0472-FlgNet.xml
1692,analog output conversion,ON,Global,read,접점 operand,53,40,34,Contact,operand,sources/decoded-original/0473-FlgNet.xml
1692,analog output conversion,HMI_DB.SET_PERC_BC01,Global,read,비교 입력 핀,55,41,35,Lt,in1,sources/decoded-original/0473-FlgNet.xml
1692,analog output conversion,HMI_DB.SET_PERC_BC01,Global,write,Move out,59,44,36,Move,out1,sources/decoded-original/0473-FlgNet.xml
1692,analog output conversion,HMI_DB.SET_PERC_BC01,Global,read,비교 입력 핀,60,45,37,Gt,in1,sources/decoded-original/0473-FlgNet.xml
1692,analog output conversion,HMI_DB.SET_PERC_BC01,Global,write,Move out,64,48,38,Move,out1,sources/decoded-original/0473-FlgNet.xml
1692,analog output conversion,HMI_DB.SET_PERC_BC01,Global,read,연산 입력 핀,65,49,39,Mul,in1,sources/decoded-original/0473-FlgNet.xml
1692,analog output conversion,102A5_SPARE0,Global,write,연산 출력 핀,67,51,39,Mul,out,sources/decoded-original/0473-FlgNet.xml
1693,analog output conversion,ON,Global,read,접점 operand,41,28,22,Contact,operand,sources/decoded-original/0474-FlgNet.xml
1693,analog output conversion,HMI_DB.SET_PERC_MC04,Global,read,비교 입력 핀,43,29,23,Lt,in1,sources/decoded-original/0474-FlgNet.xml
1693,analog output conversion,HMI_DB.SET_PERC_MC04,Global,write,Move out,47,32,24,Move,out1,sources/decoded-original/0474-FlgNet.xml
1693,analog output conversion,HMI_DB.SET_PERC_MC04,Global,read,비교 입력 핀,48,33,25,Gt,in1,sources/decoded-original/0474-FlgNet.xml
1693,analog output conversion,HMI_DB.SET_PERC_MC04,Global,write,Move out,52,36,26,Move,out1,sources/decoded-original/0474-FlgNet.xml
1693,analog output conversion,HMI_DB.SET_PERC_MC04,Global,read,연산 입력 핀,53,37,27,Mul,in1,sources/decoded-original/0474-FlgNet.xml
1693,analog output conversion,102A5_SPARE3,Global,write,연산 출력 핀,55,39,27,Mul,out,sources/decoded-original/0474-FlgNet.xml
1702,valve control loop,ON,Global,read,접점 operand,184,157,226,Contact,operand,sources/decoded-original/0342-FlgNet.xml
1702,valve control loop,ON,Global,read,접점 operand,185,158,228,Contact,operand,sources/decoded-original/0342-FlgNet.xml
1702,valve control loop,Inputs.MV01 Open,Global,read,접점 operand,186,159,230,Contact,operand,sources/decoded-original/0342-FlgNet.xml
1702,valve control loop,Flag.M_MV01_Close,Global,read,접점 operand,187,160,232,Contact,operand,sources/decoded-original/0342-FlgNet.xml
1702,valve control loop,Flag.MV01_Auto,Global,read,접점 operand,188,161,234,Contact,operand,sources/decoded-original/0342-FlgNet.xml
1702,valve control loop,Flag.M_MV01_OPEN,Global,write,코일 operand,191,162,119,RCoil,operand,sources/decoded-original/0342-FlgNet.xml
1702,valve control loop,Inputs.MV01 Close,Global,read,접점 operand,192,163,236,Contact,operand,sources/decoded-original/0342-FlgNet.xml
1702,valve control loop,Flag.M_MV01_OPEN,Global,read,접점 operand,193,164,238,Contact,operand,sources/decoded-original/0342-FlgNet.xml
1702,valve control loop,Flag.MV01_Auto,Global,read,접점 operand,194,165,240,Contact,operand,sources/decoded-original/0342-FlgNet.xml
1702,valve control loop,Flag.M_MV01_Close,Global,write,코일 operand,197,166,126,RCoil,operand,sources/decoded-original/0342-FlgNet.xml
1702,valve control loop,Allarm.MV01_FAULT,Global,read,접점 operand,199,167,242,Contact,operand,sources/decoded-original/0342-FlgNet.xml
1702,valve control loop,Flag.MV01_Auto,Global,read,접점 operand,200,168,244,Contact,operand,sources/decoded-original/0342-FlgNet.xml
1702,valve control loop,UP MV01 PID,Global,read,접점 operand,201,169,246,Contact,operand,sources/decoded-original/0342-FlgNet.xml
1702,valve control loop,Flag.M_MV01_OPEN,Global,read,접점 operand,203,170,248,Contact,operand,sources/decoded-original/0342-FlgNet.xml
1702,valve control loop,MV WORK PULSE,Global,read,접점 operand,205,171,250,Contact,operand,sources/decoded-original/0342-FlgNet.xml
1702,valve control loop,,Unknown,read,접점 operand,206,172,252,Contact,operand,sources/decoded-original/0342-FlgNet.xml
1702,valve control loop,Start Close MV-01,Global,read,접점 operand,208,173,254,Contact,operand,sources/decoded-original/0342-FlgNet.xml
1702,valve control loop,Inputs.MV01 Open,Global,read,접점 operand,209,174,256,Contact,operand,sources/decoded-original/0342-FlgNet.xml
1702,valve control loop,HMI_DB.ResetEncoderProcedure_MV01,Global,read,접점 operand,22,24,23,Contact,operand,sources/decoded-original/0342-FlgNet.xml
1702,valve control loop,Start Open MV-01,Global,write,코일 operand,211,175,143,Coil,operand,sources/decoded-original/0342-FlgNet.xml
1702,valve control loop,Flag.MV01_Auto,Global,read,접점 operand,212,176,258,Contact,operand,sources/decoded-original/0342-FlgNet.xml
1702,valve control loop,DOWN MV01 PID,Global,read,접점 operand,213,177,260,Contact,operand,sources/decoded-original/0342-FlgNet.xml
1702,valve control loop,Flag.M_MV01_Close,Global,read,접점 operand,215,178,262,Contact,operand,sources/decoded-original/0342-FlgNet.xml
1702,valve control loop,MV WORK PULSE,Global,read,접점 operand,217,179,264,Contact,operand,sources/decoded-original/0342-FlgNet.xml
1702,valve control loop,ON,Global,read,접점 operand,218,180,266,Contact,operand,sources/decoded-original/0342-FlgNet.xml
1702,valve control loop,HMI_DB.ResetEncoderProcedure_MV01,Global,read,접점 operand,276,274,273,Contact,operand,sources/decoded-original/0342-FlgNet.xml
1702,valve control loop,Start Open MV-01,Global,read,접점 operand,220,181,268,Contact,operand,sources/decoded-original/0342-FlgNet.xml
1702,valve control loop,Inputs.MV01 Close,Global,read,접점 operand,221,182,270,Contact,operand,sources/decoded-original/0342-FlgNet.xml
1702,valve control loop,Start Close MV-01,Global,write,코일 operand,223,183,156,Coil,operand,sources/decoded-original/0342-FlgNet.xml
1703,valve control loop,HMI_DB.ResetEncoderProcedure_MV01,Global,read,접점 operand,35,27,21,Contact,operand,sources/decoded-original/0354-FlgNet.xml
1703,valve control loop,Inputs.MV01 Close,Global,read,접점 operand,37,28,22,Contact,operand,sources/decoded-original/0354-FlgNet.xml
1703,valve control loop,MV01_Encoder.NewCountValue,Global,write,Move out,41,30,23,Move,out1,sources/decoded-original/0354-FlgNet.xml
1703,valve control loop,MV01_Encoder.SetCountValue,Global,read,접점 operand,42,31,24,Contact,operand,sources/decoded-original/0354-FlgNet.xml
1703,valve control loop,MV01_Encoder.SetCountValue,Global,write,코일 operand,44,32,25,Coil,operand,sources/decoded-original/0354-FlgNet.xml
1703,valve control loop,HMI_DB.ResetEncoderProcedure_MV01,Global,write,코일 operand,46,33,26,RCoil,operand,sources/decoded-original/0354-FlgNet.xml
1704,valve control loop,ON,Global,read,접점 operand,27,28,310,Contact,operand,sources/decoded-original/0343-FlgNet.xml
1704,valve control loop,ON,Global,read,접점 operand,25,26,312,Contact,operand,sources/decoded-original/0343-FlgNet.xml
1704,valve control loop,Inputs.MV02 Open,Global,read,접점 operand,270,243,314,Contact,operand,sources/decoded-original/0343-FlgNet.xml
1704,valve control loop,Flag.M_MV02_CLOSE,Global,read,접점 operand,271,244,316,Contact,operand,sources/decoded-original/0343-FlgNet.xml
1704,valve control loop,Flag.MV02_Auto,Global,read,접점 operand,272,245,318,Contact,operand,sources/decoded-original/0343-FlgNet.xml
1704,valve control loop,Flag.M_MV02_OPEN,Global,write,코일 operand,275,246,203,RCoil,operand,sources/decoded-original/0343-FlgNet.xml
1704,valve control loop,Inputs.MV02 Close,Global,read,접점 operand,276,247,320,Contact,operand,sources/decoded-original/0343-FlgNet.xml
1704,valve control loop,Flag.M_MV02_OPEN,Global,read,접점 operand,277,248,322,Contact,operand,sources/decoded-original/0343-FlgNet.xml
1704,valve control loop,Flag.MV02_Auto,Global,read,접점 operand,278,249,324,Contact,operand,sources/decoded-original/0343-FlgNet.xml
1704,valve control loop,Flag.M_MV02_CLOSE,Global,write,코일 operand,281,250,210,RCoil,operand,sources/decoded-original/0343-FlgNet.xml
1704,valve control loop,Allarm.MV02_FAULT,Global,read,접점 operand,283,251,326,Contact,operand,sources/decoded-original/0343-FlgNet.xml
1704,valve control loop,Flag.MV02_Auto,Global,read,접점 operand,284,252,328,Contact,operand,sources/decoded-original/0343-FlgNet.xml
1704,valve control loop,PID MV02 UP,Global,read,접점 operand,285,253,330,Contact,operand,sources/decoded-original/0343-FlgNet.xml
1704,valve control loop,Flag.M_MV02_OPEN,Global,read,접점 operand,287,254,332,Contact,operand,sources/decoded-original/0343-FlgNet.xml
1704,valve control loop,MV WORK PULSE,Global,read,접점 operand,289,255,334,Contact,operand,sources/decoded-original/0343-FlgNet.xml
1704,valve control loop,ON,Global,read,접점 operand,290,256,336,Contact,operand,sources/decoded-original/0343-FlgNet.xml
1704,valve control loop,Close MV02,Global,read,접점 operand,292,257,338,Contact,operand,sources/decoded-original/0343-FlgNet.xml
1704,valve control loop,Inputs.MV02 Open,Global,read,접점 operand,293,258,340,Contact,operand,sources/decoded-original/0343-FlgNet.xml
1704,valve control loop,Open MV02,Global,write,코일 operand,295,259,227,Coil,operand,sources/decoded-original/0343-FlgNet.xml
1704,valve control loop,Flag.MV02_Auto,Global,read,접점 operand,296,260,342,Contact,operand,sources/decoded-original/0343-FlgNet.xml
1704,valve control loop,PID MV02 Down,Global,read,접점 operand,297,261,344,Contact,operand,sources/decoded-original/0343-FlgNet.xml
1704,valve control loop,Flag.M_MV02_CLOSE,Global,read,접점 operand,299,262,346,Contact,operand,sources/decoded-original/0343-FlgNet.xml
1704,valve control loop,MV WORK PULSE,Global,read,접점 operand,301,263,348,Contact,operand,sources/decoded-original/0343-FlgNet.xml
1704,valve control loop,ON,Global,read,접점 operand,302,264,350,Contact,operand,sources/decoded-original/0343-FlgNet.xml
1704,valve control loop,Open MV02,Global,read,접점 operand,304,265,352,Contact,operand,sources/decoded-original/0343-FlgNet.xml
1704,valve control loop,Inputs.MV02 Close,Global,read,접점 operand,305,266,354,Contact,operand,sources/decoded-original/0343-FlgNet.xml
1704,valve control loop,Close MV02,Global,write,코일 operand,307,267,240,Coil,operand,sources/decoded-original/0343-FlgNet.xml
1705,valve control loop,ON,Global,read,접점 operand,303,286,328,Contact,operand,sources/decoded-original/0344-FlgNet.xml
1705,valve control loop,Data.PSH03_SETPOINT,Global,read,연산 입력 핀,304,287,256,Sub,in1,sources/decoded-original/0344-FlgNet.xml
1705,valve control loop,Data.PSH03,Global,read,연산 입력 핀,305,288,256,Sub,in2,sources/decoded-original/0344-FlgNet.xml
1705,valve control loop,ErrPSH03,Local,write,연산 출력 핀,306,289,256,Sub,out,sources/decoded-original/0344-FlgNet.xml
1705,valve control loop,Tag_147,Global,read,접점 operand,308,291,330,Contact,operand,sources/decoded-original/0344-FlgNet.xml
1705,valve control loop,Tag_148,Global,write,코일 operand,310,292,263,SdCoil,operand,sources/decoded-original/0344-FlgNet.xml
1705,valve control loop,Tag_148,Global,read,접점 operand,312,294,332,Contact,operand,sources/decoded-original/0344-FlgNet.xml
1705,valve control loop,Tag_147,Global,write,코일 operand,314,295,268,SdCoil,operand,sources/decoded-original/0344-FlgNet.xml
1705,valve control loop,Tag_148,Global,read,접점 operand,315,296,334,Contact,operand,sources/decoded-original/0344-FlgNet.xml
1705,valve control loop,ErrPSH03,Local,read,비교 입력 핀,316,297,276,Ge,in1,sources/decoded-original/0344-FlgNet.xml
1705,valve control loop,PID down MV03,Global,write,코일 operand,320,299,279,Coil,operand,sources/decoded-original/0344-FlgNet.xml
1705,valve control loop,ErrPSH03,Local,read,비교 입력 핀,321,300,282,Lt,in1,sources/decoded-original/0344-FlgNet.xml
1705,valve control loop,PID UP MV03,Global,write,코일 operand,325,302,285,Coil,operand,sources/decoded-original/0344-FlgNet.xml
1706,valve control loop,ON,Global,read,접점 operand,439,408,489,Contact,operand,sources/decoded-original/0345-FlgNet.xml
1706,valve control loop,ON,Global,read,접점 operand,440,409,491,Contact,operand,sources/decoded-original/0345-FlgNet.xml
1706,valve control loop,Inputs.MV03 open,Global,read,접점 operand,22,23,493,Contact,operand,sources/decoded-original/0345-FlgNet.xml
1706,valve control loop,Flag.M_MV03_CLOSE,Global,read,접점 operand,442,411,495,Contact,operand,sources/decoded-original/0345-FlgNet.xml
1706,valve control loop,Flag.MV03_Auto,Global,read,접점 operand,443,412,497,Contact,operand,sources/decoded-original/0345-FlgNet.xml
1706,valve control loop,Flag.M_MV03_OPEN,Global,write,코일 operand,446,413,362,RCoil,operand,sources/decoded-original/0345-FlgNet.xml
1706,valve control loop,Inputs.MV03 Close,Global,read,접점 operand,25,26,499,Contact,operand,sources/decoded-original/0345-FlgNet.xml
1706,valve control loop,Flag.M_MV03_OPEN,Global,read,접점 operand,448,415,501,Contact,operand,sources/decoded-original/0345-FlgNet.xml
1706,valve control loop,Flag.MV03_Auto,Global,read,접점 operand,449,416,503,Contact,operand,sources/decoded-original/0345-FlgNet.xml
1706,valve control loop,Flag.M_MV03_CLOSE,Global,write,코일 operand,452,417,369,RCoil,operand,sources/decoded-original/0345-FlgNet.xml
1706,valve control loop,Inputs.MV03 Close,Global,read,접점 operand,41,43,42,Contact,operand,sources/decoded-original/0345-FlgNet.xml
1706,valve control loop,Close MV03 for Burner Startup,Global,write,코일 operand,49,50,46,RCoil,operand,sources/decoded-original/0345-FlgNet.xml
1706,valve control loop,Allarm.MV03_FAULT,Global,read,접점 operand,454,418,505,Contact,operand,sources/decoded-original/0345-FlgNet.xml
1706,valve control loop,Flag.MV03_Auto,Global,read,접점 operand,455,419,507,Contact,operand,sources/decoded-original/0345-FlgNet.xml
1706,valve control loop,PID UP MV03,Global,read,접점 operand,456,420,509,Contact,operand,sources/decoded-original/0345-FlgNet.xml
1706,valve control loop,MV WORK PULSE,Global,read,접점 operand,457,421,511,Contact,operand,sources/decoded-original/0345-FlgNet.xml
1706,valve control loop,ON,Global,read,접점 operand,458,422,513,Contact,operand,sources/decoded-original/0345-FlgNet.xml
1706,valve control loop,Flag.M_MV03_OPEN,Global,read,접점 operand,461,423,515,Contact,operand,sources/decoded-original/0345-FlgNet.xml
1706,valve control loop,MV WORK PULSE,Global,read,접점 operand,462,424,517,Contact,operand,sources/decoded-original/0345-FlgNet.xml
1706,valve control loop,ON,Global,read,접점 operand,463,425,519,Contact,operand,sources/decoded-original/0345-FlgNet.xml
1706,valve control loop,Open MV03 for washing,Global,read,접점 operand,466,426,521,Contact,operand,sources/decoded-original/0345-FlgNet.xml
1706,valve control loop,HMI_DB.ResetEncoderProcedure_MV03,Global,read,접점 operand,39,45,44,Contact,operand,sources/decoded-original/0345-FlgNet.xml
1706,valve control loop,Inputs.MV03 open,Global,read,접점 operand,29,30,523,Contact,operand,sources/decoded-original/0345-FlgNet.xml
1706,valve control loop,Start open MV03,Global,write,코일 operand,470,428,390,Coil,operand,sources/decoded-original/0345-FlgNet.xml
1706,valve control loop,Flag.MV03_Auto,Global,read,접점 operand,471,429,525,Contact,operand,sources/decoded-original/0345-FlgNet.xml
1706,valve control loop,PID down MV03,Global,read,접점 operand,472,430,527,Contact,operand,sources/decoded-original/0345-FlgNet.xml
1706,valve control loop,MV WORK PULSE,Global,read,접점 operand,473,431,529,Contact,operand,sources/decoded-original/0345-FlgNet.xml
1706,valve control loop,ON,Global,read,접점 operand,474,432,531,Contact,operand,sources/decoded-original/0345-FlgNet.xml
1706,valve control loop,Flag.M_MV03_CLOSE,Global,read,접점 operand,477,433,533,Contact,operand,sources/decoded-original/0345-FlgNet.xml
1706,valve control loop,MV WORK PULSE,Global,read,접점 operand,478,434,535,Contact,operand,sources/decoded-original/0345-FlgNet.xml
1706,valve control loop,ON,Global,read,접점 operand,479,435,537,Contact,operand,sources/decoded-original/0345-FlgNet.xml
1706,valve control loop,Close MV03 for Burner Startup,Global,read,접점 operand,35,37,36,Contact,operand,sources/decoded-original/0345-FlgNet.xml
1706,valve control loop,Open MV03 for washing,Global,read,접점 operand,483,436,539,Contact,operand,sources/decoded-original/0345-FlgNet.xml
1706,valve control loop,HMI_DB.ResetEncoderProcedure_MV03,Global,read,접점 operand,51,52,546,Contact,operand,sources/decoded-original/0345-FlgNet.xml
1706,valve control loop,Inputs.MV03 Close,Global,read,접점 operand,33,34,541,Contact,operand,sources/decoded-original/0345-FlgNet.xml
1706,valve control loop,Start Close MV03,Global,write,코일 operand,486,438,407,Coil,operand,sources/decoded-original/0345-FlgNet.xml
1707,valve control loop,HMI_DB.ResetEncoderProcedure_MV03,Global,read,접점 operand,25,23,22,Contact,operand,sources/decoded-original/0353-FlgNet.xml
1707,valve control loop,Inputs.MV03 Close,Global,read,접점 operand,29,30,26,Contact,operand,sources/decoded-original/0353-FlgNet.xml
1707,valve control loop,MV03_Encoder.NewCountValue,Global,write,Move out,35,37,32,Move,out1,sources/decoded-original/0353-FlgNet.xml
1707,valve control loop,MV03_Encoder.SetCountValue,Global,read,접점 operand,39,41,40,Contact,operand,sources/decoded-original/0353-FlgNet.xml
1707,valve control loop,MV03_Encoder.SetCountValue,Global,write,코일 operand,43,45,44,Coil,operand,sources/decoded-original/0353-FlgNet.xml
1707,valve control loop,HMI_DB.ResetEncoderProcedure_MV03,Global,write,코일 operand,51,52,48,RCoil,operand,sources/decoded-original/0353-FlgNet.xml
1708,valve control loop,ON,Global,read,접점 operand,21,22,654,Contact,operand,sources/decoded-original/0346-FlgNet.xml
1708,valve control loop,Inputs.MV05 open,Global,read,접점 operand,608,579,656,Contact,operand,sources/decoded-original/0346-FlgNet.xml
1708,valve control loop,Flag.M_MV05_CLOSE,Global,read,접점 operand,609,580,658,Contact,operand,sources/decoded-original/0346-FlgNet.xml
1708,valve control loop,Flag.MV05_Auto,Global,read,접점 operand,610,581,660,Contact,operand,sources/decoded-original/0346-FlgNet.xml
1708,valve control loop,Flag.M_MV05_OPEN,Global,write,코일 operand,613,582,535,RCoil,operand,sources/decoded-original/0346-FlgNet.xml
1708,valve control loop,Inputs.MV05 Close,Global,read,접점 operand,614,583,662,Contact,operand,sources/decoded-original/0346-FlgNet.xml
1708,valve control loop,Flag.M_MV05_OPEN,Global,read,접점 operand,615,584,664,Contact,operand,sources/decoded-original/0346-FlgNet.xml
1708,valve control loop,Flag.MV05_Auto,Global,read,접점 operand,616,585,666,Contact,operand,sources/decoded-original/0346-FlgNet.xml
1708,valve control loop,Flag.M_MV05_CLOSE,Global,write,코일 operand,619,586,542,RCoil,operand,sources/decoded-original/0346-FlgNet.xml
1708,valve control loop,Allarm.MV_05_FAULT,Global,read,접점 operand,621,587,668,Contact,operand,sources/decoded-original/0346-FlgNet.xml
1708,valve control loop,Flag.MV05_Auto,Global,read,접점 operand,622,588,670,Contact,operand,sources/decoded-original/0346-FlgNet.xml
1708,valve control loop,PID UP MV05,Global,read,접점 operand,623,589,672,Contact,operand,sources/decoded-original/0346-FlgNet.xml
1708,valve control loop,Flag.M_MV05_OPEN,Global,read,접점 operand,625,590,674,Contact,operand,sources/decoded-original/0346-FlgNet.xml
1708,valve control loop,MV WORK PULSE,Global,read,접점 operand,626,591,676,Contact,operand,sources/decoded-original/0346-FlgNet.xml
1708,valve control loop,Allarm.Oxigen_Fault,Global,read,접점 operand,629,592,678,Contact,operand,sources/decoded-original/0346-FlgNet.xml
1708,valve control loop,UNDER TESTING,Global,read,접점 operand,630,593,680,Contact,operand,sources/decoded-original/0346-FlgNet.xml
1708,valve control loop,Close MV05,Global,read,접점 operand,632,594,682,Contact,operand,sources/decoded-original/0346-FlgNet.xml
1708,valve control loop,Inputs.MV05 open,Global,read,접점 operand,633,595,684,Contact,operand,sources/decoded-original/0346-FlgNet.xml
1708,valve control loop,Open MV05,Global,write,코일 operand,635,596,561,Coil,operand,sources/decoded-original/0346-FlgNet.xml
1708,valve control loop,Flag.MV05_Auto,Global,read,접점 operand,636,597,686,Contact,operand,sources/decoded-original/0346-FlgNet.xml
1708,valve control loop,PID DOWN MV05,Global,read,접점 operand,637,598,688,Contact,operand,sources/decoded-original/0346-FlgNet.xml
1708,valve control loop,Flag.M_MV05_CLOSE,Global,read,접점 operand,639,599,690,Contact,operand,sources/decoded-original/0346-FlgNet.xml
1708,valve control loop,MV WORK PULSE,Global,read,접점 operand,640,600,692,Contact,operand,sources/decoded-original/0346-FlgNet.xml
1708,valve control loop,Allarm.Oxigen_Fault,Global,read,접점 operand,642,601,694,Contact,operand,sources/decoded-original/0346-FlgNet.xml
1708,valve control loop,UNDER TESTING,Global,read,접점 operand,643,602,696,Contact,operand,sources/decoded-original/0346-FlgNet.xml
1708,valve control loop,Open MV05,Global,read,접점 operand,646,603,698,Contact,operand,sources/decoded-original/0346-FlgNet.xml
1708,valve control loop,Inputs.MV05 Close,Global,read,접점 operand,647,604,700,Contact,operand,sources/decoded-original/0346-FlgNet.xml
1708,valve control loop,Close MV05,Global,write,코일 operand,649,605,576,Coil,operand,sources/decoded-original/0346-FlgNet.xml
1709,valve control loop,ON,Global,read,접점 operand,647,628,675,Contact,operand,sources/decoded-original/0347-FlgNet.xml
1709,valve control loop,Data.PSH02_SETPOINT,Global,read,비교 입력 핀,648,629,592,Ne,in1,sources/decoded-original/0347-FlgNet.xml
1709,valve control loop,Data.PSH02_SETPOINT,Global,read,연산 입력 핀,651,631,598,Sub,in1,sources/decoded-original/0347-FlgNet.xml
1709,valve control loop,Data.PSH_02,Global,read,연산 입력 핀,652,632,598,Sub,in2,sources/decoded-original/0347-FlgNet.xml
1709,valve control loop,ErrPSH02,Local,write,연산 출력 핀,653,633,598,Sub,out,sources/decoded-original/0347-FlgNet.xml
1709,valve control loop,Tag_149,Global,read,접점 operand,655,635,677,Contact,operand,sources/decoded-original/0347-FlgNet.xml
1709,valve control loop,Tag_150,Global,write,코일 operand,657,636,605,SdCoil,operand,sources/decoded-original/0347-FlgNet.xml
1709,valve control loop,Tag_150,Global,read,접점 operand,659,638,679,Contact,operand,sources/decoded-original/0347-FlgNet.xml
1709,valve control loop,Tag_149,Global,write,코일 operand,661,639,610,SdCoil,operand,sources/decoded-original/0347-FlgNet.xml
1709,valve control loop,Tag_150,Global,read,접점 operand,662,640,681,Contact,operand,sources/decoded-original/0347-FlgNet.xml
1709,valve control loop,ErrPSH02,Local,read,비교 입력 핀,663,641,618,Ge,in1,sources/decoded-original/0347-FlgNet.xml
1709,valve control loop,MV06 PID DOWN,Global,write,코일 operand,667,643,621,Coil,operand,sources/decoded-original/0347-FlgNet.xml
1709,valve control loop,ErrPSH02,Local,read,비교 입력 핀,668,644,624,Le,in1,sources/decoded-original/0347-FlgNet.xml
1709,valve control loop,MV06 PID UP,Global,write,코일 operand,672,646,627,Coil,operand,sources/decoded-original/0347-FlgNet.xml
1710,valve control loop,ON,Global,read,접점 operand,770,745,807,Contact,operand,sources/decoded-original/0348-FlgNet.xml
1710,valve control loop,Flag.MV06_Auto,Global,read,접점 operand,771,746,809,Contact,operand,sources/decoded-original/0348-FlgNet.xml
1710,valve control loop,Data.PSH02_SETPOINT,Global,read,비교 입력 핀,772,747,693,Eq,in1,sources/decoded-original/0348-FlgNet.xml
1710,valve control loop,Shot to close,Global,read,접점 operand,775,749,811,Contact,operand,sources/decoded-original/0348-FlgNet.xml
1710,valve control loop,Shot to open,Global,read,접점 operand,776,750,813,Contact,operand,sources/decoded-original/0348-FlgNet.xml
1710,valve control loop,PSH02,Global,read,비교 입력 핀,777,751,701,Le,in1,sources/decoded-original/0348-FlgNet.xml
1710,valve control loop,Tag_151,Global,write,코일 operand,781,754,707,SdCoil,operand,sources/decoded-original/0348-FlgNet.xml
1710,valve control loop,Tag_151,Global,read,접점 operand,782,755,815,Contact,operand,sources/decoded-original/0348-FlgNet.xml
1710,valve control loop,Shot to close,Global,write,코일 operand,784,756,712,SCoil,operand,sources/decoded-original/0348-FlgNet.xml
1710,valve control loop,PSH02,Global,read,비교 입력 핀,786,757,715,Gt,in1,sources/decoded-original/0348-FlgNet.xml
1710,valve control loop,Tag_152,Global,write,코일 operand,790,760,721,SdCoil,operand,sources/decoded-original/0348-FlgNet.xml
1710,valve control loop,Tag_152,Global,read,접점 operand,791,761,817,Contact,operand,sources/decoded-original/0348-FlgNet.xml
1710,valve control loop,Shot to open,Global,write,코일 operand,793,762,726,SCoil,operand,sources/decoded-original/0348-FlgNet.xml
1710,valve control loop,Shot to close,Global,read,접점 operand,796,763,819,Contact,operand,sources/decoded-original/0348-FlgNet.xml
1710,valve control loop,Shot to open,Global,read,접점 operand,797,764,821,Contact,operand,sources/decoded-original/0348-FlgNet.xml
1710,valve control loop,Tag_153,Global,write,코일 operand,800,766,735,SdCoil,operand,sources/decoded-original/0348-FlgNet.xml
1710,valve control loop,Tag_153,Global,read,접점 operand,801,767,823,Contact,operand,sources/decoded-original/0348-FlgNet.xml
1710,valve control loop,Shot to close,Global,write,코일 operand,802,768,741,RCoil,operand,sources/decoded-original/0348-FlgNet.xml
1710,valve control loop,Shot to open,Global,write,코일 operand,803,769,743,RCoil,operand,sources/decoded-original/0348-FlgNet.xml
1711,valve control loop,ON,Global,read,접점 operand,27,28,915,Contact,operand,sources/decoded-original/0349-FlgNet.xml
1711,valve control loop,ON,Global,read,접점 operand,21,22,917,Contact,operand,sources/decoded-original/0349-FlgNet.xml
1711,valve control loop,Inputs.MV06_Open,Global,read,접점 operand,869,840,919,Contact,operand,sources/decoded-original/0349-FlgNet.xml
1711,valve control loop,Flag.MV06_Close,Global,read,접점 operand,870,841,921,Contact,operand,sources/decoded-original/0349-FlgNet.xml
1711,valve control loop,Flag.MV06_Auto,Global,read,접점 operand,871,842,923,Contact,operand,sources/decoded-original/0349-FlgNet.xml
1711,valve control loop,Flag.MV06_Open,Global,write,코일 operand,874,843,794,RCoil,operand,sources/decoded-original/0349-FlgNet.xml
1711,valve control loop,Inputs.MV06 Close,Global,read,접점 operand,875,844,925,Contact,operand,sources/decoded-original/0349-FlgNet.xml
1711,valve control loop,Flag.MV06_Open,Global,read,접점 operand,876,845,927,Contact,operand,sources/decoded-original/0349-FlgNet.xml
1711,valve control loop,Flag.MV06_Auto,Global,read,접점 operand,877,846,929,Contact,operand,sources/decoded-original/0349-FlgNet.xml
1711,valve control loop,Flag.MV06_Close,Global,write,코일 operand,880,847,801,RCoil,operand,sources/decoded-original/0349-FlgNet.xml
1711,valve control loop,Allarm.MV_06_FAULT,Global,read,접점 operand,882,848,931,Contact,operand,sources/decoded-original/0349-FlgNet.xml
1711,valve control loop,Flag.MV06_Auto,Global,read,접점 operand,883,849,933,Contact,operand,sources/decoded-original/0349-FlgNet.xml
1711,valve control loop,MV06 PID UP,Global,read,접점 operand,884,850,935,Contact,operand,sources/decoded-original/0349-FlgNet.xml
1711,valve control loop,Shot to open,Global,read,접점 operand,885,851,937,Contact,operand,sources/decoded-original/0349-FlgNet.xml
1711,valve control loop,Flag.MV06_Open,Global,read,접점 operand,888,852,939,Contact,operand,sources/decoded-original/0349-FlgNet.xml
1711,valve control loop,MV WORK PULSE,Global,read,접점 operand,889,853,941,Contact,operand,sources/decoded-original/0349-FlgNet.xml
1711,valve control loop,ON,Global,read,접점 operand,890,854,943,Contact,operand,sources/decoded-original/0349-FlgNet.xml
1711,valve control loop,Close MV06,Global,read,접점 operand,894,855,945,Contact,operand,sources/decoded-original/0349-FlgNet.xml
1711,valve control loop,Inputs.MV06_Open,Global,read,접점 operand,895,856,947,Contact,operand,sources/decoded-original/0349-FlgNet.xml
1711,valve control loop,Open MV06,Global,write,코일 operand,897,857,821,Coil,operand,sources/decoded-original/0349-FlgNet.xml
1711,valve control loop,Flag.MV06_Auto,Global,read,접점 operand,898,858,949,Contact,operand,sources/decoded-original/0349-FlgNet.xml
1711,valve control loop,MV06 PID DOWN,Global,read,접점 operand,899,859,951,Contact,operand,sources/decoded-original/0349-FlgNet.xml
1711,valve control loop,Shot to close,Global,read,접점 operand,900,860,953,Contact,operand,sources/decoded-original/0349-FlgNet.xml
1711,valve control loop,Flag.MV06_Close,Global,read,접점 operand,903,861,955,Contact,operand,sources/decoded-original/0349-FlgNet.xml
1711,valve control loop,MV WORK PULSE,Global,read,접점 operand,904,862,957,Contact,operand,sources/decoded-original/0349-FlgNet.xml
1711,valve control loop,ON,Global,read,접점 operand,905,863,959,Contact,operand,sources/decoded-original/0349-FlgNet.xml
1711,valve control loop,Open MV06,Global,read,접점 operand,909,864,961,Contact,operand,sources/decoded-original/0349-FlgNet.xml
1711,valve control loop,Inputs.MV06 Close,Global,read,접점 operand,910,865,963,Contact,operand,sources/decoded-original/0349-FlgNet.xml
1711,valve control loop,Close MV06,Global,write,코일 operand,912,866,837,Coil,operand,sources/decoded-original/0349-FlgNet.xml
1712,valve control loop,ON,Global,read,접점 operand,833,824,846,Contact,operand,sources/decoded-original/0350-FlgNet.xml
1712,valve control loop,Tag_154,Global,read,접점 operand,835,826,848,Contact,operand,sources/decoded-original/0350-FlgNet.xml
1712,valve control loop,Tag_155,Global,write,코일 operand,837,827,813,SdCoil,operand,sources/decoded-original/0350-FlgNet.xml
1712,valve control loop,Tag_155,Global,read,접점 operand,839,829,850,Contact,operand,sources/decoded-original/0350-FlgNet.xml
1712,valve control loop,Tag_154,Global,write,코일 operand,841,830,818,SdCoil,operand,sources/decoded-original/0350-FlgNet.xml
1712,valve control loop,Tag_155,Global,read,접점 operand,842,831,852,Contact,operand,sources/decoded-original/0350-FlgNet.xml
1712,valve control loop,MV WORK PULSE,Global,write,코일 operand,844,832,823,Coil,operand,sources/decoded-original/0350-FlgNet.xml
1713,valve control loop,ON,Global,read,접점 operand,1529,1442,1639,Contact,operand,sources/decoded-original/0351-FlgNet.xml
1713,valve control loop,Tag_156,Global,read,접점 operand,1531,1444,1641,Contact,operand,sources/decoded-original/0351-FlgNet.xml
1713,valve control loop,Tag_157,Global,write,코일 operand,1533,1445,1225,SdCoil,operand,sources/decoded-original/0351-FlgNet.xml
1713,valve control loop,Tag_157,Global,read,접점 operand,1535,1447,1643,Contact,operand,sources/decoded-original/0351-FlgNet.xml
1713,valve control loop,Tag_156,Global,write,코일 operand,1537,1448,1230,SdCoil,operand,sources/decoded-original/0351-FlgNet.xml
1713,valve control loop,Tag_157,Global,read,접점 operand,1538,1449,1645,Contact,operand,sources/decoded-original/0351-FlgNet.xml
1713,valve control loop,PLS 50 7,Global,pending,호출 방향·미분류 핀 확인 필요,1540,1450,1235,PBox,bit,sources/decoded-original/0351-FlgNet.xml
1713,valve control loop,ON,Global,read,접점 operand,1541,1451,1647,Contact,operand,sources/decoded-original/0351-FlgNet.xml
1713,valve control loop,Start Open MV-01,Global,read,접점 operand,1542,1452,1649,Contact,operand,sources/decoded-original/0351-FlgNet.xml
1713,valve control loop,WorkData.W33,Global,read,연산 입력 핀,1543,1453,1248,Add,in1,sources/decoded-original/0351-FlgNet.xml
1713,valve control loop,WorkData.W33,Global,write,연산 출력 핀,1545,1455,1248,Add,out,sources/decoded-original/0351-FlgNet.xml
1713,valve control loop,WorkData.W34,Global,write,Move out,1547,1457,1254,Move,out1,sources/decoded-original/0351-FlgNet.xml
1713,valve control loop,Start Close MV-01,Global,read,접점 operand,1549,1458,1651,Contact,operand,sources/decoded-original/0351-FlgNet.xml
1713,valve control loop,WorkData.W34,Global,read,연산 입력 핀,1550,1459,1263,Sub,in1,sources/decoded-original/0351-FlgNet.xml
1713,valve control loop,WorkData.W34,Global,write,연산 출력 핀,1552,1461,1263,Sub,out,sources/decoded-original/0351-FlgNet.xml
1713,valve control loop,WorkData.W33,Global,write,Move out,1554,1463,1269,Move,out1,sources/decoded-original/0351-FlgNet.xml
1713,valve control loop,ON,Global,read,접점 operand,1557,1464,1653,Contact,operand,sources/decoded-original/0351-FlgNet.xml
1713,valve control loop,Open MV02,Global,read,접점 operand,1558,1465,1655,Contact,operand,sources/decoded-original/0351-FlgNet.xml
1713,valve control loop,WorkData.W35,Global,read,연산 입력 핀,1559,1466,1282,Add,in1,sources/decoded-original/0351-FlgNet.xml
1713,valve control loop,WorkData.W35,Global,write,연산 출력 핀,1561,1468,1282,Add,out,sources/decoded-original/0351-FlgNet.xml
1713,valve control loop,WorkData.W36,Global,write,Move out,1563,1470,1288,Move,out1,sources/decoded-original/0351-FlgNet.xml
1713,valve control loop,Close MV02,Global,read,접점 operand,1565,1471,1657,Contact,operand,sources/decoded-original/0351-FlgNet.xml
1713,valve control loop,WorkData.W36,Global,read,연산 입력 핀,1566,1472,1297,Sub,in1,sources/decoded-original/0351-FlgNet.xml
1713,valve control loop,WorkData.W36,Global,write,연산 출력 핀,1568,1474,1297,Sub,out,sources/decoded-original/0351-FlgNet.xml
1713,valve control loop,WorkData.W35,Global,write,Move out,1570,1476,1303,Move,out1,sources/decoded-original/0351-FlgNet.xml
1713,valve control loop,ON,Global,read,접점 operand,1573,1477,1659,Contact,operand,sources/decoded-original/0351-FlgNet.xml
1713,valve control loop,Start open MV03,Global,read,접점 operand,1574,1478,1661,Contact,operand,sources/decoded-original/0351-FlgNet.xml
1713,valve control loop,WorkData.W29,Global,read,연산 입력 핀,1575,1479,1316,Add,in1,sources/decoded-original/0351-FlgNet.xml
1713,valve control loop,WorkData.W29,Global,write,연산 출력 핀,1577,1481,1316,Add,out,sources/decoded-original/0351-FlgNet.xml
1713,valve control loop,WorkData.W30,Global,write,Move out,1579,1483,1322,Move,out1,sources/decoded-original/0351-FlgNet.xml
1713,valve control loop,Start Close MV03,Global,read,접점 operand,1581,1484,1663,Contact,operand,sources/decoded-original/0351-FlgNet.xml
1713,valve control loop,WorkData.W30,Global,read,연산 입력 핀,1582,1485,1331,Sub,in1,sources/decoded-original/0351-FlgNet.xml
1713,valve control loop,WorkData.W30,Global,write,연산 출력 핀,1584,1487,1331,Sub,out,sources/decoded-original/0351-FlgNet.xml
1713,valve control loop,WorkData.W29,Global,write,Move out,1586,1489,1337,Move,out1,sources/decoded-original/0351-FlgNet.xml
1713,valve control loop,ON,Global,read,접점 operand,1605,1503,1671,Contact,operand,sources/decoded-original/0351-FlgNet.xml
1713,valve control loop,Open MV05,Global,read,접점 operand,1606,1504,1673,Contact,operand,sources/decoded-original/0351-FlgNet.xml
1713,valve control loop,WorkData.W31,Global,read,연산 입력 핀,1607,1505,1384,Add,in1,sources/decoded-original/0351-FlgNet.xml
1713,valve control loop,WorkData.W31,Global,write,연산 출력 핀,1609,1507,1384,Add,out,sources/decoded-original/0351-FlgNet.xml
1713,valve control loop,WorkData.W32,Global,write,Move out,1611,1509,1390,Move,out1,sources/decoded-original/0351-FlgNet.xml
1713,valve control loop,Close MV05,Global,read,접점 operand,1613,1510,1675,Contact,operand,sources/decoded-original/0351-FlgNet.xml
1713,valve control loop,WorkData.W32,Global,read,연산 입력 핀,1614,1511,1399,Sub,in1,sources/decoded-original/0351-FlgNet.xml
1713,valve control loop,WorkData.W32,Global,write,연산 출력 핀,1616,1513,1399,Sub,out,sources/decoded-original/0351-FlgNet.xml
1713,valve control loop,WorkData.W31,Global,write,Move out,1618,1515,1405,Move,out1,sources/decoded-original/0351-FlgNet.xml
1713,valve control loop,ON,Global,read,접점 operand,1621,1516,1677,Contact,operand,sources/decoded-original/0351-FlgNet.xml
1713,valve control loop,Open MV06,Global,read,접점 operand,1622,1517,1679,Contact,operand,sources/decoded-original/0351-FlgNet.xml
1713,valve control loop,WorkData.W19,Global,read,연산 입력 핀,1623,1518,1418,Add,in1,sources/decoded-original/0351-FlgNet.xml
1713,valve control loop,WorkData.W19,Global,write,연산 출력 핀,1625,1520,1418,Add,out,sources/decoded-original/0351-FlgNet.xml
1713,valve control loop,WorkData.W20,Global,write,Move out,1627,1522,1424,Move,out1,sources/decoded-original/0351-FlgNet.xml
1713,valve control loop,Close MV06,Global,read,접점 operand,1629,1523,1681,Contact,operand,sources/decoded-original/0351-FlgNet.xml
1713,valve control loop,WorkData.W20,Global,read,연산 입력 핀,1630,1524,1433,Sub,in1,sources/decoded-original/0351-FlgNet.xml
1713,valve control loop,WorkData.W20,Global,write,연산 출력 핀,1632,1526,1433,Sub,out,sources/decoded-original/0351-FlgNet.xml
1713,valve control loop,WorkData.W19,Global,write,Move out,1634,1528,1439,Move,out1,sources/decoded-original/0351-FlgNet.xml
1714,valve control loop,ON,Global,read,접점 operand,1845,1778,1943,Contact,operand,sources/decoded-original/0352-FlgNet.xml
1714,valve control loop,ON,Global,read,접점 operand,1846,1779,1945,Contact,operand,sources/decoded-original/0352-FlgNet.xml
1714,valve control loop,WorkData.W33,Global,read,비교 입력 핀,1847,1780,1592,Gt,in1,sources/decoded-original/0352-FlgNet.xml
1714,valve control loop,Allarm.MV01_FAULT,Global,write,코일 operand,1850,1782,1598,SCoil,operand,sources/decoded-original/0352-FlgNet.xml
1714,valve control loop,WorkData.W33,Global,write,Move out,1852,1784,1601,Move,out1,sources/decoded-original/0352-FlgNet.xml
1714,valve control loop,WorkData.W34,Global,read,비교 입력 핀,1854,1785,1606,Lt,in1,sources/decoded-original/0352-FlgNet.xml
1714,valve control loop,Allarm.MV01_FAULT,Global,write,코일 operand,1857,1787,1612,SCoil,operand,sources/decoded-original/0352-FlgNet.xml
1714,valve control loop,WorkData.W34,Global,write,Move out,1859,1789,1615,Move,out1,sources/decoded-original/0352-FlgNet.xml
1714,valve control loop,ON,Global,read,접점 operand,1862,1790,1947,Contact,operand,sources/decoded-original/0352-FlgNet.xml
1714,valve control loop,WorkData.W35,Global,read,비교 입력 핀,1863,1791,1624,Gt,in1,sources/decoded-original/0352-FlgNet.xml
1714,valve control loop,Allarm.MV02_FAULT,Global,write,코일 operand,1866,1793,1630,SCoil,operand,sources/decoded-original/0352-FlgNet.xml
1714,valve control loop,WorkData.W35,Global,write,Move out,1868,1795,1633,Move,out1,sources/decoded-original/0352-FlgNet.xml
1714,valve control loop,WorkData.W36,Global,read,비교 입력 핀,1870,1796,1638,Lt,in1,sources/decoded-original/0352-FlgNet.xml
1714,valve control loop,Allarm.MV02_FAULT,Global,write,코일 operand,1873,1798,1644,SCoil,operand,sources/decoded-original/0352-FlgNet.xml
1714,valve control loop,WorkData.W36,Global,write,Move out,1875,1800,1647,Move,out1,sources/decoded-original/0352-FlgNet.xml
1714,valve control loop,ON,Global,read,접점 operand,1878,1801,1949,Contact,operand,sources/decoded-original/0352-FlgNet.xml
1714,valve control loop,WorkData.W29,Global,read,비교 입력 핀,1879,1802,1656,Gt,in1,sources/decoded-original/0352-FlgNet.xml
1714,valve control loop,Allarm.MV03_FAULT,Global,write,코일 operand,1882,1804,1662,SCoil,operand,sources/decoded-original/0352-FlgNet.xml
1714,valve control loop,WorkData.W29,Global,write,Move out,1884,1806,1665,Move,out1,sources/decoded-original/0352-FlgNet.xml
1714,valve control loop,WorkData.W30,Global,read,비교 입력 핀,1886,1807,1670,Lt,in1,sources/decoded-original/0352-FlgNet.xml
1714,valve control loop,Allarm.MV03_FAULT,Global,write,코일 operand,1889,1809,1676,SCoil,operand,sources/decoded-original/0352-FlgNet.xml
1714,valve control loop,WorkData.W30,Global,write,Move out,1891,1811,1679,Move,out1,sources/decoded-original/0352-FlgNet.xml
1714,valve control loop,ON,Global,read,접점 operand,1894,1812,1951,Contact,operand,sources/decoded-original/0352-FlgNet.xml
1714,valve control loop,WorkData.W37,Global,read,비교 입력 핀,1895,1813,1688,Gt,in1,sources/decoded-original/0352-FlgNet.xml
1714,valve control loop,Allarm.MV04_FAULT,Global,write,코일 operand,1898,1815,1694,SCoil,operand,sources/decoded-original/0352-FlgNet.xml
1714,valve control loop,WorkData.W37,Global,write,Move out,1900,1817,1697,Move,out1,sources/decoded-original/0352-FlgNet.xml
1714,valve control loop,WorkData.W38,Global,read,비교 입력 핀,1902,1818,1702,Lt,in1,sources/decoded-original/0352-FlgNet.xml
1714,valve control loop,Allarm.MV04_FAULT,Global,write,코일 operand,1905,1820,1708,SCoil,operand,sources/decoded-original/0352-FlgNet.xml
1714,valve control loop,WorkData.W38,Global,write,Move out,1907,1822,1711,Move,out1,sources/decoded-original/0352-FlgNet.xml
1714,valve control loop,ON,Global,read,접점 operand,1910,1823,1953,Contact,operand,sources/decoded-original/0352-FlgNet.xml
1714,valve control loop,WorkData.W31,Global,read,비교 입력 핀,1911,1824,1720,Gt,in1,sources/decoded-original/0352-FlgNet.xml
1714,valve control loop,Allarm.MV_05_FAULT,Global,write,코일 operand,1914,1826,1726,SCoil,operand,sources/decoded-original/0352-FlgNet.xml
1714,valve control loop,WorkData.W31,Global,write,Move out,1916,1828,1729,Move,out1,sources/decoded-original/0352-FlgNet.xml
1714,valve control loop,WorkData.W32,Global,read,비교 입력 핀,1918,1829,1734,Lt,in1,sources/decoded-original/0352-FlgNet.xml
1714,valve control loop,Allarm.MV_05_FAULT,Global,write,코일 operand,1921,1831,1740,SCoil,operand,sources/decoded-original/0352-FlgNet.xml
1714,valve control loop,WorkData.W32,Global,write,Move out,1923,1833,1743,Move,out1,sources/decoded-original/0352-FlgNet.xml
1714,valve control loop,ON,Global,read,접점 operand,1926,1834,1955,Contact,operand,sources/decoded-original/0352-FlgNet.xml
1714,valve control loop,WorkData.W19,Global,read,비교 입력 핀,1927,1835,1752,Gt,in1,sources/decoded-original/0352-FlgNet.xml
1714,valve control loop,Allarm.MV_06_FAULT,Global,write,코일 operand,1930,1837,1758,SCoil,operand,sources/decoded-original/0352-FlgNet.xml
1714,valve control loop,WorkData.W19,Global,write,Move out,1932,1839,1761,Move,out1,sources/decoded-original/0352-FlgNet.xml
1714,valve control loop,WorkData.W20,Global,read,비교 입력 핀,1934,1840,1766,Lt,in1,sources/decoded-original/0352-FlgNet.xml
1714,valve control loop,Allarm.MV_06_FAULT,Global,write,코일 operand,1937,1842,1772,SCoil,operand,sources/decoded-original/0352-FlgNet.xml
1714,valve control loop,WorkData.W20,Global,write,Move out,1939,1844,1775,Move,out1,sources/decoded-original/0352-FlgNet.xml
1721,cyc_int2 ogni 1s,OFF,Global,read,접점 operand,183,175,194,Contact,operand,sources/decoded-original/0416-FlgNet.xml
1721,cyc_int2 ogni 1s,Manuale,Local,read,접점 operand,184,176,196,Contact,operand,sources/decoded-original/0416-FlgNet.xml
1721,cyc_int2 ogni 1s,I_FFWD,Local,read,Move in,186,177,165,Move,in,sources/decoded-original/0416-FlgNet.xml
1721,cyc_int2 ogni 1s,WorkData.Burner_PID_Result,Global,write,Move out,187,178,165,Move,out1,sources/decoded-original/0416-FlgNet.xml
1721,cyc_int2 ogni 1s,Manuale,Local,read,접점 operand,188,179,198,Contact,operand,sources/decoded-original/0416-FlgNet.xml
1721,cyc_int2 ogni 1s,I_Outvalue,Local,read,연산 입력 핀,191,181,171,Add,in2,sources/decoded-original/0416-FlgNet.xml
1721,cyc_int2 ogni 1s,WorkData.Burner_PID_Result,Global,write,연산 출력 핀,192,182,171,Add,out,sources/decoded-original/0416-FlgNet.xml
1722,cyc_int2 ogni 1s,ON,Global,read,접점 operand,182,178,186,Contact,operand,sources/decoded-original/0023-FlgNet.xml
1722,cyc_int2 ogni 1s,I_Outvalue,Local,read,연산 입력 핀,184,180,174,Add,in2,sources/decoded-original/0023-FlgNet.xml
1722,cyc_int2 ogni 1s,WorkData.Burner_PID_Result,Global,write,연산 출력 핀,185,181,174,Add,out,sources/decoded-original/0023-FlgNet.xml
1723,cyc_int2 ogni 1s,ON,Global,read,접점 operand,187,185,188,Contact,operand,sources/decoded-original/0024-FlgNet.xml
1724,cyc_int2 ogni 1s,ON,Global,read,접점 operand,257,246,273,Contact,operand,sources/decoded-original/0417-FlgNet.xml
1724,cyc_int2 ogni 1s,Data.Burner_Panel_SetPoint,Global,read,비교 입력 핀,258,247,230,Gt,in1,sources/decoded-original/0417-FlgNet.xml
1724,cyc_int2 ogni 1s,Data.Burner_Air_Out,Global,read,비교 입력 핀,259,248,230,Gt,in2,sources/decoded-original/0417-FlgNet.xml
1724,cyc_int2 ogni 1s,Data.Burner_Air_Out,Global,read,연산 입력 핀,262,249,233,Add,in1,sources/decoded-original/0417-FlgNet.xml
1724,cyc_int2 ogni 1s,Data.Burner_Air_Out,Global,write,연산 출력 핀,264,251,233,Add,out,sources/decoded-original/0417-FlgNet.xml
1724,cyc_int2 ogni 1s,Data.Burner_Panel_SetPoint,Global,read,비교 입력 핀,265,252,239,Lt,in1,sources/decoded-original/0417-FlgNet.xml
1724,cyc_int2 ogni 1s,Data.Burner_Air_Out,Global,read,비교 입력 핀,266,253,239,Lt,in2,sources/decoded-original/0417-FlgNet.xml
1724,cyc_int2 ogni 1s,Data.Burner_Air_Out,Global,read,연산 입력 핀,269,254,242,Add,in1,sources/decoded-original/0417-FlgNet.xml
1724,cyc_int2 ogni 1s,Data.Burner_Air_Out,Global,write,연산 출력 핀,271,256,242,Add,out,sources/decoded-original/0417-FlgNet.xml
1731,analog input conversion,ON,Global,read,접점 operand,59,52,65,Contact,operand,sources/decoded-original/0481-FlgNet.xml
1731,analog input conversion,ON,Global,pending,호출 방향·미분류 핀 확인 필요,60,53,46,CRef,IN0,sources/decoded-original/0481-FlgNet.xml
1731,analog input conversion,TC04,Global,pending,호출 방향·미분류 핀 확인 필요,61,54,46,CRef,Analog_input,sources/decoded-original/0481-FlgNet.xml
1731,analog input conversion,Coeff.COEFF_TC04,Global,pending,호출 방향·미분류 핀 확인 필요,62,55,46,CRef,Coeff,sources/decoded-original/0481-FlgNet.xml
1731,analog input conversion,Coeff.ZERO_TC04,Global,pending,호출 방향·미분류 핀 확인 필요,63,56,46,CRef,Zero,sources/decoded-original/0481-FlgNet.xml
1731,analog input conversion,Data.Temp_TC04,Global,write,식별 원본 AK=Write · 호출 방향/인터페이스 추가 확인,64,57,46,CRef,OutValue,sources/decoded-original/0481-FlgNet.xml
1731,analog input conversion,Allarm.TC04_OFR,Global,write,식별 원본 AK=Write · 호출 방향/인터페이스 추가 확인,24,23,46,CRef,Out_of_range,sources/decoded-original/0481-FlgNet.xml
1732,analog input conversion,OFF,Global,read,접점 operand,79,72,85,Contact,operand,sources/decoded-original/0482-FlgNet.xml
1732,analog input conversion,ON,Global,pending,호출 방향·미분류 핀 확인 필요,80,73,66,CRef,IN0,sources/decoded-original/0482-FlgNet.xml
1732,analog input conversion,TC05,Global,pending,호출 방향·미분류 핀 확인 필요,81,74,66,CRef,Analog_input,sources/decoded-original/0482-FlgNet.xml
1732,analog input conversion,Coeff.COEFF_TC05,Global,pending,호출 방향·미분류 핀 확인 필요,82,75,66,CRef,Coeff,sources/decoded-original/0482-FlgNet.xml
1732,analog input conversion,Coeff.ZERO_TC05,Global,pending,호출 방향·미분류 핀 확인 필요,83,76,66,CRef,Zero,sources/decoded-original/0482-FlgNet.xml
1732,analog input conversion,Data.Temp_TC05,Global,write,식별 원본 AK=Write · 호출 방향/인터페이스 추가 확인,84,77,66,CRef,OutValue,sources/decoded-original/0482-FlgNet.xml
1732,analog input conversion,Allarm.TC05_OFR,Global,write,식별 원본 AK=Write · 호출 방향/인터페이스 추가 확인,24,23,66,CRef,Out_of_range,sources/decoded-original/0482-FlgNet.xml
1733,analog input conversion,ON,Global,read,접점 operand,99,92,105,Contact,operand,sources/decoded-original/0483-FlgNet.xml
1733,analog input conversion,ON,Global,pending,호출 방향·미분류 핀 확인 필요,100,93,86,CRef,IN0,sources/decoded-original/0483-FlgNet.xml
1733,analog input conversion,TC09,Global,pending,호출 방향·미분류 핀 확인 필요,101,94,86,CRef,Analog_input,sources/decoded-original/0483-FlgNet.xml
1733,analog input conversion,Coeff.COEFF_TC09,Global,pending,호출 방향·미분류 핀 확인 필요,102,95,86,CRef,Coeff,sources/decoded-original/0483-FlgNet.xml
1733,analog input conversion,Coeff.ZERO_TC09,Global,pending,호출 방향·미분류 핀 확인 필요,103,96,86,CRef,Zero,sources/decoded-original/0483-FlgNet.xml
1733,analog input conversion,Data.TC_09,Global,write,식별 원본 AK=Write · 호출 방향/인터페이스 추가 확인,104,97,86,CRef,OutValue,sources/decoded-original/0483-FlgNet.xml
1733,analog input conversion,Allarm.TC09_OFR,Global,write,식별 원본 AK=Write · 호출 방향/인터페이스 추가 확인,24,23,86,CRef,Out_of_range,sources/decoded-original/0483-FlgNet.xml
1734,analog input conversion,OFF,Global,read,접점 operand,119,112,125,Contact,operand,sources/decoded-original/0484-FlgNet.xml
1734,analog input conversion,ON,Global,pending,호출 방향·미분류 핀 확인 필요,120,113,106,CRef,IN0,sources/decoded-original/0484-FlgNet.xml
1734,analog input conversion,TC-10,Global,pending,호출 방향·미분류 핀 확인 필요,121,114,106,CRef,Analog_input,sources/decoded-original/0484-FlgNet.xml
1734,analog input conversion,Coeff.COEFF_TC10,Global,pending,호출 방향·미분류 핀 확인 필요,122,115,106,CRef,Coeff,sources/decoded-original/0484-FlgNet.xml
1734,analog input conversion,Coeff.ZERO_TC10,Global,pending,호출 방향·미분류 핀 확인 필요,123,116,106,CRef,Zero,sources/decoded-original/0484-FlgNet.xml
1734,analog input conversion,Data.TC_10,Global,write,식별 원본 AK=Write · 호출 방향/인터페이스 추가 확인,124,117,106,CRef,OutValue,sources/decoded-original/0484-FlgNet.xml
1734,analog input conversion,Allarm.TC10_OFR,Global,write,식별 원본 AK=Write · 호출 방향/인터페이스 추가 확인,24,23,106,CRef,Out_of_range,sources/decoded-original/0484-FlgNet.xml
1735,analog input conversion,ON,Global,read,접점 operand,232,212,256,Contact,operand,sources/decoded-original/0485-FlgNet.xml
1735,analog input conversion,ON,Global,read,접점 operand,233,214,258,Contact,operand,sources/decoded-original/0485-FlgNet.xml
1735,analog input conversion,ON,Global,pending,호출 방향·미분류 핀 확인 필요,235,215,185,CRef,IN0,sources/decoded-original/0485-FlgNet.xml
1735,analog input conversion,BWF01_FlowRate,Global,pending,호출 방향·미분류 핀 확인 필요,236,216,185,CRef,Analog_input,sources/decoded-original/0485-FlgNet.xml
1735,analog input conversion,Coeff.COEFF_BWF1_FEEDER_FLOW_RATE,Global,pending,호출 방향·미분류 핀 확인 필요,237,217,185,CRef,Coeff,sources/decoded-original/0485-FlgNet.xml
1735,analog input conversion,Coeff.ZERO_BWF1_FEEDER_FLOW_RATE,Global,pending,호출 방향·미분류 핀 확인 필요,238,218,185,CRef,Zero,sources/decoded-original/0485-FlgNet.xml
1735,analog input conversion,Data.CLIENT_1,Global,write,식별 원본 AK=Write · 호출 방향/인터페이스 추가 확인,239,219,185,CRef,OutValue,sources/decoded-original/0485-FlgNet.xml
1735,analog input conversion,Allarm.Flow_rate_BWF01_OFR,Global,write,식별 원본 AK=Write · 호출 방향/인터페이스 추가 확인,24,23,185,CRef,Out_of_range,sources/decoded-original/0485-FlgNet.xml
1735,analog input conversion,ON,Global,read,접점 operand,240,221,260,Contact,operand,sources/decoded-original/0485-FlgNet.xml
1735,analog input conversion,BWF 01 RUN,Global,read,접점 operand,241,222,262,Contact,operand,sources/decoded-original/0485-FlgNet.xml
1735,analog input conversion,Data.SET_PERC_BWF01,Global,read,연산 입력 핀,243,223,198,Mul,in1,sources/decoded-original/0485-FlgNet.xml
1735,analog input conversion,Data2.Set_TH,Global,read,연산 입력 핀,244,224,198,Mul,in2,sources/decoded-original/0485-FlgNet.xml
1735,analog input conversion,temp4,Local,write,연산 출력 핀,245,225,198,Mul,out,sources/decoded-original/0485-FlgNet.xml
1735,analog input conversion,temp4,Local,read,연산 입력 핀,247,226,202,Div,in1,sources/decoded-original/0485-FlgNet.xml
1735,analog input conversion,Data.CLIENT_1,Global,write,연산 출력 핀,249,228,202,Div,out,sources/decoded-original/0485-FlgNet.xml
1735,analog input conversion,BWF 01 RUN,Global,read,접점 operand,250,229,264,Contact,operand,sources/decoded-original/0485-FlgNet.xml
1735,analog input conversion,Data.CLIENT_1,Global,write,Move out,253,231,209,Move,out1,sources/decoded-original/0485-FlgNet.xml
1736,analog input conversion,ON,Global,read,접점 operand,307,287,331,Contact,operand,sources/decoded-original/0486-FlgNet.xml
1736,analog input conversion,ON,Global,read,접점 operand,308,289,333,Contact,operand,sources/decoded-original/0486-FlgNet.xml
1736,analog input conversion,ON,Global,pending,호출 방향·미분류 핀 확인 필요,310,290,260,CRef,IN0,sources/decoded-original/0486-FlgNet.xml
1736,analog input conversion,BWF02_FlowRate,Global,pending,호출 방향·미분류 핀 확인 필요,311,291,260,CRef,Analog_input,sources/decoded-original/0486-FlgNet.xml
1736,analog input conversion,Coeff.COEFF_BWF2_FEEDER_FLOW_RATE,Global,pending,호출 방향·미분류 핀 확인 필요,312,292,260,CRef,Coeff,sources/decoded-original/0486-FlgNet.xml
1736,analog input conversion,Coeff.ZERO_BWF2_FEEDER_FLOW_RATE,Global,pending,호출 방향·미분류 핀 확인 필요,313,293,260,CRef,Zero,sources/decoded-original/0486-FlgNet.xml
1736,analog input conversion,Data.CLIENT_2,Global,write,식별 원본 AK=Write · 호출 방향/인터페이스 추가 확인,314,294,260,CRef,OutValue,sources/decoded-original/0486-FlgNet.xml
1736,analog input conversion,Allarm.Flow_rate_BWF02_OFR,Global,write,식별 원본 AK=Write · 호출 방향/인터페이스 추가 확인,24,23,260,CRef,Out_of_range,sources/decoded-original/0486-FlgNet.xml
1736,analog input conversion,OFF,Global,read,접점 operand,315,296,335,Contact,operand,sources/decoded-original/0486-FlgNet.xml
1736,analog input conversion,BWF 02 RUN,Global,read,접점 operand,316,297,337,Contact,operand,sources/decoded-original/0486-FlgNet.xml
1736,analog input conversion,Data.SET_PERC_BWF02,Global,read,연산 입력 핀,318,298,273,Mul,in1,sources/decoded-original/0486-FlgNet.xml
1736,analog input conversion,Data2.Set_TH,Global,read,연산 입력 핀,319,299,273,Mul,in2,sources/decoded-original/0486-FlgNet.xml
1736,analog input conversion,temp4,Local,write,연산 출력 핀,320,300,273,Mul,out,sources/decoded-original/0486-FlgNet.xml
1736,analog input conversion,temp4,Local,read,연산 입력 핀,322,301,277,Div,in1,sources/decoded-original/0486-FlgNet.xml
1736,analog input conversion,Data.CLIENT_2,Global,write,연산 출력 핀,324,303,277,Div,out,sources/decoded-original/0486-FlgNet.xml
1736,analog input conversion,BWF 02 RUN,Global,read,접점 operand,325,304,339,Contact,operand,sources/decoded-original/0486-FlgNet.xml
1736,analog input conversion,Data.CLIENT_2,Global,write,Move out,328,306,284,Move,out1,sources/decoded-original/0486-FlgNet.xml
1737,analog input conversion,OFF,Global,read,접점 operand,289,282,295,Contact,operand,sources/decoded-original/0487-FlgNet.xml
1737,analog input conversion,ON,Global,pending,호출 방향·미분류 핀 확인 필요,290,283,276,CRef,IN0,sources/decoded-original/0487-FlgNet.xml
1737,analog input conversion,BWF01_Level,Global,pending,호출 방향·미분류 핀 확인 필요,291,284,276,CRef,Analog_input,sources/decoded-original/0487-FlgNet.xml
1737,analog input conversion,Coeff.COEFF_BWF1_HOPPER_LEVEL,Global,pending,호출 방향·미분류 핀 확인 필요,292,285,276,CRef,Coeff,sources/decoded-original/0487-FlgNet.xml
1737,analog input conversion,Coeff.ZERO_BWF1_HOPPER_LEVEL,Global,pending,호출 방향·미분류 핀 확인 필요,293,286,276,CRef,Zero,sources/decoded-original/0487-FlgNet.xml
1737,analog input conversion,Data.CLIENT_3,Global,write,식별 원본 AK=Write · 호출 방향/인터페이스 추가 확인,294,287,276,CRef,OutValue,sources/decoded-original/0487-FlgNet.xml
1737,analog input conversion,Allarm.Level_BWF01_OFR,Global,write,식별 원본 AK=Write · 호출 방향/인터페이스 추가 확인,24,23,276,CRef,Out_of_range,sources/decoded-original/0487-FlgNet.xml
1738,analog input conversion,ON,Global,read,접점 operand,309,302,315,Contact,operand,sources/decoded-original/0488-FlgNet.xml
1738,analog input conversion,ON,Global,pending,호출 방향·미분류 핀 확인 필요,310,303,296,CRef,IN0,sources/decoded-original/0488-FlgNet.xml
1738,analog input conversion,BWF02_Level,Global,pending,호출 방향·미분류 핀 확인 필요,311,304,296,CRef,Analog_input,sources/decoded-original/0488-FlgNet.xml
1738,analog input conversion,Coeff.COEFF_BWF2_HOPPER_LEVEL,Global,pending,호출 방향·미분류 핀 확인 필요,312,305,296,CRef,Coeff,sources/decoded-original/0488-FlgNet.xml
1738,analog input conversion,Coeff.ZERO_BWF2_HOPPER_LEVEL,Global,pending,호출 방향·미분류 핀 확인 필요,313,306,296,CRef,Zero,sources/decoded-original/0488-FlgNet.xml
1738,analog input conversion,Data.CLIENT_4,Global,write,식별 원본 AK=Write · 호출 방향/인터페이스 추가 확인,314,307,296,CRef,OutValue,sources/decoded-original/0488-FlgNet.xml
1738,analog input conversion,Allarm.Level_BWF02_OFR,Global,write,식별 원본 AK=Write · 호출 방향/인터페이스 추가 확인,24,23,296,CRef,Out_of_range,sources/decoded-original/0488-FlgNet.xml
1739,analog input conversion,ON,Global,read,접점 operand,329,322,335,Contact,operand,sources/decoded-original/0489-FlgNet.xml
1739,analog input conversion,ON,Global,pending,호출 방향·미분류 핀 확인 필요,330,323,316,CRef,IN0,sources/decoded-original/0489-FlgNet.xml
1739,analog input conversion,TC01,Global,pending,호출 방향·미분류 핀 확인 필요,331,324,316,CRef,Analog_input,sources/decoded-original/0489-FlgNet.xml
1739,analog input conversion,Coeff.COEFF_TC01,Global,pending,호출 방향·미분류 핀 확인 필요,332,325,316,CRef,Coeff,sources/decoded-original/0489-FlgNet.xml
1739,analog input conversion,Coeff.ZERO_TC01,Global,pending,호출 방향·미분류 핀 확인 필요,333,326,316,CRef,Zero,sources/decoded-original/0489-FlgNet.xml
1739,analog input conversion,Data.Temp_TC01,Global,write,식별 원본 AK=Write · 호출 방향/인터페이스 추가 확인,334,327,316,CRef,OutValue,sources/decoded-original/0489-FlgNet.xml
1739,analog input conversion,Allarm.TC01_OFR,Global,write,식별 원본 AK=Write · 호출 방향/인터페이스 추가 확인,24,23,316,CRef,Out_of_range,sources/decoded-original/0489-FlgNet.xml
1740,analog input conversion,ON,Global,read,접점 operand,349,342,355,Contact,operand,sources/decoded-original/0490-FlgNet.xml
1740,analog input conversion,ON,Global,pending,호출 방향·미분류 핀 확인 필요,350,343,336,CRef,IN0,sources/decoded-original/0490-FlgNet.xml
1740,analog input conversion,TC02,Global,pending,호출 방향·미분류 핀 확인 필요,351,344,336,CRef,Analog_input,sources/decoded-original/0490-FlgNet.xml
1740,analog input conversion,Coeff.COEFF_TC02,Global,pending,호출 방향·미분류 핀 확인 필요,352,345,336,CRef,Coeff,sources/decoded-original/0490-FlgNet.xml
1740,analog input conversion,Coeff.ZERO_TC02,Global,pending,호출 방향·미분류 핀 확인 필요,353,346,336,CRef,Zero,sources/decoded-original/0490-FlgNet.xml
1740,analog input conversion,Data.Temp_TC02,Global,write,식별 원본 AK=Write · 호출 방향/인터페이스 추가 확인,354,347,336,CRef,OutValue,sources/decoded-original/0490-FlgNet.xml
1740,analog input conversion,Allarm.TC02_OFR,Global,write,식별 원본 AK=Write · 호출 방향/인터페이스 추가 확인,24,23,336,CRef,Out_of_range,sources/decoded-original/0490-FlgNet.xml
1741,analog input conversion,ON,Global,read,접점 operand,369,362,375,Contact,operand,sources/decoded-original/0491-FlgNet.xml
1741,analog input conversion,ON,Global,pending,호출 방향·미분류 핀 확인 필요,370,363,356,CRef,IN0,sources/decoded-original/0491-FlgNet.xml
1741,analog input conversion,TC03,Global,pending,호출 방향·미분류 핀 확인 필요,371,364,356,CRef,Analog_input,sources/decoded-original/0491-FlgNet.xml
1741,analog input conversion,Coeff.COEFF_TC03,Global,pending,호출 방향·미분류 핀 확인 필요,372,365,356,CRef,Coeff,sources/decoded-original/0491-FlgNet.xml
1741,analog input conversion,Coeff.ZERO_TC03,Global,pending,호출 방향·미분류 핀 확인 필요,373,366,356,CRef,Zero,sources/decoded-original/0491-FlgNet.xml
1741,analog input conversion,Data.Temp_TC03,Global,write,식별 원본 AK=Write · 호출 방향/인터페이스 추가 확인,374,367,356,CRef,OutValue,sources/decoded-original/0491-FlgNet.xml
1741,analog input conversion,Allarm.TC03_OFR,Global,write,식별 원본 AK=Write · 호출 방향/인터페이스 추가 확인,24,23,356,CRef,Out_of_range,sources/decoded-original/0491-FlgNet.xml
1742,analog input conversion,ON,Global,read,접점 operand,389,382,395,Contact,operand,sources/decoded-original/0492-FlgNet.xml
1742,analog input conversion,ON,Global,pending,호출 방향·미분류 핀 확인 필요,390,383,376,CRef,IN0,sources/decoded-original/0492-FlgNet.xml
1742,analog input conversion,TC06,Global,pending,호출 방향·미분류 핀 확인 필요,391,384,376,CRef,Analog_input,sources/decoded-original/0492-FlgNet.xml
1742,analog input conversion,Coeff.COEFF_TC06,Global,pending,호출 방향·미분류 핀 확인 필요,392,385,376,CRef,Coeff,sources/decoded-original/0492-FlgNet.xml
1742,analog input conversion,Coeff.ZERO_TC06,Global,pending,호출 방향·미분류 핀 확인 필요,393,386,376,CRef,Zero,sources/decoded-original/0492-FlgNet.xml
1742,analog input conversion,Data.Temp_T6,Global,write,식별 원본 AK=Write · 호출 방향/인터페이스 추가 확인,394,387,376,CRef,OutValue,sources/decoded-original/0492-FlgNet.xml
1742,analog input conversion,Allarm.TC06_OFR,Global,write,식별 원본 AK=Write · 호출 방향/인터페이스 추가 확인,24,23,376,CRef,Out_of_range,sources/decoded-original/0492-FlgNet.xml
1743,analog input conversion,OFF,Global,read,접점 operand,409,402,415,Contact,operand,sources/decoded-original/0493-FlgNet.xml
1743,analog input conversion,ON,Global,pending,호출 방향·미분류 핀 확인 필요,410,403,396,CRef,IN0,sources/decoded-original/0493-FlgNet.xml
1743,analog input conversion,TC07,Global,pending,호출 방향·미분류 핀 확인 필요,411,404,396,CRef,Analog_input,sources/decoded-original/0493-FlgNet.xml
1743,analog input conversion,Coeff.COEFF_TC07,Global,pending,호출 방향·미분류 핀 확인 필요,412,405,396,CRef,Coeff,sources/decoded-original/0493-FlgNet.xml
1743,analog input conversion,Coeff.ZERO_TC07,Global,pending,호출 방향·미분류 핀 확인 필요,413,406,396,CRef,Zero,sources/decoded-original/0493-FlgNet.xml
1743,analog input conversion,Data.TC_07,Global,write,식별 원본 AK=Write · 호출 방향/인터페이스 추가 확인,414,407,396,CRef,OutValue,sources/decoded-original/0493-FlgNet.xml
1743,analog input conversion,Allarm.TC07_OFR,Global,write,식별 원본 AK=Write · 호출 방향/인터페이스 추가 확인,24,23,396,CRef,Out_of_range,sources/decoded-original/0493-FlgNet.xml
1744,analog input conversion,OFF,Global,read,접점 operand,29,30,435,Contact,operand,sources/decoded-original/0494-FlgNet.xml
1744,analog input conversion,ON,Global,pending,호출 방향·미분류 핀 확인 필요,430,423,416,CRef,IN0,sources/decoded-original/0494-FlgNet.xml
1744,analog input conversion,ZT01,Global,pending,호출 방향·미분류 핀 확인 필요,431,424,416,CRef,Analog_input,sources/decoded-original/0494-FlgNet.xml
1744,analog input conversion,Coeff.COEFF_ZT01,Global,pending,호출 방향·미분류 핀 확인 필요,432,425,416,CRef,Coeff,sources/decoded-original/0494-FlgNet.xml
1744,analog input conversion,Coeff.ZERO_ZT01,Global,pending,호출 방향·미분류 핀 확인 필요,433,426,416,CRef,Zero,sources/decoded-original/0494-FlgNet.xml
1744,analog input conversion,Data.ZT_01,Global,write,식별 원본 AK=Write · 호출 방향/인터페이스 추가 확인,434,427,416,CRef,OutValue,sources/decoded-original/0494-FlgNet.xml
1744,analog input conversion,Allarm.ZT01_OFR,Global,write,식별 원본 AK=Write · 호출 방향/인터페이스 추가 확인,24,23,416,CRef,Out_of_range,sources/decoded-original/0494-FlgNet.xml
1745,analog input conversion,ON,Global,read,접점 operand,449,442,455,Contact,operand,sources/decoded-original/0495-FlgNet.xml
1745,analog input conversion,ON,Global,pending,호출 방향·미분류 핀 확인 필요,450,443,436,CRef,IN0,sources/decoded-original/0495-FlgNet.xml
1745,analog input conversion,PSH01,Global,pending,호출 방향·미분류 핀 확인 필요,451,444,436,CRef,Analog_input,sources/decoded-original/0495-FlgNet.xml
1745,analog input conversion,Coeff.COEFF_PSH01,Global,pending,호출 방향·미분류 핀 확인 필요,452,445,436,CRef,Coeff,sources/decoded-original/0495-FlgNet.xml
1745,analog input conversion,Coeff.ZERO_PSH01,Global,pending,호출 방향·미분류 핀 확인 필요,453,446,436,CRef,Zero,sources/decoded-original/0495-FlgNet.xml
1745,analog input conversion,Data.Press_PC01,Global,write,식별 원본 AK=Write · 호출 방향/인터페이스 추가 확인,454,447,436,CRef,OutValue,sources/decoded-original/0495-FlgNet.xml
1745,analog input conversion,Allarm.PSH01_OFR,Global,write,식별 원본 AK=Write · 호출 방향/인터페이스 추가 확인,24,23,436,CRef,Out_of_range,sources/decoded-original/0495-FlgNet.xml
1746,analog input conversion,ON,Global,read,접점 operand,469,462,475,Contact,operand,sources/decoded-original/0496-FlgNet.xml
1746,analog input conversion,ON,Global,pending,호출 방향·미분류 핀 확인 필요,470,463,456,CRef,IN0,sources/decoded-original/0496-FlgNet.xml
1746,analog input conversion,PSH02,Global,pending,호출 방향·미분류 핀 확인 필요,471,464,456,CRef,Analog_input,sources/decoded-original/0496-FlgNet.xml
1746,analog input conversion,Coeff.COEFF_PSH02,Global,pending,호출 방향·미분류 핀 확인 필요,472,465,456,CRef,Coeff,sources/decoded-original/0496-FlgNet.xml
1746,analog input conversion,Coeff.ZERO_PSH02,Global,pending,호출 방향·미분류 핀 확인 필요,473,466,456,CRef,Zero,sources/decoded-original/0496-FlgNet.xml
1746,analog input conversion,Data.PSH_02,Global,write,식별 원본 AK=Write · 호출 방향/인터페이스 추가 확인,474,467,456,CRef,OutValue,sources/decoded-original/0496-FlgNet.xml
1746,analog input conversion,Allarm.PSH02_OFR,Global,write,식별 원본 AK=Write · 호출 방향/인터페이스 추가 확인,24,23,456,CRef,Out_of_range,sources/decoded-original/0496-FlgNet.xml
1747,analog input conversion,ON,Global,read,접점 operand,489,482,495,Contact,operand,sources/decoded-original/0497-FlgNet.xml
1747,analog input conversion,ON,Global,pending,호출 방향·미분류 핀 확인 필요,490,483,476,CRef,IN0,sources/decoded-original/0497-FlgNet.xml
1747,analog input conversion,PSH03,Global,pending,호출 방향·미분류 핀 확인 필요,491,484,476,CRef,Analog_input,sources/decoded-original/0497-FlgNet.xml
1747,analog input conversion,Coeff.Coeff_PSH03,Global,pending,호출 방향·미분류 핀 확인 필요,492,485,476,CRef,Coeff,sources/decoded-original/0497-FlgNet.xml
1747,analog input conversion,Coeff.Zero_PSH03,Global,pending,호출 방향·미분류 핀 확인 필요,493,486,476,CRef,Zero,sources/decoded-original/0497-FlgNet.xml
1747,analog input conversion,Data.PSH03,Global,write,식별 원본 AK=Write · 호출 방향/인터페이스 추가 확인,494,487,476,CRef,OutValue,sources/decoded-original/0497-FlgNet.xml
1747,analog input conversion,Allarm.PSH03_OFR,Global,write,식별 원본 AK=Write · 호출 방향/인터페이스 추가 확인,24,23,476,CRef,Out_of_range,sources/decoded-original/0497-FlgNet.xml
1748,analog input conversion,OFF,Global,read,접점 operand,509,502,515,Contact,operand,sources/decoded-original/0498-FlgNet.xml
1748,analog input conversion,ON,Global,pending,호출 방향·미분류 핀 확인 필요,510,503,496,CRef,IN0,sources/decoded-original/0498-FlgNet.xml
1748,analog input conversion,R001,Global,pending,호출 방향·미분류 핀 확인 필요,511,504,496,CRef,Analog_input,sources/decoded-original/0498-FlgNet.xml
1748,analog input conversion,Coeff.COEFF_R01,Global,pending,호출 방향·미분류 핀 확인 필요,512,505,496,CRef,Coeff,sources/decoded-original/0498-FlgNet.xml
1748,analog input conversion,Coeff.ZERO_R01,Global,pending,호출 방향·미분류 핀 확인 필요,513,506,496,CRef,Zero,sources/decoded-original/0498-FlgNet.xml
1748,analog input conversion,Data.Oxigen_RO01,Global,write,식별 원본 AK=Write · 호출 방향/인터페이스 추가 확인,514,507,496,CRef,OutValue,sources/decoded-original/0498-FlgNet.xml
1748,analog input conversion,Allarm.Ro01_OFR,Global,write,식별 원본 AK=Write · 호출 방향/인터페이스 추가 확인,24,23,496,CRef,Out_of_range,sources/decoded-original/0498-FlgNet.xml
1749,analog input conversion,OFF,Global,read,접점 operand,529,522,535,Contact,operand,sources/decoded-original/0499-FlgNet.xml
1749,analog input conversion,ON,Global,pending,호출 방향·미분류 핀 확인 필요,530,523,516,CRef,IN0,sources/decoded-original/0499-FlgNet.xml
1749,analog input conversion,R002,Global,pending,호출 방향·미분류 핀 확인 필요,531,524,516,CRef,Analog_input,sources/decoded-original/0499-FlgNet.xml
1749,analog input conversion,Coeff.COEFF_R02,Global,pending,호출 방향·미분류 핀 확인 필요,532,525,516,CRef,Coeff,sources/decoded-original/0499-FlgNet.xml
1749,analog input conversion,Coeff.ZERO_R02,Global,pending,호출 방향·미분류 핀 확인 필요,533,526,516,CRef,Zero,sources/decoded-original/0499-FlgNet.xml
1749,analog input conversion,Data.Oxigen_RO02,Global,write,식별 원본 AK=Write · 호출 방향/인터페이스 추가 확인,534,527,516,CRef,OutValue,sources/decoded-original/0499-FlgNet.xml
1749,analog input conversion,Allarm.RO02_OFR,Global,write,식별 원본 AK=Write · 호출 방향/인터페이스 추가 확인,24,23,516,CRef,Out_of_range,sources/decoded-original/0499-FlgNet.xml
1750,analog input conversion,OFF,Global,read,접점 operand,21,22,594,Contact,operand,sources/decoded-original/0500-FlgNet.xml
1750,analog input conversion,ON,Global,pending,호출 방향·미분류 핀 확인 필요,583,572,558,CRef,IN0,sources/decoded-original/0500-FlgNet.xml
1750,analog input conversion,R003,Global,pending,호출 방향·미분류 핀 확인 필요,584,573,558,CRef,Analog_input,sources/decoded-original/0500-FlgNet.xml
1750,analog input conversion,Coeff.COEFF_R03,Global,pending,호출 방향·미분류 핀 확인 필요,585,574,558,CRef,Coeff,sources/decoded-original/0500-FlgNet.xml
1750,analog input conversion,Coeff.ZERO_R03,Global,pending,호출 방향·미분류 핀 확인 필요,586,575,558,CRef,Zero,sources/decoded-original/0500-FlgNet.xml
1750,analog input conversion,Data.RO03,Global,write,식별 원본 AK=Write · 호출 방향/인터페이스 추가 확인,587,576,558,CRef,OutValue,sources/decoded-original/0500-FlgNet.xml
1750,analog input conversion,Allarm.RO03_OFR,Global,write,식별 원본 AK=Write · 호출 방향/인터페이스 추가 확인,24,23,558,CRef,Out_of_range,sources/decoded-original/0500-FlgNet.xml
1750,analog input conversion,OFF,Global,read,접점 operand,588,578,596,Contact,operand,sources/decoded-original/0500-FlgNet.xml
1750,analog input conversion,Data.Oxigen_RO02,Global,read,연산 입력 핀,590,579,566,Add,in1,sources/decoded-original/0500-FlgNet.xml
1750,analog input conversion,Data.RO03,Global,write,연산 출력 핀,592,581,566,Add,out,sources/decoded-original/0500-FlgNet.xml
1751,analog input conversion,OFF,Global,read,접점 operand,588,581,594,Contact,operand,sources/decoded-original/0501-FlgNet.xml
1751,analog input conversion,ON,Global,pending,호출 방향·미분류 핀 확인 필요,589,582,575,CRef,IN0,sources/decoded-original/0501-FlgNet.xml
1751,analog input conversion,R004,Global,pending,호출 방향·미분류 핀 확인 필요,590,583,575,CRef,Analog_input,sources/decoded-original/0501-FlgNet.xml
1751,analog input conversion,Coeff.COEFF_R04,Global,pending,호출 방향·미분류 핀 확인 필요,591,584,575,CRef,Coeff,sources/decoded-original/0501-FlgNet.xml
1751,analog input conversion,Coeff.ZERO_R04,Global,pending,호출 방향·미분류 핀 확인 필요,592,585,575,CRef,Zero,sources/decoded-original/0501-FlgNet.xml
1751,analog input conversion,Data.RO04,Global,write,식별 원본 AK=Write · 호출 방향/인터페이스 추가 확인,593,586,575,CRef,OutValue,sources/decoded-original/0501-FlgNet.xml
1751,analog input conversion,Allarm.RO04_OFR,Global,write,식별 원본 AK=Write · 호출 방향/인터페이스 추가 확인,24,23,575,CRef,Out_of_range,sources/decoded-original/0501-FlgNet.xml
1752,analog input conversion,ON,Global,read,접점 operand,608,601,614,Contact,operand,sources/decoded-original/0502-FlgNet.xml
1752,analog input conversion,ON,Global,pending,호출 방향·미분류 핀 확인 필요,609,602,595,CRef,IN0,sources/decoded-original/0502-FlgNet.xml
1752,analog input conversion,BR01_GAS,Global,pending,호출 방향·미분류 핀 확인 필요,610,603,595,CRef,Analog_input,sources/decoded-original/0502-FlgNet.xml
1752,analog input conversion,Coeff.COEFF_TRASM_GAS_BR01,Global,pending,호출 방향·미분류 핀 확인 필요,611,604,595,CRef,Coeff,sources/decoded-original/0502-FlgNet.xml
1752,analog input conversion,Coeff.ZERO_TRASM_GAS_BR01,Global,pending,호출 방향·미분류 핀 확인 필요,612,605,595,CRef,Zero,sources/decoded-original/0502-FlgNet.xml
1752,analog input conversion,Data.GAS_BR_01,Global,write,식별 원본 AK=Write · 호출 방향/인터페이스 추가 확인,613,606,595,CRef,OutValue,sources/decoded-original/0502-FlgNet.xml
1752,analog input conversion,Allarm.BR01_Gas_OFR,Global,write,식별 원본 AK=Write · 호출 방향/인터페이스 추가 확인,24,23,595,CRef,Out_of_range,sources/decoded-original/0502-FlgNet.xml
1753,analog input conversion,ON,Global,read,접점 operand,628,621,634,Contact,operand,sources/decoded-original/0503-FlgNet.xml
1753,analog input conversion,ON,Global,pending,호출 방향·미분류 핀 확인 필요,629,622,615,CRef,IN0,sources/decoded-original/0503-FlgNet.xml
1753,analog input conversion,BR01_AIR,Global,pending,호출 방향·미분류 핀 확인 필요,630,623,615,CRef,Analog_input,sources/decoded-original/0503-FlgNet.xml
1753,analog input conversion,Coeff.COEFF_TRASM_AIR_BR01,Global,pending,호출 방향·미분류 핀 확인 필요,631,624,615,CRef,Coeff,sources/decoded-original/0503-FlgNet.xml
1753,analog input conversion,Coeff.ZERO_TRASM_AIR_BR01,Global,pending,호출 방향·미분류 핀 확인 필요,632,625,615,CRef,Zero,sources/decoded-original/0503-FlgNet.xml
1753,analog input conversion,Data.AIR_BR_01,Global,write,식별 원본 AK=Write · 호출 방향/인터페이스 추가 확인,633,626,615,CRef,OutValue,sources/decoded-original/0503-FlgNet.xml
1753,analog input conversion,Allarm.BR01_Air_OFR,Global,write,식별 원본 AK=Write · 호출 방향/인터페이스 추가 확인,24,23,615,CRef,Out_of_range,sources/decoded-original/0503-FlgNet.xml
1754,analog input conversion,ON,Global,read,접점 operand,684,672,697,Contact,operand,sources/decoded-original/0504-FlgNet.xml
1754,analog input conversion,ON,Global,pending,호출 방향·미분류 핀 확인 필요,685,674,659,CRef,IN0,sources/decoded-original/0504-FlgNet.xml
1754,analog input conversion,BR01_FlowMeter_GAS,Global,pending,호출 방향·미분류 핀 확인 필요,686,675,659,CRef,Analog_input,sources/decoded-original/0504-FlgNet.xml
1754,analog input conversion,Coeff.COEFF_FLOW_GAS_BR01,Global,pending,호출 방향·미분류 핀 확인 필요,687,676,659,CRef,Coeff,sources/decoded-original/0504-FlgNet.xml
1754,analog input conversion,Coeff.ZERO_FLOW_GAS_BR01,Global,pending,호출 방향·미분류 핀 확인 필요,688,677,659,CRef,Zero,sources/decoded-original/0504-FlgNet.xml
1754,analog input conversion,Data.MASSICO_FLOW_GAS,Global,write,식별 원본 AK=Write · 호출 방향/인터페이스 추가 확인,689,678,659,CRef,OutValue,sources/decoded-original/0504-FlgNet.xml
1754,analog input conversion,Allarm.Massico_Gas_OFR,Global,write,식별 원본 AK=Write · 호출 방향/인터페이스 추가 확인,24,23,659,CRef,Out_of_range,sources/decoded-original/0504-FlgNet.xml
1754,analog input conversion,Data.MASSICO_FLOW_GAS,Global,read,비교 입력 핀,690,680,666,Lt,in1,sources/decoded-original/0504-FlgNet.xml
1754,analog input conversion,Data.MASSICO_FLOW_GAS,Global,write,Move out,695,683,669,Move,out1,sources/decoded-original/0504-FlgNet.xml
1755,analog input conversion,ON,Global,read,접점 operand,689,682,695,Contact,operand,sources/decoded-original/0505-FlgNet.xml
1755,analog input conversion,ON,Global,pending,호출 방향·미분류 핀 확인 필요,690,683,676,CRef,IN0,sources/decoded-original/0505-FlgNet.xml
1755,analog input conversion,BR01_FlowMeter_AIR,Global,pending,호출 방향·미분류 핀 확인 필요,691,684,676,CRef,Analog_input,sources/decoded-original/0505-FlgNet.xml
1755,analog input conversion,Coeff.COEFF_FLOW_AIR_BR01,Global,pending,호출 방향·미분류 핀 확인 필요,692,685,676,CRef,Coeff,sources/decoded-original/0505-FlgNet.xml
1755,analog input conversion,Coeff.ZERO_FLOW_AIR_BR01,Global,pending,호출 방향·미분류 핀 확인 필요,693,686,676,CRef,Zero,sources/decoded-original/0505-FlgNet.xml
1755,analog input conversion,Data.MASSICO_FLOW_AIR,Global,write,식별 원본 AK=Write · 호출 방향/인터페이스 추가 확인,694,687,676,CRef,OutValue,sources/decoded-original/0505-FlgNet.xml
1755,analog input conversion,Allarm.Massico_Air_OFR,Global,write,식별 원본 AK=Write · 호출 방향/인터페이스 추가 확인,24,23,676,CRef,Out_of_range,sources/decoded-original/0505-FlgNet.xml
1756,analog input conversion,Simulation(1),Global,read,접점 operand,51,25,21,Contact,operand,sources/decoded-original/0506-FlgNet.xml
1756,analog input conversion,EM_OK,Global,read,접점 operand,53,26,22,Contact,operand,sources/decoded-original/0506-FlgNet.xml
1756,analog input conversion,fill_unit1.CONTROL_SIGNALS.SW_GATE0,Global,pending,호출 방향·미분류 핀 확인 필요,55,27,23,CRef,SwGate,sources/decoded-original/0506-FlgNet.xml
1756,analog input conversion,,Unknown,pending,호출 방향·미분류 핀 확인 필요,56,28,23,CRef,CaptureEnable,sources/decoded-original/0506-FlgNet.xml
1756,analog input conversion,,Unknown,pending,호출 방향·미분류 핀 확인 필요,57,29,23,CRef,SyncEnable,sources/decoded-original/0506-FlgNet.xml
1756,analog input conversion,Flag.RESET_ALLARM,Global,pending,호출 방향·미분류 핀 확인 필요,58,30,23,CRef,ErrorAck,sources/decoded-original/0506-FlgNet.xml
1756,analog input conversion,Flag.RESET_ALLARM,Global,pending,호출 방향·미분류 핀 확인 필요,59,31,23,CRef,EventAck,sources/decoded-original/0506-FlgNet.xml
1756,analog input conversion,,Unknown,pending,호출 방향·미분류 핀 확인 필요,60,32,23,CRef,SetCountValue,sources/decoded-original/0506-FlgNet.xml
1756,analog input conversion,,Unknown,pending,호출 방향·미분류 핀 확인 필요,61,33,23,CRef,StatusHW,sources/decoded-original/0506-FlgNet.xml
1756,analog input conversion,,Unknown,pending,호출 방향·미분류 핀 확인 필요,62,34,23,CRef,StatusGate,sources/decoded-original/0506-FlgNet.xml
1756,analog input conversion,,Unknown,pending,호출 방향·미분류 핀 확인 필요,63,35,23,CRef,StatusUp,sources/decoded-original/0506-FlgNet.xml
1756,analog input conversion,,Unknown,pending,호출 방향·미분류 핀 확인 필요,64,36,23,CRef,StatusDown,sources/decoded-original/0506-FlgNet.xml
1756,analog input conversion,,Unknown,pending,호출 방향·미분류 핀 확인 필요,65,37,23,CRef,CompResult0,sources/decoded-original/0506-FlgNet.xml
1756,analog input conversion,,Unknown,pending,호출 방향·미분류 핀 확인 필요,66,38,23,CRef,CompResult1,sources/decoded-original/0506-FlgNet.xml
1756,analog input conversion,,Unknown,pending,호출 방향·미분류 핀 확인 필요,67,39,23,CRef,SyncStatus,sources/decoded-original/0506-FlgNet.xml
1756,analog input conversion,,Unknown,pending,호출 방향·미분류 핀 확인 필요,68,40,23,CRef,CaptureStatus,sources/decoded-original/0506-FlgNet.xml
1756,analog input conversion,,Unknown,pending,호출 방향·미분류 핀 확인 필요,69,41,23,CRef,CapturedValue,sources/decoded-original/0506-FlgNet.xml
1756,analog input conversion,,Unknown,pending,호출 방향·미분류 핀 확인 필요,70,42,23,CRef,ZeroStatus,sources/decoded-original/0506-FlgNet.xml
1756,analog input conversion,,Unknown,pending,호출 방향·미분류 핀 확인 필요,71,43,23,CRef,PosOverflow,sources/decoded-original/0506-FlgNet.xml
1756,analog input conversion,,Unknown,pending,호출 방향·미분류 핀 확인 필요,72,44,23,CRef,NegOverflow,sources/decoded-original/0506-FlgNet.xml
1756,analog input conversion,,Unknown,pending,호출 방향·미분류 핀 확인 필요,73,45,23,CRef,Error,sources/decoded-original/0506-FlgNet.xml
1756,analog input conversion,,Unknown,pending,호출 방향·미분류 핀 확인 필요,74,46,23,CRef,ErrorID,sources/decoded-original/0506-FlgNet.xml
1756,analog input conversion,fill_unit1.ACT_CNTV0,Global,write,식별 원본 AK=Write · 호출 방향/인터페이스 추가 확인,75,47,23,CRef,CountValue,sources/decoded-original/0506-FlgNet.xml
1756,analog input conversion,,Unknown,pending,호출 방향·미분류 핀 확인 필요,76,48,23,CRef,MeasuredValue,sources/decoded-original/0506-FlgNet.xml
1756,analog input conversion,,Unknown,pending,호출 방향·미분류 핀 확인 필요,77,49,23,CRef,CompareMeasuredValue,sources/decoded-original/0506-FlgNet.xml
1757,analog input conversion,Simulation(1),Global,read,접점 operand,77,75,74,Contact,operand,sources/decoded-original/0507-FlgNet.xml
1757,analog input conversion,EM_OK,Global,read,접점 operand,49,24,21,Contact,operand,sources/decoded-original/0507-FlgNet.xml
1757,analog input conversion,fill_unit1.CONTROL_SIGNALS.SW_GATE1,Global,pending,호출 방향·미분류 핀 확인 필요,51,25,22,CRef,SwGate,sources/decoded-original/0507-FlgNet.xml
1757,analog input conversion,,Unknown,pending,호출 방향·미분류 핀 확인 필요,52,26,22,CRef,CaptureEnable,sources/decoded-original/0507-FlgNet.xml
1757,analog input conversion,,Unknown,pending,호출 방향·미분류 핀 확인 필요,53,27,22,CRef,SyncEnable,sources/decoded-original/0507-FlgNet.xml
1757,analog input conversion,,Unknown,pending,호출 방향·미분류 핀 확인 필요,54,28,22,CRef,ErrorAck,sources/decoded-original/0507-FlgNet.xml
1757,analog input conversion,,Unknown,pending,호출 방향·미분류 핀 확인 필요,55,29,22,CRef,EventAck,sources/decoded-original/0507-FlgNet.xml
1757,analog input conversion,,Unknown,pending,호출 방향·미분류 핀 확인 필요,56,30,22,CRef,SetCountValue,sources/decoded-original/0507-FlgNet.xml
1757,analog input conversion,,Unknown,pending,호출 방향·미분류 핀 확인 필요,57,31,22,CRef,StatusHW,sources/decoded-original/0507-FlgNet.xml
1757,analog input conversion,,Unknown,pending,호출 방향·미분류 핀 확인 필요,58,32,22,CRef,StatusGate,sources/decoded-original/0507-FlgNet.xml
1757,analog input conversion,,Unknown,pending,호출 방향·미분류 핀 확인 필요,59,33,22,CRef,StatusUp,sources/decoded-original/0507-FlgNet.xml
1757,analog input conversion,,Unknown,pending,호출 방향·미분류 핀 확인 필요,60,34,22,CRef,StatusDown,sources/decoded-original/0507-FlgNet.xml
1757,analog input conversion,,Unknown,pending,호출 방향·미분류 핀 확인 필요,61,35,22,CRef,CompResult0,sources/decoded-original/0507-FlgNet.xml
1757,analog input conversion,,Unknown,pending,호출 방향·미분류 핀 확인 필요,62,36,22,CRef,CompResult1,sources/decoded-original/0507-FlgNet.xml
1757,analog input conversion,,Unknown,pending,호출 방향·미분류 핀 확인 필요,63,37,22,CRef,SyncStatus,sources/decoded-original/0507-FlgNet.xml
1757,analog input conversion,,Unknown,pending,호출 방향·미분류 핀 확인 필요,64,38,22,CRef,CaptureStatus,sources/decoded-original/0507-FlgNet.xml
1757,analog input conversion,,Unknown,pending,호출 방향·미분류 핀 확인 필요,65,39,22,CRef,CapturedValue,sources/decoded-original/0507-FlgNet.xml
1757,analog input conversion,,Unknown,pending,호출 방향·미분류 핀 확인 필요,66,40,22,CRef,ZeroStatus,sources/decoded-original/0507-FlgNet.xml
1757,analog input conversion,,Unknown,pending,호출 방향·미분류 핀 확인 필요,67,41,22,CRef,PosOverflow,sources/decoded-original/0507-FlgNet.xml
1757,analog input conversion,,Unknown,pending,호출 방향·미분류 핀 확인 필요,68,42,22,CRef,NegOverflow,sources/decoded-original/0507-FlgNet.xml
1757,analog input conversion,,Unknown,pending,호출 방향·미분류 핀 확인 필요,69,43,22,CRef,Error,sources/decoded-original/0507-FlgNet.xml
1757,analog input conversion,,Unknown,pending,호출 방향·미분류 핀 확인 필요,70,44,22,CRef,ErrorID,sources/decoded-original/0507-FlgNet.xml
1757,analog input conversion,fill_unit1.ACT_CNTV1,Global,write,식별 원본 AK=Write · 호출 방향/인터페이스 추가 확인,71,45,22,CRef,CountValue,sources/decoded-original/0507-FlgNet.xml
1757,analog input conversion,,Unknown,pending,호출 방향·미분류 핀 확인 필요,72,46,22,CRef,MeasuredValue,sources/decoded-original/0507-FlgNet.xml
1757,analog input conversion,,Unknown,pending,호출 방향·미분류 핀 확인 필요,73,47,22,CRef,CompareMeasuredValue,sources/decoded-original/0507-FlgNet.xml
1758,analog input conversion,Simulation(1),Global,read,접점 operand,74,76,75,Contact,operand,sources/decoded-original/0508-FlgNet.xml
1758,analog input conversion,EM_OK,Global,read,접점 operand,49,24,21,Contact,operand,sources/decoded-original/0508-FlgNet.xml
1758,analog input conversion,fill_unit1.CONTROL_SIGNALS.SW_GATE2,Global,pending,호출 방향·미분류 핀 확인 필요,51,25,22,CRef,SwGate,sources/decoded-original/0508-FlgNet.xml
1758,analog input conversion,,Unknown,pending,호출 방향·미분류 핀 확인 필요,52,26,22,CRef,CaptureEnable,sources/decoded-original/0508-FlgNet.xml
1758,analog input conversion,,Unknown,pending,호출 방향·미분류 핀 확인 필요,53,27,22,CRef,SyncEnable,sources/decoded-original/0508-FlgNet.xml
1758,analog input conversion,,Unknown,pending,호출 방향·미분류 핀 확인 필요,54,28,22,CRef,ErrorAck,sources/decoded-original/0508-FlgNet.xml
1758,analog input conversion,,Unknown,pending,호출 방향·미분류 핀 확인 필요,55,29,22,CRef,EventAck,sources/decoded-original/0508-FlgNet.xml
1758,analog input conversion,,Unknown,pending,호출 방향·미분류 핀 확인 필요,56,30,22,CRef,SetCountValue,sources/decoded-original/0508-FlgNet.xml
1758,analog input conversion,,Unknown,pending,호출 방향·미분류 핀 확인 필요,57,31,22,CRef,StatusHW,sources/decoded-original/0508-FlgNet.xml
1758,analog input conversion,,Unknown,pending,호출 방향·미분류 핀 확인 필요,58,32,22,CRef,StatusGate,sources/decoded-original/0508-FlgNet.xml
1758,analog input conversion,,Unknown,pending,호출 방향·미분류 핀 확인 필요,59,33,22,CRef,StatusUp,sources/decoded-original/0508-FlgNet.xml
1758,analog input conversion,,Unknown,pending,호출 방향·미분류 핀 확인 필요,60,34,22,CRef,StatusDown,sources/decoded-original/0508-FlgNet.xml
1758,analog input conversion,,Unknown,pending,호출 방향·미분류 핀 확인 필요,61,35,22,CRef,CompResult0,sources/decoded-original/0508-FlgNet.xml
1758,analog input conversion,,Unknown,pending,호출 방향·미분류 핀 확인 필요,62,36,22,CRef,CompResult1,sources/decoded-original/0508-FlgNet.xml
1758,analog input conversion,,Unknown,pending,호출 방향·미분류 핀 확인 필요,63,37,22,CRef,SyncStatus,sources/decoded-original/0508-FlgNet.xml
1758,analog input conversion,,Unknown,pending,호출 방향·미분류 핀 확인 필요,64,38,22,CRef,CaptureStatus,sources/decoded-original/0508-FlgNet.xml
1758,analog input conversion,,Unknown,pending,호출 방향·미분류 핀 확인 필요,65,39,22,CRef,CapturedValue,sources/decoded-original/0508-FlgNet.xml
1758,analog input conversion,,Unknown,pending,호출 방향·미분류 핀 확인 필요,66,40,22,CRef,ZeroStatus,sources/decoded-original/0508-FlgNet.xml
1758,analog input conversion,,Unknown,pending,호출 방향·미분류 핀 확인 필요,67,41,22,CRef,PosOverflow,sources/decoded-original/0508-FlgNet.xml
1758,analog input conversion,,Unknown,pending,호출 방향·미분류 핀 확인 필요,68,42,22,CRef,NegOverflow,sources/decoded-original/0508-FlgNet.xml
1758,analog input conversion,,Unknown,pending,호출 방향·미분류 핀 확인 필요,69,43,22,CRef,Error,sources/decoded-original/0508-FlgNet.xml
1758,analog input conversion,,Unknown,pending,호출 방향·미분류 핀 확인 필요,70,44,22,CRef,ErrorID,sources/decoded-original/0508-FlgNet.xml
1758,analog input conversion,fill_unit1.ACT_CNTV2,Global,write,식별 원본 AK=Write · 호출 방향/인터페이스 추가 확인,71,45,22,CRef,CountValue,sources/decoded-original/0508-FlgNet.xml
1758,analog input conversion,,Unknown,pending,호출 방향·미분류 핀 확인 필요,72,46,22,CRef,MeasuredValue,sources/decoded-original/0508-FlgNet.xml
1758,analog input conversion,,Unknown,pending,호출 방향·미분류 핀 확인 필요,73,47,22,CRef,CompareMeasuredValue,sources/decoded-original/0508-FlgNet.xml
1759,analog input conversion,Simulation(1),Global,read,접점 operand,51,25,21,Contact,operand,sources/decoded-original/0509-FlgNet.xml
1759,analog input conversion,EM_OK,Global,read,접점 operand,53,26,22,Contact,operand,sources/decoded-original/0509-FlgNet.xml
1759,analog input conversion,fill_unit1.CONTROL_SIGNALS.SW_GATE3,Global,pending,호출 방향·미분류 핀 확인 필요,55,27,23,CRef,SwGate,sources/decoded-original/0509-FlgNet.xml
1759,analog input conversion,,Unknown,pending,호출 방향·미분류 핀 확인 필요,56,28,23,CRef,CaptureEnable,sources/decoded-original/0509-FlgNet.xml
1759,analog input conversion,,Unknown,pending,호출 방향·미분류 핀 확인 필요,57,29,23,CRef,SyncEnable,sources/decoded-original/0509-FlgNet.xml
1759,analog input conversion,,Unknown,pending,호출 방향·미분류 핀 확인 필요,58,30,23,CRef,ErrorAck,sources/decoded-original/0509-FlgNet.xml
1759,analog input conversion,,Unknown,pending,호출 방향·미분류 핀 확인 필요,59,31,23,CRef,EventAck,sources/decoded-original/0509-FlgNet.xml
1759,analog input conversion,,Unknown,pending,호출 방향·미분류 핀 확인 필요,60,32,23,CRef,SetCountValue,sources/decoded-original/0509-FlgNet.xml
1759,analog input conversion,,Unknown,pending,호출 방향·미분류 핀 확인 필요,61,33,23,CRef,StatusHW,sources/decoded-original/0509-FlgNet.xml
1759,analog input conversion,,Unknown,pending,호출 방향·미분류 핀 확인 필요,62,34,23,CRef,StatusGate,sources/decoded-original/0509-FlgNet.xml
1759,analog input conversion,,Unknown,pending,호출 방향·미분류 핀 확인 필요,63,35,23,CRef,StatusUp,sources/decoded-original/0509-FlgNet.xml
1759,analog input conversion,,Unknown,pending,호출 방향·미분류 핀 확인 필요,64,36,23,CRef,StatusDown,sources/decoded-original/0509-FlgNet.xml
1759,analog input conversion,,Unknown,pending,호출 방향·미분류 핀 확인 필요,65,37,23,CRef,CompResult0,sources/decoded-original/0509-FlgNet.xml
1759,analog input conversion,,Unknown,pending,호출 방향·미분류 핀 확인 필요,66,38,23,CRef,CompResult1,sources/decoded-original/0509-FlgNet.xml
1759,analog input conversion,,Unknown,pending,호출 방향·미분류 핀 확인 필요,67,39,23,CRef,SyncStatus,sources/decoded-original/0509-FlgNet.xml
1759,analog input conversion,,Unknown,pending,호출 방향·미분류 핀 확인 필요,68,40,23,CRef,CaptureStatus,sources/decoded-original/0509-FlgNet.xml
1759,analog input conversion,,Unknown,pending,호출 방향·미분류 핀 확인 필요,69,41,23,CRef,CapturedValue,sources/decoded-original/0509-FlgNet.xml
1759,analog input conversion,,Unknown,pending,호출 방향·미분류 핀 확인 필요,70,42,23,CRef,ZeroStatus,sources/decoded-original/0509-FlgNet.xml
1759,analog input conversion,,Unknown,pending,호출 방향·미분류 핀 확인 필요,71,43,23,CRef,PosOverflow,sources/decoded-original/0509-FlgNet.xml
1759,analog input conversion,,Unknown,pending,호출 방향·미분류 핀 확인 필요,72,44,23,CRef,NegOverflow,sources/decoded-original/0509-FlgNet.xml
1759,analog input conversion,,Unknown,pending,호출 방향·미분류 핀 확인 필요,73,45,23,CRef,Error,sources/decoded-original/0509-FlgNet.xml
1759,analog input conversion,,Unknown,pending,호출 방향·미분류 핀 확인 필요,74,46,23,CRef,ErrorID,sources/decoded-original/0509-FlgNet.xml
1759,analog input conversion,fill_unit1.ACT_CNTV3,Global,write,식별 원본 AK=Write · 호출 방향/인터페이스 추가 확인,75,47,23,CRef,CountValue,sources/decoded-original/0509-FlgNet.xml
1759,analog input conversion,,Unknown,pending,호출 방향·미분류 핀 확인 필요,76,48,23,CRef,MeasuredValue,sources/decoded-original/0509-FlgNet.xml
1759,analog input conversion,,Unknown,pending,호출 방향·미분류 핀 확인 필요,77,49,23,CRef,CompareMeasuredValue,sources/decoded-original/0509-FlgNet.xml
1760,analog input conversion,Simulation(1),Global,read,접점 operand,51,25,21,Contact,operand,sources/decoded-original/0510-FlgNet.xml
1760,analog input conversion,EM_OK,Global,read,접점 operand,53,26,22,Contact,operand,sources/decoded-original/0510-FlgNet.xml
1760,analog input conversion,fill_unit1.CONTROL_SIGNALS.SW_GATE4,Global,pending,호출 방향·미분류 핀 확인 필요,55,27,23,CRef,SwGate,sources/decoded-original/0510-FlgNet.xml
1760,analog input conversion,,Unknown,pending,호출 방향·미분류 핀 확인 필요,56,28,23,CRef,CaptureEnable,sources/decoded-original/0510-FlgNet.xml
1760,analog input conversion,,Unknown,pending,호출 방향·미분류 핀 확인 필요,57,29,23,CRef,SyncEnable,sources/decoded-original/0510-FlgNet.xml
1760,analog input conversion,,Unknown,pending,호출 방향·미분류 핀 확인 필요,58,30,23,CRef,ErrorAck,sources/decoded-original/0510-FlgNet.xml
1760,analog input conversion,,Unknown,pending,호출 방향·미분류 핀 확인 필요,59,31,23,CRef,EventAck,sources/decoded-original/0510-FlgNet.xml
1760,analog input conversion,,Unknown,pending,호출 방향·미분류 핀 확인 필요,60,32,23,CRef,SetCountValue,sources/decoded-original/0510-FlgNet.xml
1760,analog input conversion,,Unknown,pending,호출 방향·미분류 핀 확인 필요,61,33,23,CRef,StatusHW,sources/decoded-original/0510-FlgNet.xml
1760,analog input conversion,,Unknown,pending,호출 방향·미분류 핀 확인 필요,62,34,23,CRef,StatusGate,sources/decoded-original/0510-FlgNet.xml
1760,analog input conversion,,Unknown,pending,호출 방향·미분류 핀 확인 필요,63,35,23,CRef,StatusUp,sources/decoded-original/0510-FlgNet.xml
1760,analog input conversion,,Unknown,pending,호출 방향·미분류 핀 확인 필요,64,36,23,CRef,StatusDown,sources/decoded-original/0510-FlgNet.xml
1760,analog input conversion,,Unknown,pending,호출 방향·미분류 핀 확인 필요,65,37,23,CRef,CompResult0,sources/decoded-original/0510-FlgNet.xml
1760,analog input conversion,,Unknown,pending,호출 방향·미분류 핀 확인 필요,66,38,23,CRef,CompResult1,sources/decoded-original/0510-FlgNet.xml
1760,analog input conversion,,Unknown,pending,호출 방향·미분류 핀 확인 필요,67,39,23,CRef,SyncStatus,sources/decoded-original/0510-FlgNet.xml
1760,analog input conversion,,Unknown,pending,호출 방향·미분류 핀 확인 필요,68,40,23,CRef,CaptureStatus,sources/decoded-original/0510-FlgNet.xml
1760,analog input conversion,,Unknown,pending,호출 방향·미분류 핀 확인 필요,69,41,23,CRef,CapturedValue,sources/decoded-original/0510-FlgNet.xml
1760,analog input conversion,,Unknown,pending,호출 방향·미분류 핀 확인 필요,70,42,23,CRef,ZeroStatus,sources/decoded-original/0510-FlgNet.xml
1760,analog input conversion,,Unknown,pending,호출 방향·미분류 핀 확인 필요,71,43,23,CRef,PosOverflow,sources/decoded-original/0510-FlgNet.xml
1760,analog input conversion,,Unknown,pending,호출 방향·미분류 핀 확인 필요,72,44,23,CRef,NegOverflow,sources/decoded-original/0510-FlgNet.xml
1760,analog input conversion,,Unknown,pending,호출 방향·미분류 핀 확인 필요,73,45,23,CRef,Error,sources/decoded-original/0510-FlgNet.xml
1760,analog input conversion,,Unknown,pending,호출 방향·미분류 핀 확인 필요,74,46,23,CRef,ErrorID,sources/decoded-original/0510-FlgNet.xml
1760,analog input conversion,fill_unit1.ACT_CNTV4,Global,write,식별 원본 AK=Write · 호출 방향/인터페이스 추가 확인,75,47,23,CRef,CountValue,sources/decoded-original/0510-FlgNet.xml
1760,analog input conversion,,Unknown,pending,호출 방향·미분류 핀 확인 필요,76,48,23,CRef,MeasuredValue,sources/decoded-original/0510-FlgNet.xml
1760,analog input conversion,,Unknown,pending,호출 방향·미분류 핀 확인 필요,77,49,23,CRef,CompareMeasuredValue,sources/decoded-original/0510-FlgNet.xml
1761,analog input conversion,EM_OK,Global,read,접점 operand,951,940,963,Contact,operand,sources/decoded-original/0511-FlgNet.xml
1761,analog input conversion,CNT_Act_0,Local,read,Move in,952,941,917,Move,in,sources/decoded-original/0511-FlgNet.xml
1761,analog input conversion,Memory encoder.Encoder_CH00,Global,write,Move out,953,942,917,Move,out1,sources/decoded-original/0511-FlgNet.xml
1761,analog input conversion,CNT_Act_1,Local,read,Move in,954,943,922,Move,in,sources/decoded-original/0511-FlgNet.xml
1761,analog input conversion,Memory encoder.Encoder_CH01,Global,write,Move out,955,944,922,Move,out1,sources/decoded-original/0511-FlgNet.xml
1761,analog input conversion,CNT_Act_2,Local,read,Move in,956,945,927,Move,in,sources/decoded-original/0511-FlgNet.xml
1761,analog input conversion,Memory encoder.Encoder_CH02,Global,write,Move out,957,946,927,Move,out1,sources/decoded-original/0511-FlgNet.xml
1761,analog input conversion,CNT_Act_3,Local,read,Move in,958,947,932,Move,in,sources/decoded-original/0511-FlgNet.xml
1761,analog input conversion,Memory encoder.Encoder_CH03,Global,write,Move out,959,948,932,Move,out1,sources/decoded-original/0511-FlgNet.xml
1761,analog input conversion,CNT_Act_4,Local,read,Move in,960,949,937,Move,in,sources/decoded-original/0511-FlgNet.xml
1761,analog input conversion,Memory encoder.Encoder_CH04,Global,write,Move out,961,950,937,Move,out1,sources/decoded-original/0511-FlgNet.xml
1762,analog input conversion,EM_OK,Global,read,접점 operand,1087,1064,1113,Contact,operand,sources/decoded-original/0512-FlgNet.xml
1762,analog input conversion,MV01_Close,Global,read,접점 operand,1088,1065,1115,Contact,operand,sources/decoded-original/0512-FlgNet.xml
1762,analog input conversion,fill_unit1.CONTROL_SIGNALS.SW_GATE0,Global,write,코일 operand,1089,1066,1025,Coil,operand,sources/decoded-original/0512-FlgNet.xml
1762,analog input conversion,Memory encoder.Encoder_CH00,Global,read,연산 입력 핀,1090,1067,1030,Add,in1,sources/decoded-original/0512-FlgNet.xml
1762,analog input conversion,fill_unit1.ACT_CNTV0,Global,read,연산 입력 핀,1091,1068,1030,Add,in2,sources/decoded-original/0512-FlgNet.xml
1762,analog input conversion,CNT_Act_0,Local,write,연산 출력 핀,1092,1069,1030,Add,out,sources/decoded-original/0512-FlgNet.xml
1762,analog input conversion,CNT_Act_0,Local,read,연산 입력 핀,1094,1070,1034,Div,in1,sources/decoded-original/0512-FlgNet.xml
1762,analog input conversion,CNTV0_100,Local,write,연산 출력 핀,1096,1072,1034,Div,out,sources/decoded-original/0512-FlgNet.xml
1762,analog input conversion,CNTV0_100,Local,read,Move in,1098,1073,1038,Move,in,sources/decoded-original/0512-FlgNet.xml
1762,analog input conversion,Memory encoder.Encoder_CH00_10,Global,write,Move out,1099,1074,1038,Move,out1,sources/decoded-original/0512-FlgNet.xml
1762,analog input conversion,fill_unit1.CONTROL_SIGNALS.SW_GATE0,Global,read,접점 operand,1101,1075,1117,Contact,operand,sources/decoded-original/0512-FlgNet.xml
1762,analog input conversion,Memory encoder.Encoder_CH00_10,Global,write,Move out,1103,1077,1047,Move,out1,sources/decoded-original/0512-FlgNet.xml
1762,analog input conversion,INT#0,Unknown,read,Move in,1104,1078,1052,Move,in,sources/decoded-original/0512-FlgNet.xml
1762,analog input conversion,Memory encoder.Encoder_CH00,Global,write,Move out,1105,1079,1052,Move,out1,sources/decoded-original/0512-FlgNet.xml
1762,analog input conversion,ON,Global,pending,호출 방향·미분류 핀 확인 필요,1107,1081,1059,CRef,IN0,sources/decoded-original/0512-FlgNet.xml
1762,analog input conversion,Memory encoder.Encoder_CH00_10,Global,pending,호출 방향·미분류 핀 확인 필요,1108,1082,1059,CRef,Analog_input,sources/decoded-original/0512-FlgNet.xml
1762,analog input conversion,Coeff.COEFF_TRASM_MV01,Global,pending,호출 방향·미분류 핀 확인 필요,1109,1083,1059,CRef,Coeff,sources/decoded-original/0512-FlgNet.xml
1762,analog input conversion,Coeff.ZERO_TRASM_MV01,Global,pending,호출 방향·미분류 핀 확인 필요,1110,1084,1059,CRef,Zero,sources/decoded-original/0512-FlgNet.xml
1762,analog input conversion,Data.Pot_MV01,Global,write,식별 원본 AK=Write · 호출 방향/인터페이스 추가 확인,1111,1085,1059,CRef,OutValue,sources/decoded-original/0512-FlgNet.xml
1762,analog input conversion,Allarm.Pot_MV01_OFR,Global,write,식별 원본 AK=Write · 호출 방향/인터페이스 추가 확인,24,23,1059,CRef,Out_of_range,sources/decoded-original/0512-FlgNet.xml
1763,analog input conversion,EM_OK,Global,read,접점 operand,54,32,21,Contact,operand,sources/decoded-original/0513-FlgNet.xml
1763,analog input conversion,MV02_Close,Global,read,접점 operand,33,56,22,Contact,operand,sources/decoded-original/0513-FlgNet.xml
1763,analog input conversion,fill_unit1.CONTROL_SIGNALS.SW_GATE1,Global,write,코일 operand,58,34,23,Coil,operand,sources/decoded-original/0513-FlgNet.xml
1763,analog input conversion,Memory encoder.Encoder_CH01,Global,read,연산 입력 핀,59,35,24,Add,in1,sources/decoded-original/0513-FlgNet.xml
1763,analog input conversion,fill_unit1.ACT_CNTV1,Global,read,연산 입력 핀,60,36,24,Add,in2,sources/decoded-original/0513-FlgNet.xml
1763,analog input conversion,CNT_Act_1,Local,write,연산 출력 핀,62,37,24,Add,out,sources/decoded-original/0513-FlgNet.xml
1763,analog input conversion,CNT_Act_1,Local,read,연산 입력 핀,63,38,25,Div,in1,sources/decoded-original/0513-FlgNet.xml
1763,analog input conversion,CNTV1_100,Local,write,연산 출력 핀,66,40,25,Div,out,sources/decoded-original/0513-FlgNet.xml
1763,analog input conversion,CNTV1_100,Local,read,Move in,67,41,26,Move,in,sources/decoded-original/0513-FlgNet.xml
1763,analog input conversion,Memory encoder.Encoder_CH01_10,Global,write,Move out,68,42,26,Move,out1,sources/decoded-original/0513-FlgNet.xml
1763,analog input conversion,fill_unit1.CONTROL_SIGNALS.SW_GATE1,Global,read,접점 operand,69,43,27,Contact,operand,sources/decoded-original/0513-FlgNet.xml
1763,analog input conversion,Memory encoder.Encoder_CH01_10,Global,write,Move out,72,45,28,Move,out1,sources/decoded-original/0513-FlgNet.xml
1763,analog input conversion,INT#0,Unknown,read,Move in,73,46,29,Move,in,sources/decoded-original/0513-FlgNet.xml
1763,analog input conversion,Memory encoder.Encoder_CH01,Global,write,Move out,74,47,29,Move,out1,sources/decoded-original/0513-FlgNet.xml
1763,analog input conversion,ON,Global,pending,호출 방향·미분류 핀 확인 필요,75,48,30,CRef,IN0,sources/decoded-original/0513-FlgNet.xml
1763,analog input conversion,Memory encoder.Encoder_CH01_10,Global,pending,호출 방향·미분류 핀 확인 필요,76,49,30,CRef,Analog_input,sources/decoded-original/0513-FlgNet.xml
1763,analog input conversion,Coeff.COEFF_TRASM_MV02,Global,pending,호출 방향·미분류 핀 확인 필요,77,50,30,CRef,Coeff,sources/decoded-original/0513-FlgNet.xml
1763,analog input conversion,Coeff.ZERO_TRASM_MV02,Global,pending,호출 방향·미분류 핀 확인 필요,78,51,30,CRef,Zero,sources/decoded-original/0513-FlgNet.xml
1763,analog input conversion,Data.Pot_MV02,Global,write,식별 원본 AK=Write · 호출 방향/인터페이스 추가 확인,79,52,30,CRef,OutValue,sources/decoded-original/0513-FlgNet.xml
1763,analog input conversion,Allarm.Pot_MV02_OFR,Global,write,식별 원본 AK=Write · 호출 방향/인터페이스 추가 확인,83,82,30,CRef,Out_of_range,sources/decoded-original/0513-FlgNet.xml
1764,analog input conversion,EM_OK,Global,read,접점 operand,1191,1168,1217,Contact,operand,sources/decoded-original/0514-FlgNet.xml
1764,analog input conversion,Inputs.MV03 Close,Global,read,접점 operand,21,22,1219,Contact,operand,sources/decoded-original/0514-FlgNet.xml
1764,analog input conversion,fill_unit1.CONTROL_SIGNALS.SW_GATE2,Global,write,코일 operand,1193,1170,1129,Coil,operand,sources/decoded-original/0514-FlgNet.xml
1764,analog input conversion,Memory encoder.Encoder_CH02,Global,read,연산 입력 핀,1194,1171,1134,Add,in1,sources/decoded-original/0514-FlgNet.xml
1764,analog input conversion,fill_unit1.ACT_CNTV2,Global,read,연산 입력 핀,1195,1172,1134,Add,in2,sources/decoded-original/0514-FlgNet.xml
1764,analog input conversion,CNT_Act_2,Local,write,연산 출력 핀,1196,1173,1134,Add,out,sources/decoded-original/0514-FlgNet.xml
1764,analog input conversion,CNT_Act_2,Local,read,연산 입력 핀,1198,1174,1138,Div,in1,sources/decoded-original/0514-FlgNet.xml
1764,analog input conversion,CNTV2_100,Local,write,연산 출력 핀,1200,1176,1138,Div,out,sources/decoded-original/0514-FlgNet.xml
1764,analog input conversion,CNTV2_100,Local,read,Move in,1202,1177,1142,Move,in,sources/decoded-original/0514-FlgNet.xml
1764,analog input conversion,Memory encoder.Encoder_CH02_10,Global,write,Move out,1203,1178,1142,Move,out1,sources/decoded-original/0514-FlgNet.xml
1764,analog input conversion,fill_unit1.CONTROL_SIGNALS.SW_GATE2,Global,read,접점 operand,1205,1179,1221,Contact,operand,sources/decoded-original/0514-FlgNet.xml
1764,analog input conversion,Memory encoder.Encoder_CH02_10,Global,write,Move out,1207,1181,1151,Move,out1,sources/decoded-original/0514-FlgNet.xml
1764,analog input conversion,INT#0,Unknown,read,Move in,1208,1182,1156,Move,in,sources/decoded-original/0514-FlgNet.xml
1764,analog input conversion,Memory encoder.Encoder_CH02,Global,write,Move out,1209,1183,1156,Move,out1,sources/decoded-original/0514-FlgNet.xml
1764,analog input conversion,ON,Global,pending,호출 방향·미분류 핀 확인 필요,1211,1185,1163,CRef,IN0,sources/decoded-original/0514-FlgNet.xml
1764,analog input conversion,Memory encoder.Encoder_CH02_10,Global,pending,호출 방향·미분류 핀 확인 필요,1212,1186,1163,CRef,Analog_input,sources/decoded-original/0514-FlgNet.xml
1764,analog input conversion,Coeff.COEFF_TRASM_MV03,Global,pending,호출 방향·미분류 핀 확인 필요,1213,1187,1163,CRef,Coeff,sources/decoded-original/0514-FlgNet.xml
1764,analog input conversion,Coeff.ZERO_TRASM_MV03,Global,pending,호출 방향·미분류 핀 확인 필요,1214,1188,1163,CRef,Zero,sources/decoded-original/0514-FlgNet.xml
1764,analog input conversion,Data.Pot_MV03,Global,write,식별 원본 AK=Write · 호출 방향/인터페이스 추가 확인,1215,1189,1163,CRef,OutValue,sources/decoded-original/0514-FlgNet.xml
1764,analog input conversion,Allarm.Pot_MV03_OFR,Global,write,식별 원본 AK=Write · 호출 방향/인터페이스 추가 확인,24,23,1163,CRef,Out_of_range,sources/decoded-original/0514-FlgNet.xml
1765,analog input conversion,EM_OK,Global,read,접점 operand,1295,1272,1321,Contact,operand,sources/decoded-original/0515-FlgNet.xml
1765,analog input conversion,MV05_Close,Global,read,접점 operand,21,22,1323,Contact,operand,sources/decoded-original/0515-FlgNet.xml
1765,analog input conversion,fill_unit1.CONTROL_SIGNALS.SW_GATE3,Global,write,코일 operand,1297,1274,1233,Coil,operand,sources/decoded-original/0515-FlgNet.xml
1765,analog input conversion,Memory encoder.Encoder_CH03,Global,read,연산 입력 핀,1298,1275,1238,Add,in1,sources/decoded-original/0515-FlgNet.xml
1765,analog input conversion,fill_unit1.ACT_CNTV3,Global,read,연산 입력 핀,1299,1276,1238,Add,in2,sources/decoded-original/0515-FlgNet.xml
1765,analog input conversion,CNT_Act_3,Local,write,연산 출력 핀,1300,1277,1238,Add,out,sources/decoded-original/0515-FlgNet.xml
1765,analog input conversion,CNT_Act_3,Local,read,연산 입력 핀,1302,1278,1242,Div,in1,sources/decoded-original/0515-FlgNet.xml
1765,analog input conversion,CNTV3_100,Local,write,연산 출력 핀,1304,1280,1242,Div,out,sources/decoded-original/0515-FlgNet.xml
1765,analog input conversion,CNTV3_100,Local,read,Move in,1306,1281,1246,Move,in,sources/decoded-original/0515-FlgNet.xml
1765,analog input conversion,Memory encoder.Encoder_CH03_10,Global,write,Move out,1307,1282,1246,Move,out1,sources/decoded-original/0515-FlgNet.xml
1765,analog input conversion,fill_unit1.CONTROL_SIGNALS.SW_GATE3,Global,read,접점 operand,1309,1283,1325,Contact,operand,sources/decoded-original/0515-FlgNet.xml
1765,analog input conversion,Memory encoder.Encoder_CH03_10,Global,write,Move out,1311,1285,1255,Move,out1,sources/decoded-original/0515-FlgNet.xml
1765,analog input conversion,INT#0,Unknown,read,Move in,1312,1286,1260,Move,in,sources/decoded-original/0515-FlgNet.xml
1765,analog input conversion,Memory encoder.Encoder_CH03,Global,write,Move out,1313,1287,1260,Move,out1,sources/decoded-original/0515-FlgNet.xml
1765,analog input conversion,ON,Global,pending,호출 방향·미분류 핀 확인 필요,1315,1289,1267,CRef,IN0,sources/decoded-original/0515-FlgNet.xml
1765,analog input conversion,Memory encoder.Encoder_CH03_10,Global,pending,호출 방향·미분류 핀 확인 필요,1316,1290,1267,CRef,Analog_input,sources/decoded-original/0515-FlgNet.xml
1765,analog input conversion,Coeff.COEFF_TRASM_MV05,Global,pending,호출 방향·미분류 핀 확인 필요,1317,1291,1267,CRef,Coeff,sources/decoded-original/0515-FlgNet.xml
1765,analog input conversion,Coeff.ZERO_TRASM_MV05,Global,pending,호출 방향·미분류 핀 확인 필요,1318,1292,1267,CRef,Zero,sources/decoded-original/0515-FlgNet.xml
1765,analog input conversion,Data.Pot_MV05,Global,write,식별 원본 AK=Write · 호출 방향/인터페이스 추가 확인,1319,1293,1267,CRef,OutValue,sources/decoded-original/0515-FlgNet.xml
1765,analog input conversion,Allarm.Pot_MV05_OFR,Global,write,식별 원본 AK=Write · 호출 방향/인터페이스 추가 확인,24,23,1267,CRef,Out_of_range,sources/decoded-original/0515-FlgNet.xml
1766,analog input conversion,EM_OK,Global,read,접점 operand,1503,1480,1529,Contact,operand,sources/decoded-original/0516-FlgNet.xml
1766,analog input conversion,MV06_Close,Global,read,접점 operand,1504,1481,1531,Contact,operand,sources/decoded-original/0516-FlgNet.xml
1766,analog input conversion,fill_unit1.CONTROL_SIGNALS.SW_GATE4,Global,write,코일 operand,1505,1482,1441,Coil,operand,sources/decoded-original/0516-FlgNet.xml
1766,analog input conversion,Memory encoder.Encoder_CH04,Global,read,연산 입력 핀,1506,1483,1446,Add,in1,sources/decoded-original/0516-FlgNet.xml
1766,analog input conversion,fill_unit1.ACT_CNTV4,Global,read,연산 입력 핀,1507,1484,1446,Add,in2,sources/decoded-original/0516-FlgNet.xml
1766,analog input conversion,CNT_Act_4,Local,write,연산 출력 핀,1508,1485,1446,Add,out,sources/decoded-original/0516-FlgNet.xml
1766,analog input conversion,CNT_Act_4,Local,read,연산 입력 핀,1510,1486,1450,Div,in1,sources/decoded-original/0516-FlgNet.xml
1766,analog input conversion,CNTV4_100,Local,write,연산 출력 핀,1512,1488,1450,Div,out,sources/decoded-original/0516-FlgNet.xml
1766,analog input conversion,CNTV4_100,Local,read,Move in,1514,1489,1454,Move,in,sources/decoded-original/0516-FlgNet.xml
1766,analog input conversion,Memory encoder.Encoder_CH04_10,Global,write,Move out,1515,1490,1454,Move,out1,sources/decoded-original/0516-FlgNet.xml
1766,analog input conversion,fill_unit1.CONTROL_SIGNALS.SW_GATE4,Global,read,접점 operand,1517,1491,1533,Contact,operand,sources/decoded-original/0516-FlgNet.xml
1766,analog input conversion,Memory encoder.Encoder_CH04_10,Global,write,Move out,1519,1493,1463,Move,out1,sources/decoded-original/0516-FlgNet.xml
1766,analog input conversion,INT#0,Unknown,read,Move in,1520,1494,1468,Move,in,sources/decoded-original/0516-FlgNet.xml
1766,analog input conversion,Memory encoder.Encoder_CH04,Global,write,Move out,1521,1495,1468,Move,out1,sources/decoded-original/0516-FlgNet.xml
1766,analog input conversion,ON,Global,pending,호출 방향·미분류 핀 확인 필요,1523,1497,1475,CRef,IN0,sources/decoded-original/0516-FlgNet.xml
1766,analog input conversion,Memory encoder.Encoder_CH04_10,Global,pending,호출 방향·미분류 핀 확인 필요,1524,1498,1475,CRef,Analog_input,sources/decoded-original/0516-FlgNet.xml
1766,analog input conversion,Coeff.Coeff_MV06,Global,pending,호출 방향·미분류 핀 확인 필요,1525,1499,1475,CRef,Coeff,sources/decoded-original/0516-FlgNet.xml
1766,analog input conversion,Coeff.Zero_MV06,Global,pending,호출 방향·미분류 핀 확인 필요,1526,1500,1475,CRef,Zero,sources/decoded-original/0516-FlgNet.xml
1766,analog input conversion,Data.Pot_MV06,Global,write,식별 원본 AK=Write · 호출 방향/인터페이스 추가 확인,1527,1501,1475,CRef,OutValue,sources/decoded-original/0516-FlgNet.xml
1766,analog input conversion,Allarm.Pot_MV06_OFR,Global,write,식별 원본 AK=Write · 호출 방향/인터페이스 추가 확인,24,23,1475,CRef,Out_of_range,sources/decoded-original/0516-FlgNet.xml
1767,analog input conversion,ON,Global,read,접점 operand,1469,1462,1475,Contact,operand,sources/decoded-original/0517-FlgNet.xml
1767,analog input conversion,ON,Global,pending,호출 방향·미분류 핀 확인 필요,1470,1463,1456,CRef,IN0,sources/decoded-original/0517-FlgNet.xml
1767,analog input conversion,FN02_Current,Global,pending,호출 방향·미분류 핀 확인 필요,1471,1464,1456,CRef,Analog_input,sources/decoded-original/0517-FlgNet.xml
1767,analog input conversion,Coeff.COEFF_FAN_A_FN02,Global,pending,호출 방향·미분류 핀 확인 필요,1472,1465,1456,CRef,Coeff,sources/decoded-original/0517-FlgNet.xml
1767,analog input conversion,Coeff.ZERO_FAN_A_FN02,Global,pending,호출 방향·미분류 핀 확인 필요,1473,1466,1456,CRef,Zero,sources/decoded-original/0517-FlgNet.xml
1767,analog input conversion,Data.FN_02_FAN,Global,write,식별 원본 AK=Write · 호출 방향/인터페이스 추가 확인,1474,1467,1456,CRef,OutValue,sources/decoded-original/0517-FlgNet.xml
1767,analog input conversion,Allarm.FN02_Absorbption_OFR,Global,write,식별 원본 AK=Write · 호출 방향/인터페이스 추가 확인,24,23,1456,CRef,Out_of_range,sources/decoded-original/0517-FlgNet.xml
1768,analog input conversion,ON,Global,read,접점 operand,32,24,21,Contact,operand,sources/decoded-original/0525-FlgNet.xml
1768,analog input conversion,ON,Global,pending,호출 방향·미분류 핀 확인 필요,34,25,22,CRef,IN0,sources/decoded-original/0525-FlgNet.xml
1768,analog input conversion,102A3_SPARE0,Global,pending,호출 방향·미분류 핀 확인 필요,35,26,22,CRef,Analog_input,sources/decoded-original/0525-FlgNet.xml
1768,analog input conversion,HMI_DB.Amp_BC01,Global,write,식별 원본 AK=Write · 호출 방향/인터페이스 추가 확인,38,29,22,CRef,OutValue,sources/decoded-original/0525-FlgNet.xml
1768,analog input conversion,Allarm.BC01_Absorbption_OFR,Global,write,식별 원본 AK=Write · 호출 방향/인터페이스 추가 확인,39,30,22,CRef,Out_of_range,sources/decoded-original/0525-FlgNet.xml
1769,analog input conversion,ON,Global,read,접점 operand,32,24,21,Contact,operand,sources/decoded-original/0526-FlgNet.xml
1769,analog input conversion,ON,Global,pending,호출 방향·미분류 핀 확인 필요,34,25,22,CRef,IN0,sources/decoded-original/0526-FlgNet.xml
1769,analog input conversion,MV04_M18A,Global,pending,호출 방향·미분류 핀 확인 필요,35,26,22,CRef,Analog_input,sources/decoded-original/0526-FlgNet.xml
1769,analog input conversion,HMI_DB.Amp_MC04,Global,write,식별 원본 AK=Write · 호출 방향/인터페이스 추가 확인,38,29,22,CRef,OutValue,sources/decoded-original/0526-FlgNet.xml
1769,analog input conversion,Allarm.MC04_Absorbption_OFR,Global,write,식별 원본 AK=Write · 호출 방향/인터페이스 추가 확인,39,30,22,CRef,Out_of_range,sources/decoded-original/0526-FlgNet.xml
1770,analog input conversion,ON,Global,read,접점 operand,1489,1482,1495,Contact,operand,sources/decoded-original/0518-FlgNet.xml
1770,analog input conversion,ON,Global,pending,호출 방향·미분류 핀 확인 필요,1490,1483,1476,CRef,IN0,sources/decoded-original/0518-FlgNet.xml
1770,analog input conversion,FN04_Current,Global,pending,호출 방향·미분류 핀 확인 필요,1491,1484,1476,CRef,Analog_input,sources/decoded-original/0518-FlgNet.xml
1770,analog input conversion,Coeff.COEFF_ASPIRATOR_A_FN04,Global,pending,호출 방향·미분류 핀 확인 필요,1492,1485,1476,CRef,Coeff,sources/decoded-original/0518-FlgNet.xml
1770,analog input conversion,Coeff.ZERO_ASPIRATOR_A_FN04,Global,pending,호출 방향·미분류 핀 확인 필요,1493,1486,1476,CRef,Zero,sources/decoded-original/0518-FlgNet.xml
1770,analog input conversion,Data.FN_04_ASPIRATOR,Global,write,식별 원본 AK=Write · 호출 방향/인터페이스 추가 확인,1494,1487,1476,CRef,OutValue,sources/decoded-original/0518-FlgNet.xml
1770,analog input conversion,Allarm.FN04_Absorbption_OFR,Global,write,식별 원본 AK=Write · 호출 방향/인터페이스 추가 확인,24,23,1476,CRef,Out_of_range,sources/decoded-original/0518-FlgNet.xml
1771,analog input conversion,ON,Global,read,접점 operand,1509,1502,1515,Contact,operand,sources/decoded-original/0519-FlgNet.xml
1771,analog input conversion,ON,Global,pending,호출 방향·미분류 핀 확인 필요,1510,1503,1496,CRef,IN0,sources/decoded-original/0519-FlgNet.xml
1771,analog input conversion,RD01_Current,Global,pending,호출 방향·미분류 핀 확인 필요,1511,1504,1496,CRef,Analog_input,sources/decoded-original/0519-FlgNet.xml
1771,analog input conversion,Coeff.COEFF_DRUM_A_RD01,Global,pending,호출 방향·미분류 핀 확인 필요,1512,1505,1496,CRef,Coeff,sources/decoded-original/0519-FlgNet.xml
1771,analog input conversion,Coeff.ZERO_DRUM_A_RD01,Global,pending,호출 방향·미분류 핀 확인 필요,1513,1506,1496,CRef,Zero,sources/decoded-original/0519-FlgNet.xml
1771,analog input conversion,Data.Amp_RD01,Global,write,식별 원본 AK=Write · 호출 방향/인터페이스 추가 확인,1514,1507,1496,CRef,OutValue,sources/decoded-original/0519-FlgNet.xml
1771,analog input conversion,Allarm.RD01_Absorbption_OFR,Global,write,식별 원본 AK=Write · 호출 방향/인터페이스 추가 확인,24,23,1496,CRef,Out_of_range,sources/decoded-original/0519-FlgNet.xml
1772,analog input conversion,ON,Global,read,접점 operand,1529,1522,1535,Contact,operand,sources/decoded-original/0520-FlgNet.xml
1772,analog input conversion,ON,Global,pending,호출 방향·미분류 핀 확인 필요,1530,1523,1516,CRef,IN0,sources/decoded-original/0520-FlgNet.xml
1772,analog input conversion,FN01_Current,Global,pending,호출 방향·미분류 핀 확인 필요,1531,1524,1516,CRef,Analog_input,sources/decoded-original/0520-FlgNet.xml
1772,analog input conversion,Coeff.COEFF_FAN_A_FN01,Global,pending,호출 방향·미분류 핀 확인 필요,1532,1525,1516,CRef,Coeff,sources/decoded-original/0520-FlgNet.xml
1772,analog input conversion,Coeff.ZERO_FAN_A_FN01,Global,pending,호출 방향·미분류 핀 확인 필요,1533,1526,1516,CRef,Zero,sources/decoded-original/0520-FlgNet.xml
1772,analog input conversion,Data.Amp_FN01,Global,write,식별 원본 AK=Write · 호출 방향/인터페이스 추가 확인,1534,1527,1516,CRef,OutValue,sources/decoded-original/0520-FlgNet.xml
1772,analog input conversion,Allarm.FN01_Absorbption_OFR,Global,write,식별 원본 AK=Write · 호출 방향/인터페이스 추가 확인,24,23,1516,CRef,Out_of_range,sources/decoded-original/0520-FlgNet.xml
1773,analog input conversion,ON,Global,read,접점 operand,1549,1542,1555,Contact,operand,sources/decoded-original/0521-FlgNet.xml
1773,analog input conversion,ON,Global,pending,호출 방향·미분류 핀 확인 필요,1550,1543,1536,CRef,IN0,sources/decoded-original/0521-FlgNet.xml
1773,analog input conversion,PR_BF01,Global,pending,호출 방향·미분류 핀 확인 필요,1551,1544,1536,CRef,Analog_input,sources/decoded-original/0521-FlgNet.xml
1773,analog input conversion,Coeff.COEFF_DP01,Global,pending,호출 방향·미분류 핀 확인 필요,1552,1545,1536,CRef,Coeff,sources/decoded-original/0521-FlgNet.xml
1773,analog input conversion,Coeff.ZERO_DP01,Global,pending,호출 방향·미분류 핀 확인 필요,1553,1546,1536,CRef,Zero,sources/decoded-original/0521-FlgNet.xml
1773,analog input conversion,Data.DP_01,Global,write,식별 원본 AK=Write · 호출 방향/인터페이스 추가 확인,1554,1547,1536,CRef,OutValue,sources/decoded-original/0521-FlgNet.xml
1773,analog input conversion,Allarm.BF01_OFR,Global,write,식별 원본 AK=Write · 호출 방향/인터페이스 추가 확인,24,23,1536,CRef,Out_of_range,sources/decoded-original/0521-FlgNet.xml
1774,analog input conversion,ON,Global,read,접점 operand,1569,1562,1575,Contact,operand,sources/decoded-original/0522-FlgNet.xml
1774,analog input conversion,ON,Global,pending,호출 방향·미분류 핀 확인 필요,1570,1563,1556,CRef,IN0,sources/decoded-original/0522-FlgNet.xml
1774,analog input conversion,PR_BR02,Global,pending,호출 방향·미분류 핀 확인 필요,1571,1564,1556,CRef,Analog_input,sources/decoded-original/0522-FlgNet.xml
1774,analog input conversion,Coeff.COEFF_DP02,Global,pending,호출 방향·미분류 핀 확인 필요,1572,1565,1556,CRef,Coeff,sources/decoded-original/0522-FlgNet.xml
1774,analog input conversion,Coeff.ZERO_DP02,Global,pending,호출 방향·미분류 핀 확인 필요,1573,1566,1556,CRef,Zero,sources/decoded-original/0522-FlgNet.xml
1774,analog input conversion,Data.DP_02,Global,write,식별 원본 AK=Write · 호출 방향/인터페이스 추가 확인,1574,1567,1556,CRef,OutValue,sources/decoded-original/0522-FlgNet.xml
1774,analog input conversion,Allarm.BF02_OFR,Global,write,식별 원본 AK=Write · 호출 방향/인터페이스 추가 확인,24,23,1556,CRef,Out_of_range,sources/decoded-original/0522-FlgNet.xml
1775,analog input conversion,ON,Global,read,접점 operand,1589,1582,1595,Contact,operand,sources/decoded-original/0523-FlgNet.xml
1775,analog input conversion,ON,Global,pending,호출 방향·미분류 핀 확인 필요,1590,1583,1576,CRef,IN0,sources/decoded-original/0523-FlgNet.xml
1775,analog input conversion,PC01,Global,pending,호출 방향·미분류 핀 확인 필요,1591,1584,1576,CRef,Analog_input,sources/decoded-original/0523-FlgNet.xml
1775,analog input conversion,Coeff.COEFF_PC01,Global,pending,호출 방향·미분류 핀 확인 필요,1592,1585,1576,CRef,Coeff,sources/decoded-original/0523-FlgNet.xml
1775,analog input conversion,Coeff.ZERO_PC01,Global,pending,호출 방향·미분류 핀 확인 필요,1593,1586,1576,CRef,Zero,sources/decoded-original/0523-FlgNet.xml
1775,analog input conversion,Data.PC_01,Global,write,식별 원본 AK=Write · 호출 방향/인터페이스 추가 확인,1594,1587,1576,CRef,OutValue,sources/decoded-original/0523-FlgNet.xml
1775,analog input conversion,Allarm.PC01_OFR,Global,write,식별 원본 AK=Write · 호출 방향/인터페이스 추가 확인,24,23,1576,CRef,Out_of_range,sources/decoded-original/0523-FlgNet.xml
1776,analog input conversion,ON,Global,read,접점 operand,1744,1721,1772,Contact,operand,sources/decoded-original/0524-FlgNet.xml
1776,analog input conversion,BWF01 Pulse,Global,read,접점 operand,1745,1722,1774,Contact,operand,sources/decoded-original/0524-FlgNet.xml
1776,analog input conversion,PLS M51 0,Global,pending,호출 방향·미분류 핀 확인 필요,1747,1723,1676,PBox,bit,sources/decoded-original/0524-FlgNet.xml
1776,analog input conversion,Data.BWF01_count_rep,Global,read,연산 입력 핀,1754,1730,1693,Add,in1,sources/decoded-original/0524-FlgNet.xml
1776,analog input conversion,Data.BWF01_count_rep,Global,write,연산 출력 핀,1756,1732,1693,Add,out,sources/decoded-original/0524-FlgNet.xml
1776,analog input conversion,BWF02 Pulse,Global,read,접점 operand,1758,1733,1776,Contact,operand,sources/decoded-original/0524-FlgNet.xml
1776,analog input conversion,PLS 51 1,Global,pending,호출 방향·미분류 핀 확인 필요,1760,1734,1700,PBox,bit,sources/decoded-original/0524-FlgNet.xml
1776,analog input conversion,Data.BWF02_count_rep,Global,read,연산 입력 핀,1767,1741,1717,Add,in1,sources/decoded-original/0524-FlgNet.xml
1776,analog input conversion,Data.BWF02_count_rep,Global,write,연산 출력 핀,1769,1743,1717,Add,out,sources/decoded-original/0524-FlgNet.xml
1781,allarms 1,ON,Global,read,접점 operand,99,87,117,Contact,operand,sources/decoded-original/0418-FlgNet.xml
1781,allarms 1,Consent Start BWF01,Global,read,접점 operand,100,88,119,Contact,operand,sources/decoded-original/0418-FlgNet.xml
1781,allarms 1,Inputs.BWF 01 RUN,Global,read,접점 operand,137,135,134,Contact,operand,sources/decoded-original/0418-FlgNet.xml
1781,allarms 1,Tag_49,Global,write,코일 operand,102,90,71,SdCoil,operand,sources/decoded-original/0418-FlgNet.xml
1781,allarms 1,Tag_49,Global,read,접점 operand,103,91,121,Contact,operand,sources/decoded-original/0418-FlgNet.xml
1781,allarms 1,Inputs.BWF 01 RUN,Global,read,접점 operand,104,92,123,Contact,operand,sources/decoded-original/0418-FlgNet.xml
1781,allarms 1,Inputs.BWF01 FAULT,Global,read,접점 operand,106,93,125,Contact,operand,sources/decoded-original/0418-FlgNet.xml
1781,allarms 1,Allarm.BWF01_FAULT,Global,write,코일 operand,109,94,80,SCoil,operand,sources/decoded-original/0418-FlgNet.xml
1781,allarms 1,Flag.RESET_ALLARM,Global,read,접점 operand,111,95,127,Contact,operand,sources/decoded-original/0418-FlgNet.xml
1781,allarms 1,Allarm.BWF01_FAULT,Global,read,접점 operand,112,96,129,Contact,operand,sources/decoded-original/0418-FlgNet.xml
1781,allarms 1,Inputs.BWF01 FAULT,Global,read,접점 operand,113,97,131,Contact,operand,sources/decoded-original/0418-FlgNet.xml
1781,allarms 1,Allarm.BWF01_FAULT,Global,write,코일 operand,115,98,86,RCoil,operand,sources/decoded-original/0418-FlgNet.xml
1782,allarms 1,ON,Global,read,접점 operand,133,122,150,Contact,operand,sources/decoded-original/0419-FlgNet.xml
1782,allarms 1,Consent Start BWF01,Global,read,접점 operand,134,123,152,Contact,operand,sources/decoded-original/0419-FlgNet.xml
1782,allarms 1,Inputs.min LEV BWF01,Global,read,접점 operand,135,124,154,Contact,operand,sources/decoded-original/0419-FlgNet.xml
1782,allarms 1,Allarm.BWF01_min_LEVEL,Global,write,코일 operand,137,125,105,SCoil,operand,sources/decoded-original/0419-FlgNet.xml
1782,allarms 1,Inputs.MAX LEV BWF01,Global,read,접점 operand,138,126,156,Contact,operand,sources/decoded-original/0419-FlgNet.xml
1782,allarms 1,Allarm.BWF01_MAX_LEVEL,Global,write,코일 operand,140,127,109,SCoil,operand,sources/decoded-original/0419-FlgNet.xml
1782,allarms 1,Flag.RESET_ALLARM,Global,read,접점 operand,141,128,158,Contact,operand,sources/decoded-original/0419-FlgNet.xml
1782,allarms 1,Inputs.min LEV BWF01,Global,read,접점 operand,142,129,160,Contact,operand,sources/decoded-original/0419-FlgNet.xml
1782,allarms 1,Allarm.BWF01_min_LEVEL,Global,write,코일 operand,144,130,117,RCoil,operand,sources/decoded-original/0419-FlgNet.xml
1782,allarms 1,Inputs.MAX LEV BWF01,Global,read,접점 operand,145,131,162,Contact,operand,sources/decoded-original/0419-FlgNet.xml
1782,allarms 1,Allarm.BWF01_MAX_LEVEL,Global,write,코일 operand,147,132,121,RCoil,operand,sources/decoded-original/0419-FlgNet.xml
1783,allarms 1,ON,Global,read,접점 operand,175,163,193,Contact,operand,sources/decoded-original/0420-FlgNet.xml
1783,allarms 1,Consent Start BWF02,Global,read,접점 operand,176,164,195,Contact,operand,sources/decoded-original/0420-FlgNet.xml
1783,allarms 1,Inputs.BWF 02 RUN,Global,read,접점 operand,213,211,210,Contact,operand,sources/decoded-original/0420-FlgNet.xml
1783,allarms 1,Tag_50,Global,write,코일 operand,178,166,147,SdCoil,operand,sources/decoded-original/0420-FlgNet.xml
1783,allarms 1,Tag_50,Global,read,접점 operand,179,167,197,Contact,operand,sources/decoded-original/0420-FlgNet.xml
1783,allarms 1,Inputs.BWF 02 RUN,Global,read,접점 operand,180,168,199,Contact,operand,sources/decoded-original/0420-FlgNet.xml
1783,allarms 1,Inputs.BWF02 FAULT,Global,read,접점 operand,182,169,201,Contact,operand,sources/decoded-original/0420-FlgNet.xml
1783,allarms 1,Allarm.BWF02_FAULT,Global,write,코일 operand,185,170,156,SCoil,operand,sources/decoded-original/0420-FlgNet.xml
1783,allarms 1,Flag.RESET_ALLARM,Global,read,접점 operand,187,171,203,Contact,operand,sources/decoded-original/0420-FlgNet.xml
1783,allarms 1,Allarm.BWF02_FAULT,Global,read,접점 operand,188,172,205,Contact,operand,sources/decoded-original/0420-FlgNet.xml
1783,allarms 1,Inputs.BWF02 FAULT,Global,read,접점 operand,189,173,207,Contact,operand,sources/decoded-original/0420-FlgNet.xml
1783,allarms 1,Allarm.BWF02_FAULT,Global,write,코일 operand,191,174,162,RCoil,operand,sources/decoded-original/0420-FlgNet.xml
1784,allarms 1,ON,Global,read,접점 operand,209,198,226,Contact,operand,sources/decoded-original/0421-FlgNet.xml
1784,allarms 1,Consent Start BWF02,Global,read,접점 operand,210,199,228,Contact,operand,sources/decoded-original/0421-FlgNet.xml
1784,allarms 1,Inputs.min LEV BWF02,Global,read,접점 operand,211,200,230,Contact,operand,sources/decoded-original/0421-FlgNet.xml
1784,allarms 1,Allarm.BWF02_min_LEVEL,Global,write,코일 operand,213,201,181,SCoil,operand,sources/decoded-original/0421-FlgNet.xml
1784,allarms 1,Inputs.MAX LEV BWF02,Global,read,접점 operand,214,202,232,Contact,operand,sources/decoded-original/0421-FlgNet.xml
1784,allarms 1,Allarm.BWF02_MAX_LEVEL,Global,write,코일 operand,216,203,185,SCoil,operand,sources/decoded-original/0421-FlgNet.xml
1784,allarms 1,Flag.RESET_ALLARM,Global,read,접점 operand,217,204,234,Contact,operand,sources/decoded-original/0421-FlgNet.xml
1784,allarms 1,Inputs.min LEV BWF02,Global,read,접점 operand,218,205,236,Contact,operand,sources/decoded-original/0421-FlgNet.xml
1784,allarms 1,Allarm.BWF02_min_LEVEL,Global,write,코일 operand,220,206,193,RCoil,operand,sources/decoded-original/0421-FlgNet.xml
1784,allarms 1,Inputs.MAX LEV BWF02,Global,read,접점 operand,221,207,238,Contact,operand,sources/decoded-original/0421-FlgNet.xml
1784,allarms 1,Allarm.BWF02_MAX_LEVEL,Global,write,코일 operand,223,208,197,RCoil,operand,sources/decoded-original/0421-FlgNet.xml
1785,allarms 1,ON,Global,read,접점 operand,239,229,253,Contact,operand,sources/decoded-original/0422-FlgNet.xml
1785,allarms 1,Start BC01,Global,read,접점 operand,240,230,255,Contact,operand,sources/decoded-original/0422-FlgNet.xml
1785,allarms 1,Inputs.BC01 run,Global,read,접점 operand,271,269,268,Contact,operand,sources/decoded-original/0422-FlgNet.xml
1785,allarms 1,Inputs.BC01_All_inv,Global,read,접점 operand,275,273,272,Contact,operand,sources/decoded-original/0422-FlgNet.xml
1785,allarms 1,Tag_51,Global,write,코일 operand,242,232,217,SdCoil,operand,sources/decoded-original/0422-FlgNet.xml
1785,allarms 1,Tag_51,Global,read,접점 operand,243,233,257,Contact,operand,sources/decoded-original/0422-FlgNet.xml
1785,allarms 1,Inputs.BC01 run,Global,read,접점 operand,244,234,259,Contact,operand,sources/decoded-original/0422-FlgNet.xml
1785,allarms 1,Allarm.BC_01_FAULT,Global,write,코일 operand,246,235,223,SCoil,operand,sources/decoded-original/0422-FlgNet.xml
1785,allarms 1,Inputs.BC01_All_inv,Global,read,접점 operand,43,44,23,Contact,operand,sources/decoded-original/0422-FlgNet.xml
1785,allarms 1,Allarm.BC01_INV,Global,write,코일 operand,33,34,27,SCoil,operand,sources/decoded-original/0422-FlgNet.xml
1785,allarms 1,Flag.RESET_ALLARM,Global,read,접점 operand,248,236,261,Contact,operand,sources/decoded-original/0422-FlgNet.xml
1785,allarms 1,Allarm.BC_01_FAULT,Global,read,접점 operand,249,237,263,Contact,operand,sources/decoded-original/0422-FlgNet.xml
1785,allarms 1,Allarm.BC_01_FAULT,Global,write,코일 operand,251,238,228,RCoil,operand,sources/decoded-original/0422-FlgNet.xml
1785,allarms 1,Allarm.BC01_INV,Global,read,접점 operand,37,38,266,Contact,operand,sources/decoded-original/0422-FlgNet.xml
1785,allarms 1,Allarm.BC01_INV,Global,write,코일 operand,40,41,267,RCoil,operand,sources/decoded-original/0422-FlgNet.xml
1786,allarms 1,ON,Global,read,접점 operand,248,241,258,Contact,operand,sources/decoded-original/0423-FlgNet.xml
1786,allarms 1,Inputs.BC01 trip wire,Global,read,접점 operand,249,242,260,Contact,operand,sources/decoded-original/0423-FlgNet.xml
1786,allarms 1,Allarm.BC_01_FC,Global,write,코일 operand,251,243,234,SCoil,operand,sources/decoded-original/0423-FlgNet.xml
1786,allarms 1,Flag.RESET_ALLARM,Global,read,접점 operand,252,244,262,Contact,operand,sources/decoded-original/0423-FlgNet.xml
1786,allarms 1,Inputs.BC01 trip wire,Global,read,접점 operand,253,245,264,Contact,operand,sources/decoded-original/0423-FlgNet.xml
1786,allarms 1,Allarm.BC_01_FC,Global,read,접점 operand,254,246,266,Contact,operand,sources/decoded-original/0423-FlgNet.xml
1786,allarms 1,Allarm.BC_01_FC,Global,write,코일 operand,256,247,240,RCoil,operand,sources/decoded-original/0423-FlgNet.xml
1787,allarms 1,ON,Global,read,접점 operand,337,327,351,Contact,operand,sources/decoded-original/0424-FlgNet.xml
1787,allarms 1,Start RD01,Global,read,접점 operand,338,328,353,Contact,operand,sources/decoded-original/0424-FlgNet.xml
1787,allarms 1,Inputs.RD01 run,Global,read,접점 operand,377,375,374,Contact,operand,sources/decoded-original/0424-FlgNet.xml
1787,allarms 1,Inputs.RD01_All_inv,Global,read,접점 operand,381,379,378,Contact,operand,sources/decoded-original/0424-FlgNet.xml
1787,allarms 1,Tag_54,Global,write,코일 operand,340,330,315,SdCoil,operand,sources/decoded-original/0424-FlgNet.xml
1787,allarms 1,Tag_54,Global,read,접점 operand,341,331,355,Contact,operand,sources/decoded-original/0424-FlgNet.xml
1787,allarms 1,Inputs.RD01 run,Global,read,접점 operand,342,332,357,Contact,operand,sources/decoded-original/0424-FlgNet.xml
1787,allarms 1,Allarm.RD_01_FAULT,Global,write,코일 operand,344,333,321,SCoil,operand,sources/decoded-original/0424-FlgNet.xml
1787,allarms 1,Inputs.RD01_All_inv,Global,read,접점 operand,30,31,364,Contact,operand,sources/decoded-original/0424-FlgNet.xml
1787,allarms 1,Allarm.RD01_INV,Global,write,코일 operand,371,367,365,SCoil,operand,sources/decoded-original/0424-FlgNet.xml
1787,allarms 1,Flag.RESET_ALLARM,Global,read,접점 operand,346,334,359,Contact,operand,sources/decoded-original/0424-FlgNet.xml
1787,allarms 1,Allarm.RD_01_FAULT,Global,read,접점 operand,347,335,361,Contact,operand,sources/decoded-original/0424-FlgNet.xml
1787,allarms 1,Allarm.RD_01_FAULT,Global,write,코일 operand,349,336,326,RCoil,operand,sources/decoded-original/0424-FlgNet.xml
1787,allarms 1,Allarm.RD01_INV,Global,read,접점 operand,24,25,372,Contact,operand,sources/decoded-original/0424-FlgNet.xml
1787,allarms 1,Allarm.RD01_INV,Global,write,코일 operand,27,28,373,RCoil,operand,sources/decoded-original/0424-FlgNet.xml
1788,allarms 1,ON,Global,read,접점 operand,371,361,385,Contact,operand,sources/decoded-original/0425-FlgNet.xml
1788,allarms 1,Start fan RD01,Global,read,접점 operand,372,362,387,Contact,operand,sources/decoded-original/0425-FlgNet.xml
1788,allarms 1,Inputs.fan RD01 run,Global,read,접점 operand,401,399,398,Contact,operand,sources/decoded-original/0425-FlgNet.xml
1788,allarms 1,Tag_55,Global,write,코일 operand,374,364,349,SdCoil,operand,sources/decoded-original/0425-FlgNet.xml
1788,allarms 1,Tag_55,Global,read,접점 operand,375,365,389,Contact,operand,sources/decoded-original/0425-FlgNet.xml
1788,allarms 1,Inputs.fan RD01 run,Global,read,접점 operand,376,366,391,Contact,operand,sources/decoded-original/0425-FlgNet.xml
1788,allarms 1,Allarm.RD_01_FAN_FAULT,Global,write,코일 operand,378,367,355,SCoil,operand,sources/decoded-original/0425-FlgNet.xml
1788,allarms 1,Flag.RESET_ALLARM,Global,read,접점 operand,380,368,393,Contact,operand,sources/decoded-original/0425-FlgNet.xml
1788,allarms 1,Allarm.RD_01_FAN_FAULT,Global,read,접점 operand,381,369,395,Contact,operand,sources/decoded-original/0425-FlgNet.xml
1788,allarms 1,Allarm.RD_01_FAN_FAULT,Global,write,코일 operand,383,370,360,RCoil,operand,sources/decoded-original/0425-FlgNet.xml
1789,allarms 1,OFF,Global,read,접점 operand,405,395,419,Contact,operand,sources/decoded-original/0426-FlgNet.xml
1789,allarms 1,Start Spare Motor,Global,read,접점 operand,406,396,421,Contact,operand,sources/decoded-original/0426-FlgNet.xml
1789,allarms 1,Inputs.MC03 run,Global,read,접점 operand,435,433,432,Contact,operand,sources/decoded-original/0426-FlgNet.xml
1789,allarms 1,Tag_56,Global,write,코일 operand,408,398,383,SdCoil,operand,sources/decoded-original/0426-FlgNet.xml
1789,allarms 1,Tag_56,Global,read,접점 operand,409,399,423,Contact,operand,sources/decoded-original/0426-FlgNet.xml
1789,allarms 1,Inputs.MC03 run,Global,read,접점 operand,410,400,425,Contact,operand,sources/decoded-original/0426-FlgNet.xml
1789,allarms 1,Allarm.MC_03_FAULT,Global,write,코일 operand,412,401,389,SCoil,operand,sources/decoded-original/0426-FlgNet.xml
1789,allarms 1,Flag.RESET_ALLARM,Global,read,접점 operand,414,402,427,Contact,operand,sources/decoded-original/0426-FlgNet.xml
1789,allarms 1,Allarm.MC_03_FAULT,Global,read,접점 operand,415,403,429,Contact,operand,sources/decoded-original/0426-FlgNet.xml
1789,allarms 1,Allarm.MC_03_FAULT,Global,write,코일 operand,417,404,394,RCoil,operand,sources/decoded-original/0426-FlgNet.xml
1790,allarms 1,OFF,Global,read,접점 operand,414,407,424,Contact,operand,sources/decoded-original/0427-FlgNet.xml
1790,allarms 1,Inputs.MC03 torque,Global,read,접점 operand,415,408,426,Contact,operand,sources/decoded-original/0427-FlgNet.xml
1790,allarms 1,Allarm.MC_03_TORQUE,Global,write,코일 operand,417,409,400,SCoil,operand,sources/decoded-original/0427-FlgNet.xml
1790,allarms 1,Flag.RESET_ALLARM,Global,read,접점 operand,418,410,428,Contact,operand,sources/decoded-original/0427-FlgNet.xml
1790,allarms 1,Inputs.MC03 torque,Global,read,접점 operand,419,411,430,Contact,operand,sources/decoded-original/0427-FlgNet.xml
1790,allarms 1,Allarm.MC_03_TORQUE,Global,read,접점 operand,420,412,432,Contact,operand,sources/decoded-original/0427-FlgNet.xml
1790,allarms 1,Allarm.MC_03_TORQUE,Global,write,코일 operand,422,413,406,RCoil,operand,sources/decoded-original/0427-FlgNet.xml
1791,allarms 1,ON,Global,read,접점 operand,459,449,473,Contact,operand,sources/decoded-original/0428-FlgNet.xml
1791,allarms 1,Start MC04,Global,read,접점 operand,460,450,475,Contact,operand,sources/decoded-original/0428-FlgNet.xml
1791,allarms 1,Inputs.MC04_All_inv,Global,read,접점 operand,499,497,496,Contact,operand,sources/decoded-original/0428-FlgNet.xml
1791,allarms 1,Inputs.MC04 run,Global,read,접점 operand,503,501,500,Contact,operand,sources/decoded-original/0428-FlgNet.xml
1791,allarms 1,Tag_57,Global,write,코일 operand,462,452,437,SdCoil,operand,sources/decoded-original/0428-FlgNet.xml
1791,allarms 1,Tag_57,Global,read,접점 operand,463,453,477,Contact,operand,sources/decoded-original/0428-FlgNet.xml
1791,allarms 1,Inputs.MC04 run,Global,read,접점 operand,464,454,479,Contact,operand,sources/decoded-original/0428-FlgNet.xml
1791,allarms 1,Allarm.MC_04_FAULT,Global,write,코일 operand,466,455,443,SCoil,operand,sources/decoded-original/0428-FlgNet.xml
1791,allarms 1,Inputs.MC04_All_inv,Global,read,접점 operand,30,31,486,Contact,operand,sources/decoded-original/0428-FlgNet.xml
1791,allarms 1,Allarm.MC04_INV,Global,write,코일 operand,493,489,487,SCoil,operand,sources/decoded-original/0428-FlgNet.xml
1791,allarms 1,Flag.RESET_ALLARM,Global,read,접점 operand,468,456,481,Contact,operand,sources/decoded-original/0428-FlgNet.xml
1791,allarms 1,Allarm.MC_04_FAULT,Global,read,접점 operand,469,457,483,Contact,operand,sources/decoded-original/0428-FlgNet.xml
1791,allarms 1,Allarm.MC_04_FAULT,Global,write,코일 operand,471,458,448,RCoil,operand,sources/decoded-original/0428-FlgNet.xml
1791,allarms 1,Allarm.MC04_INV,Global,read,접점 operand,24,25,494,Contact,operand,sources/decoded-original/0428-FlgNet.xml
1791,allarms 1,Allarm.MC04_INV,Global,write,코일 operand,27,28,495,RCoil,operand,sources/decoded-original/0428-FlgNet.xml
1792,allarms 1,OFF,Global,read,접점 operand,34,35,478,Contact,operand,sources/decoded-original/0429-FlgNet.xml
1792,allarms 1,Inputs.MC04 torque,Global,read,접점 operand,27,28,480,Contact,operand,sources/decoded-original/0429-FlgNet.xml
1792,allarms 1,Allarm.MC_04_TORQUE,Global,write,코일 operand,37,38,454,SCoil,operand,sources/decoded-original/0429-FlgNet.xml
1792,allarms 1,Flag.RESET_ALLARM,Global,read,접점 operand,472,464,482,Contact,operand,sources/decoded-original/0429-FlgNet.xml
1792,allarms 1,Inputs.MC04 torque,Global,read,접점 operand,473,465,484,Contact,operand,sources/decoded-original/0429-FlgNet.xml
1792,allarms 1,Allarm.MC_04_TORQUE,Global,read,접점 operand,474,466,486,Contact,operand,sources/decoded-original/0429-FlgNet.xml
1792,allarms 1,Allarm.MC_04_TORQUE,Global,write,코일 operand,476,467,460,RCoil,operand,sources/decoded-original/0429-FlgNet.xml
1794,allarms 1,ON,Global,read,접점 operand,567,557,581,Contact,operand,sources/decoded-original/0430-FlgNet.xml
1794,allarms 1,Start VS01,Global,read,접점 operand,568,558,583,Contact,operand,sources/decoded-original/0430-FlgNet.xml
1794,allarms 1,Inputs.VS01 run,Global,read,접점 operand,607,605,604,Contact,operand,sources/decoded-original/0430-FlgNet.xml
1794,allarms 1,Inputs.VS01_All_Inv,Global,read,접점 operand,611,609,608,Contact,operand,sources/decoded-original/0430-FlgNet.xml
1794,allarms 1,Tag_59,Global,write,코일 operand,570,560,545,SdCoil,operand,sources/decoded-original/0430-FlgNet.xml
1794,allarms 1,Tag_59,Global,read,접점 operand,571,561,585,Contact,operand,sources/decoded-original/0430-FlgNet.xml
1794,allarms 1,Inputs.VS01 run,Global,read,접점 operand,572,562,587,Contact,operand,sources/decoded-original/0430-FlgNet.xml
1794,allarms 1,Allarm.VS_01_FAULT,Global,write,코일 operand,574,563,551,SCoil,operand,sources/decoded-original/0430-FlgNet.xml
1794,allarms 1,Inputs.VS01_All_Inv,Global,read,접점 operand,30,31,594,Contact,operand,sources/decoded-original/0430-FlgNet.xml
1794,allarms 1,Allarm.VS01_INV,Global,write,코일 operand,601,597,595,SCoil,operand,sources/decoded-original/0430-FlgNet.xml
1794,allarms 1,Flag.RESET_ALLARM,Global,read,접점 operand,576,564,589,Contact,operand,sources/decoded-original/0430-FlgNet.xml
1794,allarms 1,Allarm.VS_01_FAULT,Global,read,접점 operand,577,565,591,Contact,operand,sources/decoded-original/0430-FlgNet.xml
1794,allarms 1,Allarm.VS_01_FAULT,Global,write,코일 operand,579,566,556,RCoil,operand,sources/decoded-original/0430-FlgNet.xml
1794,allarms 1,Allarm.VS01_INV,Global,read,접점 operand,24,25,602,Contact,operand,sources/decoded-original/0430-FlgNet.xml
1794,allarms 1,Allarm.VS01_INV,Global,write,코일 operand,27,28,603,RCoil,operand,sources/decoded-original/0430-FlgNet.xml
1796,allarms 1,ON,Global,read,접점 operand,635,625,649,Contact,operand,sources/decoded-original/0431-FlgNet.xml
1796,allarms 1,Start FN02,Global,read,접점 operand,636,626,651,Contact,operand,sources/decoded-original/0431-FlgNet.xml
1796,allarms 1,Inputs.FN02 Run,Global,read,접점 operand,675,673,672,Contact,operand,sources/decoded-original/0431-FlgNet.xml
1796,allarms 1,Inputs.FN02_All_Inv,Global,read,접점 operand,679,677,676,Contact,operand,sources/decoded-original/0431-FlgNet.xml
1796,allarms 1,Tag_61,Global,write,코일 operand,638,628,613,SdCoil,operand,sources/decoded-original/0431-FlgNet.xml
1796,allarms 1,Tag_61,Global,read,접점 operand,639,629,653,Contact,operand,sources/decoded-original/0431-FlgNet.xml
1796,allarms 1,Inputs.FN02 Run,Global,read,접점 operand,640,630,655,Contact,operand,sources/decoded-original/0431-FlgNet.xml
1796,allarms 1,Allarm.FN_02_FAULT,Global,write,코일 operand,642,631,619,SCoil,operand,sources/decoded-original/0431-FlgNet.xml
1796,allarms 1,Inputs.FN02_All_Inv,Global,read,접점 operand,30,31,662,Contact,operand,sources/decoded-original/0431-FlgNet.xml
1796,allarms 1,Allarm.FN02_INV,Global,write,코일 operand,669,665,663,SCoil,operand,sources/decoded-original/0431-FlgNet.xml
1796,allarms 1,Flag.RESET_ALLARM,Global,read,접점 operand,644,632,657,Contact,operand,sources/decoded-original/0431-FlgNet.xml
1796,allarms 1,Allarm.FN_02_FAULT,Global,read,접점 operand,645,633,659,Contact,operand,sources/decoded-original/0431-FlgNet.xml
1796,allarms 1,Allarm.FN_02_FAULT,Global,write,코일 operand,647,634,624,RCoil,operand,sources/decoded-original/0431-FlgNet.xml
1796,allarms 1,Allarm.FN02_INV,Global,read,접점 operand,24,25,670,Contact,operand,sources/decoded-original/0431-FlgNet.xml
1796,allarms 1,Allarm.FN02_INV,Global,write,코일 operand,27,28,671,RCoil,operand,sources/decoded-original/0431-FlgNet.xml
1797,allarms 1,ON,Global,read,접점 operand,669,659,683,Contact,operand,sources/decoded-original/0432-FlgNet.xml
1797,allarms 1,Start VR01,Global,read,접점 operand,670,660,685,Contact,operand,sources/decoded-original/0432-FlgNet.xml
1797,allarms 1,Inputs.VR-01 RUN,Global,read,접점 operand,699,697,696,Contact,operand,sources/decoded-original/0432-FlgNet.xml
1797,allarms 1,Tag_62,Global,write,코일 operand,672,662,647,SdCoil,operand,sources/decoded-original/0432-FlgNet.xml
1797,allarms 1,Tag_62,Global,read,접점 operand,673,663,687,Contact,operand,sources/decoded-original/0432-FlgNet.xml
1797,allarms 1,Allarm.VR_01_FAULT,Global,write,코일 operand,676,665,653,SCoil,operand,sources/decoded-original/0432-FlgNet.xml
1797,allarms 1,Flag.RESET_ALLARM,Global,read,접점 operand,678,666,691,Contact,operand,sources/decoded-original/0432-FlgNet.xml
1797,allarms 1,Allarm.VR_01_FAULT,Global,read,접점 operand,679,667,693,Contact,operand,sources/decoded-original/0432-FlgNet.xml
1797,allarms 1,Allarm.VR_01_FAULT,Global,write,코일 operand,681,668,658,RCoil,operand,sources/decoded-original/0432-FlgNet.xml
1798,allarms 1,ON,Global,read,접점 operand,703,693,717,Contact,operand,sources/decoded-original/0433-FlgNet.xml
1798,allarms 1,Start FN01,Global,read,접점 operand,704,694,719,Contact,operand,sources/decoded-original/0433-FlgNet.xml
1798,allarms 1,Inputs.FN01 Run,Global,read,접점 operand,743,741,740,Contact,operand,sources/decoded-original/0433-FlgNet.xml
1798,allarms 1,Inputs.FN01_All_Inv,Global,read,접점 operand,747,745,744,Contact,operand,sources/decoded-original/0433-FlgNet.xml
1798,allarms 1,Tag_63,Global,write,코일 operand,706,696,681,SdCoil,operand,sources/decoded-original/0433-FlgNet.xml
1798,allarms 1,Tag_63,Global,read,접점 operand,707,697,721,Contact,operand,sources/decoded-original/0433-FlgNet.xml
1798,allarms 1,Inputs.FN01 Run,Global,read,접점 operand,708,698,723,Contact,operand,sources/decoded-original/0433-FlgNet.xml
1798,allarms 1,Allarm.FN_01_FAULT,Global,write,코일 operand,710,699,687,SCoil,operand,sources/decoded-original/0433-FlgNet.xml
1798,allarms 1,Inputs.FN01_All_Inv,Global,read,접점 operand,30,31,730,Contact,operand,sources/decoded-original/0433-FlgNet.xml
1798,allarms 1,Allarm.FN01_INV,Global,write,코일 operand,737,733,731,SCoil,operand,sources/decoded-original/0433-FlgNet.xml
1798,allarms 1,Flag.RESET_ALLARM,Global,read,접점 operand,712,700,725,Contact,operand,sources/decoded-original/0433-FlgNet.xml
1798,allarms 1,Allarm.FN_01_FAULT,Global,read,접점 operand,713,701,727,Contact,operand,sources/decoded-original/0433-FlgNet.xml
1798,allarms 1,Allarm.FN_01_FAULT,Global,write,코일 operand,715,702,692,RCoil,operand,sources/decoded-original/0433-FlgNet.xml
1798,allarms 1,Allarm.FN01_INV,Global,read,접점 operand,24,25,738,Contact,operand,sources/decoded-original/0433-FlgNet.xml
1798,allarms 1,Allarm.FN01_INV,Global,write,코일 operand,27,28,739,RCoil,operand,sources/decoded-original/0433-FlgNet.xml
1799,allarms 1,ON,Global,read,접점 operand,737,727,751,Contact,operand,sources/decoded-original/0434-FlgNet.xml
1799,allarms 1,Start VR02,Global,read,접점 operand,738,728,753,Contact,operand,sources/decoded-original/0434-FlgNet.xml
1799,allarms 1,Inputs.VR02 Run,Global,read,접점 operand,767,765,764,Contact,operand,sources/decoded-original/0434-FlgNet.xml
1799,allarms 1,Tag_64,Global,write,코일 operand,740,730,715,SdCoil,operand,sources/decoded-original/0434-FlgNet.xml
1799,allarms 1,Tag_64,Global,read,접점 operand,741,731,755,Contact,operand,sources/decoded-original/0434-FlgNet.xml
1799,allarms 1,Allarm.VR_02_FAULT,Global,write,코일 operand,744,733,721,SCoil,operand,sources/decoded-original/0434-FlgNet.xml
1799,allarms 1,Flag.RESET_ALLARM,Global,read,접점 operand,746,734,759,Contact,operand,sources/decoded-original/0434-FlgNet.xml
1799,allarms 1,Allarm.VR_02_FAULT,Global,read,접점 operand,747,735,761,Contact,operand,sources/decoded-original/0434-FlgNet.xml
1799,allarms 1,Allarm.VR_02_FAULT,Global,write,코일 operand,749,736,726,RCoil,operand,sources/decoded-original/0434-FlgNet.xml
1800,allarms 1,ON,Global,read,접점 operand,771,761,785,Contact,operand,sources/decoded-original/0435-FlgNet.xml
1800,allarms 1,Start CH01,Global,read,접점 operand,772,762,787,Contact,operand,sources/decoded-original/0435-FlgNet.xml
1800,allarms 1,Inputs.CH01 Run,Global,read,접점 operand,801,799,798,Contact,operand,sources/decoded-original/0435-FlgNet.xml
1800,allarms 1,Tag_65,Global,write,코일 operand,774,764,749,SdCoil,operand,sources/decoded-original/0435-FlgNet.xml
1800,allarms 1,Tag_65,Global,read,접점 operand,775,765,789,Contact,operand,sources/decoded-original/0435-FlgNet.xml
1800,allarms 1,Allarm.CH_01_FAULT,Global,write,코일 operand,778,767,755,SCoil,operand,sources/decoded-original/0435-FlgNet.xml
1800,allarms 1,Flag.RESET_ALLARM,Global,read,접점 operand,780,768,793,Contact,operand,sources/decoded-original/0435-FlgNet.xml
1800,allarms 1,Allarm.CH_01_FAULT,Global,read,접점 operand,781,769,795,Contact,operand,sources/decoded-original/0435-FlgNet.xml
1800,allarms 1,Allarm.CH_01_FAULT,Global,write,코일 operand,783,770,760,RCoil,operand,sources/decoded-original/0435-FlgNet.xml
1801,allarms 1,Start FN03,Global,read,접점 operand,43,45,44,Contact,operand,sources/decoded-original/0436-FlgNet.xml
1801,allarms 1,FP_M25_Run,Global,pending,호출 방향·미분류 핀 확인 필요,52,54,905,PContact,bit,sources/decoded-original/0436-FlgNet.xml
1801,allarms 1,Inputs.FN03 Run,Global,read,접점 operand,53,55,905,PContact,operand,sources/decoded-original/0436-FlgNet.xml
1801,allarms 1,Memo_M25_Running,Global,write,코일 operand,79,80,73,SCoil,operand,sources/decoded-original/0436-FlgNet.xml
1801,allarms 1,Start FN03,Global,read,접점 operand,56,57,906,Contact,operand,sources/decoded-original/0436-FlgNet.xml
1801,allarms 1,Inputs.FN03 Run,Global,read,접점 operand,58,60,59,Contact,operand,sources/decoded-original/0436-FlgNet.xml
1801,allarms 1,Memo_M25_Running,Global,write,코일 operand,69,70,66,RCoil,operand,sources/decoded-original/0436-FlgNet.xml
1801,allarms 1,ON,Global,read,접점 operand,881,865,851,Contact,operand,sources/decoded-original/0436-FlgNet.xml
1801,allarms 1,Start FN03,Global,read,접점 operand,883,866,852,Contact,operand,sources/decoded-original/0436-FlgNet.xml
1801,allarms 1,Inputs.FN03 Run,Global,read,접점 operand,885,867,853,Contact,operand,sources/decoded-original/0436-FlgNet.xml
1801,allarms 1,Memo_M25_Running,Global,read,접점 operand,92,93,87,Contact,operand,sources/decoded-original/0436-FlgNet.xml
1801,allarms 1,Tag_66,Global,write,코일 operand,888,868,854,SdCoil,operand,sources/decoded-original/0436-FlgNet.xml
1801,allarms 1,Memo_M25_Running,Global,read,접점 operand,95,96,907,Contact,operand,sources/decoded-original/0436-FlgNet.xml
1801,allarms 1,Tag_66,Global,write,코일 operand,916,910,908,SdCoil,operand,sources/decoded-original/0436-FlgNet.xml
1801,allarms 1,Inputs.FN03_All_SoftStarter,Global,read,접점 operand,889,870,855,Contact,operand,sources/decoded-original/0436-FlgNet.xml
1801,allarms 1,Allarm.FN03_INV,Global,write,코일 operand,891,871,856,SCoil,operand,sources/decoded-original/0436-FlgNet.xml
1801,allarms 1,Tag_66,Global,read,접점 operand,892,872,857,Contact,operand,sources/decoded-original/0436-FlgNet.xml
1801,allarms 1,Inputs.FN03 Run,Global,read,접점 operand,894,873,858,Contact,operand,sources/decoded-original/0436-FlgNet.xml
1801,allarms 1,Allarm.FN_03_FAULT,Global,write,코일 operand,896,874,859,SCoil,operand,sources/decoded-original/0436-FlgNet.xml
1801,allarms 1,Flag.RESET_ALLARM,Global,read,접점 operand,897,875,860,Contact,operand,sources/decoded-original/0436-FlgNet.xml
1801,allarms 1,Allarm.FN_03_FAULT,Global,read,접점 operand,899,876,861,Contact,operand,sources/decoded-original/0436-FlgNet.xml
1801,allarms 1,Allarm.FN_03_FAULT,Global,write,코일 operand,901,877,862,RCoil,operand,sources/decoded-original/0436-FlgNet.xml
1801,allarms 1,Allarm.FN03_INV,Global,read,접점 operand,902,878,863,Contact,operand,sources/decoded-original/0436-FlgNet.xml
1801,allarms 1,Allarm.FN03_INV,Global,write,코일 operand,904,879,864,RCoil,operand,sources/decoded-original/0436-FlgNet.xml
1802,allarms 1,ON,Global,read,접점 operand,839,829,853,Contact,operand,sources/decoded-original/0437-FlgNet.xml
1802,allarms 1,Start FN06,Global,read,접점 operand,840,830,855,Contact,operand,sources/decoded-original/0437-FlgNet.xml
1802,allarms 1,Inputs.FEEDBACKMOTOR FN-06,Global,read,접점 operand,869,867,866,Contact,operand,sources/decoded-original/0437-FlgNet.xml
1802,allarms 1,Tag_67,Global,write,코일 operand,842,832,817,SdCoil,operand,sources/decoded-original/0437-FlgNet.xml
1802,allarms 1,Tag_67,Global,read,접점 operand,843,833,857,Contact,operand,sources/decoded-original/0437-FlgNet.xml
1802,allarms 1,Allarm.MBVA01_FAULT,Global,write,코일 operand,846,835,823,SCoil,operand,sources/decoded-original/0437-FlgNet.xml
1802,allarms 1,Flag.RESET_ALLARM,Global,read,접점 operand,848,836,861,Contact,operand,sources/decoded-original/0437-FlgNet.xml
1802,allarms 1,Allarm.MBVA01_FAULT,Global,read,접점 operand,849,837,863,Contact,operand,sources/decoded-original/0437-FlgNet.xml
1802,allarms 1,Allarm.MBVA01_FAULT,Global,write,코일 operand,851,838,828,RCoil,operand,sources/decoded-original/0437-FlgNet.xml
1803,allarms 1,ON,Global,read,접점 operand,873,863,887,Contact,operand,sources/decoded-original/0438-FlgNet.xml
1803,allarms 1,Start SC01,Global,read,접점 operand,874,864,889,Contact,operand,sources/decoded-original/0438-FlgNet.xml
1803,allarms 1,Inputs.FEEDBACKMOTOR SC-01,Global,read,접점 operand,903,901,900,Contact,operand,sources/decoded-original/0438-FlgNet.xml
1803,allarms 1,Tag_68,Global,write,코일 operand,876,866,851,SdCoil,operand,sources/decoded-original/0438-FlgNet.xml
1803,allarms 1,Tag_68,Global,read,접점 operand,877,867,891,Contact,operand,sources/decoded-original/0438-FlgNet.xml
1803,allarms 1,Allarm.SC_01_FAULT,Global,write,코일 operand,880,869,857,SCoil,operand,sources/decoded-original/0438-FlgNet.xml
1803,allarms 1,Flag.RESET_ALLARM,Global,read,접점 operand,882,870,895,Contact,operand,sources/decoded-original/0438-FlgNet.xml
1803,allarms 1,Allarm.SC_01_FAULT,Global,read,접점 operand,883,871,897,Contact,operand,sources/decoded-original/0438-FlgNet.xml
1803,allarms 1,Allarm.SC_01_FAULT,Global,write,코일 operand,885,872,862,RCoil,operand,sources/decoded-original/0438-FlgNet.xml
1805,allarms 1,ON,Global,read,접점 operand,941,931,955,Contact,operand,sources/decoded-original/0439-FlgNet.xml
1805,allarms 1,Start LD01,Global,read,접점 operand,942,932,957,Contact,operand,sources/decoded-original/0439-FlgNet.xml
1805,allarms 1,Inputs.FEEDBACKMOTOR LD-01,Global,read,접점 operand,971,969,968,Contact,operand,sources/decoded-original/0439-FlgNet.xml
1805,allarms 1,Tag_70,Global,write,코일 operand,944,934,919,SdCoil,operand,sources/decoded-original/0439-FlgNet.xml
1805,allarms 1,Tag_70,Global,read,접점 operand,945,935,959,Contact,operand,sources/decoded-original/0439-FlgNet.xml
1805,allarms 1,Allarm.LD_01_FAULT,Global,write,코일 operand,948,937,925,SCoil,operand,sources/decoded-original/0439-FlgNet.xml
1805,allarms 1,Flag.RESET_ALLARM,Global,read,접점 operand,950,938,963,Contact,operand,sources/decoded-original/0439-FlgNet.xml
1805,allarms 1,Allarm.LD_01_FAULT,Global,read,접점 operand,951,939,965,Contact,operand,sources/decoded-original/0439-FlgNet.xml
1805,allarms 1,Allarm.LD_01_FAULT,Global,write,코일 operand,953,940,930,RCoil,operand,sources/decoded-original/0439-FlgNet.xml
1806,allarms 1,ON,Global,read,접점 operand,975,965,989,Contact,operand,sources/decoded-original/0440-FlgNet.xml
1806,allarms 1,Start Vibrator LD-01,Global,read,접점 operand,976,966,991,Contact,operand,sources/decoded-original/0440-FlgNet.xml
1806,allarms 1,Inputs.FEEDBACKMOTOR-LD-01A,Global,read,접점 operand,1005,1003,1002,Contact,operand,sources/decoded-original/0440-FlgNet.xml
1806,allarms 1,Tag_71,Global,write,코일 operand,978,968,953,SdCoil,operand,sources/decoded-original/0440-FlgNet.xml
1806,allarms 1,Tag_71,Global,read,접점 operand,979,969,993,Contact,operand,sources/decoded-original/0440-FlgNet.xml
1806,allarms 1,Allarm.LD_01_VIB_FAULT,Global,write,코일 operand,982,971,959,SCoil,operand,sources/decoded-original/0440-FlgNet.xml
1806,allarms 1,Flag.RESET_ALLARM,Global,read,접점 operand,984,972,997,Contact,operand,sources/decoded-original/0440-FlgNet.xml
1806,allarms 1,Allarm.LD_01_VIB_FAULT,Global,read,접점 operand,985,973,999,Contact,operand,sources/decoded-original/0440-FlgNet.xml
1806,allarms 1,Allarm.LD_01_VIB_FAULT,Global,write,코일 operand,987,974,964,RCoil,operand,sources/decoded-original/0440-FlgNet.xml
1807,allarms 1,ON,Global,read,접점 operand,1009,999,1023,Contact,operand,sources/decoded-original/0441-FlgNet.xml
1807,allarms 1,Start SC10,Global,read,접점 operand,1010,1000,1025,Contact,operand,sources/decoded-original/0441-FlgNet.xml
1807,allarms 1,Inputs.FEEDBACKMOTOR SC-10,Global,read,접점 operand,1039,1037,1036,Contact,operand,sources/decoded-original/0441-FlgNet.xml
1807,allarms 1,Tag_72,Global,write,코일 operand,1012,1002,987,SdCoil,operand,sources/decoded-original/0441-FlgNet.xml
1807,allarms 1,Tag_72,Global,read,접점 operand,1013,1003,1027,Contact,operand,sources/decoded-original/0441-FlgNet.xml
1807,allarms 1,Allarm.SC_10_FAULT,Global,write,코일 operand,1016,1005,993,SCoil,operand,sources/decoded-original/0441-FlgNet.xml
1807,allarms 1,Flag.RESET_ALLARM,Global,read,접점 operand,1018,1006,1031,Contact,operand,sources/decoded-original/0441-FlgNet.xml
1807,allarms 1,Allarm.SC_10_FAULT,Global,read,접점 operand,1019,1007,1033,Contact,operand,sources/decoded-original/0441-FlgNet.xml
1807,allarms 1,Allarm.SC_10_FAULT,Global,write,코일 operand,1021,1008,998,RCoil,operand,sources/decoded-original/0441-FlgNet.xml
1808,allarms 1,ON,Global,read,접점 operand,1043,1033,1057,Contact,operand,sources/decoded-original/0442-FlgNet.xml
1808,allarms 1,Start SC11,Global,read,접점 operand,1044,1034,1059,Contact,operand,sources/decoded-original/0442-FlgNet.xml
1808,allarms 1,Inputs.FEEDBACKMOTOR SC-11,Global,read,접점 operand,1073,1071,1070,Contact,operand,sources/decoded-original/0442-FlgNet.xml
1808,allarms 1,Tag_73,Global,write,코일 operand,1046,1036,1021,SdCoil,operand,sources/decoded-original/0442-FlgNet.xml
1808,allarms 1,Tag_73,Global,read,접점 operand,1047,1037,1061,Contact,operand,sources/decoded-original/0442-FlgNet.xml
1808,allarms 1,Allarm.SC_11_FAULT,Global,write,코일 operand,1050,1039,1027,SCoil,operand,sources/decoded-original/0442-FlgNet.xml
1808,allarms 1,Flag.RESET_ALLARM,Global,read,접점 operand,1052,1040,1065,Contact,operand,sources/decoded-original/0442-FlgNet.xml
1808,allarms 1,Allarm.SC_11_FAULT,Global,read,접점 operand,1053,1041,1067,Contact,operand,sources/decoded-original/0442-FlgNet.xml
1808,allarms 1,Allarm.SC_11_FAULT,Global,write,코일 operand,1055,1042,1032,RCoil,operand,sources/decoded-original/0442-FlgNet.xml
1809,allarms 1,ON,Global,read,접점 operand,1077,1067,1091,Contact,operand,sources/decoded-original/0443-FlgNet.xml
1809,allarms 1,Start FN04,Global,read,접점 operand,1078,1068,1093,Contact,operand,sources/decoded-original/0443-FlgNet.xml
1809,allarms 1,Inputs.FN04 Run,Global,read,접점 operand,1117,1115,1114,Contact,operand,sources/decoded-original/0443-FlgNet.xml
1809,allarms 1,Inputs.FN04_All_inv,Global,read,접점 operand,1121,1119,1118,Contact,operand,sources/decoded-original/0443-FlgNet.xml
1809,allarms 1,Tag_74,Global,write,코일 operand,1080,1070,1055,SdCoil,operand,sources/decoded-original/0443-FlgNet.xml
1809,allarms 1,Tag_74,Global,read,접점 operand,1081,1071,1095,Contact,operand,sources/decoded-original/0443-FlgNet.xml
1809,allarms 1,Inputs.FN04 Run,Global,read,접점 operand,1082,1072,1097,Contact,operand,sources/decoded-original/0443-FlgNet.xml
1809,allarms 1,Allarm.FN_04_FAULT,Global,write,코일 operand,1084,1073,1061,SCoil,operand,sources/decoded-original/0443-FlgNet.xml
1809,allarms 1,Inputs.FN04_All_inv,Global,read,접점 operand,30,31,1104,Contact,operand,sources/decoded-original/0443-FlgNet.xml
1809,allarms 1,Allarm.FN04_INV,Global,write,코일 operand,1111,1107,1105,SCoil,operand,sources/decoded-original/0443-FlgNet.xml
1809,allarms 1,Flag.RESET_ALLARM,Global,read,접점 operand,1086,1074,1099,Contact,operand,sources/decoded-original/0443-FlgNet.xml
1809,allarms 1,Allarm.FN_04_FAULT,Global,read,접점 operand,1087,1075,1101,Contact,operand,sources/decoded-original/0443-FlgNet.xml
1809,allarms 1,Allarm.FN_04_FAULT,Global,write,코일 operand,1089,1076,1066,RCoil,operand,sources/decoded-original/0443-FlgNet.xml
1809,allarms 1,Allarm.FN04_INV,Global,read,접점 operand,24,25,1112,Contact,operand,sources/decoded-original/0443-FlgNet.xml
1809,allarms 1,Allarm.FN04_INV,Global,write,코일 operand,27,28,1113,RCoil,operand,sources/decoded-original/0443-FlgNet.xml
1810,allarms 1,ON,Global,read,접점 operand,1111,1101,1125,Contact,operand,sources/decoded-original/0444-FlgNet.xml
1810,allarms 1,Start VR03,Global,read,접점 operand,1112,1102,1127,Contact,operand,sources/decoded-original/0444-FlgNet.xml
1810,allarms 1,Inputs.VR03 Run,Global,read,접점 operand,1141,1139,1138,Contact,operand,sources/decoded-original/0444-FlgNet.xml
1810,allarms 1,Tag_75,Global,write,코일 operand,1114,1104,1089,SdCoil,operand,sources/decoded-original/0444-FlgNet.xml
1810,allarms 1,Tag_75,Global,read,접점 operand,1115,1105,1129,Contact,operand,sources/decoded-original/0444-FlgNet.xml
1810,allarms 1,Allarm.VR_03_FAULT,Global,write,코일 operand,1118,1107,1095,SCoil,operand,sources/decoded-original/0444-FlgNet.xml
1810,allarms 1,Flag.RESET_ALLARM,Global,read,접점 operand,1120,1108,1133,Contact,operand,sources/decoded-original/0444-FlgNet.xml
1810,allarms 1,Allarm.VR_03_FAULT,Global,read,접점 operand,1121,1109,1135,Contact,operand,sources/decoded-original/0444-FlgNet.xml
1810,allarms 1,Allarm.VR_03_FAULT,Global,write,코일 operand,1123,1110,1100,RCoil,operand,sources/decoded-original/0444-FlgNet.xml
1811,allarms 1,ON,Global,read,접점 operand,1145,1135,1159,Contact,operand,sources/decoded-original/0445-FlgNet.xml
1811,allarms 1,Start VR04,Global,read,접점 operand,1146,1136,1161,Contact,operand,sources/decoded-original/0445-FlgNet.xml
1811,allarms 1,Inputs.VR04 Run,Global,read,접점 operand,1175,1173,1172,Contact,operand,sources/decoded-original/0445-FlgNet.xml
1811,allarms 1,Tag_76,Global,write,코일 operand,1148,1138,1123,SdCoil,operand,sources/decoded-original/0445-FlgNet.xml
1811,allarms 1,Tag_76,Global,read,접점 operand,1149,1139,1163,Contact,operand,sources/decoded-original/0445-FlgNet.xml
1811,allarms 1,Allarm.VR_04_FAULT,Global,write,코일 operand,1152,1141,1129,SCoil,operand,sources/decoded-original/0445-FlgNet.xml
1811,allarms 1,Flag.RESET_ALLARM,Global,read,접점 operand,1154,1142,1167,Contact,operand,sources/decoded-original/0445-FlgNet.xml
1811,allarms 1,Allarm.VR_04_FAULT,Global,read,접점 operand,1155,1143,1169,Contact,operand,sources/decoded-original/0445-FlgNet.xml
1811,allarms 1,Allarm.VR_04_FAULT,Global,write,코일 operand,1157,1144,1134,RCoil,operand,sources/decoded-original/0445-FlgNet.xml
1812,allarms 1,ON,Global,read,접점 operand,1179,1169,1193,Contact,operand,sources/decoded-original/0446-FlgNet.xml
1812,allarms 1,Start VR05,Global,read,접점 operand,1180,1170,1195,Contact,operand,sources/decoded-original/0446-FlgNet.xml
1812,allarms 1,Inputs.VR05 Run,Global,read,접점 operand,1209,1207,1206,Contact,operand,sources/decoded-original/0446-FlgNet.xml
1812,allarms 1,Tag_77,Global,write,코일 operand,1182,1172,1157,SdCoil,operand,sources/decoded-original/0446-FlgNet.xml
1812,allarms 1,Tag_77,Global,read,접점 operand,1183,1173,1197,Contact,operand,sources/decoded-original/0446-FlgNet.xml
1812,allarms 1,Allarm.VR_05_FAULT,Global,write,코일 operand,1186,1175,1163,SCoil,operand,sources/decoded-original/0446-FlgNet.xml
1812,allarms 1,Flag.RESET_ALLARM,Global,read,접점 operand,1188,1176,1201,Contact,operand,sources/decoded-original/0446-FlgNet.xml
1812,allarms 1,Allarm.VR_05_FAULT,Global,read,접점 operand,1189,1177,1203,Contact,operand,sources/decoded-original/0446-FlgNet.xml
1812,allarms 1,Allarm.VR_05_FAULT,Global,write,코일 operand,1191,1178,1168,RCoil,operand,sources/decoded-original/0446-FlgNet.xml
1813,allarms 1,ON,Global,read,접점 operand,1213,1203,1227,Contact,operand,sources/decoded-original/0447-FlgNet.xml
1813,allarms 1,Start VR06,Global,read,접점 operand,1214,1204,1229,Contact,operand,sources/decoded-original/0447-FlgNet.xml
1813,allarms 1,Inputs.VR-06 RUN,Global,read,접점 operand,1243,1241,1240,Contact,operand,sources/decoded-original/0447-FlgNet.xml
1813,allarms 1,Tag_78,Global,write,코일 operand,1216,1206,1191,SdCoil,operand,sources/decoded-original/0447-FlgNet.xml
1813,allarms 1,Tag_78,Global,read,접점 operand,1217,1207,1231,Contact,operand,sources/decoded-original/0447-FlgNet.xml
1813,allarms 1,Allarm.VR_06_FAULT,Global,write,코일 operand,1220,1209,1197,SCoil,operand,sources/decoded-original/0447-FlgNet.xml
1813,allarms 1,Flag.RESET_ALLARM,Global,read,접점 operand,1222,1210,1235,Contact,operand,sources/decoded-original/0447-FlgNet.xml
1813,allarms 1,Allarm.VR_06_FAULT,Global,read,접점 operand,1223,1211,1237,Contact,operand,sources/decoded-original/0447-FlgNet.xml
1813,allarms 1,Allarm.VR_06_FAULT,Global,write,코일 operand,1225,1212,1202,RCoil,operand,sources/decoded-original/0447-FlgNet.xml
1814,allarms 1,ON,Global,read,접점 operand,1247,1237,1261,Contact,operand,sources/decoded-original/0448-FlgNet.xml
1814,allarms 1,Start FN05,Global,read,접점 operand,1248,1238,1263,Contact,operand,sources/decoded-original/0448-FlgNet.xml
1814,allarms 1,Inputs.FN-05 RUN,Global,read,접점 operand,1277,1275,1274,Contact,operand,sources/decoded-original/0448-FlgNet.xml
1814,allarms 1,Tag_79,Global,write,코일 operand,1250,1240,1225,SdCoil,operand,sources/decoded-original/0448-FlgNet.xml
1814,allarms 1,Tag_79,Global,read,접점 operand,1251,1241,1265,Contact,operand,sources/decoded-original/0448-FlgNet.xml
1814,allarms 1,Allarm.FN_05_FAULT,Global,write,코일 operand,1254,1243,1231,SCoil,operand,sources/decoded-original/0448-FlgNet.xml
1814,allarms 1,Flag.RESET_ALLARM,Global,read,접점 operand,1256,1244,1269,Contact,operand,sources/decoded-original/0448-FlgNet.xml
1814,allarms 1,Allarm.FN_05_FAULT,Global,read,접점 operand,1257,1245,1271,Contact,operand,sources/decoded-original/0448-FlgNet.xml
1814,allarms 1,Allarm.FN_05_FAULT,Global,write,코일 operand,1259,1246,1236,RCoil,operand,sources/decoded-original/0448-FlgNet.xml
1815,allarms 1,ON,Global,read,접점 operand,1502,1483,1528,Contact,operand,sources/decoded-original/0449-FlgNet.xml
1815,allarms 1,PV-01 Gate a,Global,read,접점 operand,1503,1484,1530,Contact,operand,sources/decoded-original/0449-FlgNet.xml
1815,allarms 1,Flag.PV_01_GATE_A_MEM_OPEN,Global,read,접점 operand,1554,1552,1551,Contact,operand,sources/decoded-original/0449-FlgNet.xml
1815,allarms 1,Tag_80,Global,write,코일 operand,1505,1486,1453,SdCoil,operand,sources/decoded-original/0449-FlgNet.xml
1815,allarms 1,Tag_80,Global,read,접점 operand,1506,1487,1532,Contact,operand,sources/decoded-original/0449-FlgNet.xml
1815,allarms 1,Allarm.PV_01_GATE_A_NOT_OPEN,Global,write,코일 operand,1509,1489,1459,SCoil,operand,sources/decoded-original/0449-FlgNet.xml
1815,allarms 1,Flag.RESET_ALLARM,Global,read,접점 operand,1511,1490,1536,Contact,operand,sources/decoded-original/0449-FlgNet.xml
1815,allarms 1,Allarm.PV_01_GATE_A_NOT_OPEN,Global,read,접점 operand,1512,1491,1538,Contact,operand,sources/decoded-original/0449-FlgNet.xml
1815,allarms 1,Allarm.PV_01_GATE_A_NOT_OPEN,Global,write,코일 operand,1514,1492,1464,RCoil,operand,sources/decoded-original/0449-FlgNet.xml
1815,allarms 1,PV-01 Gate a,Global,read,접점 operand,1515,1493,1540,Contact,operand,sources/decoded-original/0449-FlgNet.xml
1815,allarms 1,Flag.PV_01_GATE_A_MEM_CLOSE,Global,read,접점 operand,1558,1556,1555,Contact,operand,sources/decoded-original/0449-FlgNet.xml
1815,allarms 1,Tag_81,Global,write,코일 operand,1517,1495,1471,SdCoil,operand,sources/decoded-original/0449-FlgNet.xml
1815,allarms 1,Tag_81,Global,read,접점 operand,1518,1496,1542,Contact,operand,sources/decoded-original/0449-FlgNet.xml
1815,allarms 1,Allarm.PV_01_GATE_A_NOT_CLOSE,Global,write,코일 operand,1521,1498,1477,SCoil,operand,sources/decoded-original/0449-FlgNet.xml
1815,allarms 1,Flag.RESET_ALLARM,Global,read,접점 operand,1523,1499,1546,Contact,operand,sources/decoded-original/0449-FlgNet.xml
1815,allarms 1,Allarm.PV_01_GATE_A_NOT_CLOSE,Global,read,접점 operand,1524,1500,1548,Contact,operand,sources/decoded-original/0449-FlgNet.xml
1815,allarms 1,Allarm.PV_01_GATE_A_NOT_CLOSE,Global,write,코일 operand,1526,1501,1482,RCoil,operand,sources/decoded-original/0449-FlgNet.xml
1816,allarms 1,ON,Global,read,접점 operand,1566,1547,1592,Contact,operand,sources/decoded-original/0450-FlgNet.xml
1816,allarms 1,PV-01 GATE B EV,Global,read,접점 operand,29,30,1594,Contact,operand,sources/decoded-original/0450-FlgNet.xml
1816,allarms 1,Flag.PV_01_GATE_B_MEM_OPEN,Global,read,접점 operand,1618,1616,1615,Contact,operand,sources/decoded-original/0450-FlgNet.xml
1816,allarms 1,Tag_82,Global,write,코일 operand,1569,1550,1517,SdCoil,operand,sources/decoded-original/0450-FlgNet.xml
1816,allarms 1,Tag_82,Global,read,접점 operand,1570,1551,1596,Contact,operand,sources/decoded-original/0450-FlgNet.xml
1816,allarms 1,Allarm.PV_01_GATE_B_NOT_OPEN,Global,write,코일 operand,1573,1553,1523,SCoil,operand,sources/decoded-original/0450-FlgNet.xml
1816,allarms 1,Flag.RESET_ALLARM,Global,read,접점 operand,1575,1554,1600,Contact,operand,sources/decoded-original/0450-FlgNet.xml
1816,allarms 1,Allarm.PV_01_GATE_B_NOT_OPEN,Global,read,접점 operand,1576,1555,1602,Contact,operand,sources/decoded-original/0450-FlgNet.xml
1816,allarms 1,Allarm.PV_01_GATE_B_NOT_OPEN,Global,write,코일 operand,1578,1556,1528,RCoil,operand,sources/decoded-original/0450-FlgNet.xml
1816,allarms 1,PV-01 GATE B EV,Global,read,접점 operand,31,32,1604,Contact,operand,sources/decoded-original/0450-FlgNet.xml
1816,allarms 1,Flag.PV_01_GATE_B_MEM_CLOSE,Global,read,접점 operand,1622,1620,1619,Contact,operand,sources/decoded-original/0450-FlgNet.xml
1816,allarms 1,Tag_83,Global,write,코일 operand,1581,1559,1535,SdCoil,operand,sources/decoded-original/0450-FlgNet.xml
1816,allarms 1,Tag_83,Global,read,접점 operand,1582,1560,1606,Contact,operand,sources/decoded-original/0450-FlgNet.xml
1816,allarms 1,Allarm.PV_01_GATE_B_NOT_CLOSE,Global,write,코일 operand,1585,1562,1541,SCoil,operand,sources/decoded-original/0450-FlgNet.xml
1816,allarms 1,Flag.RESET_ALLARM,Global,read,접점 operand,1587,1563,1610,Contact,operand,sources/decoded-original/0450-FlgNet.xml
1816,allarms 1,Allarm.PV_01_GATE_B_NOT_CLOSE,Global,read,접점 operand,1588,1564,1612,Contact,operand,sources/decoded-original/0450-FlgNet.xml
1816,allarms 1,Allarm.PV_01_GATE_B_NOT_CLOSE,Global,write,코일 operand,1590,1565,1546,RCoil,operand,sources/decoded-original/0450-FlgNet.xml
1817,allarms 1,ON,Global,read,접점 operand,1630,1611,1656,Contact,operand,sources/decoded-original/0451-FlgNet.xml
1817,allarms 1,PV-02 GATE A EV,Global,read,접점 operand,1631,1612,1658,Contact,operand,sources/decoded-original/0451-FlgNet.xml
1817,allarms 1,Flag.PV_02_GATE_A_MEM_OPEN,Global,read,접점 operand,1682,1680,1679,Contact,operand,sources/decoded-original/0451-FlgNet.xml
1817,allarms 1,Tag_84,Global,write,코일 operand,1633,1614,1581,SdCoil,operand,sources/decoded-original/0451-FlgNet.xml
1817,allarms 1,Tag_84,Global,read,접점 operand,1634,1615,1660,Contact,operand,sources/decoded-original/0451-FlgNet.xml
1817,allarms 1,Allarm.PV_02_GATE_A_NOT_OPEN,Global,write,코일 operand,1637,1617,1587,SCoil,operand,sources/decoded-original/0451-FlgNet.xml
1817,allarms 1,Flag.RESET_ALLARM,Global,read,접점 operand,1639,1618,1664,Contact,operand,sources/decoded-original/0451-FlgNet.xml
1817,allarms 1,Allarm.PV_02_GATE_A_NOT_OPEN,Global,read,접점 operand,1640,1619,1666,Contact,operand,sources/decoded-original/0451-FlgNet.xml
1817,allarms 1,Allarm.PV_02_GATE_A_NOT_OPEN,Global,write,코일 operand,1642,1620,1592,RCoil,operand,sources/decoded-original/0451-FlgNet.xml
1817,allarms 1,PV-02 GATE A EV,Global,read,접점 operand,1643,1621,1668,Contact,operand,sources/decoded-original/0451-FlgNet.xml
1817,allarms 1,Flag.PV_02_GATE_A_MEM_CLOSE,Global,read,접점 operand,1686,1684,1683,Contact,operand,sources/decoded-original/0451-FlgNet.xml
1817,allarms 1,Tag_85,Global,write,코일 operand,1645,1623,1599,SdCoil,operand,sources/decoded-original/0451-FlgNet.xml
1817,allarms 1,Tag_85,Global,read,접점 operand,1646,1624,1670,Contact,operand,sources/decoded-original/0451-FlgNet.xml
1817,allarms 1,Allarm.PV_02_GATE_A_NOT_CLOSE,Global,write,코일 operand,1649,1626,1605,SCoil,operand,sources/decoded-original/0451-FlgNet.xml
1817,allarms 1,Flag.RESET_ALLARM,Global,read,접점 operand,1651,1627,1674,Contact,operand,sources/decoded-original/0451-FlgNet.xml
1817,allarms 1,Allarm.PV_02_GATE_A_NOT_CLOSE,Global,read,접점 operand,1652,1628,1676,Contact,operand,sources/decoded-original/0451-FlgNet.xml
1817,allarms 1,Allarm.PV_02_GATE_A_NOT_CLOSE,Global,write,코일 operand,1654,1629,1610,RCoil,operand,sources/decoded-original/0451-FlgNet.xml
1818,allarms 1,ON,Global,read,접점 operand,1694,1675,1720,Contact,operand,sources/decoded-original/0452-FlgNet.xml
1818,allarms 1,PV-02 GATE B EV,Global,read,접점 operand,29,30,1722,Contact,operand,sources/decoded-original/0452-FlgNet.xml
1818,allarms 1,Flag.PV_02_GATE_B_MEM_OPEN,Global,read,접점 operand,1746,1744,1743,Contact,operand,sources/decoded-original/0452-FlgNet.xml
1818,allarms 1,Tag_86,Global,write,코일 operand,1697,1678,1645,SdCoil,operand,sources/decoded-original/0452-FlgNet.xml
1818,allarms 1,Tag_86,Global,read,접점 operand,1698,1679,1724,Contact,operand,sources/decoded-original/0452-FlgNet.xml
1818,allarms 1,Allarm.PV_02_GATE_B_NOT_OPEN,Global,write,코일 operand,1701,1681,1651,SCoil,operand,sources/decoded-original/0452-FlgNet.xml
1818,allarms 1,Flag.RESET_ALLARM,Global,read,접점 operand,1703,1682,1728,Contact,operand,sources/decoded-original/0452-FlgNet.xml
1818,allarms 1,Allarm.PV_02_GATE_B_NOT_OPEN,Global,read,접점 operand,1704,1683,1730,Contact,operand,sources/decoded-original/0452-FlgNet.xml
1818,allarms 1,Allarm.PV_02_GATE_B_NOT_OPEN,Global,write,코일 operand,1706,1684,1656,RCoil,operand,sources/decoded-original/0452-FlgNet.xml
1818,allarms 1,PV-02 GATE B EV,Global,read,접점 operand,31,32,1732,Contact,operand,sources/decoded-original/0452-FlgNet.xml
1818,allarms 1,Flag.PV_02_GATE_B_MEM_CLOSE,Global,read,접점 operand,1750,1748,1747,Contact,operand,sources/decoded-original/0452-FlgNet.xml
1818,allarms 1,Tag_87,Global,write,코일 operand,1709,1687,1663,SdCoil,operand,sources/decoded-original/0452-FlgNet.xml
1818,allarms 1,Tag_87,Global,read,접점 operand,1710,1688,1734,Contact,operand,sources/decoded-original/0452-FlgNet.xml
1818,allarms 1,Allarm.PV_02_GATE_B_NOT_CLOSE,Global,write,코일 operand,1713,1690,1669,SCoil,operand,sources/decoded-original/0452-FlgNet.xml
1818,allarms 1,Flag.RESET_ALLARM,Global,read,접점 operand,1715,1691,1738,Contact,operand,sources/decoded-original/0452-FlgNet.xml
1818,allarms 1,Allarm.PV_02_GATE_B_NOT_CLOSE,Global,read,접점 operand,1716,1692,1740,Contact,operand,sources/decoded-original/0452-FlgNet.xml
1818,allarms 1,Allarm.PV_02_GATE_B_NOT_CLOSE,Global,write,코일 operand,1718,1693,1674,RCoil,operand,sources/decoded-original/0452-FlgNet.xml
1819,allarms 1,ON,Global,read,접점 operand,1758,1739,1784,Contact,operand,sources/decoded-original/0453-FlgNet.xml
1819,allarms 1,PV-03 GATE EV,Global,read,접점 operand,1759,1740,1786,Contact,operand,sources/decoded-original/0453-FlgNet.xml
1819,allarms 1,Flag.PV_03_GATE_MEM_OPEN,Global,read,접점 operand,1810,1808,1807,Contact,operand,sources/decoded-original/0453-FlgNet.xml
1819,allarms 1,Tag_88,Global,write,코일 operand,1761,1742,1709,SdCoil,operand,sources/decoded-original/0453-FlgNet.xml
1819,allarms 1,Tag_88,Global,read,접점 operand,1762,1743,1788,Contact,operand,sources/decoded-original/0453-FlgNet.xml
1819,allarms 1,Allarm.PV_03_GATE_NOT_OPEN1,Global,write,코일 operand,1765,1745,1715,SCoil,operand,sources/decoded-original/0453-FlgNet.xml
1819,allarms 1,Flag.RESET_ALLARM,Global,read,접점 operand,1767,1746,1792,Contact,operand,sources/decoded-original/0453-FlgNet.xml
1819,allarms 1,Allarm.PV_03_GATE_NOT_OPEN1,Global,read,접점 operand,1768,1747,1794,Contact,operand,sources/decoded-original/0453-FlgNet.xml
1819,allarms 1,Allarm.PV_03_GATE_NOT_OPEN1,Global,write,코일 operand,1770,1748,1720,RCoil,operand,sources/decoded-original/0453-FlgNet.xml
1819,allarms 1,PV-03 GATE EV,Global,read,접점 operand,1771,1749,1796,Contact,operand,sources/decoded-original/0453-FlgNet.xml
1819,allarms 1,Flag.PV_03_GATE_MEM_CLOSE,Global,read,접점 operand,1814,1812,1811,Contact,operand,sources/decoded-original/0453-FlgNet.xml
1819,allarms 1,Tag_89,Global,write,코일 operand,1773,1751,1727,SdCoil,operand,sources/decoded-original/0453-FlgNet.xml
1819,allarms 1,Tag_89,Global,read,접점 operand,1774,1752,1798,Contact,operand,sources/decoded-original/0453-FlgNet.xml
1819,allarms 1,Allarm.PV_03_GATE_NOT_CLOSE1,Global,write,코일 operand,1777,1754,1733,SCoil,operand,sources/decoded-original/0453-FlgNet.xml
1819,allarms 1,Flag.RESET_ALLARM,Global,read,접점 operand,1779,1755,1802,Contact,operand,sources/decoded-original/0453-FlgNet.xml
1819,allarms 1,Allarm.PV_03_GATE_NOT_CLOSE1,Global,read,접점 operand,1780,1756,1804,Contact,operand,sources/decoded-original/0453-FlgNet.xml
1819,allarms 1,Allarm.PV_03_GATE_NOT_CLOSE1,Global,write,코일 operand,1782,1757,1738,RCoil,operand,sources/decoded-original/0453-FlgNet.xml
1820,allarms 1,OFF,Global,read,접점 operand,1825,1807,1851,Contact,operand,sources/decoded-original/0454-FlgNet.xml
1820,allarms 1,Inputs.BWF1_INVERTER_HIGH_SPEED,Global,read,접점 operand,1826,1808,1853,Contact,operand,sources/decoded-original/0454-FlgNet.xml
1820,allarms 1,Tag_90,Global,write,코일 operand,1828,1810,1775,SdCoil,operand,sources/decoded-original/0454-FlgNet.xml
1820,allarms 1,Tag_90,Global,read,접점 operand,1829,1811,1855,Contact,operand,sources/decoded-original/0454-FlgNet.xml
1820,allarms 1,Allarm.BWF01_Fault_Control,Global,write,코일 operand,1831,1812,1780,SCoil,operand,sources/decoded-original/0454-FlgNet.xml
1820,allarms 1,Inputs.BWF2_INVERTER_HIGH_SPEED,Global,read,접점 operand,1833,1813,1857,Contact,operand,sources/decoded-original/0454-FlgNet.xml
1820,allarms 1,Tag_91,Global,write,코일 operand,1835,1815,1787,SdCoil,operand,sources/decoded-original/0454-FlgNet.xml
1820,allarms 1,Tag_91,Global,read,접점 operand,1836,1816,1859,Contact,operand,sources/decoded-original/0454-FlgNet.xml
1820,allarms 1,Allarm.BWF02_Fault_Control,Global,write,코일 operand,1838,1817,1792,SCoil,operand,sources/decoded-original/0454-FlgNet.xml
1820,allarms 1,Flag.RESET_ALLARM,Global,read,접점 operand,1840,1818,1861,Contact,operand,sources/decoded-original/0454-FlgNet.xml
1820,allarms 1,Allarm.BWF01_Fault_Control,Global,read,접점 operand,1841,1819,1863,Contact,operand,sources/decoded-original/0454-FlgNet.xml
1820,allarms 1,Inputs.BWF1_INVERTER_HIGH_SPEED,Global,read,접점 operand,1842,1820,1865,Contact,operand,sources/decoded-original/0454-FlgNet.xml
1820,allarms 1,Allarm.BWF01_Fault_Control,Global,write,코일 operand,1844,1821,1801,RCoil,operand,sources/decoded-original/0454-FlgNet.xml
1820,allarms 1,Allarm.BWF02_Fault_Control,Global,read,접점 operand,1845,1822,1867,Contact,operand,sources/decoded-original/0454-FlgNet.xml
1820,allarms 1,Inputs.BWF2_INVERTER_HIGH_SPEED,Global,read,접점 operand,1846,1823,1869,Contact,operand,sources/decoded-original/0454-FlgNet.xml
1820,allarms 1,Allarm.BWF02_Fault_Control,Global,write,코일 operand,1848,1824,1806,RCoil,operand,sources/decoded-original/0454-FlgNet.xml
1821,allarms 1,ON,Global,read,접점 operand,1806,1799,1816,Contact,operand,sources/decoded-original/0455-FlgNet.xml
1821,allarms 1,Start Aux INV,Global,read,접점 operand,1840,1838,1837,Contact,operand,sources/decoded-original/0455-FlgNet.xml
1821,allarms 1,Start Aux INV,Global,read,접점 operand,43,44,22,Contact,operand,sources/decoded-original/0455-FlgNet.xml
1821,allarms 1,Inputs.Aux inverter RUN,Global,read,접점 operand,1807,1800,1818,Contact,operand,sources/decoded-original/0455-FlgNet.xml
1821,allarms 1,,Unknown,pending,호출 방향·미분류 핀 확인 필요,39,40,24,CRef,ET,sources/decoded-original/0455-FlgNet.xml
1821,allarms 1,Allarm.Aux_Inverter_Fault,Global,write,코일 operand,1809,1801,1792,SCoil,operand,sources/decoded-original/0455-FlgNet.xml
1821,allarms 1,Inputs.Aux_Inv_All,Global,read,접점 operand,34,35,1827,Contact,operand,sources/decoded-original/0455-FlgNet.xml
1821,allarms 1,Allarm.Aux_INV,Global,write,코일 operand,1834,1830,1828,SCoil,operand,sources/decoded-original/0455-FlgNet.xml
1821,allarms 1,Flag.RESET_ALLARM,Global,read,접점 operand,1810,1802,1820,Contact,operand,sources/decoded-original/0455-FlgNet.xml
1821,allarms 1,Allarm.Aux_Inverter_Fault,Global,read,접점 operand,1811,1803,1822,Contact,operand,sources/decoded-original/0455-FlgNet.xml
1821,allarms 1,Inputs.Aux inverter RUN,Global,read,접점 operand,1812,1804,1824,Contact,operand,sources/decoded-original/0455-FlgNet.xml
1821,allarms 1,Allarm.Aux_Inverter_Fault,Global,write,코일 operand,1814,1805,1798,RCoil,operand,sources/decoded-original/0455-FlgNet.xml
1821,allarms 1,Allarm.Aux_INV,Global,read,접점 operand,31,32,1835,Contact,operand,sources/decoded-original/0455-FlgNet.xml
1821,allarms 1,Allarm.Aux_INV,Global,write,코일 operand,28,29,1836,RCoil,operand,sources/decoded-original/0455-FlgNet.xml
1822,allarms 1,ON,Global,read,접점 operand,46,33,21,Contact,operand,sources/decoded-original/0456-FlgNet.xml
1822,allarms 1,Start ER-01,Global,read,접점 operand,48,34,22,Contact,operand,sources/decoded-original/0456-FlgNet.xml
1822,allarms 1,Inputs.Feedback_ER01,Global,read,접점 operand,50,35,23,Contact,operand,sources/decoded-original/0456-FlgNet.xml
1822,allarms 1,,Unknown,pending,호출 방향·미분류 핀 확인 필요,40,41,28,CRef,ET,sources/decoded-original/0456-FlgNet.xml
1822,allarms 1,Allarm.ER01_run,Global,write,코일 operand,52,36,24,SCoil,operand,sources/decoded-original/0456-FlgNet.xml
1822,allarms 1,Flag.RESET_ALLARM,Global,read,접점 operand,56,39,27,Contact,operand,sources/decoded-original/0456-FlgNet.xml
1822,allarms 1,Allarm.ER01_run,Global,read,접점 operand,63,43,31,Contact,operand,sources/decoded-original/0456-FlgNet.xml
1822,allarms 1,Allarm.ER01_run,Global,write,코일 operand,65,44,32,RCoil,operand,sources/decoded-original/0456-FlgNet.xml
1823,allarms 1,Inputs.Presenza_110V,Global,read,접점 operand,22,24,23,Contact,operand,sources/decoded-original/0457-FlgNet.xml
1823,allarms 1,Allarm.110V_Fault,Global,write,코일 operand,47,48,27,SCoil,operand,sources/decoded-original/0457-FlgNet.xml
1823,allarms 1,Flag.RESET_ALLARM,Global,read,접점 operand,42,38,35,Contact,operand,sources/decoded-original/0457-FlgNet.xml
1823,allarms 1,Allarm.110V_Fault,Global,read,접점 operand,44,39,36,Contact,operand,sources/decoded-original/0457-FlgNet.xml
1823,allarms 1,Allarm.110V_Fault,Global,write,코일 operand,46,40,37,RCoil,operand,sources/decoded-original/0457-FlgNet.xml
1824,allarms 1,Inputs.EM_OK,Global,read,접점 operand,25,27,26,Contact,operand,sources/decoded-original/0458-FlgNet.xml
1824,allarms 1,Allarm.Emergency_module_fault,Global,write,코일 operand,48,49,31,SCoil,operand,sources/decoded-original/0458-FlgNet.xml
1824,allarms 1,Flag.RESET_ALLARM,Global,read,접점 operand,43,39,36,Contact,operand,sources/decoded-original/0458-FlgNet.xml
1824,allarms 1,Allarm.Emergency_module_fault,Global,read,접점 operand,45,40,37,Contact,operand,sources/decoded-original/0458-FlgNet.xml
1824,allarms 1,Allarm.Emergency_module_fault,Global,write,코일 operand,47,41,38,RCoil,operand,sources/decoded-original/0458-FlgNet.xml
1825,allarms 1,Simulation(1),Global,read,접점 operand,22,24,23,Contact,operand,sources/decoded-original/0459-FlgNet.xml
1825,allarms 1,Allarm.Simulation enabled,Global,write,코일 operand,26,28,27,Coil,operand,sources/decoded-original/0459-FlgNet.xml
1825,allarms 1,Flag.RESET_ALLARM,Global,read,접점 operand,36,32,29,Contact,operand,sources/decoded-original/0459-FlgNet.xml
1825,allarms 1,Allarm.Simulation enabled,Global,read,접점 operand,38,33,30,Contact,operand,sources/decoded-original/0459-FlgNet.xml
1825,allarms 1,Allarm.Simulation enabled,Global,write,코일 operand,40,34,31,RCoil,operand,sources/decoded-original/0459-FlgNet.xml
1830,control_stechio,ON,Global,read,접점 operand,610,529,732,Contact,operand,sources/decoded-original/0194-FlgNet.xml
1830,control_stechio,Data.Burner_Air_Out,Global,read,비교 입력 핀,611,530,371,Ge,in1,sources/decoded-original/0194-FlgNet.xml
1830,control_stechio,Stechio.Gas_crv0_4,Global,read,Move in,615,532,374,Move,in,sources/decoded-original/0194-FlgNet.xml
1830,control_stechio,Portata_Presunta_GAS,Local,write,Move out,616,533,374,Move,out1,sources/decoded-original/0194-FlgNet.xml
1830,control_stechio,Data.Burner_Air_Out,Global,read,비교 입력 핀,617,534,379,Ge,in1,sources/decoded-original/0194-FlgNet.xml
1830,control_stechio,Stechio.Gas_crv5_9,Global,read,Move in,621,536,382,Move,in,sources/decoded-original/0194-FlgNet.xml
1830,control_stechio,Portata_Presunta_GAS,Local,write,Move out,622,537,382,Move,out1,sources/decoded-original/0194-FlgNet.xml
1830,control_stechio,Data.Burner_Air_Out,Global,read,비교 입력 핀,623,538,387,Ge,in1,sources/decoded-original/0194-FlgNet.xml
1830,control_stechio,Stechio.Gas_crv10_14,Global,read,Move in,627,540,390,Move,in,sources/decoded-original/0194-FlgNet.xml
1830,control_stechio,Portata_Presunta_GAS,Local,write,Move out,628,541,390,Move,out1,sources/decoded-original/0194-FlgNet.xml
1830,control_stechio,Data.Burner_Air_Out,Global,read,비교 입력 핀,629,542,395,Ge,in1,sources/decoded-original/0194-FlgNet.xml
1830,control_stechio,Stechio.Gas_crv15_19,Global,read,Move in,633,544,398,Move,in,sources/decoded-original/0194-FlgNet.xml
1830,control_stechio,Portata_Presunta_GAS,Local,write,Move out,634,545,398,Move,out1,sources/decoded-original/0194-FlgNet.xml
1830,control_stechio,Data.Burner_Air_Out,Global,read,비교 입력 핀,635,546,403,Ge,in1,sources/decoded-original/0194-FlgNet.xml
1830,control_stechio,Stechio.Gas_crv20_24,Global,read,Move in,639,548,406,Move,in,sources/decoded-original/0194-FlgNet.xml
1830,control_stechio,Portata_Presunta_GAS,Local,write,Move out,640,549,406,Move,out1,sources/decoded-original/0194-FlgNet.xml
1830,control_stechio,Data.Burner_Air_Out,Global,read,비교 입력 핀,641,550,411,Ge,in1,sources/decoded-original/0194-FlgNet.xml
1830,control_stechio,Stechio.Gas_crv25_29,Global,read,Move in,645,552,414,Move,in,sources/decoded-original/0194-FlgNet.xml
1830,control_stechio,Portata_Presunta_GAS,Local,write,Move out,646,553,414,Move,out1,sources/decoded-original/0194-FlgNet.xml
1830,control_stechio,Data.Burner_Air_Out,Global,read,비교 입력 핀,647,554,419,Ge,in1,sources/decoded-original/0194-FlgNet.xml
1830,control_stechio,Stechio.Gas_crv30_34,Global,read,Move in,651,556,422,Move,in,sources/decoded-original/0194-FlgNet.xml
1830,control_stechio,Portata_Presunta_GAS,Local,write,Move out,652,557,422,Move,out1,sources/decoded-original/0194-FlgNet.xml
1830,control_stechio,Data.Burner_Air_Out,Global,read,비교 입력 핀,653,558,427,Ge,in1,sources/decoded-original/0194-FlgNet.xml
1830,control_stechio,Stechio.Gas_crv35_39,Global,read,Move in,657,560,430,Move,in,sources/decoded-original/0194-FlgNet.xml
1830,control_stechio,Portata_Presunta_GAS,Local,write,Move out,658,561,430,Move,out1,sources/decoded-original/0194-FlgNet.xml
1830,control_stechio,Data.Burner_Air_Out,Global,read,비교 입력 핀,659,562,435,Ge,in1,sources/decoded-original/0194-FlgNet.xml
1830,control_stechio,Stechio.Gas_crv40_44,Global,read,Move in,663,564,438,Move,in,sources/decoded-original/0194-FlgNet.xml
1830,control_stechio,Portata_Presunta_GAS,Local,write,Move out,664,565,438,Move,out1,sources/decoded-original/0194-FlgNet.xml
1830,control_stechio,Data.Burner_Air_Out,Global,read,비교 입력 핀,665,566,443,Ge,in1,sources/decoded-original/0194-FlgNet.xml
1830,control_stechio,Stechio.Gas_crv45_49,Global,read,Move in,669,568,446,Move,in,sources/decoded-original/0194-FlgNet.xml
1830,control_stechio,Portata_Presunta_GAS,Local,write,Move out,670,569,446,Move,out1,sources/decoded-original/0194-FlgNet.xml
1830,control_stechio,Data.Burner_Air_Out,Global,read,비교 입력 핀,671,570,451,Ge,in1,sources/decoded-original/0194-FlgNet.xml
1830,control_stechio,Stechio.Gas_crv50_54,Global,read,Move in,675,572,454,Move,in,sources/decoded-original/0194-FlgNet.xml
1830,control_stechio,Portata_Presunta_GAS,Local,write,Move out,676,573,454,Move,out1,sources/decoded-original/0194-FlgNet.xml
1830,control_stechio,Data.Burner_Air_Out,Global,read,비교 입력 핀,677,574,459,Ge,in1,sources/decoded-original/0194-FlgNet.xml
1830,control_stechio,Stechio.Gas_crv55_59,Global,read,Move in,681,576,462,Move,in,sources/decoded-original/0194-FlgNet.xml
1830,control_stechio,Portata_Presunta_GAS,Local,write,Move out,682,577,462,Move,out1,sources/decoded-original/0194-FlgNet.xml
1830,control_stechio,Data.Burner_Air_Out,Global,read,비교 입력 핀,683,578,467,Ge,in1,sources/decoded-original/0194-FlgNet.xml
1830,control_stechio,Stechio.Gas_crv60_64,Global,read,Move in,687,580,470,Move,in,sources/decoded-original/0194-FlgNet.xml
1830,control_stechio,Portata_Presunta_GAS,Local,write,Move out,688,581,470,Move,out1,sources/decoded-original/0194-FlgNet.xml
1830,control_stechio,Data.Burner_Air_Out,Global,read,비교 입력 핀,689,582,475,Ge,in1,sources/decoded-original/0194-FlgNet.xml
1830,control_stechio,Stechio.Gas_crv65_69,Global,read,Move in,693,584,478,Move,in,sources/decoded-original/0194-FlgNet.xml
1830,control_stechio,Portata_Presunta_GAS,Local,write,Move out,694,585,478,Move,out1,sources/decoded-original/0194-FlgNet.xml
1830,control_stechio,Data.Burner_Air_Out,Global,read,비교 입력 핀,695,586,483,Ge,in1,sources/decoded-original/0194-FlgNet.xml
1830,control_stechio,Stechio.Gas_crv70_74,Global,read,Move in,699,588,486,Move,in,sources/decoded-original/0194-FlgNet.xml
1830,control_stechio,Portata_Presunta_GAS,Local,write,Move out,700,589,486,Move,out1,sources/decoded-original/0194-FlgNet.xml
1830,control_stechio,Data.Burner_Air_Out,Global,read,비교 입력 핀,701,590,491,Ge,in1,sources/decoded-original/0194-FlgNet.xml
1830,control_stechio,Stechio.Gas_crv75_79,Global,read,Move in,705,592,494,Move,in,sources/decoded-original/0194-FlgNet.xml
1830,control_stechio,Portata_Presunta_GAS,Local,write,Move out,706,593,494,Move,out1,sources/decoded-original/0194-FlgNet.xml
1830,control_stechio,Data.Burner_Air_Out,Global,read,비교 입력 핀,707,594,499,Ge,in1,sources/decoded-original/0194-FlgNet.xml
1830,control_stechio,Stechio.Gas_crv80_84,Global,read,Move in,711,596,502,Move,in,sources/decoded-original/0194-FlgNet.xml
1830,control_stechio,Portata_Presunta_GAS,Local,write,Move out,712,597,502,Move,out1,sources/decoded-original/0194-FlgNet.xml
1830,control_stechio,Data.Burner_Air_Out,Global,read,비교 입력 핀,713,598,507,Ge,in1,sources/decoded-original/0194-FlgNet.xml
1830,control_stechio,Stechio.Gas_crv85_89,Global,read,Move in,717,600,510,Move,in,sources/decoded-original/0194-FlgNet.xml
1830,control_stechio,Portata_Presunta_GAS,Local,write,Move out,718,601,510,Move,out1,sources/decoded-original/0194-FlgNet.xml
1830,control_stechio,Data.Burner_Air_Out,Global,read,비교 입력 핀,719,602,515,Ge,in1,sources/decoded-original/0194-FlgNet.xml
1830,control_stechio,Stechio.Gas_crv90_94,Global,read,Move in,723,604,518,Move,in,sources/decoded-original/0194-FlgNet.xml
1830,control_stechio,Portata_Presunta_GAS,Local,write,Move out,724,605,518,Move,out1,sources/decoded-original/0194-FlgNet.xml
1830,control_stechio,Data.Burner_Air_Out,Global,read,비교 입력 핀,725,606,523,Ge,in1,sources/decoded-original/0194-FlgNet.xml
1830,control_stechio,Stechio.Gas_crv95_100,Global,read,Move in,729,608,526,Move,in,sources/decoded-original/0194-FlgNet.xml
1830,control_stechio,Portata_Presunta_GAS,Local,write,Move out,730,609,526,Move,out1,sources/decoded-original/0194-FlgNet.xml
1832,control_stechio,Inputs.High Flame Gas,Global,read,접점 operand,721,672,657,Contact,operand,sources/decoded-original/0195-FlgNet.xml
1832,control_stechio,ON,Global,read,접점 operand,723,673,658,Contact,operand,sources/decoded-original/0195-FlgNet.xml
1832,control_stechio,Inputs.High Flame Gas,Global,read,접점 operand,725,674,659,Contact,operand,sources/decoded-original/0195-FlgNet.xml
1832,control_stechio,Disable masses,Global,read,접점 operand,768,766,765,Contact,operand,sources/decoded-original/0195-FlgNet.xml
1832,control_stechio,OFF,Global,read,접점 operand,729,676,661,Contact,operand,sources/decoded-original/0195-FlgNet.xml
1832,control_stechio,OFF,Global,pending,호출 방향·미분류 핀 확인 필요,732,677,663,CRef,PVPER_ON,sources/decoded-original/0195-FlgNet.xml
1832,control_stechio,ON,Global,pending,호출 방향·미분류 핀 확인 필요,733,678,663,CRef,P_SEL,sources/decoded-original/0195-FlgNet.xml
1832,control_stechio,ON,Global,pending,호출 방향·미분류 핀 확인 필요,734,679,663,CRef,I_SEL,sources/decoded-original/0195-FlgNet.xml
1832,control_stechio,,Unknown,pending,호출 방향·미분류 핀 확인 필요,735,680,663,CRef,INT_HOLD,sources/decoded-original/0195-FlgNet.xml
1832,control_stechio,,Unknown,pending,호출 방향·미분류 핀 확인 필요,736,681,663,CRef,I_ITL_ON,sources/decoded-original/0195-FlgNet.xml
1832,control_stechio,ON,Global,pending,호출 방향·미분류 핀 확인 필요,737,682,663,CRef,D_SEL,sources/decoded-original/0195-FlgNet.xml
1832,control_stechio,SetPoint_Stechio,Local,pending,호출 방향·미분류 핀 확인 필요,739,684,663,CRef,SP_INT,sources/decoded-original/0195-FlgNet.xml
1832,control_stechio,Stechio_attuale,Local,pending,호출 방향·미분류 핀 확인 필요,740,685,663,CRef,PV_IN,sources/decoded-original/0195-FlgNet.xml
1832,control_stechio,,Unknown,pending,호출 방향·미분류 핀 확인 필요,741,686,663,CRef,PV_PER,sources/decoded-original/0195-FlgNet.xml
1832,control_stechio,Stechio.PID_GAIN,Global,pending,호출 방향·미분류 핀 확인 필요,743,688,663,CRef,GAIN,sources/decoded-original/0195-FlgNet.xml
1832,control_stechio,Stechio.PID_TI,Global,pending,호출 방향·미분류 핀 확인 필요,744,689,663,CRef,TI,sources/decoded-original/0195-FlgNet.xml
1832,control_stechio,Stechio.PID_TD,Global,pending,호출 방향·미분류 핀 확인 필요,745,690,663,CRef,TD,sources/decoded-original/0195-FlgNet.xml
1832,control_stechio,Stechio.Limite_MAX,Global,pending,호출 방향·미분류 핀 확인 필요,748,693,663,CRef,LMN_HLM,sources/decoded-original/0195-FlgNet.xml
1832,control_stechio,Stechio.Limite_min,Global,pending,호출 방향·미분류 핀 확인 필요,749,694,663,CRef,LMN_LLM,sources/decoded-original/0195-FlgNet.xml
1832,control_stechio,,Unknown,pending,호출 방향·미분류 핀 확인 필요,754,699,663,CRef,I_ITLVAL,sources/decoded-original/0195-FlgNet.xml
1832,control_stechio,Correzione_Stechio,Local,write,식별 원본 AK=Write · 호출 방향/인터페이스 추가 확인,756,701,663,CRef,LMN,sources/decoded-original/0195-FlgNet.xml
1832,control_stechio,,Unknown,pending,호출 방향·미분류 핀 확인 필요,757,702,663,CRef,LMN_PER,sources/decoded-original/0195-FlgNet.xml
1832,control_stechio,,Unknown,pending,호출 방향·미분류 핀 확인 필요,758,703,663,CRef,QLMN_HLM,sources/decoded-original/0195-FlgNet.xml
1832,control_stechio,,Unknown,pending,호출 방향·미분류 핀 확인 필요,759,704,663,CRef,QLMN_LLM,sources/decoded-original/0195-FlgNet.xml
1832,control_stechio,,Unknown,pending,호출 방향·미분류 핀 확인 필요,760,705,663,CRef,LMN_P,sources/decoded-original/0195-FlgNet.xml
1832,control_stechio,,Unknown,pending,호출 방향·미분류 핀 확인 필요,761,706,663,CRef,LMN_I,sources/decoded-original/0195-FlgNet.xml
1832,control_stechio,,Unknown,pending,호출 방향·미분류 핀 확인 필요,762,707,663,CRef,LMN_D,sources/decoded-original/0195-FlgNet.xml
1832,control_stechio,,Unknown,pending,호출 방향·미분류 핀 확인 필요,763,708,663,CRef,PV,sources/decoded-original/0195-FlgNet.xml
1832,control_stechio,,Unknown,pending,호출 방향·미분류 핀 확인 필요,764,709,663,CRef,ER,sources/decoded-original/0195-FlgNet.xml
1834,control_stechio,ON,Global,read,접점 operand,586,577,600,Contact,operand,sources/decoded-original/0196-FlgNet.xml
1834,control_stechio,Data.Burner_Gas_Out,Global,read,비교 입력 핀,587,578,563,Lt,in1,sources/decoded-original/0196-FlgNet.xml
1834,control_stechio,Data.Burner_Gas_Out,Global,write,Move out,592,581,566,Move,out1,sources/decoded-original/0196-FlgNet.xml
1834,control_stechio,Data.Burner_Gas_Out,Global,read,비교 입력 핀,593,582,571,Gt,in1,sources/decoded-original/0196-FlgNet.xml
1834,control_stechio,Data.Burner_Gas_Out,Global,write,Move out,598,585,574,Move,out1,sources/decoded-original/0196-FlgNet.xml
1835,control_stechio,ON,Global,read,접점 operand,606,599,618,Contact,operand,sources/decoded-original/0197-FlgNet.xml
1835,control_stechio,Correzione_Stechio,Local,read,비교 입력 핀,607,600,589,Le,in1,sources/decoded-original/0197-FlgNet.xml
1835,control_stechio,Stechio.Limite_min,Global,read,비교 입력 핀,608,601,589,Le,in2,sources/decoded-original/0197-FlgNet.xml
1835,control_stechio,Stechio.Sign_lim_min,Global,write,코일 operand,611,602,592,Coil,operand,sources/decoded-original/0197-FlgNet.xml
1835,control_stechio,Correzione_Stechio,Local,read,비교 입력 핀,612,603,595,Ge,in1,sources/decoded-original/0197-FlgNet.xml
1835,control_stechio,Stechio.Limite_MAX,Global,read,비교 입력 핀,613,604,595,Ge,in2,sources/decoded-original/0197-FlgNet.xml
1835,control_stechio,Stechio.Sign_lim_MAX,Global,write,코일 operand,616,605,598,Coil,operand,sources/decoded-original/0197-FlgNet.xml
1841,auto start motors,ON,Global,read,접점 operand,77,69,88,Contact,operand,sources/decoded-original/0162-FlgNet.xml
1841,auto start motors,Flag.Auto_ON1,Global,read,접점 operand,78,70,90,Contact,operand,sources/decoded-original/0162-FlgNet.xml
1841,auto start motors,Data.Tempo_presetting,Global,read,연산 입력 핀,80,71,59,Add,in1,sources/decoded-original/0162-FlgNet.xml
1841,auto start motors,Data.Tempo_presetting,Global,write,연산 출력 핀,82,73,59,Add,out,sources/decoded-original/0162-FlgNet.xml
1841,auto start motors,,Unknown,read,접점 operand,83,74,92,Contact,operand,sources/decoded-original/0162-FlgNet.xml
1841,auto start motors,Data.Tempo_presetting,Global,write,Move out,86,76,66,Move,out1,sources/decoded-original/0162-FlgNet.xml
1842,auto start motors,ON,Global,read,접점 operand,103,96,113,Contact,operand,sources/decoded-original/0163-FlgNet.xml
1842,auto start motors,Flag.Auto_ON1,Global,read,접점 operand,104,97,115,Contact,operand,sources/decoded-original/0163-FlgNet.xml
1842,auto start motors,Data.Tipo_preset,Global,read,Move in,106,98,87,Move,in,sources/decoded-original/0163-FlgNet.xml
1842,auto start motors,Data.D37,Global,write,Move out,107,99,87,Move,out1,sources/decoded-original/0163-FlgNet.xml
1842,auto start motors,Flag.Auto_ON1,Global,read,접점 operand,108,100,117,Contact,operand,sources/decoded-original/0163-FlgNet.xml
1842,auto start motors,Data.D37,Global,write,Move out,111,102,93,Move,out1,sources/decoded-original/0163-FlgNet.xml
1843,auto start motors,ON,Global,read,접점 operand,668,588,785,Contact,operand,sources/decoded-original/0164-FlgNet.xml
1843,auto start motors,Allarm.Emergency_module_fault,Global,read,접점 operand,21,23,22,Contact,operand,sources/decoded-original/0164-FlgNet.xml
1843,auto start motors,Data.Tipo_preset,Global,read,비교 입력 핀,670,590,400,Eq,in1,sources/decoded-original/0164-FlgNet.xml
1843,auto start motors,Flag.Auto_ON1,Global,read,접점 operand,826,824,823,Contact,operand,sources/decoded-original/0164-FlgNet.xml
1843,auto start motors,Data.Tempo_presetting,Global,read,비교 입력 핀,673,592,406,Eq,in1,sources/decoded-original/0164-FlgNet.xml
1843,auto start motors,Flag.RESET_ALLARM,Global,write,코일 operand,676,594,410,SCoil,operand,sources/decoded-original/0164-FlgNet.xml
1843,auto start motors,Flag.Maintenance_ON,Global,write,코일 operand,677,595,412,RCoil,operand,sources/decoded-original/0164-FlgNet.xml
1843,auto start motors,Data.Tempo_presetting,Global,read,비교 입력 핀,679,596,416,Eq,in1,sources/decoded-original/0164-FlgNet.xml
1843,auto start motors,Flag.M_VR_03,Global,write,코일 operand,682,598,420,SCoil,operand,sources/decoded-original/0164-FlgNet.xml
1843,auto start motors,Flag.M_VR_04,Global,write,코일 operand,683,599,422,SCoil,operand,sources/decoded-original/0164-FlgNet.xml
1843,auto start motors,Flag.M_VR_05,Global,write,코일 operand,684,600,424,SCoil,operand,sources/decoded-original/0164-FlgNet.xml
1843,auto start motors,Data.Tempo_presetting,Global,read,비교 입력 핀,686,601,428,Eq,in1,sources/decoded-original/0164-FlgNet.xml
1843,auto start motors,Flag.M_SC_01,Global,write,코일 operand,689,603,432,SCoil,operand,sources/decoded-original/0164-FlgNet.xml
1843,auto start motors,Flag.M_SC_10,Global,write,코일 operand,690,604,434,SCoil,operand,sources/decoded-original/0164-FlgNet.xml
1843,auto start motors,Flag.M_SC_11,Global,write,코일 operand,691,605,436,SCoil,operand,sources/decoded-original/0164-FlgNet.xml
1843,auto start motors,Data.Tempo_presetting,Global,read,비교 입력 핀,693,606,440,Eq,in1,sources/decoded-original/0164-FlgNet.xml
1843,auto start motors,Flag.M_FN_04,Global,write,코일 operand,697,608,443,SCoil,operand,sources/decoded-original/0164-FlgNet.xml
1843,auto start motors,Data.Tempo_presetting,Global,read,비교 입력 핀,698,609,446,Eq,in1,sources/decoded-original/0164-FlgNet.xml
1843,auto start motors,Flag.STANDBY_ON,Global,write,코일 operand,702,611,449,SCoil,operand,sources/decoded-original/0164-FlgNet.xml
1843,auto start motors,Data.Tempo_presetting,Global,read,비교 입력 핀,703,612,452,Eq,in1,sources/decoded-original/0164-FlgNet.xml
1843,auto start motors,Flag.M_VS_01,Global,write,코일 operand,706,614,456,RCoil,operand,sources/decoded-original/0164-FlgNet.xml
1843,auto start motors,Flag.M_MC_05,Global,write,코일 operand,707,615,458,RCoil,operand,sources/decoded-original/0164-FlgNet.xml
1843,auto start motors,Flag.M_MC_04,Global,write,코일 operand,708,616,460,RCoil,operand,sources/decoded-original/0164-FlgNet.xml
1843,auto start motors,Flag.Enable_R2_GATE,Global,write,코일 operand,709,617,462,RCoil,operand,sources/decoded-original/0164-FlgNet.xml
1843,auto start motors,Data.Tempo_presetting,Global,read,비교 입력 핀,711,618,466,Eq,in1,sources/decoded-original/0164-FlgNet.xml
1843,auto start motors,Flag.M_RD_01_FAN,Global,write,코일 operand,715,620,469,SCoil,operand,sources/decoded-original/0164-FlgNet.xml
1843,auto start motors,Data.Tempo_presetting,Global,read,비교 입력 핀,716,621,472,Eq,in1,sources/decoded-original/0164-FlgNet.xml
1843,auto start motors,Flag.M_RD_01,Global,write,코일 operand,719,623,478,SCoil,operand,sources/decoded-original/0164-FlgNet.xml
1843,auto start motors,Data.SET_PERC_FR01,Global,write,Move out,721,625,481,Move,out1,sources/decoded-original/0164-FlgNet.xml
1843,auto start motors,Data.Tempo_presetting,Global,read,비교 입력 핀,723,626,486,Eq,in1,sources/decoded-original/0164-FlgNet.xml
1843,auto start motors,Flag.M_BC_01,Global,write,코일 operand,726,628,492,SCoil,operand,sources/decoded-original/0164-FlgNet.xml
1843,auto start motors,MemoCMD_BC01_Startup,Global,write,코일 operand,105,106,102,SCoil,operand,sources/decoded-original/0164-FlgNet.xml
1843,auto start motors,Data.Set_Perc_VT02,Global,write,Move out,728,630,495,Move,out1,sources/decoded-original/0164-FlgNet.xml
1843,auto start motors,Flag.M_FN_02,Global,write,코일 operand,729,631,500,SCoil,operand,sources/decoded-original/0164-FlgNet.xml
1843,auto start motors,Data.Tempo_presetting,Global,read,비교 입력 핀,731,632,503,Eq,in1,sources/decoded-original/0164-FlgNet.xml
1843,auto start motors,Flag.Enable_R1_GATE,Global,write,코일 operand,28,29,506,SCoil,operand,sources/decoded-original/0164-FlgNet.xml
1843,auto start motors,MemoCMD_PV1_Startup,Global,write,코일 operand,37,38,34,SCoil,operand,sources/decoded-original/0164-FlgNet.xml
1843,auto start motors,Data.Tempo_presetting,Global,read,비교 입력 핀,736,635,509,Eq,in1,sources/decoded-original/0164-FlgNet.xml
1843,auto start motors,Flag.M_VR_01,Global,write,코일 operand,739,637,513,SCoil,operand,sources/decoded-original/0164-FlgNet.xml
1843,auto start motors,Flag.M_VR_02,Global,write,코일 operand,740,638,515,SCoil,operand,sources/decoded-original/0164-FlgNet.xml
1843,auto start motors,Flag.M_CH_01,Global,write,코일 operand,25,26,517,RCoil,operand,sources/decoded-original/0164-FlgNet.xml
1843,auto start motors,Data.Tempo_presetting,Global,read,비교 입력 핀,743,640,521,Eq,in1,sources/decoded-original/0164-FlgNet.xml
1843,auto start motors,Flag.M_FN_01,Global,write,코일 operand,746,642,527,SCoil,operand,sources/decoded-original/0164-FlgNet.xml
1843,auto start motors,Data.SET_PERC_VT01,Global,write,Move out,748,644,530,Move,out1,sources/decoded-original/0164-FlgNet.xml
1843,auto start motors,Data.Tempo_presetting,Global,read,비교 입력 핀,750,645,535,Eq,in1,sources/decoded-original/0164-FlgNet.xml
1843,auto start motors,OFF,Global,read,접점 operand,797,795,794,Contact,operand,sources/decoded-original/0164-FlgNet.xml
1843,auto start motors,Flag.M_FN_02,Global,write,코일 operand,755,648,539,RCoil,operand,sources/decoded-original/0164-FlgNet.xml
1843,auto start motors,Data.Tempo_presetting,Global,read,비교 입력 핀,756,649,542,Eq,in1,sources/decoded-original/0164-FlgNet.xml
1843,auto start motors,Flag.M_FN_03,Global,write,코일 operand,760,651,545,SCoil,operand,sources/decoded-original/0164-FlgNet.xml
1843,auto start motors,Data.Tempo_presetting,Global,read,비교 입력 핀,761,652,548,Eq,in1,sources/decoded-original/0164-FlgNet.xml
1843,auto start motors,Flag.RESET_ALLARM,Global,write,코일 operand,764,654,552,SCoil,operand,sources/decoded-original/0164-FlgNet.xml
1843,auto start motors,Flag.M_FN_06,Global,write,코일 operand,765,655,554,SCoil,operand,sources/decoded-original/0164-FlgNet.xml
1843,auto start motors,Data.Tempo_presetting,Global,read,비교 입력 핀,767,656,558,Eq,in1,sources/decoded-original/0164-FlgNet.xml
1843,auto start motors,OFF,Global,read,접점 operand,770,658,791,Contact,operand,sources/decoded-original/0164-FlgNet.xml
1843,auto start motors,Data.TC01_SETPOINT,Global,write,Move out,772,660,568,Move,out1,sources/decoded-original/0164-FlgNet.xml
1843,auto start motors,Data.TC03_SETPOINT,Global,write,Move out,774,662,573,Move,out1,sources/decoded-original/0164-FlgNet.xml
1843,auto start motors,Flag.Start_Burner,Global,write,코일 operand,776,663,578,SCoil,operand,sources/decoded-original/0164-FlgNet.xml
1843,auto start motors,Flag.AUTO_BURNER,Global,write,코일 operand,777,664,581,SCoil,operand,sources/decoded-original/0164-FlgNet.xml
1843,auto start motors,Data.Tempo_presetting,Global,read,비교 입력 핀,779,665,584,Eq,in1,sources/decoded-original/0164-FlgNet.xml
1843,auto start motors,Flag.Auto_ON1,Global,write,코일 operand,783,667,587,RCoil,operand,sources/decoded-original/0164-FlgNet.xml
1843,auto start motors,MemoCMD_BC01_Startup,Global,write,코일 operand,832,829,828,RCoil,operand,sources/decoded-original/0164-FlgNet.xml
1843,auto start motors,Flag.Enable_R1_GATE,Global,read,접점 operand,846,839,833,Contact,operand,sources/decoded-original/0164-FlgNet.xml
1843,auto start motors,MemoCMD_PV1_Startup,Global,read,접점 operand,848,840,834,Contact,operand,sources/decoded-original/0164-FlgNet.xml
1843,auto start motors,,Unknown,pending,호출 방향·미분류 핀 확인 필요,852,842,835,CRef,ET,sources/decoded-original/0164-FlgNet.xml
1843,auto start motors,Flag.Enable_R1_GATE,Global,write,코일 operand,853,843,837,RCoil,operand,sources/decoded-original/0164-FlgNet.xml
1843,auto start motors,MemoCMD_PV1_Startup,Global,write,코일 operand,855,844,838,RCoil,operand,sources/decoded-original/0164-FlgNet.xml
1844,auto start motors,ON,Global,read,접점 operand,1017,932,1145,Contact,operand,sources/decoded-original/0165-FlgNet.xml
1844,auto start motors,Allarm.Emergency_module_fault,Global,read,접점 operand,1157,1155,1154,Contact,operand,sources/decoded-original/0165-FlgNet.xml
1844,auto start motors,Flag.Auto_ON1,Global,read,접점 operand,1018,933,1147,Contact,operand,sources/decoded-original/0165-FlgNet.xml
1844,auto start motors,Data.Tipo_preset,Global,read,비교 입력 핀,1019,934,737,Eq,in1,sources/decoded-original/0165-FlgNet.xml
1844,auto start motors,Data.Tempo_presetting,Global,read,비교 입력 핀,1022,936,743,Eq,in1,sources/decoded-original/0165-FlgNet.xml
1844,auto start motors,Flag.RESET_ALLARM,Global,write,코일 operand,1025,938,747,SCoil,operand,sources/decoded-original/0165-FlgNet.xml
1844,auto start motors,Flag.Maintenance_ON,Global,write,코일 operand,1026,939,749,RCoil,operand,sources/decoded-original/0165-FlgNet.xml
1844,auto start motors,Data.Tempo_presetting,Global,read,비교 입력 핀,1028,940,753,Eq,in1,sources/decoded-original/0165-FlgNet.xml
1844,auto start motors,Flag.M_VR_03,Global,write,코일 operand,1031,942,757,SCoil,operand,sources/decoded-original/0165-FlgNet.xml
1844,auto start motors,Flag.M_VR_04,Global,write,코일 operand,1032,943,759,SCoil,operand,sources/decoded-original/0165-FlgNet.xml
1844,auto start motors,Flag.M_VR_05,Global,write,코일 operand,1033,944,761,SCoil,operand,sources/decoded-original/0165-FlgNet.xml
1844,auto start motors,Data.Tempo_presetting,Global,read,비교 입력 핀,1035,945,765,Eq,in1,sources/decoded-original/0165-FlgNet.xml
1844,auto start motors,Flag.M_SC_01,Global,write,코일 operand,1038,947,769,SCoil,operand,sources/decoded-original/0165-FlgNet.xml
1844,auto start motors,Flag.M_SC_10,Global,write,코일 operand,1039,948,771,SCoil,operand,sources/decoded-original/0165-FlgNet.xml
1844,auto start motors,Flag.M_SC_11,Global,write,코일 operand,1040,949,773,SCoil,operand,sources/decoded-original/0165-FlgNet.xml
1844,auto start motors,Data.Tempo_presetting,Global,read,비교 입력 핀,1042,950,777,Eq,in1,sources/decoded-original/0165-FlgNet.xml
1844,auto start motors,Flag.M_FN_04,Global,write,코일 operand,1046,952,780,SCoil,operand,sources/decoded-original/0165-FlgNet.xml
1844,auto start motors,Data.Tempo_presetting,Global,read,비교 입력 핀,1047,953,783,Eq,in1,sources/decoded-original/0165-FlgNet.xml
1844,auto start motors,Flag.M_VS_01,Global,write,코일 operand,1051,955,786,SCoil,operand,sources/decoded-original/0165-FlgNet.xml
1844,auto start motors,Data.Tempo_presetting,Global,read,비교 입력 핀,1052,956,789,Eq,in1,sources/decoded-original/0165-FlgNet.xml
1844,auto start motors,OFF,Global,read,접점 operand,1055,958,1149,Contact,operand,sources/decoded-original/0165-FlgNet.xml
1844,auto start motors,Flag.M_MC_05,Global,write,코일 operand,1057,959,793,SCoil,operand,sources/decoded-original/0165-FlgNet.xml
1844,auto start motors,Data.Tempo_presetting,Global,read,비교 입력 핀,1058,960,796,Eq,in1,sources/decoded-original/0165-FlgNet.xml
1844,auto start motors,Flag.M_MC_04,Global,write,코일 operand,1062,962,799,SCoil,operand,sources/decoded-original/0165-FlgNet.xml
1844,auto start motors,Data.Tempo_presetting,Global,read,비교 입력 핀,1063,963,802,Eq,in1,sources/decoded-original/0165-FlgNet.xml
1844,auto start motors,Flag.Enable_R2_GATE,Global,write,코일 operand,1067,965,805,SCoil,operand,sources/decoded-original/0165-FlgNet.xml
1844,auto start motors,Data.Tempo_presetting,Global,read,비교 입력 핀,1068,966,808,Eq,in1,sources/decoded-original/0165-FlgNet.xml
1844,auto start motors,Flag.STANDBY_ON,Global,write,코일 operand,1072,968,811,RCoil,operand,sources/decoded-original/0165-FlgNet.xml
1844,auto start motors,Data.Tempo_presetting,Global,read,비교 입력 핀,1073,969,814,Eq,in1,sources/decoded-original/0165-FlgNet.xml
1844,auto start motors,Flag.M_RD_01_FAN,Global,write,코일 operand,1077,971,817,SCoil,operand,sources/decoded-original/0165-FlgNet.xml
1844,auto start motors,Data.Tempo_presetting,Global,read,비교 입력 핀,1078,972,820,Eq,in1,sources/decoded-original/0165-FlgNet.xml
1844,auto start motors,Flag.M_RD_01,Global,write,코일 operand,1081,974,826,SCoil,operand,sources/decoded-original/0165-FlgNet.xml
1844,auto start motors,Data.SET_PERC_FR01,Global,write,Move out,1083,976,829,Move,out1,sources/decoded-original/0165-FlgNet.xml
1844,auto start motors,Data.Tempo_presetting,Global,read,비교 입력 핀,1085,977,834,Eq,in1,sources/decoded-original/0165-FlgNet.xml
1844,auto start motors,Flag.Enable_R1_GATE,Global,write,코일 operand,1161,1159,1158,SCoil,operand,sources/decoded-original/0165-FlgNet.xml
1844,auto start motors,Data.Tempo_presetting,Global,read,비교 입력 핀,1090,980,840,Eq,in1,sources/decoded-original/0165-FlgNet.xml
1844,auto start motors,Flag.M_BC_01,Global,write,코일 operand,1165,1163,1162,SCoil,operand,sources/decoded-original/0165-FlgNet.xml
1844,auto start motors,Data.Tempo_presetting,Global,read,비교 입력 핀,1095,983,846,Eq,in1,sources/decoded-original/0165-FlgNet.xml
1844,auto start motors,Flag.M_VR_01,Global,write,코일 operand,1098,985,850,SCoil,operand,sources/decoded-original/0165-FlgNet.xml
1844,auto start motors,Flag.M_VR_02,Global,write,코일 operand,1099,986,852,SCoil,operand,sources/decoded-original/0165-FlgNet.xml
1844,auto start motors,Flag.M_CH_01,Global,write,코일 operand,1100,987,854,SCoil,operand,sources/decoded-original/0165-FlgNet.xml
1844,auto start motors,Data.Tempo_presetting,Global,read,비교 입력 핀,1102,988,858,Eq,in1,sources/decoded-original/0165-FlgNet.xml
1844,auto start motors,Flag.M_FN_01,Global,write,코일 operand,1105,990,864,SCoil,operand,sources/decoded-original/0165-FlgNet.xml
1844,auto start motors,Data.SET_PERC_VT01,Global,write,Move out,1107,992,867,Move,out1,sources/decoded-original/0165-FlgNet.xml
1844,auto start motors,Data.Tempo_presetting,Global,read,비교 입력 핀,1109,993,872,Eq,in1,sources/decoded-original/0165-FlgNet.xml
1844,auto start motors,Flag.M_FN_02,Global,write,코일 operand,1112,995,878,SCoil,operand,sources/decoded-original/0165-FlgNet.xml
1844,auto start motors,Data.Set_Perc_VT02,Global,write,Move out,1114,997,881,Move,out1,sources/decoded-original/0165-FlgNet.xml
1844,auto start motors,Data.Tempo_presetting,Global,read,비교 입력 핀,1116,998,886,Eq,in1,sources/decoded-original/0165-FlgNet.xml
1844,auto start motors,Flag.M_FN_03,Global,write,코일 operand,1120,1000,889,SCoil,operand,sources/decoded-original/0165-FlgNet.xml
1844,auto start motors,Data.Tempo_presetting,Global,read,비교 입력 핀,1121,1001,892,Eq,in1,sources/decoded-original/0165-FlgNet.xml
1844,auto start motors,Flag.RESET_ALLARM,Global,write,코일 operand,1124,1003,896,SCoil,operand,sources/decoded-original/0165-FlgNet.xml
1844,auto start motors,Flag.M_FN_06,Global,write,코일 operand,1125,1004,898,SCoil,operand,sources/decoded-original/0165-FlgNet.xml
1844,auto start motors,Data.Tempo_presetting,Global,read,비교 입력 핀,1127,1005,902,Eq,in1,sources/decoded-original/0165-FlgNet.xml
1844,auto start motors,OFF,Global,read,접점 operand,1130,1007,1151,Contact,operand,sources/decoded-original/0165-FlgNet.xml
1844,auto start motors,Data.TC01_SETPOINT,Global,write,Move out,1132,1009,912,Move,out1,sources/decoded-original/0165-FlgNet.xml
1844,auto start motors,Data.TC03_SETPOINT,Global,write,Move out,1134,1011,917,Move,out1,sources/decoded-original/0165-FlgNet.xml
1844,auto start motors,Flag.Start_Burner,Global,write,코일 operand,1136,1012,922,SCoil,operand,sources/decoded-original/0165-FlgNet.xml
1844,auto start motors,Flag.AUTO_BURNER,Global,write,코일 operand,1137,1013,925,SCoil,operand,sources/decoded-original/0165-FlgNet.xml
1844,auto start motors,Data.Tempo_presetting,Global,read,비교 입력 핀,1139,1014,928,Eq,in1,sources/decoded-original/0165-FlgNet.xml
1844,auto start motors,Flag.Auto_ON1,Global,write,코일 operand,1143,1016,931,RCoil,operand,sources/decoded-original/0165-FlgNet.xml
1845,auto start motors,ON,Global,read,접점 operand,30,25,22,Contact,operand,sources/decoded-original/0169-FlgNet.xml
1845,auto start motors,Allarm.Emergency_module_fault,Global,read,접점 operand,32,26,23,Contact,operand,sources/decoded-original/0169-FlgNet.xml
1845,auto start motors,Data.Tipo_preset,Global,read,비교 입력 핀,34,27,24,Eq,in1,sources/decoded-original/0169-FlgNet.xml
1845,auto start motors,Data.Tipo_preset,Global,read,비교 입력 핀,52,43,39,Eq,in1,sources/decoded-original/0169-FlgNet.xml
1845,auto start motors,HMI_DB.PreheatingControl_Enabled,Global,read,접점 operand,117,79,55,Contact,operand,sources/decoded-original/0169-FlgNet.xml
1845,auto start motors,Manage_TC1_2.PID_Ref_Temp,Global,read,비교 입력 핀,119,80,56,Ge,in1,sources/decoded-original/0169-FlgNet.xml
1845,auto start motors,HMI_DB.FN01_Preheating_1st_step_temperature,Global,read,비교 입력 핀,120,81,56,Ge,in2,sources/decoded-original/0169-FlgNet.xml
1845,auto start motors,Manage_TC1_2.PID_Ref_Temp,Global,read,비교 입력 핀,122,82,57,Lt,in1,sources/decoded-original/0169-FlgNet.xml
1845,auto start motors,HMI_DB.FN01_Preheating_2nd_step_temperature,Global,read,비교 입력 핀,123,83,57,Lt,in2,sources/decoded-original/0169-FlgNet.xml
1845,auto start motors,,Unknown,pending,호출 방향·미분류 핀 확인 필요,127,85,58,CRef,ET,sources/decoded-original/0169-FlgNet.xml
1845,auto start motors,HMI_DB.FN01_Preheating_1st_step_speed,Global,read,Move in,128,86,60,Move,in,sources/decoded-original/0169-FlgNet.xml
1845,auto start motors,Data.SET_PERC_VT01,Global,write,Move out,129,87,60,Move,out1,sources/decoded-original/0169-FlgNet.xml
1845,auto start motors,Manage_TC1_2.PID_Ref_Temp,Global,read,비교 입력 핀,130,88,61,Ge,in1,sources/decoded-original/0169-FlgNet.xml
1845,auto start motors,HMI_DB.FN01_Preheating_2nd_step_temperature,Global,read,비교 입력 핀,131,89,61,Ge,in2,sources/decoded-original/0169-FlgNet.xml
1845,auto start motors,Manage_TC1_2.PID_Ref_Temp,Global,read,비교 입력 핀,133,90,62,Lt,in1,sources/decoded-original/0169-FlgNet.xml
1845,auto start motors,HMI_DB.FN01_Preheating_3rd_step_temperature,Global,read,비교 입력 핀,134,91,62,Lt,in2,sources/decoded-original/0169-FlgNet.xml
1845,auto start motors,,Unknown,pending,호출 방향·미분류 핀 확인 필요,138,93,63,CRef,ET,sources/decoded-original/0169-FlgNet.xml
1845,auto start motors,HMI_DB.FN01_Preheating_2nd_step_speed,Global,read,Move in,139,94,65,Move,in,sources/decoded-original/0169-FlgNet.xml
1845,auto start motors,Data.SET_PERC_VT01,Global,write,Move out,140,95,65,Move,out1,sources/decoded-original/0169-FlgNet.xml
1845,auto start motors,Manage_TC1_2.PID_Ref_Temp,Global,read,비교 입력 핀,141,96,66,Ge,in1,sources/decoded-original/0169-FlgNet.xml
1845,auto start motors,HMI_DB.FN01_Preheating_3rd_step_temperature,Global,read,비교 입력 핀,142,97,66,Ge,in2,sources/decoded-original/0169-FlgNet.xml
1845,auto start motors,Manage_TC1_2.PID_Ref_Temp,Global,read,비교 입력 핀,144,98,67,Lt,in1,sources/decoded-original/0169-FlgNet.xml
1845,auto start motors,HMI_DB.FN01_Preheating_4th_step_temperature,Global,read,비교 입력 핀,145,99,67,Lt,in2,sources/decoded-original/0169-FlgNet.xml
1845,auto start motors,,Unknown,pending,호출 방향·미분류 핀 확인 필요,149,101,68,CRef,ET,sources/decoded-original/0169-FlgNet.xml
1845,auto start motors,HMI_DB.FN01_Preheating_3rd_step_speed,Global,read,Move in,150,102,70,Move,in,sources/decoded-original/0169-FlgNet.xml
1845,auto start motors,Data.SET_PERC_VT01,Global,write,Move out,151,103,70,Move,out1,sources/decoded-original/0169-FlgNet.xml
1845,auto start motors,Manage_TC1_2.PID_Ref_Temp,Global,read,비교 입력 핀,152,104,71,Ge,in1,sources/decoded-original/0169-FlgNet.xml
1845,auto start motors,HMI_DB.FN01_Preheating_4th_step_temperature,Global,read,비교 입력 핀,153,105,71,Ge,in2,sources/decoded-original/0169-FlgNet.xml
1845,auto start motors,,Unknown,pending,호출 방향·미분류 핀 확인 필요,157,107,72,CRef,ET,sources/decoded-original/0169-FlgNet.xml
1845,auto start motors,HMI_DB.FN01_Preheating_4th_step_speed,Global,read,Move in,158,108,74,Move,in,sources/decoded-original/0169-FlgNet.xml
1845,auto start motors,Data.SET_PERC_VT01,Global,write,Move out,159,109,74,Move,out1,sources/decoded-original/0169-FlgNet.xml
1845,auto start motors,Manage_TC1_2.PID_Ref_Temp,Global,read,비교 입력 핀,160,110,75,Lt,in1,sources/decoded-original/0169-FlgNet.xml
1845,auto start motors,HMI_DB.FN01_Preheating_1st_step_temperature,Global,read,비교 입력 핀,161,111,75,Lt,in2,sources/decoded-original/0169-FlgNet.xml
1845,auto start motors,,Unknown,pending,호출 방향·미분류 핀 확인 필요,165,113,76,CRef,ET,sources/decoded-original/0169-FlgNet.xml
1845,auto start motors,Data.SET_PERC_VT01,Global,write,Move out,167,115,78,Move,out1,sources/decoded-original/0169-FlgNet.xml
1846,auto start motors,Tag_292,Global,pending,호출 방향·미분류 핀 확인 필요,49,51,21,PContact,bit,sources/decoded-original/0168-FlgNet.xml
1846,auto start motors,Allarm.Emergency_module_fault,Global,read,접점 operand,50,52,21,PContact,operand,sources/decoded-original/0168-FlgNet.xml
1846,auto start motors,Data.Tempo_presetting,Global,write,Move out,36,27,22,Move,out1,sources/decoded-original/0168-FlgNet.xml
1846,auto start motors,Data.Tipo_preset,Global,write,Move out,39,29,23,Move,out1,sources/decoded-original/0168-FlgNet.xml
1846,auto start motors,Flag.Auto_ON1,Global,write,코일 operand,40,30,24,SCoil,operand,sources/decoded-original/0168-FlgNet.xml
1847,auto start motors,Flag.Auto_ON1,Global,read,접점 operand,1028,983,1095,Contact,operand,sources/decoded-original/0166-FlgNet.xml
1847,auto start motors,Data.Tipo_preset,Global,read,비교 입력 핀,1029,984,881,Eq,in1,sources/decoded-original/0166-FlgNet.xml
1847,auto start motors,Data.Tempo_presetting,Global,read,비교 입력 핀,1032,986,887,Eq,in1,sources/decoded-original/0166-FlgNet.xml
1847,auto start motors,Allarm.Emergency_module_fault,Global,read,접점 operand,1137,1135,1134,Contact,operand,sources/decoded-original/0166-FlgNet.xml
1847,auto start motors,Flag.M_FN_03,Global,write,코일 operand,1035,988,891,RCoil,operand,sources/decoded-original/0166-FlgNet.xml
1847,auto start motors,Flag.M_FN_02,Global,write,코일 operand,1036,989,893,RCoil,operand,sources/decoded-original/0166-FlgNet.xml
1847,auto start motors,Flag.M_FN_06,Global,write,코일 operand,1038,991,897,RCoil,operand,sources/decoded-original/0166-FlgNet.xml
1847,auto start motors,Data.Tempo_presetting,Global,read,비교 입력 핀,1040,992,901,Eq,in1,sources/decoded-original/0166-FlgNet.xml
1847,auto start motors,Allarm.Emergency_module_fault,Global,read,접점 operand,1133,1131,1130,Contact,operand,sources/decoded-original/0166-FlgNet.xml
1847,auto start motors,Flag.M_CH_01,Global,write,코일 operand,1043,994,905,RCoil,operand,sources/decoded-original/0166-FlgNet.xml
1847,auto start motors,Flag.M_FN_01_FAN,Global,write,코일 operand,1044,995,907,RCoil,operand,sources/decoded-original/0166-FlgNet.xml
1847,auto start motors,Flag.M_FN_01,Global,write,코일 operand,1045,996,909,RCoil,operand,sources/decoded-original/0166-FlgNet.xml
1847,auto start motors,Data.Tempo_presetting,Global,read,비교 입력 핀,1047,997,913,Eq,in1,sources/decoded-original/0166-FlgNet.xml
1847,auto start motors,Allarm.Emergency_module_fault,Global,read,접점 operand,1129,1127,1126,Contact,operand,sources/decoded-original/0166-FlgNet.xml
1847,auto start motors,Flag.M_VR_01,Global,write,코일 operand,1050,999,917,RCoil,operand,sources/decoded-original/0166-FlgNet.xml
1847,auto start motors,Flag.M_VR_02,Global,write,코일 operand,1051,1000,919,RCoil,operand,sources/decoded-original/0166-FlgNet.xml
1847,auto start motors,Data.Tempo_presetting,Global,read,비교 입력 핀,1053,1001,923,Eq,in1,sources/decoded-original/0166-FlgNet.xml
1847,auto start motors,Allarm.Emergency_module_fault,Global,read,접점 operand,1125,1123,1122,Contact,operand,sources/decoded-original/0166-FlgNet.xml
1847,auto start motors,Flag.M_BC_01,Global,write,코일 operand,1056,1003,927,RCoil,operand,sources/decoded-original/0166-FlgNet.xml
1847,auto start motors,Flag.M_FN_04,Global,write,코일 operand,1057,1004,929,RCoil,operand,sources/decoded-original/0166-FlgNet.xml
1847,auto start motors,Flag.M_ER01,Global,write,코일 operand,1058,1005,931,RCoil,operand,sources/decoded-original/0166-FlgNet.xml
1847,auto start motors,Data.Tempo_presetting,Global,read,비교 입력 핀,1060,1006,935,Eq,in1,sources/decoded-original/0166-FlgNet.xml
1847,auto start motors,Allarm.Emergency_module_fault,Global,read,접점 operand,1121,1119,1118,Contact,operand,sources/decoded-original/0166-FlgNet.xml
1847,auto start motors,Flag.M_RD_01,Global,write,코일 operand,1063,1008,939,RCoil,operand,sources/decoded-original/0166-FlgNet.xml
1847,auto start motors,Flag.Enable_R1_GATE,Global,write,코일 operand,1064,1009,941,RCoil,operand,sources/decoded-original/0166-FlgNet.xml
1847,auto start motors,Data.Tempo_presetting,Global,read,비교 입력 핀,1066,1010,945,Eq,in1,sources/decoded-original/0166-FlgNet.xml
1847,auto start motors,Allarm.Emergency_module_fault,Global,read,접점 operand,1117,1115,1114,Contact,operand,sources/decoded-original/0166-FlgNet.xml
1847,auto start motors,Flag.M_RD_01_FAN,Global,write,코일 operand,1070,1012,948,RCoil,operand,sources/decoded-original/0166-FlgNet.xml
1847,auto start motors,Data.Tempo_presetting,Global,read,비교 입력 핀,1071,1013,951,Eq,in1,sources/decoded-original/0166-FlgNet.xml
1847,auto start motors,Allarm.Emergency_module_fault,Global,read,접점 operand,1113,1111,1110,Contact,operand,sources/decoded-original/0166-FlgNet.xml
1847,auto start motors,Flag.M_MC_04,Global,write,코일 operand,1075,1015,954,RCoil,operand,sources/decoded-original/0166-FlgNet.xml
1847,auto start motors,Data.Tempo_presetting,Global,read,비교 입력 핀,1076,1016,957,Eq,in1,sources/decoded-original/0166-FlgNet.xml
1847,auto start motors,Allarm.Emergency_module_fault,Global,read,접점 operand,1109,1107,1106,Contact,operand,sources/decoded-original/0166-FlgNet.xml
1847,auto start motors,Flag.M_VR_03,Global,write,코일 operand,1079,1018,961,RCoil,operand,sources/decoded-original/0166-FlgNet.xml
1847,auto start motors,Flag.M_VR_04,Global,write,코일 operand,1080,1019,963,RCoil,operand,sources/decoded-original/0166-FlgNet.xml
1847,auto start motors,Flag.M_VR_05,Global,write,코일 operand,1081,1020,965,RCoil,operand,sources/decoded-original/0166-FlgNet.xml
1847,auto start motors,Data.Tempo_presetting,Global,read,비교 입력 핀,1083,1021,969,Eq,in1,sources/decoded-original/0166-FlgNet.xml
1847,auto start motors,Allarm.Emergency_module_fault,Global,read,접점 operand,1105,1103,1102,Contact,operand,sources/decoded-original/0166-FlgNet.xml
1847,auto start motors,Flag.STANDBY_ON,Global,write,코일 operand,1086,1023,973,RCoil,operand,sources/decoded-original/0166-FlgNet.xml
1847,auto start motors,Flag.M_VS_01,Global,write,코일 operand,1087,1024,975,RCoil,operand,sources/decoded-original/0166-FlgNet.xml
1847,auto start motors,Data.Tempo_presetting,Global,read,비교 입력 핀,1089,1025,979,Eq,in1,sources/decoded-original/0166-FlgNet.xml
1847,auto start motors,Allarm.Emergency_module_fault,Global,read,접점 operand,1101,1099,1098,Contact,operand,sources/decoded-original/0166-FlgNet.xml
1847,auto start motors,Flag.Auto_ON1,Global,write,코일 operand,1093,1027,982,RCoil,operand,sources/decoded-original/0166-FlgNet.xml
1848,auto start motors,Flag.Auto_ON1,Global,read,접점 operand,939,930,954,Contact,operand,sources/decoded-original/0167-FlgNet.xml
1848,auto start motors,Data.Tipo_preset,Global,read,비교 입력 핀,940,931,914,Eq,in1,sources/decoded-original/0167-FlgNet.xml
1848,auto start motors,Data.Tempo_presetting,Global,read,비교 입력 핀,943,933,920,Eq,in1,sources/decoded-original/0167-FlgNet.xml
1848,auto start motors,Flag.STANDBY_ON,Global,write,코일 operand,947,935,923,SCoil,operand,sources/decoded-original/0167-FlgNet.xml
1848,auto start motors,Data.Tempo_presetting,Global,read,비교 입력 핀,948,936,926,Eq,in1,sources/decoded-original/0167-FlgNet.xml
1848,auto start motors,Flag.Auto_ON1,Global,write,코일 operand,952,938,929,RCoil,operand,sources/decoded-original/0167-FlgNet.xml
1849,auto start motors,Data.SET_PERC_BWF01,Global,read,연산 입력 핀,27,23,22,Div,in1,sources/decoded-original/0170-FlgNet.xml
1849,auto start motors,Prod_h_bwf01,Local,write,연산 출력 핀,29,25,22,Div,out,sources/decoded-original/0170-FlgNet.xml
1849,auto start motors,Prod_h_bwf01,Local,read,연산 입력 핀,43,39,38,Mul,in1,sources/decoded-original/0170-FlgNet.xml
1849,auto start motors,Data2.Set_TH,Global,read,연산 입력 핀,44,40,38,Mul,in2,sources/decoded-original/0170-FlgNet.xml
1849,auto start motors,Prod_h_bwf01,Local,write,연산 출력 핀,45,41,38,Mul,out,sources/decoded-original/0170-FlgNet.xml
1849,auto start motors,Prod_h_bwf01,Local,read,연산 입력 핀,89,85,84,Div,in1,sources/decoded-original/0170-FlgNet.xml
1849,auto start motors,Prod_s_bwf01,Local,write,연산 출력 핀,91,87,84,Div,out,sources/decoded-original/0170-FlgNet.xml
1849,auto start motors,Data.SET_PERC_BWF02,Global,read,연산 입력 핀,35,31,30,Div,in1,sources/decoded-original/0170-FlgNet.xml
1849,auto start motors,Prod_h_bwf02,Local,write,연산 출력 핀,37,33,30,Div,out,sources/decoded-original/0170-FlgNet.xml
1849,auto start motors,Prod_h_bwf02,Local,read,연산 입력 핀,51,47,46,Mul,in1,sources/decoded-original/0170-FlgNet.xml
1849,auto start motors,Data2.Set_TH,Global,read,연산 입력 핀,52,48,46,Mul,in2,sources/decoded-original/0170-FlgNet.xml
1849,auto start motors,Prod_h_bwf02,Local,write,연산 출력 핀,53,49,46,Mul,out,sources/decoded-original/0170-FlgNet.xml
1849,auto start motors,Prod_h_bwf02,Local,read,연산 입력 핀,97,93,92,Div,in1,sources/decoded-original/0170-FlgNet.xml
1849,auto start motors,Prod_s_bwf02,Local,write,연산 출력 핀,99,95,92,Div,out,sources/decoded-original/0170-FlgNet.xml
1849,auto start motors,HMI_DB.ResetCounter_PartialProduction,Global,read,접점 operand,65,67,66,Contact,operand,sources/decoded-original/0170-FlgNet.xml
1849,auto start motors,HMI_DB.Counter_PartialProduction,Global,write,Move out,73,76,69,Move,out1,sources/decoded-original/0170-FlgNet.xml
1849,auto start motors,HMI_DB.ResetCounter_PartialProduction,Global,write,코일 operand,83,96,80,RCoil,operand,sources/decoded-original/0170-FlgNet.xml
1849,auto start motors,Consent Start BWF01,Global,read,접점 operand,60,62,61,Contact,operand,sources/decoded-original/0170-FlgNet.xml
1849,auto start motors,Consent Start BWF02,Global,read,접점 operand,107,108,101,Contact,operand,sources/decoded-original/0170-FlgNet.xml
1849,auto start motors,Prod_s_bwf01,Local,read,연산 입력 핀,128,131,126,Add,in1,sources/decoded-original/0170-FlgNet.xml
1849,auto start motors,HMI_DB.Counter_PartialProduction,Global,read,연산 입력 핀,129,132,126,Add,in2,sources/decoded-original/0170-FlgNet.xml
1849,auto start motors,HMI_DB.Counter_PartialProduction,Global,write,연산 출력 핀,130,133,126,Add,out,sources/decoded-original/0170-FlgNet.xml
1849,auto start motors,Prod_s_bwf01,Local,read,연산 입력 핀,139,135,134,Add,in1,sources/decoded-original/0170-FlgNet.xml
1849,auto start motors,HMI_DB.Counter_TotalProduction,Global,read,연산 입력 핀,140,136,134,Add,in2,sources/decoded-original/0170-FlgNet.xml
1849,auto start motors,HMI_DB.Counter_TotalProduction,Global,write,연산 출력 핀,141,137,134,Add,out,sources/decoded-original/0170-FlgNet.xml
1849,auto start motors,Consent Start BWF02,Global,read,접점 operand,79,74,72,Contact,operand,sources/decoded-original/0170-FlgNet.xml
1849,auto start motors,Consent Start BWF01,Global,read,접점 operand,115,116,109,Contact,operand,sources/decoded-original/0170-FlgNet.xml
1849,auto start motors,Prod_s_bwf02,Local,read,연산 입력 핀,151,144,142,Add,in1,sources/decoded-original/0170-FlgNet.xml
1849,auto start motors,HMI_DB.Counter_PartialProduction,Global,read,연산 입력 핀,152,145,142,Add,in2,sources/decoded-original/0170-FlgNet.xml
1849,auto start motors,HMI_DB.Counter_PartialProduction,Global,write,연산 출력 핀,154,146,142,Add,out,sources/decoded-original/0170-FlgNet.xml
1849,auto start motors,Prod_s_bwf02,Local,read,연산 입력 핀,155,147,143,Add,in1,sources/decoded-original/0170-FlgNet.xml
1849,auto start motors,HMI_DB.Counter_TotalProduction,Global,read,연산 입력 핀,156,148,143,Add,in2,sources/decoded-original/0170-FlgNet.xml
1849,auto start motors,HMI_DB.Counter_TotalProduction,Global,write,연산 출력 핀,157,149,143,Add,out,sources/decoded-original/0170-FlgNet.xml
1849,auto start motors,Consent Start BWF01,Global,read,접점 operand,122,119,117,Contact,operand,sources/decoded-original/0170-FlgNet.xml
1849,auto start motors,Consent Start BWF02,Global,read,접점 operand,123,124,118,Contact,operand,sources/decoded-original/0170-FlgNet.xml
1849,auto start motors,Prod_s_bwf01,Local,read,연산 입력 핀,167,160,158,Add,in1,sources/decoded-original/0170-FlgNet.xml
1849,auto start motors,Prod_s_bwf02,Local,read,연산 입력 핀,168,161,158,Add,in2,sources/decoded-original/0170-FlgNet.xml
1849,auto start motors,HMI_DB.Counter_PartialProduction,Global,read,연산 입력 핀,58,59,158,Add,in3,sources/decoded-original/0170-FlgNet.xml
1849,auto start motors,HMI_DB.Counter_PartialProduction,Global,write,연산 출력 핀,170,162,158,Add,out,sources/decoded-original/0170-FlgNet.xml
1849,auto start motors,Prod_s_bwf01,Local,read,연산 입력 핀,171,163,159,Add,in1,sources/decoded-original/0170-FlgNet.xml
1849,auto start motors,Prod_s_bwf02,Local,read,연산 입력 핀,172,164,159,Add,in2,sources/decoded-original/0170-FlgNet.xml
1849,auto start motors,HMI_DB.Counter_TotalProduction,Global,read,연산 입력 핀,63,64,159,Add,in3,sources/decoded-original/0170-FlgNet.xml
1849,auto start motors,HMI_DB.Counter_TotalProduction,Global,write,연산 출력 핀,173,165,159,Add,out,sources/decoded-original/0170-FlgNet.xml
1854,burner control,ON,Global,read,접점 operand,188,165,219,Contact,operand,sources/decoded-original/0171-FlgNet.xml
1854,burner control,Brurner Lock Out,Global,read,접점 operand,189,166,221,Contact,operand,sources/decoded-original/0171-FlgNet.xml
1854,burner control,APP M10.2,Global,read,접점 operand,190,167,223,Contact,operand,sources/decoded-original/0171-FlgNet.xml
1854,burner control,Allarm.BURNER_LDU_FAULT,Global,write,코일 operand,192,168,117,SCoil,operand,sources/decoded-original/0171-FlgNet.xml
1854,burner control,Flag.RESET_ALLARM,Global,read,접점 operand,193,169,225,Contact,operand,sources/decoded-original/0171-FlgNet.xml
1854,burner control,Allarm.BURNER_LDU_FAULT,Global,read,접점 operand,194,170,227,Contact,operand,sources/decoded-original/0171-FlgNet.xml
1854,burner control,m491,Global,write,코일 operand,195,171,123,SCoil,operand,sources/decoded-original/0171-FlgNet.xml
1854,burner control,APP M10.2,Global,write,코일 operand,196,172,125,SCoil,operand,sources/decoded-original/0171-FlgNet.xml
1854,burner control,APP M10.2,Global,read,접점 operand,198,173,229,Contact,operand,sources/decoded-original/0171-FlgNet.xml
1854,burner control,Tag_135,Global,write,코일 operand,200,175,133,SdCoil,operand,sources/decoded-original/0171-FlgNet.xml
1854,burner control,Tag_135,Global,read,접점 operand,201,176,231,Contact,operand,sources/decoded-original/0171-FlgNet.xml
1854,burner control,APP M10.2,Global,write,코일 operand,203,177,138,RCoil,operand,sources/decoded-original/0171-FlgNet.xml
1854,burner control,m491,Global,read,접점 operand,205,178,233,Contact,operand,sources/decoded-original/0171-FlgNet.xml
1854,burner control,Tag_136,Global,write,코일 operand,207,180,145,SdCoil,operand,sources/decoded-original/0171-FlgNet.xml
1854,burner control,Rst allarm Burner,Global,write,코일 operand,208,181,149,Coil,operand,sources/decoded-original/0171-FlgNet.xml
1854,burner control,Tag_136,Global,read,접점 operand,209,182,235,Contact,operand,sources/decoded-original/0171-FlgNet.xml
1854,burner control,Allarm.BURNER_LDU_FAULT,Global,write,코일 operand,210,183,156,RCoil,operand,sources/decoded-original/0171-FlgNet.xml
1854,burner control,Tag_137,Global,write,코일 operand,212,185,159,SdCoil,operand,sources/decoded-original/0171-FlgNet.xml
1854,burner control,Tag_137,Global,read,접점 operand,213,186,237,Contact,operand,sources/decoded-original/0171-FlgNet.xml
1854,burner control,m491,Global,write,코일 operand,215,187,164,RCoil,operand,sources/decoded-original/0171-FlgNet.xml
1855,burner control,ON,Global,read,접점 operand,31,33,32,Contact,operand,sources/decoded-original/0172-FlgNet.xml
1855,burner control,Flag.Start_Burner,Global,read,접점 operand,260,249,238,Contact,operand,sources/decoded-original/0172-FlgNet.xml
1855,burner control,PLS M50.0,Global,pending,호출 방향·미분류 핀 확인 필요,262,250,239,PBox,bit,sources/decoded-original/0172-FlgNet.xml
1855,burner control,Inputs.FC GAS Chiuso,Global,read,접점 operand,264,251,240,Contact,operand,sources/decoded-original/0172-FlgNet.xml
1855,burner control,Inputs.FC Aria chiusa,Global,read,접점 operand,268,253,242,Contact,operand,sources/decoded-original/0172-FlgNet.xml
1855,burner control,Allarm.SERVOMOTOR_MIN_POS_ALL,Global,write,코일 operand,273,255,245,SCoil,operand,sources/decoded-original/0172-FlgNet.xml
1855,burner control,Flag.RESET_ALLARM,Global,read,접점 operand,274,256,246,Contact,operand,sources/decoded-original/0172-FlgNet.xml
1855,burner control,Allarm.SERVOMOTOR_MIN_POS_ALL,Global,read,접점 operand,276,257,247,Contact,operand,sources/decoded-original/0172-FlgNet.xml
1855,burner control,Allarm.SERVOMOTOR_MIN_POS_ALL,Global,write,코일 operand,278,258,248,RCoil,operand,sources/decoded-original/0172-FlgNet.xml
1856,burner control,ON,Global,read,접점 operand,155,151,160,Contact,operand,sources/decoded-original/0173-FlgNet.xml
1856,burner control,Allarm.MAX_MAX_TC09,Global,read,접점 operand,156,152,162,Contact,operand,sources/decoded-original/0173-FlgNet.xml
1856,burner control,Allarm.MAX_MAX_TC01_TEMP,Global,read,접점 operand,157,153,164,Contact,operand,sources/decoded-original/0173-FlgNet.xml
1856,burner control,Temperature Interlock OK,Global,write,코일 operand,159,154,150,Coil,operand,sources/decoded-original/0173-FlgNet.xml
1857,burner control,ON,Global,read,접점 operand,194,183,207,Contact,operand,sources/decoded-original/0174-FlgNet.xml
1857,burner control,Allarm.MAX_MAX_TC09,Global,read,접점 operand,195,184,209,Contact,operand,sources/decoded-original/0174-FlgNet.xml
1857,burner control,Allarm.BURNER_START_FAULT,Global,read,접점 operand,196,185,211,Contact,operand,sources/decoded-original/0174-FlgNet.xml
1857,burner control,Allarm.BURNER_LDU_FAULT,Global,read,접점 operand,197,186,213,Contact,operand,sources/decoded-original/0174-FlgNet.xml
1857,burner control,Inputs.FN01 Run,Global,read,접점 operand,22,24,23,Contact,operand,sources/decoded-original/0174-FlgNet.xml
1857,burner control,Inputs.FN04 Run,Global,read,접점 operand,26,29,27,Contact,operand,sources/decoded-original/0174-FlgNet.xml
1857,burner control,Inputs.RD01 run,Global,read,접점 operand,31,33,32,Contact,operand,sources/decoded-original/0174-FlgNet.xml
1857,burner control,Inputs.FEEDBACKMOTOR FN-06,Global,read,접점 operand,35,37,36,Contact,operand,sources/decoded-original/0174-FlgNet.xml
1857,burner control,Inputs.Burner On,Global,read,접점 operand,231,229,228,Contact,operand,sources/decoded-original/0174-FlgNet.xml
1857,burner control,Inputs.FN02 Run,Global,read,접점 operand,39,41,40,Contact,operand,sources/decoded-original/0174-FlgNet.xml
1857,burner control,Flag.Burner_ready,Global,write,코일 operand,206,193,182,Coil,operand,sources/decoded-original/0174-FlgNet.xml
1858,burner control,ON,Global,read,접점 operand,251,233,273,Contact,operand,sources/decoded-original/0175-FlgNet.xml
1858,burner control,Flag.Burner_ready,Global,read,접점 operand,252,234,275,Contact,operand,sources/decoded-original/0175-FlgNet.xml
1858,burner control,Allarm.MAX_MAX_TC09,Global,read,접점 operand,253,235,277,Contact,operand,sources/decoded-original/0175-FlgNet.xml
1858,burner control,Allarm.BURNER_START_FAULT,Global,read,접점 operand,254,236,279,Contact,operand,sources/decoded-original/0175-FlgNet.xml
1858,burner control,Allarm.BURNER_LDU_FAULT,Global,read,접점 operand,255,237,281,Contact,operand,sources/decoded-original/0175-FlgNet.xml
1858,burner control,Allarm.FN_03_FAULT,Global,read,접점 operand,256,238,283,Contact,operand,sources/decoded-original/0175-FlgNet.xml
1858,burner control,Allarm.SERVOMOTOR_MIN_POS_ALL,Global,read,접점 operand,257,239,285,Contact,operand,sources/decoded-original/0175-FlgNet.xml
1858,burner control,Allarm.MAX_TC04_TEMP,Global,read,접점 operand,258,240,287,Contact,operand,sources/decoded-original/0175-FlgNet.xml
1858,burner control,Allarm.MAX_TC05_TEMP,Global,read,접점 operand,259,241,289,Contact,operand,sources/decoded-original/0175-FlgNet.xml
1858,burner control,Allarm.MAX_MAX_TC03_TEMP,Global,read,접점 operand,260,242,291,Contact,operand,sources/decoded-original/0175-FlgNet.xml
1858,burner control,Allarm.MAX_MAX_TC01_TEMP,Global,read,접점 operand,261,243,293,Contact,operand,sources/decoded-original/0175-FlgNet.xml
1858,burner control,Allarm.RO01_Signal_Fault,Global,read,접점 operand,262,244,295,Contact,operand,sources/decoded-original/0175-FlgNet.xml
1858,burner control,Allarm.TC01_TC02_COMP_FAULT,Global,read,접점 operand,263,245,297,Contact,operand,sources/decoded-original/0175-FlgNet.xml
1858,burner control,Allarm.Low_Aspiration,Global,read,접점 operand,264,246,299,Contact,operand,sources/decoded-original/0175-FlgNet.xml
1858,burner control,Allarm.PSL_AIR_LOW,Global,read,접점 operand,265,247,301,Contact,operand,sources/decoded-original/0175-FlgNet.xml
1858,burner control,Allarm.HYDROGEN_BOX_FAULT,Global,read,접점 operand,266,248,303,Contact,operand,sources/decoded-original/0175-FlgNet.xml
1858,burner control,Allarm.EmergencyStopTC1_2,Global,read,접점 operand,21,23,22,Contact,operand,sources/decoded-original/0175-FlgNet.xml
1858,burner control,ON,Global,read,접점 operand,268,249,305,Contact,operand,sources/decoded-original/0175-FlgNet.xml
1858,burner control,Flag.Start_Burner,Global,write,코일 operand,272,250,232,RCoil,operand,sources/decoded-original/0175-FlgNet.xml
1859,burner control,ON,Global,read,접점 operand,298,285,317,Contact,operand,sources/decoded-original/0176-FlgNet.xml
1859,burner control,Inputs.Burner On,Global,read,접점 operand,299,286,319,Contact,operand,sources/decoded-original/0176-FlgNet.xml
1859,burner control,Tag_138,Global,read,접점 operand,300,287,321,Contact,operand,sources/decoded-original/0176-FlgNet.xml
1859,burner control,PLS M51.5,Global,pending,호출 방향·미분류 핀 확인 필요,302,288,268,PBox,bit,sources/decoded-original/0176-FlgNet.xml
1859,burner control,WorkData.W5,Global,read,연산 입력 핀,304,289,270,Add,in1,sources/decoded-original/0176-FlgNet.xml
1859,burner control,WorkData.W5,Global,write,연산 출력 핀,306,291,270,Add,out,sources/decoded-original/0176-FlgNet.xml
1859,burner control,Tag_138,Global,read,접점 operand,308,293,323,Contact,operand,sources/decoded-original/0176-FlgNet.xml
1859,burner control,Tag_138,Global,write,코일 operand,310,294,277,SdCoil,operand,sources/decoded-original/0176-FlgNet.xml
1859,burner control,Inputs.Burner On,Global,read,접점 operand,312,295,325,Contact,operand,sources/decoded-original/0176-FlgNet.xml
1859,burner control,WorkData.W5,Global,write,Move out,315,297,282,Move,out1,sources/decoded-original/0176-FlgNet.xml
1860,burner control,Data.Tipo_preset,Global,read,비교 입력 핀,54,35,21,Ne,in1,sources/decoded-original/0193-FlgNet.xml
1860,burner control,Data.Tipo_preset,Global,read,비교 입력 핀,57,37,22,Ne,in1,sources/decoded-original/0193-FlgNet.xml
1860,burner control,HMI_DB.memoBurnerON,Global,write,코일 operand,60,39,23,RCoil,operand,sources/decoded-original/0193-FlgNet.xml
1860,burner control,Flag.Start_Burner,Global,read,접점 operand,61,40,24,Contact,operand,sources/decoded-original/0193-FlgNet.xml
1860,burner control,Flag.AUTO_BURNER,Global,read,접점 operand,63,41,25,Contact,operand,sources/decoded-original/0193-FlgNet.xml
1860,burner control,HMI_DB.memoBurnerON,Global,read,접점 operand,66,42,27,Contact,operand,sources/decoded-original/0193-FlgNet.xml
1860,burner control,Inputs.Burner On,Global,read,접점 operand,68,43,28,Contact,operand,sources/decoded-original/0193-FlgNet.xml
1860,burner control,HMI_DB.memoBurnerON,Global,write,코일 operand,70,44,29,SCoil,operand,sources/decoded-original/0193-FlgNet.xml
1860,burner control,HMI_DB.Counter_StopBurner,Global,write,Move out,72,46,30,Move,out1,sources/decoded-original/0193-FlgNet.xml
1860,burner control,Stechio.Consumo_GAS,Global,write,Move out,118,115,113,Move,out1,sources/decoded-original/0193-FlgNet.xml
1860,burner control,HMI_DB.Counter_PartialProduction,Global,write,Move out,124,121,119,Move,out1,sources/decoded-original/0193-FlgNet.xml
1860,burner control,HMI_DB.memoBurnerON,Global,read,접점 operand,73,47,31,Contact,operand,sources/decoded-original/0193-FlgNet.xml
1860,burner control,Inputs.Burner On,Global,read,접점 operand,75,48,32,Contact,operand,sources/decoded-original/0193-FlgNet.xml
1860,burner control,PS181_0,Global,read,접점 operand,86,87,78,Contact,operand,sources/decoded-original/0193-FlgNet.xml
1860,burner control,,Unknown,pending,호출 방향·미분류 핀 확인 필요,94,96,88,CRef,ET,sources/decoded-original/0193-FlgNet.xml
1860,burner control,PS181_0,Global,pending,호출 방향·미분류 핀 확인 필요,112,110,109,PBox,bit,sources/decoded-original/0193-FlgNet.xml
1860,burner control,HMI_DB.Counter_StopBurner,Global,read,연산 입력 핀,79,50,34,Add,in1,sources/decoded-original/0193-FlgNet.xml
1860,burner control,HMI_DB.Counter_StopBurner,Global,write,연산 출력 핀,81,52,34,Add,out,sources/decoded-original/0193-FlgNet.xml
1860,burner control,HMI_DB.ResetCounter_StopBurner,Global,read,접점 operand,82,85,83,Contact,operand,sources/decoded-original/0193-FlgNet.xml
1860,burner control,HMI_DB.Counter_StopBurner,Global,write,Move out,99,101,90,Move,out1,sources/decoded-original/0193-FlgNet.xml
1860,burner control,HMI_DB.ResetCounter_StopBurner,Global,write,코일 operand,107,116,104,RCoil,operand,sources/decoded-original/0193-FlgNet.xml
1861,burner control,OFF,Global,read,접점 operand,23,24,318,Contact,operand,sources/decoded-original/0177-FlgNet.xml
1861,burner control,WorkData.W5,Global,read,비교 입력 핀,307,300,289,Ge,in1,sources/decoded-original/0177-FlgNet.xml
1861,burner control,Programmed stop burner,Global,write,코일 operand,311,302,292,Coil,operand,sources/decoded-original/0177-FlgNet.xml
1861,burner control,WorkData.W5,Global,read,비교 입력 핀,312,303,295,Ge,in1,sources/decoded-original/0177-FlgNet.xml
1861,burner control,Allarm.BURNER_TIME_LIMIT_22H,Global,write,코일 operand,316,305,298,Coil,operand,sources/decoded-original/0177-FlgNet.xml
1862,burner control,ON,Global,read,접점 operand,504,471,549,Contact,operand,sources/decoded-original/0178-FlgNet.xml
1862,burner control,Data.TC01_SETPOINT,Global,read,연산 입력 핀,505,472,409,Add,in1,sources/decoded-original/0178-FlgNet.xml
1862,burner control,App00,Local,write,연산 출력 핀,507,474,409,Add,out,sources/decoded-original/0178-FlgNet.xml
1862,burner control,Data.TC01_SETPOINT,Global,read,연산 입력 핀,508,475,415,Add,in1,sources/decoded-original/0178-FlgNet.xml
1862,burner control,App01,Local,write,연산 출력 핀,510,477,415,Add,out,sources/decoded-original/0178-FlgNet.xml
1862,burner control,Inputs.Burner ON and OK,Global,read,접점 operand,511,478,551,Contact,operand,sources/decoded-original/0178-FlgNet.xml
1862,burner control,Start High Flame,Global,write,코일 operand,513,479,422,RCoil,operand,sources/decoded-original/0178-FlgNet.xml
1862,burner control,Burner ON and OK,Global,read,접점 operand,514,480,553,Contact,operand,sources/decoded-original/0178-FlgNet.xml
1862,burner control,Start High Flame,Global,read,접점 operand,515,481,555,Contact,operand,sources/decoded-original/0178-FlgNet.xml
1862,burner control,ON,Global,read,접점 operand,516,482,557,Contact,operand,sources/decoded-original/0178-FlgNet.xml
1862,burner control,Manage_TC1_2.PID_Ref_Temp,Global,read,비교 입력 핀,517,483,432,Ge,in1,sources/decoded-original/0178-FlgNet.xml
1862,burner control,App00,Local,read,비교 입력 핀,518,484,432,Ge,in2,sources/decoded-original/0178-FlgNet.xml
1862,burner control,Allarm.MAX_TC01_TEMP,Global,read,접점 operand,521,485,559,Contact,operand,sources/decoded-original/0178-FlgNet.xml
1862,burner control,Allarm.MAX_TC03_TEMP,Global,read,접점 operand,522,486,561,Contact,operand,sources/decoded-original/0178-FlgNet.xml
1862,burner control,Data.Burner_Panel_SetPoint,Global,write,Move out,525,488,441,Move,out1,sources/decoded-original/0178-FlgNet.xml
1862,burner control,Inputs.FC GAS Chiuso,Global,read,접점 operand,527,490,563,Contact,operand,sources/decoded-original/0178-FlgNet.xml
1862,burner control,Inputs.FC Aria chiusa,Global,read,접점 operand,528,491,565,Contact,operand,sources/decoded-original/0178-FlgNet.xml
1862,burner control,Tag_139,Global,write,코일 operand,530,492,448,SdCoil,operand,sources/decoded-original/0178-FlgNet.xml
1862,burner control,Tag_139,Global,read,접점 operand,531,493,567,Contact,operand,sources/decoded-original/0178-FlgNet.xml
1862,burner control,Start High Flame,Global,write,코일 operand,533,494,453,RCoil,operand,sources/decoded-original/0178-FlgNet.xml
1862,burner control,Start High Flame,Global,read,접점 operand,535,495,569,Contact,operand,sources/decoded-original/0178-FlgNet.xml
1862,burner control,Manage_TC1_2.PID_Ref_Temp,Global,read,비교 입력 핀,536,496,457,Lt,in1,sources/decoded-original/0178-FlgNet.xml
1862,burner control,App01,Local,read,비교 입력 핀,537,497,457,Lt,in2,sources/decoded-original/0178-FlgNet.xml
1862,burner control,Allarm.MAX_TC01_TEMP,Global,read,접점 operand,539,498,571,Contact,operand,sources/decoded-original/0178-FlgNet.xml
1862,burner control,Allarm.MAX_TC03_TEMP,Global,read,접점 operand,540,499,573,Contact,operand,sources/decoded-original/0178-FlgNet.xml
1862,burner control,Tag_140,Global,write,코일 operand,542,501,465,SdCoil,operand,sources/decoded-original/0178-FlgNet.xml
1862,burner control,Tag_140,Global,read,접점 operand,543,502,575,Contact,operand,sources/decoded-original/0178-FlgNet.xml
1862,burner control,Start High Flame,Global,write,코일 operand,545,503,470,SCoil,operand,sources/decoded-original/0178-FlgNet.xml
1863,burner control,ON,Global,read,접점 operand,500,486,521,Contact,operand,sources/decoded-original/0179-FlgNet.xml
1863,burner control,Inputs.Burner On,Global,read,접점 operand,501,487,523,Contact,operand,sources/decoded-original/0179-FlgNet.xml
1863,burner control,Start High Flame,Global,read,접점 operand,502,488,525,Contact,operand,sources/decoded-original/0179-FlgNet.xml
1863,burner control,Main flame ON,Global,write,코일 operand,504,489,464,SCoil,operand,sources/decoded-original/0179-FlgNet.xml
1863,burner control,Start High Flame,Global,read,접점 operand,505,490,527,Contact,operand,sources/decoded-original/0179-FlgNet.xml
1863,burner control,Main flame ON,Global,read,접점 operand,506,491,529,Contact,operand,sources/decoded-original/0179-FlgNet.xml
1863,burner control,Tag_141,Global,write,코일 operand,508,493,472,SdCoil,operand,sources/decoded-original/0179-FlgNet.xml
1863,burner control,Tag_141,Global,read,접점 operand,509,494,531,Contact,operand,sources/decoded-original/0179-FlgNet.xml
1863,burner control,Foced Spark,Global,write,코일 operand,511,495,477,Coil,operand,sources/decoded-original/0179-FlgNet.xml
1863,burner control,Tag_141,Global,read,접점 operand,512,496,533,Contact,operand,sources/decoded-original/0179-FlgNet.xml
1863,burner control,Main flame ON,Global,write,코일 operand,514,497,481,RCoil,operand,sources/decoded-original/0179-FlgNet.xml
1863,burner control,Inputs.Burner On,Global,read,접점 operand,517,498,535,Contact,operand,sources/decoded-original/0179-FlgNet.xml
1863,burner control,Main flame ON,Global,write,코일 operand,519,499,485,RCoil,operand,sources/decoded-original/0179-FlgNet.xml
1864,burner control,OFF,Global,read,접점 operand,557,543,577,Contact,operand,sources/decoded-original/0180-FlgNet.xml
1864,burner control,Data.TC01_SETPOINT,Global,read,연산 입력 핀,558,544,517,Add,in1,sources/decoded-original/0180-FlgNet.xml
1864,burner control,App02,Local,write,연산 출력 핀,560,546,517,Add,out,sources/decoded-original/0180-FlgNet.xml
1864,burner control,Data.TC01_SETPOINT,Global,read,연산 입력 핀,561,547,523,Add,in1,sources/decoded-original/0180-FlgNet.xml
1864,burner control,App03,Local,write,연산 출력 핀,563,549,523,Add,out,sources/decoded-original/0180-FlgNet.xml
1864,burner control,ON,Global,read,접점 operand,564,550,579,Contact,operand,sources/decoded-original/0180-FlgNet.xml
1864,burner control,Manage_TC1_2.PID_Ref_Temp,Global,read,비교 입력 핀,565,551,533,Ge,in1,sources/decoded-original/0180-FlgNet.xml
1864,burner control,App02,Local,read,비교 입력 핀,566,552,533,Ge,in2,sources/decoded-original/0180-FlgNet.xml
1864,burner control,Riduce MN01,Global,write,코일 operand,569,553,536,SCoil,operand,sources/decoded-original/0180-FlgNet.xml
1864,burner control,Manage_TC1_2.PID_Ref_Temp,Global,read,비교 입력 핀,570,554,539,Lt,in1,sources/decoded-original/0180-FlgNet.xml
1864,burner control,App03,Local,read,비교 입력 핀,571,555,539,Lt,in2,sources/decoded-original/0180-FlgNet.xml
1864,burner control,Riduce MN01,Global,write,코일 operand,574,556,542,RCoil,operand,sources/decoded-original/0180-FlgNet.xml
1865,burner control,ON,Global,read,접점 operand,604,589,630,Contact,operand,sources/decoded-original/0181-FlgNet.xml
1865,burner control,OFF,Global,read,접점 operand,605,590,632,Contact,operand,sources/decoded-original/0181-FlgNet.xml
1865,burner control,Allarm.MAX_TC01_TEMP,Global,read,접점 operand,606,591,634,Contact,operand,sources/decoded-original/0181-FlgNet.xml
1865,burner control,Allarm.MAX_TC03_TEMP,Global,read,접점 operand,607,592,636,Contact,operand,sources/decoded-original/0181-FlgNet.xml
1865,burner control,Programmed stop burner,Global,read,접점 operand,610,593,638,Contact,operand,sources/decoded-original/0181-FlgNet.xml
1865,burner control,Data.GAS_BR_01,Global,read,비교 입력 핀,612,594,573,Le,in1,sources/decoded-original/0181-FlgNet.xml
1865,burner control,Inputs.FC GAS Chiuso,Global,read,접점 operand,615,596,640,Contact,operand,sources/decoded-original/0181-FlgNet.xml
1865,burner control,Inputs.FC Aria chiusa,Global,read,접점 operand,616,597,642,Contact,operand,sources/decoded-original/0181-FlgNet.xml
1865,burner control,Lock Burner,Global,write,코일 operand,620,598,579,SCoil,operand,sources/decoded-original/0181-FlgNet.xml
1865,burner control,Allarm.MAX_TC01_TEMP,Global,read,접점 operand,621,599,644,Contact,operand,sources/decoded-original/0181-FlgNet.xml
1865,burner control,Allarm.MAX_TC03_TEMP,Global,read,접점 operand,622,600,646,Contact,operand,sources/decoded-original/0181-FlgNet.xml
1865,burner control,ON,Global,read,접점 operand,624,601,648,Contact,operand,sources/decoded-original/0181-FlgNet.xml
1865,burner control,Programmed stop burner,Global,read,접점 operand,626,602,650,Contact,operand,sources/decoded-original/0181-FlgNet.xml
1865,burner control,Lock Burner,Global,write,코일 operand,628,603,588,RCoil,operand,sources/decoded-original/0181-FlgNet.xml
1866,burner control,Flag.Start_Burner,Global,read,접점 operand,621,612,634,Contact,operand,sources/decoded-original/0182-FlgNet.xml
1866,burner control,Lock Burner,Global,read,접점 operand,622,613,636,Contact,operand,sources/decoded-original/0182-FlgNet.xml
1866,burner control,Flag.M_FN_03,Global,read,접점 operand,623,614,638,Contact,operand,sources/decoded-original/0182-FlgNet.xml
1866,burner control,OFF,Global,read,접점 operand,624,615,640,Contact,operand,sources/decoded-original/0182-FlgNet.xml
1866,burner control,Flag.M_FN_03,Global,write,코일 operand,626,616,600,SCoil,operand,sources/decoded-original/0182-FlgNet.xml
1866,burner control,Inputs.FN03 Run,Global,read,접점 operand,627,617,642,Contact,operand,sources/decoded-original/0182-FlgNet.xml
1866,burner control,Enable start burner(1),Global,write,코일 operand,628,618,607,Coil,operand,sources/decoded-original/0182-FlgNet.xml
1866,burner control,Enable start burner,Global,read,접점 operand,629,619,644,Contact,operand,sources/decoded-original/0182-FlgNet.xml
1866,burner control,Rem. Start/Stop Burner,Global,write,코일 operand,631,620,611,Coil,operand,sources/decoded-original/0182-FlgNet.xml
1867,burner control,ON,Global,read,접점 operand,642,634,653,Contact,operand,sources/decoded-original/0183-FlgNet.xml
1867,burner control,Tag_142,Global,read,접점 operand,643,635,655,Contact,operand,sources/decoded-original/0183-FlgNet.xml
1867,burner control,WorkData.BR01_CleanTime,Global,read,연산 입력 핀,645,636,625,Add,in1,sources/decoded-original/0183-FlgNet.xml
1867,burner control,WorkData.BR01_CleanTime,Global,write,연산 출력 핀,647,638,625,Add,out,sources/decoded-original/0183-FlgNet.xml
1867,burner control,Tag_142,Global,read,접점 operand,649,640,657,Contact,operand,sources/decoded-original/0183-FlgNet.xml
1867,burner control,Tag_142,Global,write,코일 operand,651,641,632,SdCoil,operand,sources/decoded-original/0183-FlgNet.xml
1868,burner control,ON,Global,read,접점 operand,1476,1366,1634,Contact,operand,sources/decoded-original/0184-FlgNet.xml
1868,burner control,Enable start burner(1),Global,read,접점 operand,1477,1367,1636,Contact,operand,sources/decoded-original/0184-FlgNet.xml
1868,burner control,WorkData.BR01_State,Global,write,Move out,1479,1369,1122,Move,out1,sources/decoded-original/0184-FlgNet.xml
1868,burner control,Open MV03 for washing,Global,write,코일 operand,1480,1370,1127,RCoil,operand,sources/decoded-original/0184-FlgNet.xml
1868,burner control,Inputs.MV03 Close,Global,read,접점 operand,37,38,28,Contact,operand,sources/decoded-original/0184-FlgNet.xml
1868,burner control,Inputs.MV03 Close,Global,read,접점 operand,33,34,1670,Contact,operand,sources/decoded-original/0184-FlgNet.xml
1868,burner control,Close MV03 for Burner Startup,Global,write,코일 operand,25,26,1669,SCoil,operand,sources/decoded-original/0184-FlgNet.xml
1868,burner control,Enable start burner,Global,write,코일 operand,1481,1371,1130,RCoil,operand,sources/decoded-original/0184-FlgNet.xml
1868,burner control,Enable start burner(1),Global,read,접점 operand,1483,1372,1638,Contact,operand,sources/decoded-original/0184-FlgNet.xml
1868,burner control,WorkData.BR01_State,Global,read,비교 입력 핀,1484,1373,1137,Eq,in1,sources/decoded-original/0184-FlgNet.xml
1868,burner control,Manage_TC1_2.PID_Ref_Temp,Global,read,비교 입력 핀,1487,1375,1143,Ge,in1,sources/decoded-original/0184-FlgNet.xml
1868,burner control,WorkData.BR01_State,Global,write,Move out,1492,1378,1146,Move,out1,sources/decoded-original/0184-FlgNet.xml
1868,burner control,Manage_TC1_2.PID_Ref_Temp,Global,read,비교 입력 핀,1493,1379,1151,Lt,in1,sources/decoded-original/0184-FlgNet.xml
1868,burner control,WorkData.BR01_State,Global,write,Move out,1498,1382,1154,Move,out1,sources/decoded-original/0184-FlgNet.xml
1868,burner control,WorkData.BR01_CleanTime,Global,write,Move out,1500,1384,1159,Move,out1,sources/decoded-original/0184-FlgNet.xml
1868,burner control,WorkData.BR01_State,Global,read,비교 입력 핀,1502,1385,1164,Eq,in1,sources/decoded-original/0184-FlgNet.xml
1868,burner control,OFF,Global,read,접점 operand,1505,1387,1640,Contact,operand,sources/decoded-original/0184-FlgNet.xml
1868,burner control,Data.Max_PRC_BR1,Global,read,Move in,1507,1388,1171,Move,in,sources/decoded-original/0184-FlgNet.xml
1868,burner control,Data.Burner_Panel_SetPoint,Global,write,Move out,1508,1389,1171,Move,out1,sources/decoded-original/0184-FlgNet.xml
1868,burner control,Open MV03 for washing,Global,write,코일 operand,1509,1390,1176,SCoil,operand,sources/decoded-original/0184-FlgNet.xml
1868,burner control,WorkData.BR01_State,Global,write,Move out,1511,1392,1179,Move,out1,sources/decoded-original/0184-FlgNet.xml
1868,burner control,WorkData.BR01_State,Global,read,비교 입력 핀,1513,1393,1184,Eq,in1,sources/decoded-original/0184-FlgNet.xml
1868,burner control,Inputs.MV03 open,Global,read,접점 operand,23,24,1642,Contact,operand,sources/decoded-original/0184-FlgNet.xml
1868,burner control,WorkData.BR01_State,Global,write,Move out,1519,1397,1188,Move,out1,sources/decoded-original/0184-FlgNet.xml
1868,burner control,WorkData.BR01_State,Global,read,비교 입력 핀,1520,1398,1193,Eq,in1,sources/decoded-original/0184-FlgNet.xml
1868,burner control,Tag_143,Global,write,코일 operand,1524,1401,1199,SdCoil,operand,sources/decoded-original/0184-FlgNet.xml
1868,burner control,ON,Global,read,접점 operand,1525,1402,1644,Contact,operand,sources/decoded-original/0184-FlgNet.xml
1868,burner control,Tag_142,Global,read,접점 operand,1526,1403,1646,Contact,operand,sources/decoded-original/0184-FlgNet.xml
1868,burner control,WorkData.BR01_CleanTime,Global,read,연산 입력 핀,1528,1404,1208,Add,in1,sources/decoded-original/0184-FlgNet.xml
1868,burner control,WorkData.BR01_CleanTime,Global,write,연산 출력 핀,1530,1406,1208,Add,out,sources/decoded-original/0184-FlgNet.xml
1868,burner control,Tag_142,Global,read,접점 operand,1532,1408,1648,Contact,operand,sources/decoded-original/0184-FlgNet.xml
1868,burner control,Tag_142,Global,write,코일 operand,1534,1409,1215,SdCoil,operand,sources/decoded-original/0184-FlgNet.xml
1868,burner control,Tag_143,Global,read,접점 operand,1536,1410,1650,Contact,operand,sources/decoded-original/0184-FlgNet.xml
1868,burner control,WorkData.BR01_State,Global,write,Move out,1539,1412,1220,Move,out1,sources/decoded-original/0184-FlgNet.xml
1868,burner control,WorkData.BR01_State,Global,read,비교 입력 핀,1541,1413,1225,Eq,in1,sources/decoded-original/0184-FlgNet.xml
1868,burner control,OFF,Global,read,접점 operand,1544,1415,1652,Contact,operand,sources/decoded-original/0184-FlgNet.xml
1868,burner control,Data.Burner_Panel_SetPoint,Global,write,Move out,1547,1417,1232,Move,out1,sources/decoded-original/0184-FlgNet.xml
1868,burner control,Open MV03 for washing,Global,write,코일 operand,1548,1418,1237,RCoil,operand,sources/decoded-original/0184-FlgNet.xml
1868,burner control,WorkData.BR01_State,Global,write,Move out,1550,1420,1240,Move,out1,sources/decoded-original/0184-FlgNet.xml
1868,burner control,WorkData.BR01_State,Global,read,비교 입력 핀,1552,1421,1245,Eq,in1,sources/decoded-original/0184-FlgNet.xml
1868,burner control,Inputs.MV03 Close,Global,read,접점 operand,1555,1423,1654,Contact,operand,sources/decoded-original/0184-FlgNet.xml
1868,burner control,ON,Global,read,접점 operand,1556,1424,1656,Contact,operand,sources/decoded-original/0184-FlgNet.xml
1868,burner control,WorkData.BR01_State,Global,write,Move out,1560,1426,1251,Move,out1,sources/decoded-original/0184-FlgNet.xml
1868,burner control,WorkData.BR01_State,Global,read,비교 입력 핀,1561,1427,1256,Eq,in1,sources/decoded-original/0184-FlgNet.xml
1868,burner control,Tag_144,Global,write,코일 operand,1565,1430,1262,SdCoil,operand,sources/decoded-original/0184-FlgNet.xml
1868,burner control,Tag_144,Global,read,접점 operand,1566,1431,1658,Contact,operand,sources/decoded-original/0184-FlgNet.xml
1868,burner control,WorkData.BR01_State,Global,write,Move out,1569,1433,1267,Move,out1,sources/decoded-original/0184-FlgNet.xml
1868,burner control,WorkData.BR01_State,Global,read,비교 입력 핀,1571,1434,1272,Eq,in1,sources/decoded-original/0184-FlgNet.xml
1868,burner control,Data.Oxigen_RO01,Global,read,비교 입력 핀,1574,1436,1278,Ge,in1,sources/decoded-original/0184-FlgNet.xml
1868,burner control,WorkData.BR01_State,Global,write,Move out,1579,1439,1281,Move,out1,sources/decoded-original/0184-FlgNet.xml
1868,burner control,Data.Oxigen_RO01,Global,read,비교 입력 핀,1580,1440,1286,Lt,in1,sources/decoded-original/0184-FlgNet.xml
1868,burner control,WorkData.BR01_State,Global,write,Move out,1585,1443,1289,Move,out1,sources/decoded-original/0184-FlgNet.xml
1868,burner control,WorkData.BR01_State,Global,read,비교 입력 핀,1587,1444,1294,Eq,in1,sources/decoded-original/0184-FlgNet.xml
1868,burner control,Enable start burner,Global,write,코일 operand,1590,1446,1300,SCoil,operand,sources/decoded-original/0184-FlgNet.xml
1868,burner control,Open MV03 for washing,Global,write,코일 operand,1591,1447,1303,RCoil,operand,sources/decoded-original/0184-FlgNet.xml
1868,burner control,Close MV03 for Burner Startup,Global,write,코일 operand,1592,1448,1306,SCoil,operand,sources/decoded-original/0184-FlgNet.xml
1868,burner control,WorkData.BR01_State,Global,write,Move out,1594,1450,1309,Move,out1,sources/decoded-original/0184-FlgNet.xml
1868,burner control,WorkData.BR01_State,Global,read,비교 입력 핀,1596,1451,1314,Eq,in1,sources/decoded-original/0184-FlgNet.xml
1868,burner control,Inputs.Burner On,Global,read,접점 operand,1599,1453,1660,Contact,operand,sources/decoded-original/0184-FlgNet.xml
1868,burner control,WorkData.BR01_State,Global,write,Move out,1602,1455,1318,Move,out1,sources/decoded-original/0184-FlgNet.xml
1868,burner control,WorkData.BR01_State,Global,read,비교 입력 핀,1603,1456,1323,Eq,in1,sources/decoded-original/0184-FlgNet.xml
1868,burner control,Tag_145,Global,write,코일 operand,1607,1459,1329,SdCoil,operand,sources/decoded-original/0184-FlgNet.xml
1868,burner control,Tag_145,Global,read,접점 operand,1608,1460,1662,Contact,operand,sources/decoded-original/0184-FlgNet.xml
1868,burner control,WorkData.BR01_State,Global,write,Move out,1611,1462,1334,Move,out1,sources/decoded-original/0184-FlgNet.xml
1868,burner control,WorkData.BR01_State,Global,read,비교 입력 핀,1613,1463,1339,Eq,in1,sources/decoded-original/0184-FlgNet.xml
1868,burner control,WorkData.BR01_State,Global,write,Move out,1618,1466,1342,Move,out1,sources/decoded-original/0184-FlgNet.xml
1868,burner control,WorkData.BR01_State,Global,read,비교 입력 핀,1619,1467,1347,Eq,in1,sources/decoded-original/0184-FlgNet.xml
1868,burner control,Inputs.Burner On,Global,read,접점 operand,1622,1469,1664,Contact,operand,sources/decoded-original/0184-FlgNet.xml
1868,burner control,Start Burner,Global,write,코일 operand,1624,1470,1354,Coil,operand,sources/decoded-original/0184-FlgNet.xml
1868,burner control,Inputs.Burner On,Global,read,접점 operand,1625,1471,1666,Contact,operand,sources/decoded-original/0184-FlgNet.xml
1868,burner control,WorkData.BR01_State,Global,write,Move out,1628,1473,1358,Move,out1,sources/decoded-original/0184-FlgNet.xml
1868,burner control,WorkData.BR01_CleanTime,Global,write,Move out,1630,1475,1363,Move,out1,sources/decoded-original/0184-FlgNet.xml
1869,burner control,Flag.RESET_ALLARM,Global,read,접점 operand,1126,1123,1130,Contact,operand,sources/decoded-original/0185-FlgNet.xml
1869,burner control,Allarm.BURNER_START_FAULT,Global,read,접점 operand,1127,1124,1132,Contact,operand,sources/decoded-original/0185-FlgNet.xml
1869,burner control,Allarm.BURNER_START_FAULT,Global,write,코일 operand,1129,1125,1122,RCoil,operand,sources/decoded-original/0185-FlgNet.xml
1870,burner control,ON,Global,read,접점 operand,1199,1184,1218,Contact,operand,sources/decoded-original/0186-FlgNet.xml
1870,burner control,Flag.AUTO_BURNER,Global,read,접점 operand,1200,1185,1220,Contact,operand,sources/decoded-original/0186-FlgNet.xml
1870,burner control,Allarm.MAX_TC01_TEMP,Global,read,접점 operand,1201,1186,1222,Contact,operand,sources/decoded-original/0186-FlgNet.xml
1870,burner control,Allarm.MAX_TC03_TEMP,Global,read,접점 operand,1202,1187,1224,Contact,operand,sources/decoded-original/0186-FlgNet.xml
1870,burner control,Programmed stop burner,Global,read,접점 operand,1203,1188,1226,Contact,operand,sources/decoded-original/0186-FlgNet.xml
1870,burner control,Start Burner,Global,read,접점 operand,1204,1189,1228,Contact,operand,sources/decoded-original/0186-FlgNet.xml
1870,burner control,Inputs.High Flame Gas,Global,read,접점 operand,1205,1190,1230,Contact,operand,sources/decoded-original/0186-FlgNet.xml
1870,burner control,Flag AutoBurner,Global,write,코일 operand,1207,1191,1172,Coil,operand,sources/decoded-original/0186-FlgNet.xml
1870,burner control,Enable start burner(1),Global,read,접점 operand,1208,1192,1232,Contact,operand,sources/decoded-original/0186-FlgNet.xml
1870,burner control,Allarm.MAX_TC01_TEMP,Global,read,접점 operand,1209,1193,1234,Contact,operand,sources/decoded-original/0186-FlgNet.xml
1870,burner control,Allarm.MAX_TC03_TEMP,Global,read,접점 operand,1210,1194,1236,Contact,operand,sources/decoded-original/0186-FlgNet.xml
1870,burner control,Programmed stop burner,Global,read,접점 operand,1211,1195,1238,Contact,operand,sources/decoded-original/0186-FlgNet.xml
1870,burner control,Inputs.High Flame Gas,Global,read,접점 operand,1212,1196,1240,Contact,operand,sources/decoded-original/0186-FlgNet.xml
1870,burner control,Data.Burner_Panel_SetPoint,Global,write,Move out,1216,1198,1181,Move,out1,sources/decoded-original/0186-FlgNet.xml
1871,burner control,Flag AutoBurner,Global,read,접점 operand,1184,1180,1188,Contact,operand,sources/decoded-original/0187-FlgNet.xml
1871,burner control,WorkData.Burner_PID_Result,Global,read,연산 입력 핀,1185,1181,1176,Add,in1,sources/decoded-original/0187-FlgNet.xml
1871,burner control,Data.Burner_Panel_SetPoint,Global,write,연산 출력 핀,1187,1183,1176,Add,out,sources/decoded-original/0187-FlgNet.xml
1872,burner control,ON,Global,read,접점 operand,1318,1297,1350,Contact,operand,sources/decoded-original/0188-FlgNet.xml
1872,burner control,Inputs.Burner On,Global,read,접점 operand,1319,1298,1352,Contact,operand,sources/decoded-original/0188-FlgNet.xml
1872,burner control,Data.Burner_Panel_SetPoint,Global,read,비교 입력 핀,1320,1299,1262,Gt,in1,sources/decoded-original/0188-FlgNet.xml
1872,burner control,Data.Max_PRC_BR1,Global,read,비교 입력 핀,1321,1300,1262,Gt,in2,sources/decoded-original/0188-FlgNet.xml
1872,burner control,Data.Max_PRC_BR1,Global,read,Move in,1324,1301,1265,Move,in,sources/decoded-original/0188-FlgNet.xml
1872,burner control,Data.Burner_Panel_SetPoint,Global,write,Move out,1325,1302,1265,Move,out1,sources/decoded-original/0188-FlgNet.xml
1872,burner control,Data.Burner_Panel_SetPoint,Global,read,비교 입력 핀,1326,1303,1270,Gt,in1,sources/decoded-original/0188-FlgNet.xml
1872,burner control,Data.Burner_Panel_SetPoint,Global,write,Move out,1331,1306,1273,Move,out1,sources/decoded-original/0188-FlgNet.xml
1872,burner control,Rem. Start/Stop Burner,Global,read,접점 operand,1332,1307,1354,Contact,operand,sources/decoded-original/0188-FlgNet.xml
1872,burner control,Data.Burner_Panel_SetPoint,Global,read,비교 입력 핀,1333,1308,1279,Lt,in1,sources/decoded-original/0188-FlgNet.xml
1872,burner control,Data.Burner_Panel_SetPoint,Global,write,Move out,1338,1311,1282,Move,out1,sources/decoded-original/0188-FlgNet.xml
1872,burner control,Rem. Start/Stop Burner,Global,read,접점 operand,1339,1312,1356,Contact,operand,sources/decoded-original/0188-FlgNet.xml
1872,burner control,Data.Burner_Panel_SetPoint,Global,read,비교 입력 핀,1340,1313,1289,Le,in1,sources/decoded-original/0188-FlgNet.xml
1872,burner control,Enable start burner(1),Global,read,접점 operand,1344,1315,1358,Contact,operand,sources/decoded-original/0188-FlgNet.xml
1872,burner control,Data.Burner_Panel_SetPoint,Global,write,Move out,1348,1317,1294,Move,out1,sources/decoded-original/0188-FlgNet.xml
1873,burner control,OFF,Global,read,접점 operand,1274,1271,1277,Contact,operand,sources/decoded-original/0008-FlgNet.xml
1873,burner control,Data.Burner_Panel_SetPoint,Global,write,Move out,1276,1273,1268,Move,out1,sources/decoded-original/0008-FlgNet.xml
1874,burner control,ON,Global,read,접점 operand,1342,1330,1359,Contact,operand,sources/decoded-original/0189-FlgNet.xml
1874,burner control,Stechio.Sign_lim_min,Global,read,접점 operand,1343,1331,1361,Contact,operand,sources/decoded-original/0189-FlgNet.xml
1874,burner control,Stechio.Sign_lim_MAX,Global,read,접점 operand,1344,1332,1363,Contact,operand,sources/decoded-original/0189-FlgNet.xml
1874,burner control,Tag_146,Global,write,코일 operand,1347,1334,1317,SdCoil,operand,sources/decoded-original/0189-FlgNet.xml
1874,burner control,Tag_146,Global,read,접점 operand,1348,1335,1365,Contact,operand,sources/decoded-original/0189-FlgNet.xml
1874,burner control,Allarm.Sechio_Limits,Global,write,코일 operand,1350,1336,1322,SCoil,operand,sources/decoded-original/0189-FlgNet.xml
1874,burner control,Flag.RESET_ALLARM,Global,read,접점 operand,1352,1337,1367,Contact,operand,sources/decoded-original/0189-FlgNet.xml
1874,burner control,Allarm.Sechio_Limits,Global,read,접점 operand,1353,1338,1369,Contact,operand,sources/decoded-original/0189-FlgNet.xml
1874,burner control,Stechio.Sign_lim_min,Global,read,접점 operand,1354,1339,1371,Contact,operand,sources/decoded-original/0189-FlgNet.xml
1874,burner control,Stechio.Sign_lim_MAX,Global,read,접점 operand,1355,1340,1373,Contact,operand,sources/decoded-original/0189-FlgNet.xml
1874,burner control,Allarm.Sechio_Limits,Global,write,코일 operand,1357,1341,1329,RCoil,operand,sources/decoded-original/0189-FlgNet.xml
1875,burner control,OFF,Global,read,접점 operand,1633,1588,1701,Contact,operand,sources/decoded-original/0190-FlgNet.xml
1875,burner control,WorkData.W5,Global,read,비교 입력 핀,1634,1589,1502,Eq,in1,sources/decoded-original/0190-FlgNet.xml
1875,burner control,Data.TC01_SETPOINT,Global,write,Move out,1639,1592,1505,Move,out1,sources/decoded-original/0190-FlgNet.xml
1875,burner control,WorkData.W5,Global,read,비교 입력 핀,1640,1593,1510,Eq,in1,sources/decoded-original/0190-FlgNet.xml
1875,burner control,Data.TC01_SETPOINT,Global,write,Move out,1645,1596,1513,Move,out1,sources/decoded-original/0190-FlgNet.xml
1875,burner control,WorkData.W5,Global,read,비교 입력 핀,1646,1597,1518,Eq,in1,sources/decoded-original/0190-FlgNet.xml
1875,burner control,Data.TC01_SETPOINT,Global,write,Move out,1651,1600,1521,Move,out1,sources/decoded-original/0190-FlgNet.xml
1875,burner control,WorkData.W5,Global,read,비교 입력 핀,1652,1601,1526,Eq,in1,sources/decoded-original/0190-FlgNet.xml
1875,burner control,Data.TC01_SETPOINT,Global,write,Move out,1657,1604,1529,Move,out1,sources/decoded-original/0190-FlgNet.xml
1875,burner control,WorkData.W5,Global,read,비교 입력 핀,1658,1605,1534,Eq,in1,sources/decoded-original/0190-FlgNet.xml
1875,burner control,Data.TC01_SETPOINT,Global,write,Move out,1663,1608,1537,Move,out1,sources/decoded-original/0190-FlgNet.xml
1875,burner control,WorkData.W5,Global,read,비교 입력 핀,1664,1609,1542,Eq,in1,sources/decoded-original/0190-FlgNet.xml
1875,burner control,Data.TC01_SETPOINT,Global,write,Move out,1669,1612,1545,Move,out1,sources/decoded-original/0190-FlgNet.xml
1875,burner control,WorkData.W5,Global,read,비교 입력 핀,1670,1613,1550,Eq,in1,sources/decoded-original/0190-FlgNet.xml
1875,burner control,Data.TC01_SETPOINT,Global,write,Move out,1675,1616,1553,Move,out1,sources/decoded-original/0190-FlgNet.xml
1875,burner control,WorkData.W5,Global,read,비교 입력 핀,1676,1617,1558,Eq,in1,sources/decoded-original/0190-FlgNet.xml
1875,burner control,Data.TC01_SETPOINT,Global,write,Move out,1681,1620,1561,Move,out1,sources/decoded-original/0190-FlgNet.xml
1875,burner control,WorkData.W5,Global,read,비교 입력 핀,1682,1621,1566,Eq,in1,sources/decoded-original/0190-FlgNet.xml
1875,burner control,Data.TC01_SETPOINT,Global,write,Move out,1687,1624,1569,Move,out1,sources/decoded-original/0190-FlgNet.xml
1875,burner control,WorkData.W5,Global,read,비교 입력 핀,1688,1625,1574,Eq,in1,sources/decoded-original/0190-FlgNet.xml
1875,burner control,Data.TC01_SETPOINT,Global,write,Move out,1693,1628,1577,Move,out1,sources/decoded-original/0190-FlgNet.xml
1875,burner control,WorkData.W5,Global,read,비교 입력 핀,1694,1629,1582,Eq,in1,sources/decoded-original/0190-FlgNet.xml
1875,burner control,Data.TC01_SETPOINT,Global,write,Move out,1699,1632,1585,Move,out1,sources/decoded-original/0190-FlgNet.xml
1876,burner control,OFF,Global,read,접점 operand,1621,1604,1647,Contact,operand,sources/decoded-original/0191-FlgNet.xml
1876,burner control,WorkData.W5,Global,read,비교 입력 핀,1622,1605,1574,Eq,in1,sources/decoded-original/0191-FlgNet.xml
1876,burner control,Data.TC01_SETPOINT,Global,write,Move out,1627,1608,1577,Move,out1,sources/decoded-original/0191-FlgNet.xml
1876,burner control,WorkData.W5,Global,read,비교 입력 핀,1628,1609,1582,Eq,in1,sources/decoded-original/0191-FlgNet.xml
1876,burner control,Data.TC01_SETPOINT,Global,write,Move out,1633,1612,1585,Move,out1,sources/decoded-original/0191-FlgNet.xml
1876,burner control,WorkData.W5,Global,read,비교 입력 핀,1634,1613,1590,Eq,in1,sources/decoded-original/0191-FlgNet.xml
1876,burner control,Data.TC01_SETPOINT,Global,write,Move out,1639,1616,1593,Move,out1,sources/decoded-original/0191-FlgNet.xml
1876,burner control,WorkData.W5,Global,read,비교 입력 핀,1640,1617,1598,Eq,in1,sources/decoded-original/0191-FlgNet.xml
1876,burner control,Data.TC01_SETPOINT,Global,write,Move out,1645,1620,1601,Move,out1,sources/decoded-original/0191-FlgNet.xml
1877,burner control,OFF,Global,read,접점 operand,1751,1726,1789,Contact,operand,sources/decoded-original/0192-FlgNet.xml
1877,burner control,WorkData.W5,Global,read,비교 입력 핀,1752,1727,1680,Eq,in1,sources/decoded-original/0192-FlgNet.xml
1877,burner control,Data.TC01_SETPOINT,Global,write,Move out,1757,1730,1683,Move,out1,sources/decoded-original/0192-FlgNet.xml
1877,burner control,WorkData.W5,Global,read,비교 입력 핀,1758,1731,1688,Eq,in1,sources/decoded-original/0192-FlgNet.xml
1877,burner control,Data.TC01_SETPOINT,Global,write,Move out,1763,1734,1691,Move,out1,sources/decoded-original/0192-FlgNet.xml
1877,burner control,WorkData.W5,Global,read,비교 입력 핀,1764,1735,1696,Eq,in1,sources/decoded-original/0192-FlgNet.xml
1877,burner control,Data.TC01_SETPOINT,Global,write,Move out,1769,1738,1699,Move,out1,sources/decoded-original/0192-FlgNet.xml
1877,burner control,WorkData.W5,Global,read,비교 입력 핀,1770,1739,1704,Eq,in1,sources/decoded-original/0192-FlgNet.xml
1877,burner control,Data.TC01_SETPOINT,Global,write,Move out,1775,1742,1707,Move,out1,sources/decoded-original/0192-FlgNet.xml
1877,burner control,WorkData.W5,Global,read,비교 입력 핀,1776,1743,1712,Eq,in1,sources/decoded-original/0192-FlgNet.xml
1877,burner control,Data.TC01_SETPOINT,Global,write,Move out,1781,1746,1715,Move,out1,sources/decoded-original/0192-FlgNet.xml
1877,burner control,WorkData.W5,Global,read,비교 입력 핀,1782,1747,1720,Eq,in1,sources/decoded-original/0192-FlgNet.xml
1877,burner control,Data.TC01_SETPOINT,Global,write,Move out,1787,1750,1723,Move,out1,sources/decoded-original/0192-FlgNet.xml
1882,filter,Data.VALVE_P,Global,pending,호출 방향·미분류 핀 확인 필요,24,25,23,CRef,KF,sources/decoded-original/0217-FlgNet.xml
1882,filter,Coeff.DP_01_PAUSA_SOGLIA_1,Global,write,식별 원본 AK=Write · 호출 방향/인터페이스 추가 확인,29,30,23,CRef,KT,sources/decoded-original/0217-FlgNet.xml
1882,filter,Data.VALVE_W,Global,pending,호출 방향·미분류 핀 확인 필요,33,34,32,CRef,KF,sources/decoded-original/0217-FlgNet.xml
1882,filter,Coeff.DP_01_LAVORO_SOGLIA_1,Global,write,식별 원본 AK=Write · 호출 방향/인터페이스 추가 확인,51,52,32,CRef,KT,sources/decoded-original/0217-FlgNet.xml
1883,filter,OFF,Global,read,접점 operand,318,279,377,Contact,operand,sources/decoded-original/0198-FlgNet.xml
1883,filter,Data.Ev_filter_on,Global,read,비교 입력 핀,319,280,206,Lt,in1,sources/decoded-original/0198-FlgNet.xml
1883,filter,Data.DP_01,Global,read,비교 입력 핀,322,282,213,Lt,in1,sources/decoded-original/0198-FlgNet.xml
1883,filter,Coeff.DP_01_SOGLIA_1,Global,read,비교 입력 핀,323,283,213,Lt,in2,sources/decoded-original/0198-FlgNet.xml
1883,filter,Coeff.DP_01_PAUSA_SOGLIA_1,Global,read,Move in,326,284,216,Move,in,sources/decoded-original/0198-FlgNet.xml
1883,filter,Data.LAVA_PAUSA,Global,write,Move out,327,285,216,Move,out1,sources/decoded-original/0198-FlgNet.xml
1883,filter,Coeff.DP_01_LAVORO_SOGLIA_1,Global,read,Move in,329,286,219,Move,in,sources/decoded-original/0198-FlgNet.xml
1883,filter,Data.LAVA_LAVORO,Global,write,Move out,330,287,219,Move,out1,sources/decoded-original/0198-FlgNet.xml
1883,filter,Data.DP_01,Global,read,비교 입력 핀,331,288,225,Ge,in1,sources/decoded-original/0198-FlgNet.xml
1883,filter,Coeff.DP_01_SOGLIA_1,Global,read,비교 입력 핀,332,289,225,Ge,in2,sources/decoded-original/0198-FlgNet.xml
1883,filter,Data.DP_01,Global,read,비교 입력 핀,334,290,228,Lt,in1,sources/decoded-original/0198-FlgNet.xml
1883,filter,Coeff.DP_01_SOGLIA_2,Global,read,비교 입력 핀,335,291,228,Lt,in2,sources/decoded-original/0198-FlgNet.xml
1883,filter,Coeff.DP_01_PAUSA_SOGLIA_2,Global,read,Move in,338,292,231,Move,in,sources/decoded-original/0198-FlgNet.xml
1883,filter,Data.LAVA_PAUSA,Global,write,Move out,339,293,231,Move,out1,sources/decoded-original/0198-FlgNet.xml
1883,filter,Coeff.DP_01_LAVORO_SOGLIA_1,Global,read,Move in,341,294,234,Move,in,sources/decoded-original/0198-FlgNet.xml
1883,filter,Data.LAVA_LAVORO,Global,write,Move out,342,295,234,Move,out1,sources/decoded-original/0198-FlgNet.xml
1883,filter,Data.DP_01,Global,read,비교 입력 핀,343,296,240,Ge,in1,sources/decoded-original/0198-FlgNet.xml
1883,filter,Coeff.DP_01_SOGLIA_2,Global,read,비교 입력 핀,344,297,240,Ge,in2,sources/decoded-original/0198-FlgNet.xml
1883,filter,Data.DP_01,Global,read,비교 입력 핀,346,298,243,Lt,in1,sources/decoded-original/0198-FlgNet.xml
1883,filter,Coeff.DP_01_SOGLIA_3,Global,read,비교 입력 핀,347,299,243,Lt,in2,sources/decoded-original/0198-FlgNet.xml
1883,filter,Coeff.DP_01_PAUSA_SOGLIA_3,Global,read,Move in,350,300,246,Move,in,sources/decoded-original/0198-FlgNet.xml
1883,filter,Data.LAVA_PAUSA,Global,write,Move out,351,301,246,Move,out1,sources/decoded-original/0198-FlgNet.xml
1883,filter,Coeff.DP_01_LAVORO_SOGLIA_1,Global,read,Move in,353,302,249,Move,in,sources/decoded-original/0198-FlgNet.xml
1883,filter,Data.LAVA_LAVORO,Global,write,Move out,354,303,249,Move,out1,sources/decoded-original/0198-FlgNet.xml
1883,filter,Data.DP_01,Global,read,비교 입력 핀,355,304,255,Ge,in1,sources/decoded-original/0198-FlgNet.xml
1883,filter,Coeff.DP_01_SOGLIA_3,Global,read,비교 입력 핀,356,305,255,Ge,in2,sources/decoded-original/0198-FlgNet.xml
1883,filter,Data.DP_01,Global,read,비교 입력 핀,358,306,258,Lt,in1,sources/decoded-original/0198-FlgNet.xml
1883,filter,Coeff.DP_01_SOGLIA_4,Global,read,비교 입력 핀,359,307,258,Lt,in2,sources/decoded-original/0198-FlgNet.xml
1883,filter,Coeff.DP_01_PAUSA_SOGLIA_4,Global,read,Move in,362,308,261,Move,in,sources/decoded-original/0198-FlgNet.xml
1883,filter,Data.LAVA_PAUSA,Global,write,Move out,363,309,261,Move,out1,sources/decoded-original/0198-FlgNet.xml
1883,filter,Coeff.DP_01_LAVORO_SOGLIA_1,Global,read,Move in,365,310,264,Move,in,sources/decoded-original/0198-FlgNet.xml
1883,filter,Data.LAVA_LAVORO,Global,write,Move out,366,311,264,Move,out1,sources/decoded-original/0198-FlgNet.xml
1883,filter,Data.DP_01,Global,read,비교 입력 핀,367,312,270,Ge,in1,sources/decoded-original/0198-FlgNet.xml
1883,filter,Coeff.DP_01_SOGLIA_4,Global,read,비교 입력 핀,368,313,270,Ge,in2,sources/decoded-original/0198-FlgNet.xml
1883,filter,Coeff.DP_01_PAUSA_SOGLIA_5,Global,read,Move in,371,314,273,Move,in,sources/decoded-original/0198-FlgNet.xml
1883,filter,Data.LAVA_PAUSA,Global,write,Move out,372,315,273,Move,out1,sources/decoded-original/0198-FlgNet.xml
1883,filter,Coeff.DP_01_LAVORO_SOGLIA_1,Global,read,Move in,374,316,276,Move,in,sources/decoded-original/0198-FlgNet.xml
1883,filter,Data.LAVA_LAVORO,Global,write,Move out,375,317,276,Move,out1,sources/decoded-original/0198-FlgNet.xml
1884,filter,OFF,Global,read,접점 operand,500,461,559,Contact,operand,sources/decoded-original/0199-FlgNet.xml
1884,filter,,Unknown,read,비교 입력 핀,501,462,388,Gt,in1,sources/decoded-original/0199-FlgNet.xml
1884,filter,Data.DP_02,Global,read,비교 입력 핀,504,464,395,Lt,in1,sources/decoded-original/0199-FlgNet.xml
1884,filter,Coeff.DP_02_SOGLIA_1,Global,read,비교 입력 핀,505,465,395,Lt,in2,sources/decoded-original/0199-FlgNet.xml
1884,filter,Coeff.DP_02_PAUSA_SOGLIA_1,Global,read,Move in,508,466,398,Move,in,sources/decoded-original/0199-FlgNet.xml
1884,filter,Data.LAVA_PAUSA,Global,write,Move out,509,467,398,Move,out1,sources/decoded-original/0199-FlgNet.xml
1884,filter,Coeff.DP_02_LAVORO_SOGLIA_1,Global,read,Move in,511,468,401,Move,in,sources/decoded-original/0199-FlgNet.xml
1884,filter,Data.LAVA_LAVORO,Global,write,Move out,512,469,401,Move,out1,sources/decoded-original/0199-FlgNet.xml
1884,filter,Data.DP_02,Global,read,비교 입력 핀,513,470,407,Ge,in1,sources/decoded-original/0199-FlgNet.xml
1884,filter,Coeff.DP_02_SOGLIA_1,Global,read,비교 입력 핀,514,471,407,Ge,in2,sources/decoded-original/0199-FlgNet.xml
1884,filter,Data.DP_02,Global,read,비교 입력 핀,516,472,410,Lt,in1,sources/decoded-original/0199-FlgNet.xml
1884,filter,Coeff.DP_02_SOGLIA_2,Global,read,비교 입력 핀,517,473,410,Lt,in2,sources/decoded-original/0199-FlgNet.xml
1884,filter,Coeff.DP_02_PAUSA_SOGLIA_2,Global,read,Move in,520,474,413,Move,in,sources/decoded-original/0199-FlgNet.xml
1884,filter,Data.LAVA_PAUSA,Global,write,Move out,521,475,413,Move,out1,sources/decoded-original/0199-FlgNet.xml
1884,filter,Coeff.DP_02_LAVORO_SOGLIA_1,Global,read,Move in,523,476,416,Move,in,sources/decoded-original/0199-FlgNet.xml
1884,filter,Data.LAVA_LAVORO,Global,write,Move out,524,477,416,Move,out1,sources/decoded-original/0199-FlgNet.xml
1884,filter,Data.DP_02,Global,read,비교 입력 핀,525,478,422,Ge,in1,sources/decoded-original/0199-FlgNet.xml
1884,filter,Coeff.DP_02_SOGLIA_2,Global,read,비교 입력 핀,526,479,422,Ge,in2,sources/decoded-original/0199-FlgNet.xml
1884,filter,Data.DP_02,Global,read,비교 입력 핀,528,480,425,Lt,in1,sources/decoded-original/0199-FlgNet.xml
1884,filter,Coeff.DP_02_SOGLIA_3,Global,read,비교 입력 핀,529,481,425,Lt,in2,sources/decoded-original/0199-FlgNet.xml
1884,filter,Coeff.DP_02_PAUSA_SOGLIA_3,Global,read,Move in,532,482,428,Move,in,sources/decoded-original/0199-FlgNet.xml
1884,filter,Data.LAVA_PAUSA,Global,write,Move out,533,483,428,Move,out1,sources/decoded-original/0199-FlgNet.xml
1884,filter,Coeff.DP_02_LAVORO_SOGLIA_1,Global,read,Move in,535,484,431,Move,in,sources/decoded-original/0199-FlgNet.xml
1884,filter,Data.LAVA_LAVORO,Global,write,Move out,536,485,431,Move,out1,sources/decoded-original/0199-FlgNet.xml
1884,filter,Data.DP_02,Global,read,비교 입력 핀,537,486,437,Ge,in1,sources/decoded-original/0199-FlgNet.xml
1884,filter,Coeff.DP_02_SOGLIA_3,Global,read,비교 입력 핀,538,487,437,Ge,in2,sources/decoded-original/0199-FlgNet.xml
1884,filter,Data.DP_02,Global,read,비교 입력 핀,540,488,440,Lt,in1,sources/decoded-original/0199-FlgNet.xml
1884,filter,Coeff.DP_02_SOGLIA_4,Global,read,비교 입력 핀,541,489,440,Lt,in2,sources/decoded-original/0199-FlgNet.xml
1884,filter,Coeff.DP_02_PAUSA_SOGLIA_4,Global,read,Move in,544,490,443,Move,in,sources/decoded-original/0199-FlgNet.xml
1884,filter,Data.LAVA_PAUSA,Global,write,Move out,545,491,443,Move,out1,sources/decoded-original/0199-FlgNet.xml
1884,filter,Coeff.DP_02_LAVORO_SOGLIA_1,Global,read,Move in,547,492,446,Move,in,sources/decoded-original/0199-FlgNet.xml
1884,filter,Data.LAVA_LAVORO,Global,write,Move out,548,493,446,Move,out1,sources/decoded-original/0199-FlgNet.xml
1884,filter,Data.DP_02,Global,read,비교 입력 핀,549,494,452,Ge,in1,sources/decoded-original/0199-FlgNet.xml
1884,filter,Coeff.DP_02_SOGLIA_4,Global,read,비교 입력 핀,550,495,452,Ge,in2,sources/decoded-original/0199-FlgNet.xml
1884,filter,Coeff.DP_02_PAUSA_SOGLIA_5,Global,read,Move in,553,496,455,Move,in,sources/decoded-original/0199-FlgNet.xml
1884,filter,Data.LAVA_PAUSA,Global,write,Move out,554,497,455,Move,out1,sources/decoded-original/0199-FlgNet.xml
1884,filter,Coeff.DP_02_LAVORO_SOGLIA_1,Global,read,Move in,556,498,458,Move,in,sources/decoded-original/0199-FlgNet.xml
1884,filter,Data.LAVA_LAVORO,Global,write,Move out,557,499,458,Move,out1,sources/decoded-original/0199-FlgNet.xml
1885,filter,ON,Global,read,접점 operand,438,429,451,Contact,operand,sources/decoded-original/0200-FlgNet.xml
1885,filter,Tag_129,Global,read,접점 operand,440,431,453,Contact,operand,sources/decoded-original/0200-FlgNet.xml
1885,filter,Tag_130,Global,write,코일 operand,442,432,418,SdCoil,operand,sources/decoded-original/0200-FlgNet.xml
1885,filter,Tag_130,Global,read,접점 operand,444,434,455,Contact,operand,sources/decoded-original/0200-FlgNet.xml
1885,filter,Tag_129,Global,write,코일 operand,446,435,423,SdCoil,operand,sources/decoded-original/0200-FlgNet.xml
1885,filter,Tag_130,Global,read,접점 operand,447,436,457,Contact,operand,sources/decoded-original/0200-FlgNet.xml
1885,filter,ON,Global,read,접점 operand,463,461,460,Contact,operand,sources/decoded-original/0200-FlgNet.xml
1885,filter,Forza_Lavaggio,Local,write,코일 operand,449,437,428,Coil,operand,sources/decoded-original/0200-FlgNet.xml
1886,filter,ON,Global,read,접점 operand,48,34,21,Contact,operand,sources/decoded-original/0219-FlgNet.xml
1886,filter,Inputs.FEEDBACKMOTOR SC-10,Global,read,접점 operand,50,35,22,Contact,operand,sources/decoded-original/0219-FlgNet.xml
1886,filter,Inputs.VR04 Run,Global,read,접점 operand,52,36,23,Contact,operand,sources/decoded-original/0219-FlgNet.xml
1886,filter,Data.DP_01,Global,read,비교 입력 핀,54,37,24,Le,in1,sources/decoded-original/0219-FlgNet.xml
1886,filter,Coeff.DP_01_SOGLIA_1,Global,read,비교 입력 핀,55,38,24,Le,in2,sources/decoded-original/0219-FlgNet.xml
1886,filter,Forza_Lavaggio,Local,read,접점 operand,57,39,25,Contact,operand,sources/decoded-original/0219-FlgNet.xml
1886,filter,Abilita_lavaggio_BF01,Local,write,코일 operand,60,40,27,Coil,operand,sources/decoded-original/0219-FlgNet.xml
1886,filter,BF01_RUN,Global,write,코일 operand,73,75,74,Coil,operand,sources/decoded-original/0219-FlgNet.xml
1886,filter,Inputs.FEEDBACKMOTOR SC-11,Global,read,접점 operand,61,41,28,Contact,operand,sources/decoded-original/0219-FlgNet.xml
1886,filter,Inputs.VR05 Run,Global,read,접점 operand,63,42,29,Contact,operand,sources/decoded-original/0219-FlgNet.xml
1886,filter,Data.DP_02,Global,read,비교 입력 핀,65,43,30,Le,in1,sources/decoded-original/0219-FlgNet.xml
1886,filter,Coeff.DP_01_SOGLIA_1,Global,read,비교 입력 핀,66,44,30,Le,in2,sources/decoded-original/0219-FlgNet.xml
1886,filter,Forza_Lavaggio,Local,read,접점 operand,68,45,31,Contact,operand,sources/decoded-original/0219-FlgNet.xml
1886,filter,Abilita_lavaggio_BF02,Local,write,코일 operand,71,46,33,Coil,operand,sources/decoded-original/0219-FlgNet.xml
1886,filter,BF02_RUN,Global,write,코일 operand,77,79,78,Coil,operand,sources/decoded-original/0219-FlgNet.xml
1887,filter,ON,Global,read,접점 operand,486,475,500,Contact,operand,sources/decoded-original/0201-FlgNet.xml
1887,filter,Coeff.DP_01_PAUSA_SOGLIA_1,Global,read,Move in,487,476,457,Move,in,sources/decoded-original/0201-FlgNet.xml
1887,filter,Data.LAVA_PAUSA,Global,write,Move out,488,477,457,Move,out1,sources/decoded-original/0201-FlgNet.xml
1887,filter,Coeff.DP_01_LAVORO_SOGLIA_1,Global,read,Move in,489,478,462,Move,in,sources/decoded-original/0201-FlgNet.xml
1887,filter,Data.LAVA_LAVORO,Global,write,Move out,490,479,462,Move,out1,sources/decoded-original/0201-FlgNet.xml
1887,filter,Abilita_lavaggio_BF01,Local,read,접점 operand,21,23,22,Contact,operand,sources/decoded-original/0201-FlgNet.xml
1887,filter,Abilita_lavaggio_BF02,Local,read,접점 operand,510,508,507,Contact,operand,sources/decoded-original/0201-FlgNet.xml
1887,filter,Tag_131,Global,read,접점 operand,492,481,502,Contact,operand,sources/decoded-original/0201-FlgNet.xml
1887,filter,Data.LAVA_PAUSA,Global,read,타이머 설정 value,491,480,468,SdCoil,value,sources/decoded-original/0201-FlgNet.xml
1887,filter,Tag_132,Global,write,코일 operand,494,482,468,SdCoil,operand,sources/decoded-original/0201-FlgNet.xml
1887,filter,Tag_132,Global,read,접점 operand,496,484,504,Contact,operand,sources/decoded-original/0201-FlgNet.xml
1887,filter,Data.LAVA_LAVORO,Global,read,타이머 설정 value,495,483,473,SdCoil,value,sources/decoded-original/0201-FlgNet.xml
1887,filter,Tag_131,Global,write,코일 operand,498,485,473,SdCoil,operand,sources/decoded-original/0201-FlgNet.xml
1888,filter,OFF,Global,read,접점 operand,582,569,599,Contact,operand,sources/decoded-original/0202-FlgNet.xml
1888,filter,Data.LAVA,Global,write,Move out,584,571,547,Move,out1,sources/decoded-original/0202-FlgNet.xml
1888,filter,SC-10_Fbk,Global,read,접점 operand,585,572,601,Contact,operand,sources/decoded-original/0202-FlgNet.xml
1888,filter,Data.LAVA,Global,write,Move out,588,574,553,Move,out1,sources/decoded-original/0202-FlgNet.xml
1888,filter,SC-11_Fbk,Global,read,접점 operand,589,575,603,Contact,operand,sources/decoded-original/0202-FlgNet.xml
1888,filter,Data.LAVA,Global,write,Move out,592,577,559,Move,out1,sources/decoded-original/0202-FlgNet.xml
1888,filter,SC-10_Fbk,Global,read,접점 operand,593,578,605,Contact,operand,sources/decoded-original/0202-FlgNet.xml
1888,filter,SC-11_Fbk,Global,read,접점 operand,594,579,607,Contact,operand,sources/decoded-original/0202-FlgNet.xml
1888,filter,Data.LAVA,Global,write,Move out,597,581,566,Move,out1,sources/decoded-original/0202-FlgNet.xml
1889,filter,OFF,Global,read,접점 operand,742,717,780,Contact,operand,sources/decoded-original/0203-FlgNet.xml
1889,filter,Data.LAVA,Global,read,비교 입력 핀,743,718,672,Eq,in1,sources/decoded-original/0203-FlgNet.xml
1889,filter,Data.LAVA_START,Global,write,Move out,748,721,675,Move,out1,sources/decoded-original/0203-FlgNet.xml
1889,filter,Data.LAVA_END,Global,write,Move out,751,723,678,Move,out1,sources/decoded-original/0203-FlgNet.xml
1889,filter,Data.LAVA,Global,read,비교 입력 핀,752,724,684,Eq,in1,sources/decoded-original/0203-FlgNet.xml
1889,filter,Data.LAVA_START,Global,write,Move out,757,727,687,Move,out1,sources/decoded-original/0203-FlgNet.xml
1889,filter,Data.LAVA_END,Global,write,Move out,760,729,690,Move,out1,sources/decoded-original/0203-FlgNet.xml
1889,filter,Data.LAVA,Global,read,비교 입력 핀,761,730,696,Eq,in1,sources/decoded-original/0203-FlgNet.xml
1889,filter,Data.LAVA_START,Global,write,Move out,766,733,699,Move,out1,sources/decoded-original/0203-FlgNet.xml
1889,filter,Data.LAVA_END,Global,write,Move out,769,735,702,Move,out1,sources/decoded-original/0203-FlgNet.xml
1889,filter,Data.LAVA,Global,read,비교 입력 핀,770,736,708,Eq,in1,sources/decoded-original/0203-FlgNet.xml
1889,filter,Data.LAVA_START,Global,write,Move out,775,739,711,Move,out1,sources/decoded-original/0203-FlgNet.xml
1889,filter,Data.LAVA_END,Global,write,Move out,778,741,714,Move,out1,sources/decoded-original/0203-FlgNet.xml
1890,filter,ON,Global,read,접점 operand,708,703,714,Contact,operand,sources/decoded-original/0204-FlgNet.xml
1890,filter,Data.LAVA_START,Global,write,Move out,710,705,695,Move,out1,sources/decoded-original/0204-FlgNet.xml
1890,filter,Data.LAVA_END,Global,write,Move out,712,707,700,Move,out1,sources/decoded-original/0204-FlgNet.xml
1891,filter,ON,Global,read,접점 operand,997,955,1060,Contact,operand,sources/decoded-original/0205-FlgNet.xml
1891,filter,Tag_132,Global,read,접점 operand,998,956,1062,Contact,operand,sources/decoded-original/0205-FlgNet.xml
1891,filter,Data.Ev_filter_on,Global,read,비교 입력 핀,999,957,887,Eq,in1,sources/decoded-original/0205-FlgNet.xml
1891,filter,Abilita_lavaggio_BF01,Local,read,접점 operand,1002,959,1064,Contact,operand,sources/decoded-original/0205-FlgNet.xml
1891,filter,EV-11,Global,write,코일 operand,1004,960,891,Coil,operand,sources/decoded-original/0205-FlgNet.xml
1891,filter,Data.Ev_filter_on,Global,read,비교 입력 핀,1005,961,894,Eq,in1,sources/decoded-original/0205-FlgNet.xml
1891,filter,Abilita_lavaggio_BF02,Local,read,접점 operand,1008,963,1066,Contact,operand,sources/decoded-original/0205-FlgNet.xml
1891,filter,EV-51,Global,write,코일 operand,1010,964,898,Coil,operand,sources/decoded-original/0205-FlgNet.xml
1891,filter,Data.Ev_filter_on,Global,read,비교 입력 핀,1011,965,901,Eq,in1,sources/decoded-original/0205-FlgNet.xml
1891,filter,Abilita_lavaggio_BF01,Local,read,접점 operand,1014,967,1068,Contact,operand,sources/decoded-original/0205-FlgNet.xml
1891,filter,EV-12,Global,write,코일 operand,1016,968,905,Coil,operand,sources/decoded-original/0205-FlgNet.xml
1891,filter,Data.Ev_filter_on,Global,read,비교 입력 핀,1017,969,908,Eq,in1,sources/decoded-original/0205-FlgNet.xml
1891,filter,Abilita_lavaggio_BF02,Local,read,접점 operand,1020,971,1070,Contact,operand,sources/decoded-original/0205-FlgNet.xml
1891,filter,EV-52,Global,write,코일 operand,1022,972,912,Coil,operand,sources/decoded-original/0205-FlgNet.xml
1891,filter,Data.Ev_filter_on,Global,read,비교 입력 핀,1023,973,915,Eq,in1,sources/decoded-original/0205-FlgNet.xml
1891,filter,Abilita_lavaggio_BF01,Local,read,접점 operand,1026,975,1072,Contact,operand,sources/decoded-original/0205-FlgNet.xml
1891,filter,EV-13,Global,write,코일 operand,1028,976,919,Coil,operand,sources/decoded-original/0205-FlgNet.xml
1891,filter,Data.Ev_filter_on,Global,read,비교 입력 핀,1029,977,922,Eq,in1,sources/decoded-original/0205-FlgNet.xml
1891,filter,Abilita_lavaggio_BF02,Local,read,접점 operand,1032,979,1074,Contact,operand,sources/decoded-original/0205-FlgNet.xml
1891,filter,EV-53,Global,write,코일 operand,1034,980,926,Coil,operand,sources/decoded-original/0205-FlgNet.xml
1891,filter,Data.Ev_filter_on,Global,read,비교 입력 핀,1035,981,929,Eq,in1,sources/decoded-original/0205-FlgNet.xml
1891,filter,Abilita_lavaggio_BF01,Local,read,접점 operand,1038,983,1076,Contact,operand,sources/decoded-original/0205-FlgNet.xml
1891,filter,EV-14,Global,write,코일 operand,1040,984,933,Coil,operand,sources/decoded-original/0205-FlgNet.xml
1891,filter,Data.Ev_filter_on,Global,read,비교 입력 핀,1041,985,936,Eq,in1,sources/decoded-original/0205-FlgNet.xml
1891,filter,Abilita_lavaggio_BF02,Local,read,접점 operand,1044,987,1078,Contact,operand,sources/decoded-original/0205-FlgNet.xml
1891,filter,EV-54,Global,write,코일 operand,1046,988,940,Coil,operand,sources/decoded-original/0205-FlgNet.xml
1891,filter,Data.Ev_filter_on,Global,read,비교 입력 핀,1047,989,943,Eq,in1,sources/decoded-original/0205-FlgNet.xml
1891,filter,Abilita_lavaggio_BF01,Local,read,접점 operand,1050,991,1080,Contact,operand,sources/decoded-original/0205-FlgNet.xml
1891,filter,EV-15,Global,write,코일 operand,1052,992,947,Coil,operand,sources/decoded-original/0205-FlgNet.xml
1891,filter,Data.Ev_filter_on,Global,read,비교 입력 핀,1053,993,950,Eq,in1,sources/decoded-original/0205-FlgNet.xml
1891,filter,Abilita_lavaggio_BF02,Local,read,접점 operand,1056,995,1082,Contact,operand,sources/decoded-original/0205-FlgNet.xml
1891,filter,EV-55,Global,write,코일 operand,1058,996,954,Coil,operand,sources/decoded-original/0205-FlgNet.xml
1892,filter,ON,Global,read,접점 operand,1133,1091,1196,Contact,operand,sources/decoded-original/0206-FlgNet.xml
1892,filter,Tag_132,Global,read,접점 operand,1134,1092,1198,Contact,operand,sources/decoded-original/0206-FlgNet.xml
1892,filter,Data.Ev_filter_on,Global,read,비교 입력 핀,1135,1093,1023,Eq,in1,sources/decoded-original/0206-FlgNet.xml
1892,filter,Abilita_lavaggio_BF01,Local,read,접점 operand,1138,1095,1200,Contact,operand,sources/decoded-original/0206-FlgNet.xml
1892,filter,EV-16,Global,write,코일 operand,1140,1096,1027,Coil,operand,sources/decoded-original/0206-FlgNet.xml
1892,filter,Data.Ev_filter_on,Global,read,비교 입력 핀,1141,1097,1030,Eq,in1,sources/decoded-original/0206-FlgNet.xml
1892,filter,Abilita_lavaggio_BF02,Local,read,접점 operand,1144,1099,1202,Contact,operand,sources/decoded-original/0206-FlgNet.xml
1892,filter,EV-56,Global,write,코일 operand,1146,1100,1034,Coil,operand,sources/decoded-original/0206-FlgNet.xml
1892,filter,Data.Ev_filter_on,Global,read,비교 입력 핀,1147,1101,1037,Eq,in1,sources/decoded-original/0206-FlgNet.xml
1892,filter,Abilita_lavaggio_BF01,Local,read,접점 operand,1150,1103,1204,Contact,operand,sources/decoded-original/0206-FlgNet.xml
1892,filter,EV-17,Global,write,코일 operand,1152,1104,1041,Coil,operand,sources/decoded-original/0206-FlgNet.xml
1892,filter,Data.Ev_filter_on,Global,read,비교 입력 핀,1153,1105,1044,Eq,in1,sources/decoded-original/0206-FlgNet.xml
1892,filter,Abilita_lavaggio_BF02,Local,read,접점 operand,1156,1107,1206,Contact,operand,sources/decoded-original/0206-FlgNet.xml
1892,filter,EV-57,Global,write,코일 operand,1158,1108,1048,Coil,operand,sources/decoded-original/0206-FlgNet.xml
1892,filter,Data.Ev_filter_on,Global,read,비교 입력 핀,1159,1109,1051,Eq,in1,sources/decoded-original/0206-FlgNet.xml
1892,filter,Abilita_lavaggio_BF01,Local,read,접점 operand,1162,1111,1208,Contact,operand,sources/decoded-original/0206-FlgNet.xml
1892,filter,EV-18,Global,write,코일 operand,1164,1112,1055,Coil,operand,sources/decoded-original/0206-FlgNet.xml
1892,filter,Data.Ev_filter_on,Global,read,비교 입력 핀,1165,1113,1058,Eq,in1,sources/decoded-original/0206-FlgNet.xml
1892,filter,Abilita_lavaggio_BF02,Local,read,접점 operand,1168,1115,1210,Contact,operand,sources/decoded-original/0206-FlgNet.xml
1892,filter,EV-58,Global,write,코일 operand,1170,1116,1062,Coil,operand,sources/decoded-original/0206-FlgNet.xml
1892,filter,Data.Ev_filter_on,Global,read,비교 입력 핀,1171,1117,1065,Eq,in1,sources/decoded-original/0206-FlgNet.xml
1892,filter,Abilita_lavaggio_BF01,Local,read,접점 operand,1174,1119,1212,Contact,operand,sources/decoded-original/0206-FlgNet.xml
1892,filter,EV-19,Global,write,코일 operand,1176,1120,1069,Coil,operand,sources/decoded-original/0206-FlgNet.xml
1892,filter,Data.Ev_filter_on,Global,read,비교 입력 핀,1177,1121,1072,Eq,in1,sources/decoded-original/0206-FlgNet.xml
1892,filter,Abilita_lavaggio_BF02,Local,read,접점 operand,1180,1123,1214,Contact,operand,sources/decoded-original/0206-FlgNet.xml
1892,filter,EV-59,Global,write,코일 operand,1182,1124,1076,Coil,operand,sources/decoded-original/0206-FlgNet.xml
1892,filter,Data.Ev_filter_on,Global,read,비교 입력 핀,1183,1125,1079,Eq,in1,sources/decoded-original/0206-FlgNet.xml
1892,filter,Abilita_lavaggio_BF01,Local,read,접점 operand,1186,1127,1216,Contact,operand,sources/decoded-original/0206-FlgNet.xml
1892,filter,EV-20,Global,write,코일 operand,1188,1128,1083,Coil,operand,sources/decoded-original/0206-FlgNet.xml
1892,filter,Data.Ev_filter_on,Global,read,비교 입력 핀,1189,1129,1086,Eq,in1,sources/decoded-original/0206-FlgNet.xml
1892,filter,Abilita_lavaggio_BF02,Local,read,접점 operand,1192,1131,1218,Contact,operand,sources/decoded-original/0206-FlgNet.xml
1892,filter,EV-60,Global,write,코일 operand,1194,1132,1090,Coil,operand,sources/decoded-original/0206-FlgNet.xml
1893,filter,ON,Global,read,접점 operand,1269,1227,1332,Contact,operand,sources/decoded-original/0207-FlgNet.xml
1893,filter,Tag_132,Global,read,접점 operand,1270,1228,1334,Contact,operand,sources/decoded-original/0207-FlgNet.xml
1893,filter,Data.Ev_filter_on,Global,read,비교 입력 핀,1271,1229,1159,Eq,in1,sources/decoded-original/0207-FlgNet.xml
1893,filter,Abilita_lavaggio_BF01,Local,read,접점 operand,1274,1231,1336,Contact,operand,sources/decoded-original/0207-FlgNet.xml
1893,filter,EV-21,Global,write,코일 operand,1276,1232,1163,Coil,operand,sources/decoded-original/0207-FlgNet.xml
1893,filter,Data.Ev_filter_on,Global,read,비교 입력 핀,1277,1233,1166,Eq,in1,sources/decoded-original/0207-FlgNet.xml
1893,filter,Abilita_lavaggio_BF02,Local,read,접점 operand,1280,1235,1338,Contact,operand,sources/decoded-original/0207-FlgNet.xml
1893,filter,EV-61,Global,write,코일 operand,1282,1236,1170,Coil,operand,sources/decoded-original/0207-FlgNet.xml
1893,filter,Data.Ev_filter_on,Global,read,비교 입력 핀,1283,1237,1173,Eq,in1,sources/decoded-original/0207-FlgNet.xml
1893,filter,Abilita_lavaggio_BF01,Local,read,접점 operand,1286,1239,1340,Contact,operand,sources/decoded-original/0207-FlgNet.xml
1893,filter,EV-22,Global,write,코일 operand,1288,1240,1177,Coil,operand,sources/decoded-original/0207-FlgNet.xml
1893,filter,Data.Ev_filter_on,Global,read,비교 입력 핀,1289,1241,1180,Eq,in1,sources/decoded-original/0207-FlgNet.xml
1893,filter,Abilita_lavaggio_BF02,Local,read,접점 operand,1292,1243,1342,Contact,operand,sources/decoded-original/0207-FlgNet.xml
1893,filter,EV-62,Global,write,코일 operand,1294,1244,1184,Coil,operand,sources/decoded-original/0207-FlgNet.xml
1893,filter,Data.Ev_filter_on,Global,read,비교 입력 핀,1295,1245,1187,Eq,in1,sources/decoded-original/0207-FlgNet.xml
1893,filter,Abilita_lavaggio_BF01,Local,read,접점 operand,1298,1247,1344,Contact,operand,sources/decoded-original/0207-FlgNet.xml
1893,filter,EV-23,Global,write,코일 operand,1300,1248,1191,Coil,operand,sources/decoded-original/0207-FlgNet.xml
1893,filter,Data.Ev_filter_on,Global,read,비교 입력 핀,1301,1249,1194,Eq,in1,sources/decoded-original/0207-FlgNet.xml
1893,filter,Abilita_lavaggio_BF02,Local,read,접점 operand,1304,1251,1346,Contact,operand,sources/decoded-original/0207-FlgNet.xml
1893,filter,EV-63,Global,write,코일 operand,1306,1252,1198,Coil,operand,sources/decoded-original/0207-FlgNet.xml
1893,filter,Data.Ev_filter_on,Global,read,비교 입력 핀,1307,1253,1201,Eq,in1,sources/decoded-original/0207-FlgNet.xml
1893,filter,Abilita_lavaggio_BF01,Local,read,접점 operand,1310,1255,1348,Contact,operand,sources/decoded-original/0207-FlgNet.xml
1893,filter,EV-24,Global,write,코일 operand,1312,1256,1205,Coil,operand,sources/decoded-original/0207-FlgNet.xml
1893,filter,Data.Ev_filter_on,Global,read,비교 입력 핀,1313,1257,1208,Eq,in1,sources/decoded-original/0207-FlgNet.xml
1893,filter,Abilita_lavaggio_BF02,Local,read,접점 operand,1316,1259,1350,Contact,operand,sources/decoded-original/0207-FlgNet.xml
1893,filter,EV-64,Global,write,코일 operand,1318,1260,1212,Coil,operand,sources/decoded-original/0207-FlgNet.xml
1893,filter,Data.Ev_filter_on,Global,read,비교 입력 핀,1319,1261,1215,Eq,in1,sources/decoded-original/0207-FlgNet.xml
1893,filter,Abilita_lavaggio_BF01,Local,read,접점 operand,1322,1263,1352,Contact,operand,sources/decoded-original/0207-FlgNet.xml
1893,filter,EV-25,Global,write,코일 operand,1324,1264,1219,Coil,operand,sources/decoded-original/0207-FlgNet.xml
1893,filter,Data.Ev_filter_on,Global,read,비교 입력 핀,1325,1265,1222,Eq,in1,sources/decoded-original/0207-FlgNet.xml
1893,filter,Abilita_lavaggio_BF02,Local,read,접점 operand,1328,1267,1354,Contact,operand,sources/decoded-original/0207-FlgNet.xml
1893,filter,EV-65,Global,write,코일 operand,1330,1268,1226,Coil,operand,sources/decoded-original/0207-FlgNet.xml
1894,filter,ON,Global,read,접점 operand,1405,1363,1468,Contact,operand,sources/decoded-original/0208-FlgNet.xml
1894,filter,Tag_132,Global,read,접점 operand,1406,1364,1470,Contact,operand,sources/decoded-original/0208-FlgNet.xml
1894,filter,Data.Ev_filter_on,Global,read,비교 입력 핀,1407,1365,1295,Eq,in1,sources/decoded-original/0208-FlgNet.xml
1894,filter,Abilita_lavaggio_BF01,Local,read,접점 operand,1410,1367,1472,Contact,operand,sources/decoded-original/0208-FlgNet.xml
1894,filter,EV-26,Global,write,코일 operand,1412,1368,1299,Coil,operand,sources/decoded-original/0208-FlgNet.xml
1894,filter,Data.Ev_filter_on,Global,read,비교 입력 핀,1413,1369,1302,Eq,in1,sources/decoded-original/0208-FlgNet.xml
1894,filter,Abilita_lavaggio_BF02,Local,read,접점 operand,1416,1371,1474,Contact,operand,sources/decoded-original/0208-FlgNet.xml
1894,filter,EV-66,Global,write,코일 operand,1418,1372,1306,Coil,operand,sources/decoded-original/0208-FlgNet.xml
1894,filter,Data.Ev_filter_on,Global,read,비교 입력 핀,1419,1373,1309,Eq,in1,sources/decoded-original/0208-FlgNet.xml
1894,filter,Abilita_lavaggio_BF01,Local,read,접점 operand,1422,1375,1476,Contact,operand,sources/decoded-original/0208-FlgNet.xml
1894,filter,EV-27,Global,write,코일 operand,1424,1376,1313,Coil,operand,sources/decoded-original/0208-FlgNet.xml
1894,filter,Data.Ev_filter_on,Global,read,비교 입력 핀,1425,1377,1316,Eq,in1,sources/decoded-original/0208-FlgNet.xml
1894,filter,Abilita_lavaggio_BF02,Local,read,접점 operand,1428,1379,1478,Contact,operand,sources/decoded-original/0208-FlgNet.xml
1894,filter,EV-67,Global,write,코일 operand,1430,1380,1320,Coil,operand,sources/decoded-original/0208-FlgNet.xml
1894,filter,Data.Ev_filter_on,Global,read,비교 입력 핀,1431,1381,1323,Eq,in1,sources/decoded-original/0208-FlgNet.xml
1894,filter,Abilita_lavaggio_BF01,Local,read,접점 operand,1434,1383,1480,Contact,operand,sources/decoded-original/0208-FlgNet.xml
1894,filter,EV-28,Global,write,코일 operand,1436,1384,1327,Coil,operand,sources/decoded-original/0208-FlgNet.xml
1894,filter,Data.Ev_filter_on,Global,read,비교 입력 핀,1437,1385,1330,Eq,in1,sources/decoded-original/0208-FlgNet.xml
1894,filter,Abilita_lavaggio_BF02,Local,read,접점 operand,1440,1387,1482,Contact,operand,sources/decoded-original/0208-FlgNet.xml
1894,filter,EV-68,Global,write,코일 operand,1442,1388,1334,Coil,operand,sources/decoded-original/0208-FlgNet.xml
1894,filter,Data.Ev_filter_on,Global,read,비교 입력 핀,1443,1389,1337,Eq,in1,sources/decoded-original/0208-FlgNet.xml
1894,filter,Abilita_lavaggio_BF01,Local,read,접점 operand,1446,1391,1484,Contact,operand,sources/decoded-original/0208-FlgNet.xml
1894,filter,EV-29,Global,write,코일 operand,1448,1392,1341,Coil,operand,sources/decoded-original/0208-FlgNet.xml
1894,filter,Data.Ev_filter_on,Global,read,비교 입력 핀,1449,1393,1344,Eq,in1,sources/decoded-original/0208-FlgNet.xml
1894,filter,Abilita_lavaggio_BF02,Local,read,접점 operand,1452,1395,1486,Contact,operand,sources/decoded-original/0208-FlgNet.xml
1894,filter,EV-69,Global,write,코일 operand,1454,1396,1348,Coil,operand,sources/decoded-original/0208-FlgNet.xml
1894,filter,Data.Ev_filter_on,Global,read,비교 입력 핀,1455,1397,1351,Eq,in1,sources/decoded-original/0208-FlgNet.xml
1894,filter,Abilita_lavaggio_BF01,Local,read,접점 operand,1458,1399,1488,Contact,operand,sources/decoded-original/0208-FlgNet.xml
1894,filter,EV-30,Global,write,코일 operand,1460,1400,1355,Coil,operand,sources/decoded-original/0208-FlgNet.xml
1894,filter,Data.Ev_filter_on,Global,read,비교 입력 핀,1461,1401,1358,Eq,in1,sources/decoded-original/0208-FlgNet.xml
1894,filter,Abilita_lavaggio_BF02,Local,read,접점 operand,1464,1403,1490,Contact,operand,sources/decoded-original/0208-FlgNet.xml
1894,filter,EV-70,Global,write,코일 operand,1466,1404,1362,Coil,operand,sources/decoded-original/0208-FlgNet.xml
1895,filter,ON,Global,read,접점 operand,1541,1499,1604,Contact,operand,sources/decoded-original/0209-FlgNet.xml
1895,filter,Tag_132,Global,read,접점 operand,1542,1500,1606,Contact,operand,sources/decoded-original/0209-FlgNet.xml
1895,filter,Data.Ev_filter_on,Global,read,비교 입력 핀,1543,1501,1431,Eq,in1,sources/decoded-original/0209-FlgNet.xml
1895,filter,Abilita_lavaggio_BF01,Local,read,접점 operand,1546,1503,1608,Contact,operand,sources/decoded-original/0209-FlgNet.xml
1895,filter,EV-31,Global,write,코일 operand,1548,1504,1435,Coil,operand,sources/decoded-original/0209-FlgNet.xml
1895,filter,Data.Ev_filter_on,Global,read,비교 입력 핀,1549,1505,1438,Eq,in1,sources/decoded-original/0209-FlgNet.xml
1895,filter,Abilita_lavaggio_BF02,Local,read,접점 operand,1552,1507,1610,Contact,operand,sources/decoded-original/0209-FlgNet.xml
1895,filter,EV-71,Global,write,코일 operand,1554,1508,1442,Coil,operand,sources/decoded-original/0209-FlgNet.xml
1895,filter,Data.Ev_filter_on,Global,read,비교 입력 핀,1555,1509,1445,Eq,in1,sources/decoded-original/0209-FlgNet.xml
1895,filter,Abilita_lavaggio_BF01,Local,read,접점 operand,1558,1511,1612,Contact,operand,sources/decoded-original/0209-FlgNet.xml
1895,filter,EV-32,Global,write,코일 operand,1560,1512,1449,Coil,operand,sources/decoded-original/0209-FlgNet.xml
1895,filter,Data.Ev_filter_on,Global,read,비교 입력 핀,1561,1513,1452,Eq,in1,sources/decoded-original/0209-FlgNet.xml
1895,filter,Abilita_lavaggio_BF02,Local,read,접점 operand,1564,1515,1614,Contact,operand,sources/decoded-original/0209-FlgNet.xml
1895,filter,EV-72,Global,write,코일 operand,1566,1516,1456,Coil,operand,sources/decoded-original/0209-FlgNet.xml
1895,filter,Data.Ev_filter_on,Global,read,비교 입력 핀,1567,1517,1459,Eq,in1,sources/decoded-original/0209-FlgNet.xml
1895,filter,Abilita_lavaggio_BF01,Local,read,접점 operand,1570,1519,1616,Contact,operand,sources/decoded-original/0209-FlgNet.xml
1895,filter,EV-33,Global,write,코일 operand,1572,1520,1463,Coil,operand,sources/decoded-original/0209-FlgNet.xml
1895,filter,Data.Ev_filter_on,Global,read,비교 입력 핀,1573,1521,1466,Eq,in1,sources/decoded-original/0209-FlgNet.xml
1895,filter,Abilita_lavaggio_BF02,Local,read,접점 operand,1576,1523,1618,Contact,operand,sources/decoded-original/0209-FlgNet.xml
1895,filter,EV-73,Global,write,코일 operand,1578,1524,1470,Coil,operand,sources/decoded-original/0209-FlgNet.xml
1895,filter,Data.Ev_filter_on,Global,read,비교 입력 핀,1579,1525,1473,Eq,in1,sources/decoded-original/0209-FlgNet.xml
1895,filter,Abilita_lavaggio_BF01,Local,read,접점 operand,1582,1527,1620,Contact,operand,sources/decoded-original/0209-FlgNet.xml
1895,filter,EV-34,Global,write,코일 operand,1584,1528,1477,Coil,operand,sources/decoded-original/0209-FlgNet.xml
1895,filter,Data.Ev_filter_on,Global,read,비교 입력 핀,1585,1529,1480,Eq,in1,sources/decoded-original/0209-FlgNet.xml
1895,filter,Abilita_lavaggio_BF02,Local,read,접점 operand,1588,1531,1622,Contact,operand,sources/decoded-original/0209-FlgNet.xml
1895,filter,EV-74,Global,write,코일 operand,1590,1532,1484,Coil,operand,sources/decoded-original/0209-FlgNet.xml
1895,filter,Data.Ev_filter_on,Global,read,비교 입력 핀,1591,1533,1487,Eq,in1,sources/decoded-original/0209-FlgNet.xml
1895,filter,Abilita_lavaggio_BF01,Local,read,접점 operand,1594,1535,1624,Contact,operand,sources/decoded-original/0209-FlgNet.xml
1895,filter,EV-35,Global,write,코일 operand,1596,1536,1491,Coil,operand,sources/decoded-original/0209-FlgNet.xml
1895,filter,Data.Ev_filter_on,Global,read,비교 입력 핀,1597,1537,1494,Eq,in1,sources/decoded-original/0209-FlgNet.xml
1895,filter,Abilita_lavaggio_BF02,Local,read,접점 operand,1600,1539,1626,Contact,operand,sources/decoded-original/0209-FlgNet.xml
1895,filter,EV-75,Global,write,코일 operand,1602,1540,1498,Coil,operand,sources/decoded-original/0209-FlgNet.xml
1896,filter,ON,Global,read,접점 operand,1677,1635,1740,Contact,operand,sources/decoded-original/0210-FlgNet.xml
1896,filter,Tag_132,Global,read,접점 operand,1678,1636,1742,Contact,operand,sources/decoded-original/0210-FlgNet.xml
1896,filter,Data.Ev_filter_on,Global,read,비교 입력 핀,1679,1637,1567,Eq,in1,sources/decoded-original/0210-FlgNet.xml
1896,filter,Abilita_lavaggio_BF01,Local,read,접점 operand,1682,1639,1744,Contact,operand,sources/decoded-original/0210-FlgNet.xml
1896,filter,EV-36,Global,write,코일 operand,1684,1640,1571,Coil,operand,sources/decoded-original/0210-FlgNet.xml
1896,filter,Data.Ev_filter_on,Global,read,비교 입력 핀,1685,1641,1574,Eq,in1,sources/decoded-original/0210-FlgNet.xml
1896,filter,Abilita_lavaggio_BF02,Local,read,접점 operand,1688,1643,1746,Contact,operand,sources/decoded-original/0210-FlgNet.xml
1896,filter,EV-76,Global,write,코일 operand,1690,1644,1578,Coil,operand,sources/decoded-original/0210-FlgNet.xml
1896,filter,Data.Ev_filter_on,Global,read,비교 입력 핀,1691,1645,1581,Eq,in1,sources/decoded-original/0210-FlgNet.xml
1896,filter,Abilita_lavaggio_BF01,Local,read,접점 operand,1694,1647,1748,Contact,operand,sources/decoded-original/0210-FlgNet.xml
1896,filter,EV-37,Global,write,코일 operand,1696,1648,1585,Coil,operand,sources/decoded-original/0210-FlgNet.xml
1896,filter,Data.Ev_filter_on,Global,read,비교 입력 핀,1697,1649,1588,Eq,in1,sources/decoded-original/0210-FlgNet.xml
1896,filter,Abilita_lavaggio_BF02,Local,read,접점 operand,1700,1651,1750,Contact,operand,sources/decoded-original/0210-FlgNet.xml
1896,filter,EV-77,Global,write,코일 operand,1702,1652,1592,Coil,operand,sources/decoded-original/0210-FlgNet.xml
1896,filter,Data.Ev_filter_on,Global,read,비교 입력 핀,1703,1653,1595,Eq,in1,sources/decoded-original/0210-FlgNet.xml
1896,filter,Abilita_lavaggio_BF01,Local,read,접점 operand,1706,1655,1752,Contact,operand,sources/decoded-original/0210-FlgNet.xml
1896,filter,EV-38,Global,write,코일 operand,1708,1656,1599,Coil,operand,sources/decoded-original/0210-FlgNet.xml
1896,filter,Data.Ev_filter_on,Global,read,비교 입력 핀,1709,1657,1602,Eq,in1,sources/decoded-original/0210-FlgNet.xml
1896,filter,Abilita_lavaggio_BF02,Local,read,접점 operand,1712,1659,1754,Contact,operand,sources/decoded-original/0210-FlgNet.xml
1896,filter,EV-78,Global,write,코일 operand,1714,1660,1606,Coil,operand,sources/decoded-original/0210-FlgNet.xml
1896,filter,Data.Ev_filter_on,Global,read,비교 입력 핀,1715,1661,1609,Eq,in1,sources/decoded-original/0210-FlgNet.xml
1896,filter,Abilita_lavaggio_BF01,Local,read,접점 operand,1718,1663,1756,Contact,operand,sources/decoded-original/0210-FlgNet.xml
1896,filter,EV-39,Global,write,코일 operand,1720,1664,1613,Coil,operand,sources/decoded-original/0210-FlgNet.xml
1896,filter,Data.Ev_filter_on,Global,read,비교 입력 핀,1721,1665,1616,Eq,in1,sources/decoded-original/0210-FlgNet.xml
1896,filter,Abilita_lavaggio_BF02,Local,read,접점 operand,1724,1667,1758,Contact,operand,sources/decoded-original/0210-FlgNet.xml
1896,filter,EV-79,Global,write,코일 operand,1726,1668,1620,Coil,operand,sources/decoded-original/0210-FlgNet.xml
1896,filter,Data.Ev_filter_on,Global,read,비교 입력 핀,1727,1669,1623,Eq,in1,sources/decoded-original/0210-FlgNet.xml
1896,filter,Abilita_lavaggio_BF01,Local,read,접점 operand,1730,1671,1760,Contact,operand,sources/decoded-original/0210-FlgNet.xml
1896,filter,EV-40,Global,write,코일 operand,1732,1672,1627,Coil,operand,sources/decoded-original/0210-FlgNet.xml
1896,filter,Data.Ev_filter_on,Global,read,비교 입력 핀,1733,1673,1630,Eq,in1,sources/decoded-original/0210-FlgNet.xml
1896,filter,Abilita_lavaggio_BF02,Local,read,접점 operand,1736,1675,1762,Contact,operand,sources/decoded-original/0210-FlgNet.xml
1896,filter,EV-80,Global,write,코일 operand,1738,1676,1634,Coil,operand,sources/decoded-original/0210-FlgNet.xml
1897,filter,ON,Global,read,접점 operand,1813,1771,1876,Contact,operand,sources/decoded-original/0211-FlgNet.xml
1897,filter,Tag_132,Global,read,접점 operand,1814,1772,1878,Contact,operand,sources/decoded-original/0211-FlgNet.xml
1897,filter,Data.Ev_filter_on,Global,read,비교 입력 핀,1815,1773,1703,Eq,in1,sources/decoded-original/0211-FlgNet.xml
1897,filter,Abilita_lavaggio_BF01,Local,read,접점 operand,1818,1775,1880,Contact,operand,sources/decoded-original/0211-FlgNet.xml
1897,filter,EV-41,Global,write,코일 operand,1820,1776,1707,Coil,operand,sources/decoded-original/0211-FlgNet.xml
1897,filter,Data.Ev_filter_on,Global,read,비교 입력 핀,1821,1777,1710,Eq,in1,sources/decoded-original/0211-FlgNet.xml
1897,filter,Abilita_lavaggio_BF02,Local,read,접점 operand,1824,1779,1882,Contact,operand,sources/decoded-original/0211-FlgNet.xml
1897,filter,EV-81,Global,write,코일 operand,1826,1780,1714,Coil,operand,sources/decoded-original/0211-FlgNet.xml
1897,filter,Data.Ev_filter_on,Global,read,비교 입력 핀,1827,1781,1717,Eq,in1,sources/decoded-original/0211-FlgNet.xml
1897,filter,Abilita_lavaggio_BF01,Local,read,접점 operand,1830,1783,1884,Contact,operand,sources/decoded-original/0211-FlgNet.xml
1897,filter,EV-42,Global,write,코일 operand,1832,1784,1721,Coil,operand,sources/decoded-original/0211-FlgNet.xml
1897,filter,Data.Ev_filter_on,Global,read,비교 입력 핀,1833,1785,1724,Eq,in1,sources/decoded-original/0211-FlgNet.xml
1897,filter,Abilita_lavaggio_BF02,Local,read,접점 operand,1836,1787,1886,Contact,operand,sources/decoded-original/0211-FlgNet.xml
1897,filter,EV-82,Global,write,코일 operand,1838,1788,1728,Coil,operand,sources/decoded-original/0211-FlgNet.xml
1897,filter,Data.Ev_filter_on,Global,read,비교 입력 핀,1839,1789,1731,Eq,in1,sources/decoded-original/0211-FlgNet.xml
1897,filter,Abilita_lavaggio_BF01,Local,read,접점 operand,1842,1791,1888,Contact,operand,sources/decoded-original/0211-FlgNet.xml
1897,filter,EV-43,Global,write,코일 operand,1844,1792,1735,Coil,operand,sources/decoded-original/0211-FlgNet.xml
1897,filter,Data.Ev_filter_on,Global,read,비교 입력 핀,1845,1793,1738,Eq,in1,sources/decoded-original/0211-FlgNet.xml
1897,filter,Abilita_lavaggio_BF02,Local,read,접점 operand,1848,1795,1890,Contact,operand,sources/decoded-original/0211-FlgNet.xml
1897,filter,EV-83,Global,write,코일 operand,1850,1796,1742,Coil,operand,sources/decoded-original/0211-FlgNet.xml
1897,filter,Data.Ev_filter_on,Global,read,비교 입력 핀,1851,1797,1745,Eq,in1,sources/decoded-original/0211-FlgNet.xml
1897,filter,Abilita_lavaggio_BF01,Local,read,접점 operand,1854,1799,1892,Contact,operand,sources/decoded-original/0211-FlgNet.xml
1897,filter,EV-44,Global,write,코일 operand,1856,1800,1749,Coil,operand,sources/decoded-original/0211-FlgNet.xml
1897,filter,Data.Ev_filter_on,Global,read,비교 입력 핀,1857,1801,1752,Eq,in1,sources/decoded-original/0211-FlgNet.xml
1897,filter,Abilita_lavaggio_BF02,Local,read,접점 operand,1860,1803,1894,Contact,operand,sources/decoded-original/0211-FlgNet.xml
1897,filter,EV-84,Global,write,코일 operand,1862,1804,1756,Coil,operand,sources/decoded-original/0211-FlgNet.xml
1897,filter,Data.Ev_filter_on,Global,read,비교 입력 핀,1863,1805,1759,Eq,in1,sources/decoded-original/0211-FlgNet.xml
1897,filter,Abilita_lavaggio_BF01,Local,read,접점 operand,1866,1807,1896,Contact,operand,sources/decoded-original/0211-FlgNet.xml
1897,filter,EV-45,Global,write,코일 operand,1868,1808,1763,Coil,operand,sources/decoded-original/0211-FlgNet.xml
1897,filter,Data.Ev_filter_on,Global,read,비교 입력 핀,1869,1809,1766,Eq,in1,sources/decoded-original/0211-FlgNet.xml
1897,filter,Abilita_lavaggio_BF02,Local,read,접점 operand,1872,1811,1898,Contact,operand,sources/decoded-original/0211-FlgNet.xml
1897,filter,EV-85,Global,write,코일 operand,1874,1812,1770,Coil,operand,sources/decoded-original/0211-FlgNet.xml
1898,filter,ON,Global,read,접점 operand,1949,1907,2012,Contact,operand,sources/decoded-original/0212-FlgNet.xml
1898,filter,Tag_132,Global,read,접점 operand,1950,1908,2014,Contact,operand,sources/decoded-original/0212-FlgNet.xml
1898,filter,Data.Ev_filter_on,Global,read,비교 입력 핀,1951,1909,1839,Eq,in1,sources/decoded-original/0212-FlgNet.xml
1898,filter,Abilita_lavaggio_BF01,Local,read,접점 operand,1954,1911,2016,Contact,operand,sources/decoded-original/0212-FlgNet.xml
1898,filter,EV-46,Global,write,코일 operand,1956,1912,1843,Coil,operand,sources/decoded-original/0212-FlgNet.xml
1898,filter,Data.Ev_filter_on,Global,read,비교 입력 핀,1957,1913,1846,Eq,in1,sources/decoded-original/0212-FlgNet.xml
1898,filter,Abilita_lavaggio_BF02,Local,read,접점 operand,1960,1915,2018,Contact,operand,sources/decoded-original/0212-FlgNet.xml
1898,filter,EV-86,Global,write,코일 operand,1962,1916,1850,Coil,operand,sources/decoded-original/0212-FlgNet.xml
1898,filter,Data.Ev_filter_on,Global,read,비교 입력 핀,1963,1917,1853,Eq,in1,sources/decoded-original/0212-FlgNet.xml
1898,filter,Abilita_lavaggio_BF01,Local,read,접점 operand,1966,1919,2020,Contact,operand,sources/decoded-original/0212-FlgNet.xml
1898,filter,EV-47,Global,write,코일 operand,1968,1920,1857,Coil,operand,sources/decoded-original/0212-FlgNet.xml
1898,filter,Data.Ev_filter_on,Global,read,비교 입력 핀,1969,1921,1860,Eq,in1,sources/decoded-original/0212-FlgNet.xml
1898,filter,Abilita_lavaggio_BF02,Local,read,접점 operand,1972,1923,2022,Contact,operand,sources/decoded-original/0212-FlgNet.xml
1898,filter,EV-87,Global,write,코일 operand,1974,1924,1864,Coil,operand,sources/decoded-original/0212-FlgNet.xml
1898,filter,Data.Ev_filter_on,Global,read,비교 입력 핀,1975,1925,1867,Eq,in1,sources/decoded-original/0212-FlgNet.xml
1898,filter,Abilita_lavaggio_BF01,Local,read,접점 operand,1978,1927,2024,Contact,operand,sources/decoded-original/0212-FlgNet.xml
1898,filter,EV-48,Global,write,코일 operand,1980,1928,1871,Coil,operand,sources/decoded-original/0212-FlgNet.xml
1898,filter,Data.Ev_filter_on,Global,read,비교 입력 핀,1981,1929,1874,Eq,in1,sources/decoded-original/0212-FlgNet.xml
1898,filter,Abilita_lavaggio_BF02,Local,read,접점 operand,1984,1931,2026,Contact,operand,sources/decoded-original/0212-FlgNet.xml
1898,filter,EV-88,Global,write,코일 operand,1986,1932,1878,Coil,operand,sources/decoded-original/0212-FlgNet.xml
1898,filter,Data.Ev_filter_on,Global,read,비교 입력 핀,1987,1933,1881,Eq,in1,sources/decoded-original/0212-FlgNet.xml
1898,filter,Abilita_lavaggio_BF01,Local,read,접점 operand,1990,1935,2028,Contact,operand,sources/decoded-original/0212-FlgNet.xml
1898,filter,EV-49,Global,write,코일 operand,1992,1936,1885,Coil,operand,sources/decoded-original/0212-FlgNet.xml
1898,filter,Data.Ev_filter_on,Global,read,비교 입력 핀,1993,1937,1888,Eq,in1,sources/decoded-original/0212-FlgNet.xml
1898,filter,Abilita_lavaggio_BF02,Local,read,접점 operand,1996,1939,2030,Contact,operand,sources/decoded-original/0212-FlgNet.xml
1898,filter,EV-89,Global,write,코일 operand,1998,1940,1892,Coil,operand,sources/decoded-original/0212-FlgNet.xml
1898,filter,Data.Ev_filter_on,Global,read,비교 입력 핀,1999,1941,1895,Eq,in1,sources/decoded-original/0212-FlgNet.xml
1898,filter,Abilita_lavaggio_BF01,Local,read,접점 operand,2002,1943,2032,Contact,operand,sources/decoded-original/0212-FlgNet.xml
1898,filter,EV-50,Global,write,코일 operand,2004,1944,1899,Coil,operand,sources/decoded-original/0212-FlgNet.xml
1898,filter,Data.Ev_filter_on,Global,read,비교 입력 핀,2005,1945,1902,Eq,in1,sources/decoded-original/0212-FlgNet.xml
1898,filter,Abilita_lavaggio_BF02,Local,read,접점 operand,2008,1947,2034,Contact,operand,sources/decoded-original/0212-FlgNet.xml
1898,filter,EV-90,Global,write,코일 operand,2010,1948,1906,Coil,operand,sources/decoded-original/0212-FlgNet.xml
1899,filter,ON,Global,read,접점 operand,44,29,21,Contact,operand,sources/decoded-original/0218-FlgNet.xml
1899,filter,Tag_132,Global,read,접점 operand,46,30,22,Contact,operand,sources/decoded-original/0218-FlgNet.xml
1899,filter,PLS 50 3,Global,pending,호출 방향·미분류 핀 확인 필요,48,31,23,PBox,bit,sources/decoded-original/0218-FlgNet.xml
1899,filter,Data.Ev_filter_on,Global,read,연산 입력 핀,51,33,24,Add,in2,sources/decoded-original/0218-FlgNet.xml
1899,filter,Data.Ev_filter_on,Global,write,연산 출력 핀,52,34,24,Add,out,sources/decoded-original/0218-FlgNet.xml
1899,filter,Data.Ev_filter_on,Global,read,비교 입력 핀,53,35,25,Lt,in1,sources/decoded-original/0218-FlgNet.xml
1899,filter,Data.LAVA_START,Global,read,비교 입력 핀,54,36,25,Lt,in2,sources/decoded-original/0218-FlgNet.xml
1899,filter,Data.LAVA_START,Global,read,Move in,56,37,26,Move,in,sources/decoded-original/0218-FlgNet.xml
1899,filter,Data.Ev_filter_on,Global,write,Move out,57,38,26,Move,out1,sources/decoded-original/0218-FlgNet.xml
1899,filter,Data.Ev_filter_on,Global,read,비교 입력 핀,58,39,27,Gt,in1,sources/decoded-original/0218-FlgNet.xml
1899,filter,Data.LAVA_END,Global,read,비교 입력 핀,59,40,27,Gt,in2,sources/decoded-original/0218-FlgNet.xml
1899,filter,Data.LAVA_START,Global,read,Move in,61,41,28,Move,in,sources/decoded-original/0218-FlgNet.xml
1899,filter,Data.Ev_filter_on,Global,write,Move out,62,42,28,Move,out1,sources/decoded-original/0218-FlgNet.xml
1900,filter,Start FN04,Global,read,접점 operand,1856,1852,1861,Contact,operand,sources/decoded-original/0213-FlgNet.xml
1900,filter,PLS 50 4,Global,pending,호출 방향·미분류 핀 확인 필요,1857,1853,1847,PBox,bit,sources/decoded-original/0213-FlgNet.xml
1900,filter,Data.SET_PERC_FN04,Global,write,Move out,1860,1855,1849,Move,out1,sources/decoded-original/0213-FlgNet.xml
1901,filter,Flag.FN_04_AUTO,Global,read,접점 operand,1994,1972,2025,Contact,operand,sources/decoded-original/0214-FlgNet.xml
1901,filter,Data.PC_01,Global,read,연산 입력 핀,1995,1973,1935,Sub,in1,sources/decoded-original/0214-FlgNet.xml
1901,filter,Coeff.SET_PC01,Global,read,연산 입력 핀,1996,1974,1935,Sub,in2,sources/decoded-original/0214-FlgNet.xml
1901,filter,App02,Local,write,연산 출력 핀,1997,1975,1935,Sub,out,sources/decoded-original/0214-FlgNet.xml
1901,filter,Tag_133,Global,read,접점 operand,1998,1976,2027,Contact,operand,sources/decoded-original/0214-FlgNet.xml
1901,filter,App02,Local,read,비교 입력 핀,22,24,1945,Ge,in1,sources/decoded-original/0214-FlgNet.xml
1901,filter,Data.FN_04_ASPIRATOR,Global,read,비교 입력 핀,2002,1979,1948,Lt,in1,sources/decoded-original/0214-FlgNet.xml
1901,filter,Data.SET_PERC_FN04,Global,read,연산 입력 핀,2007,1982,1951,Add,in2,sources/decoded-original/0214-FlgNet.xml
1901,filter,Data.SET_PERC_FN04,Global,write,연산 출력 핀,2008,1983,1951,Add,out,sources/decoded-original/0214-FlgNet.xml
1901,filter,App02,Local,read,비교 입력 핀,27,29,1957,Le,in1,sources/decoded-original/0214-FlgNet.xml
1901,filter,Data.SET_PERC_FN04,Global,read,비교 입력 핀,2012,1986,1960,Gt,in1,sources/decoded-original/0214-FlgNet.xml
1901,filter,Data.SET_PERC_FN04,Global,read,연산 입력 핀,2017,1989,1963,Add,in2,sources/decoded-original/0214-FlgNet.xml
1901,filter,Data.SET_PERC_FN04,Global,write,연산 출력 핀,2018,1990,1963,Add,out,sources/decoded-original/0214-FlgNet.xml
1901,filter,Tag_133,Global,read,접점 operand,2021,1992,2029,Contact,operand,sources/decoded-original/0214-FlgNet.xml
1901,filter,Tag_133,Global,write,코일 operand,2023,1993,1970,SdCoil,operand,sources/decoded-original/0214-FlgNet.xml
1902,filter,ON,Global,read,접점 operand,2009,1997,2028,Contact,operand,sources/decoded-original/0215-FlgNet.xml
1902,filter,PV-14,Global,read,접점 operand,2010,1998,2030,Contact,operand,sources/decoded-original/0215-FlgNet.xml
1902,filter,Inputs.PV-14 OPEN,Global,read,접점 operand,2011,1999,2032,Contact,operand,sources/decoded-original/0215-FlgNet.xml
1902,filter,PV-14,Global,read,접점 operand,2013,2000,2034,Contact,operand,sources/decoded-original/0215-FlgNet.xml
1902,filter,Inputs.PV-14 CLOSE,Global,read,접점 operand,23,24,2036,Contact,operand,sources/decoded-original/0215-FlgNet.xml
1902,filter,Tag_134,Global,write,코일 operand,2018,2003,1986,SdCoil,operand,sources/decoded-original/0215-FlgNet.xml
1902,filter,Tag_134,Global,read,접점 operand,2019,2004,2038,Contact,operand,sources/decoded-original/0215-FlgNet.xml
1902,filter,Allarm.Fault_PV14,Global,write,코일 operand,2021,2005,1991,SCoil,operand,sources/decoded-original/0215-FlgNet.xml
1902,filter,Flag.RESET_ALLARM,Global,read,접점 operand,2023,2006,2040,Contact,operand,sources/decoded-original/0215-FlgNet.xml
1902,filter,Allarm.Fault_PV14,Global,read,접점 operand,2024,2007,2042,Contact,operand,sources/decoded-original/0215-FlgNet.xml
1902,filter,Allarm.Fault_PV14,Global,write,코일 operand,2026,2008,1996,RCoil,operand,sources/decoded-original/0215-FlgNet.xml
1903,filter,ON,Global,read,접점 operand,2022,2013,2035,Contact,operand,sources/decoded-original/0216-FlgNet.xml
1903,filter,Allarm.Fault_PV14,Global,read,접점 operand,2023,2014,2037,Contact,operand,sources/decoded-original/0216-FlgNet.xml
1903,filter,Flag.M_PV14,Global,write,코일 operand,2026,2016,2004,RCoil,operand,sources/decoded-original/0216-FlgNet.xml
1903,filter,Flag.M_PV14,Global,read,접점 operand,2027,2017,2041,Contact,operand,sources/decoded-original/0216-FlgNet.xml
1903,filter,Open false air,Global,read,접점 operand,2028,2018,2043,Contact,operand,sources/decoded-original/0216-FlgNet.xml
1903,filter,Allarm.MAX_TC09,Global,read,접점 operand,2029,2019,2045,Contact,operand,sources/decoded-original/0216-FlgNet.xml
1903,filter,Allarm.MAX_MAX_TC09,Global,read,접점 operand,2030,2020,2047,Contact,operand,sources/decoded-original/0216-FlgNet.xml
1903,filter,Allarm.Emergency_module_fault,Global,read,접점 operand,21,23,22,Contact,operand,sources/decoded-original/0216-FlgNet.xml
1903,filter,PV-14,Global,write,코일 operand,2033,2021,2012,Coil,operand,sources/decoded-original/0216-FlgNet.xml
1911,r1 scraps gate 2,ON,Global,read,접점 operand,159,140,186,Contact,operand,sources/decoded-original/0276-FlgNet.xml
1911,r1 scraps gate 2,ON,Global,read,접점 operand,160,141,188,Contact,operand,sources/decoded-original/0276-FlgNet.xml
1911,r1 scraps gate 2,UNDER TESTING,Global,read,접점 operand,163,143,192,Contact,operand,sources/decoded-original/0276-FlgNet.xml
1911,r1 scraps gate 2,Flag.Enable_R1_GATE,Global,read,접점 operand,165,144,194,Contact,operand,sources/decoded-original/0276-FlgNet.xml
1911,r1 scraps gate 2,Allarm.PV_01_GATE_A_NOT_OPEN,Global,read,접점 operand,166,145,196,Contact,operand,sources/decoded-original/0276-FlgNet.xml
1911,r1 scraps gate 2,Allarm.PV_01_GATE_B_NOT_OPEN,Global,read,접점 operand,167,146,198,Contact,operand,sources/decoded-original/0276-FlgNet.xml
1911,r1 scraps gate 2,Flag.Enable_R1_GATE,Global,read,접점 operand,169,147,200,Contact,operand,sources/decoded-original/0276-FlgNet.xml
1911,r1 scraps gate 2,Flag.PV_01_GATE_A_MEM_OPEN,Global,read,접점 operand,170,148,202,Contact,operand,sources/decoded-original/0276-FlgNet.xml
1911,r1 scraps gate 2,Flag.PV_01_GATE_B_MEM_OPEN,Global,read,접점 operand,171,149,204,Contact,operand,sources/decoded-original/0276-FlgNet.xml
1911,r1 scraps gate 2,R1 Gate ON,Global,write,코일 operand,174,150,115,Coil,operand,sources/decoded-original/0276-FlgNet.xml
1911,r1 scraps gate 2,Flag.R1_GATE_LOOP_ON,Global,write,코일 operand,175,151,117,Coil,operand,sources/decoded-original/0276-FlgNet.xml
1911,r1 scraps gate 2,R1 Gate ON,Global,read,접점 operand,177,152,206,Contact,operand,sources/decoded-original/0276-FlgNet.xml
1911,r1 scraps gate 2,WorkData.R1State,Global,write,Move out,179,154,125,Move,out1,sources/decoded-original/0276-FlgNet.xml
1911,r1 scraps gate 2,Open EV A 01  PV-01,Global,write,코일 operand,180,155,130,RCoil,operand,sources/decoded-original/0276-FlgNet.xml
1911,r1 scraps gate 2,Open EV B 01  PV-01,Global,write,코일 operand,181,156,133,RCoil,operand,sources/decoded-original/0276-FlgNet.xml
1911,r1 scraps gate 2,Close EV A 01  PV-01,Global,write,코일 operand,182,157,136,RCoil,operand,sources/decoded-original/0276-FlgNet.xml
1911,r1 scraps gate 2,Close EV B 01  PV-01,Global,write,코일 operand,183,158,139,RCoil,operand,sources/decoded-original/0276-FlgNet.xml
1912,r1 scraps gate 2,Data.PV_01B,Global,pending,호출 방향·미분류 핀 확인 필요,37,38,35,CRef,KF,sources/decoded-original/0285-FlgNet.xml
1912,r1 scraps gate 2,Data.SET_EVR1B_Open_time,Global,write,식별 원본 AK=Write · 호출 방향/인터페이스 추가 확인,41,42,35,CRef,KT,sources/decoded-original/0285-FlgNet.xml
1912,r1 scraps gate 2,Data.PV-01a,Global,pending,호출 방향·미분류 핀 확인 필요,46,47,44,CRef,KF,sources/decoded-original/0285-FlgNet.xml
1912,r1 scraps gate 2,Data.SET_EVR1A_Open_time,Global,write,식별 원본 AK=Write · 호출 방향/인터페이스 추가 확인,50,51,44,CRef,KT,sources/decoded-original/0285-FlgNet.xml
1913,r1 scraps gate 2,ON,Global,read,접점 operand,487,438,555,Contact,operand,sources/decoded-original/0277-FlgNet.xml
1913,r1 scraps gate 2,Flag.Enable_R1_GATE,Global,read,접점 operand,488,439,557,Contact,operand,sources/decoded-original/0277-FlgNet.xml
1913,r1 scraps gate 2,R1 Gate ON,Global,read,접점 operand,489,440,559,Contact,operand,sources/decoded-original/0277-FlgNet.xml
1913,r1 scraps gate 2,WorkData.R1State,Global,read,비교 입력 핀,490,441,328,Eq,in1,sources/decoded-original/0277-FlgNet.xml
1913,r1 scraps gate 2,Close EV A 01  PV-01,Global,write,코일 operand,493,443,334,SCoil,operand,sources/decoded-original/0277-FlgNet.xml
1913,r1 scraps gate 2,Open EV A 01  PV-01,Global,write,코일 operand,494,444,337,RCoil,operand,sources/decoded-original/0277-FlgNet.xml
1913,r1 scraps gate 2,Tag_163,Global,write,코일 operand,496,446,340,SdCoil,operand,sources/decoded-original/0277-FlgNet.xml
1913,r1 scraps gate 2,Tag_163,Global,read,접점 operand,497,447,561,Contact,operand,sources/decoded-original/0277-FlgNet.xml
1913,r1 scraps gate 2,WorkData.R1State,Global,write,Move out,500,449,345,Move,out1,sources/decoded-original/0277-FlgNet.xml
1913,r1 scraps gate 2,WorkData.R1State,Global,read,비교 입력 핀,502,450,350,Eq,in1,sources/decoded-original/0277-FlgNet.xml
1913,r1 scraps gate 2,Open EV B 01  PV-01,Global,write,코일 operand,505,452,356,SCoil,operand,sources/decoded-original/0277-FlgNet.xml
1913,r1 scraps gate 2,Close EV B 01  PV-01,Global,write,코일 operand,506,453,359,RCoil,operand,sources/decoded-original/0277-FlgNet.xml
1913,r1 scraps gate 2,Flag.PV_01_GATE_B_MEM_OPEN,Global,read,접점 operand,507,454,563,Contact,operand,sources/decoded-original/0277-FlgNet.xml
1913,r1 scraps gate 2,WorkData.R1State,Global,write,Move out,510,456,363,Move,out1,sources/decoded-original/0277-FlgNet.xml
1913,r1 scraps gate 2,WorkData.R1State,Global,read,비교 입력 핀,512,457,368,Eq,in1,sources/decoded-original/0277-FlgNet.xml
1913,r1 scraps gate 2,Data.SET_EVR1B_Open_time,Global,read,타이머 설정 value,515,459,374,SdCoil,value,sources/decoded-original/0277-FlgNet.xml
1913,r1 scraps gate 2,Tag_164,Global,write,코일 operand,516,460,374,SdCoil,operand,sources/decoded-original/0277-FlgNet.xml
1913,r1 scraps gate 2,Tag_164,Global,read,접점 operand,517,461,565,Contact,operand,sources/decoded-original/0277-FlgNet.xml
1913,r1 scraps gate 2,WorkData.R1State,Global,write,Move out,520,463,379,Move,out1,sources/decoded-original/0277-FlgNet.xml
1913,r1 scraps gate 2,WorkData.R1State,Global,read,비교 입력 핀,522,464,384,Eq,in1,sources/decoded-original/0277-FlgNet.xml
1913,r1 scraps gate 2,Close EV B 01  PV-01,Global,write,코일 operand,525,466,390,SCoil,operand,sources/decoded-original/0277-FlgNet.xml
1913,r1 scraps gate 2,Open EV B 01  PV-01,Global,write,코일 operand,526,467,393,RCoil,operand,sources/decoded-original/0277-FlgNet.xml
1913,r1 scraps gate 2,Tag_165,Global,write,코일 operand,528,469,396,SdCoil,operand,sources/decoded-original/0277-FlgNet.xml
1913,r1 scraps gate 2,Tag_165,Global,read,접점 operand,529,470,567,Contact,operand,sources/decoded-original/0277-FlgNet.xml
1913,r1 scraps gate 2,WorkData.R1State,Global,write,Move out,532,472,401,Move,out1,sources/decoded-original/0277-FlgNet.xml
1913,r1 scraps gate 2,WorkData.R1State,Global,read,비교 입력 핀,534,473,406,Eq,in1,sources/decoded-original/0277-FlgNet.xml
1913,r1 scraps gate 2,Open EV A 01  PV-01,Global,write,코일 operand,537,475,412,SCoil,operand,sources/decoded-original/0277-FlgNet.xml
1913,r1 scraps gate 2,Close EV A 01  PV-01,Global,write,코일 operand,538,476,415,RCoil,operand,sources/decoded-original/0277-FlgNet.xml
1913,r1 scraps gate 2,Flag.PV_01_GATE_A_MEM_OPEN,Global,read,접점 operand,539,477,569,Contact,operand,sources/decoded-original/0277-FlgNet.xml
1913,r1 scraps gate 2,WorkData.R1State,Global,write,Move out,542,479,419,Move,out1,sources/decoded-original/0277-FlgNet.xml
1913,r1 scraps gate 2,WorkData.R1State,Global,read,비교 입력 핀,544,480,424,Eq,in1,sources/decoded-original/0277-FlgNet.xml
1913,r1 scraps gate 2,Data.SET_EVR1A_Open_time,Global,read,타이머 설정 value,547,482,430,SdCoil,value,sources/decoded-original/0277-FlgNet.xml
1913,r1 scraps gate 2,Tag_166,Global,write,코일 operand,548,483,430,SdCoil,operand,sources/decoded-original/0277-FlgNet.xml
1913,r1 scraps gate 2,Tag_166,Global,read,접점 operand,549,484,571,Contact,operand,sources/decoded-original/0277-FlgNet.xml
1913,r1 scraps gate 2,WorkData.R1State,Global,write,Move out,552,486,435,Move,out1,sources/decoded-original/0277-FlgNet.xml
1914,r1 scraps gate 2,ON,Global,read,접점 operand,353,348,361,Contact,operand,sources/decoded-original/0278-FlgNet.xml
1914,r1 scraps gate 2,EV01_Sel_Open,Global,read,접점 operand,354,349,363,Contact,operand,sources/decoded-original/0278-FlgNet.xml
1914,r1 scraps gate 2,Open EV A 00 PV-01,Global,write,코일 operand,356,350,343,Coil,operand,sources/decoded-original/0278-FlgNet.xml
1914,r1 scraps gate 2,EV02_Sel_Open,Global,read,접점 operand,357,351,365,Contact,operand,sources/decoded-original/0278-FlgNet.xml
1914,r1 scraps gate 2,Open EV B 00  PV-01,Global,write,코일 operand,359,352,347,Coil,operand,sources/decoded-original/0278-FlgNet.xml
1915,r1 scraps gate 2,ON,Global,read,접점 operand,395,385,410,Contact,operand,sources/decoded-original/0279-FlgNet.xml
1915,r1 scraps gate 2,Open EV B 00  PV-01,Global,read,접점 operand,396,386,412,Contact,operand,sources/decoded-original/0279-FlgNet.xml
1915,r1 scraps gate 2,Open EV B 01  PV-01,Global,read,접점 operand,397,387,414,Contact,operand,sources/decoded-original/0279-FlgNet.xml
1915,r1 scraps gate 2,maintenance PV01,Global,read,접점 operand,398,388,416,Contact,operand,sources/decoded-original/0279-FlgNet.xml
1915,r1 scraps gate 2,OFF,Global,read,접점 operand,399,389,418,Contact,operand,sources/decoded-original/0279-FlgNet.xml
1915,r1 scraps gate 2,PV-01 GATE B EV,Global,write,코일 operand,402,390,377,Coil,operand,sources/decoded-original/0279-FlgNet.xml
1915,r1 scraps gate 2,Open EV A 00 PV-01,Global,read,접점 operand,403,391,420,Contact,operand,sources/decoded-original/0279-FlgNet.xml
1915,r1 scraps gate 2,Open EV A 01  PV-01,Global,read,접점 operand,404,392,422,Contact,operand,sources/decoded-original/0279-FlgNet.xml
1915,r1 scraps gate 2,maintenance PV01,Global,read,접점 operand,405,393,424,Contact,operand,sources/decoded-original/0279-FlgNet.xml
1915,r1 scraps gate 2,PV-01 Gate a,Global,write,코일 operand,408,394,384,Coil,operand,sources/decoded-original/0279-FlgNet.xml
1916,r1 scraps gate 2,ON,Global,read,접점 operand,499,481,524,Contact,operand,sources/decoded-original/0280-FlgNet.xml
1916,r1 scraps gate 2,MC04_Fbk,Global,read,접점 operand,500,482,526,Contact,operand,sources/decoded-original/0280-FlgNet.xml
1916,r1 scraps gate 2,Inputs.MC04 run,Global,read,접점 operand,21,23,22,Contact,operand,sources/decoded-original/0280-FlgNet.xml
1916,r1 scraps gate 2,Allarm.Maintenance_ON,Global,read,접점 operand,28,30,29,Contact,operand,sources/decoded-original/0280-FlgNet.xml
1916,r1 scraps gate 2,Flag.Enable_R2_GATE,Global,read,접점 operand,503,484,530,Contact,operand,sources/decoded-original/0280-FlgNet.xml
1916,r1 scraps gate 2,Allarm.PV_02_GATE_A_NOT_OPEN,Global,read,접점 operand,504,485,532,Contact,operand,sources/decoded-original/0280-FlgNet.xml
1916,r1 scraps gate 2,Allarm.PV_02_GATE_B_NOT_OPEN,Global,read,접점 operand,505,486,534,Contact,operand,sources/decoded-original/0280-FlgNet.xml
1916,r1 scraps gate 2,Flag.Enable_R2_GATE,Global,read,접점 operand,507,487,536,Contact,operand,sources/decoded-original/0280-FlgNet.xml
1916,r1 scraps gate 2,Flag.PV_02_GATE_A_MEM_OPEN,Global,read,접점 operand,508,488,538,Contact,operand,sources/decoded-original/0280-FlgNet.xml
1916,r1 scraps gate 2,Flag.PV_02_GATE_B_MEM_OPEN,Global,read,접점 operand,509,489,540,Contact,operand,sources/decoded-original/0280-FlgNet.xml
1916,r1 scraps gate 2,PV-02 Gate ON,Global,write,코일 operand,512,490,456,Coil,operand,sources/decoded-original/0280-FlgNet.xml
1916,r1 scraps gate 2,Flag.R2_GATE_LOOP_ON,Global,write,코일 operand,513,491,458,Coil,operand,sources/decoded-original/0280-FlgNet.xml
1916,r1 scraps gate 2,PV-02 Gate ON,Global,read,접점 operand,515,492,542,Contact,operand,sources/decoded-original/0280-FlgNet.xml
1916,r1 scraps gate 2,WorkData.W7,Global,write,Move out,517,494,466,Move,out1,sources/decoded-original/0280-FlgNet.xml
1916,r1 scraps gate 2,Open EV A 01  PV-02,Global,write,코일 operand,518,495,471,RCoil,operand,sources/decoded-original/0280-FlgNet.xml
1916,r1 scraps gate 2,Open EV B 01  PV-02,Global,write,코일 operand,519,496,474,RCoil,operand,sources/decoded-original/0280-FlgNet.xml
1916,r1 scraps gate 2,Close EV A 01  PV-02,Global,write,코일 operand,520,497,477,RCoil,operand,sources/decoded-original/0280-FlgNet.xml
1916,r1 scraps gate 2,Close EV B 01  PV-02,Global,write,코일 operand,521,498,480,RCoil,operand,sources/decoded-original/0280-FlgNet.xml
1917,r1 scraps gate 2,Data.PV_02B,Global,pending,호출 방향·미분류 핀 확인 필요,25,26,23,CRef,KF,sources/decoded-original/0284-FlgNet.xml
1917,r1 scraps gate 2,Data.SET_PV02B_Open_time,Global,write,식별 원본 AK=Write · 호출 방향/인터페이스 추가 확인,29,30,23,CRef,KT,sources/decoded-original/0284-FlgNet.xml
1917,r1 scraps gate 2,Data.PV_02A,Global,pending,호출 방향·미분류 핀 확인 필요,34,35,32,CRef,KF,sources/decoded-original/0284-FlgNet.xml
1917,r1 scraps gate 2,Data.SET_PV02A_Open_time,Global,write,식별 원본 AK=Write · 호출 방향/인터페이스 추가 확인,38,39,32,CRef,KT,sources/decoded-original/0284-FlgNet.xml
1918,r1 scraps gate 2,ON,Global,read,접점 operand,830,781,898,Contact,operand,sources/decoded-original/0281-FlgNet.xml
1918,r1 scraps gate 2,Flag.Enable_R2_GATE,Global,read,접점 operand,831,782,900,Contact,operand,sources/decoded-original/0281-FlgNet.xml
1918,r1 scraps gate 2,PV-02 Gate ON,Global,read,접점 operand,832,783,902,Contact,operand,sources/decoded-original/0281-FlgNet.xml
1918,r1 scraps gate 2,WorkData.W7,Global,read,비교 입력 핀,833,784,671,Eq,in1,sources/decoded-original/0281-FlgNet.xml
1918,r1 scraps gate 2,Close EV A 01  PV-02,Global,write,코일 operand,836,786,677,SCoil,operand,sources/decoded-original/0281-FlgNet.xml
1918,r1 scraps gate 2,Open EV A 01  PV-02,Global,write,코일 operand,837,787,680,RCoil,operand,sources/decoded-original/0281-FlgNet.xml
1918,r1 scraps gate 2,Tag_167,Global,write,코일 operand,839,789,683,SdCoil,operand,sources/decoded-original/0281-FlgNet.xml
1918,r1 scraps gate 2,Tag_167,Global,read,접점 operand,840,790,904,Contact,operand,sources/decoded-original/0281-FlgNet.xml
1918,r1 scraps gate 2,WorkData.W7,Global,write,Move out,843,792,688,Move,out1,sources/decoded-original/0281-FlgNet.xml
1918,r1 scraps gate 2,WorkData.W7,Global,read,비교 입력 핀,845,793,693,Eq,in1,sources/decoded-original/0281-FlgNet.xml
1918,r1 scraps gate 2,Open EV B 01  PV-02,Global,write,코일 operand,848,795,699,SCoil,operand,sources/decoded-original/0281-FlgNet.xml
1918,r1 scraps gate 2,Close EV B 01  PV-02,Global,write,코일 operand,849,796,702,RCoil,operand,sources/decoded-original/0281-FlgNet.xml
1918,r1 scraps gate 2,Flag.PV_02_GATE_B_MEM_OPEN,Global,read,접점 operand,850,797,906,Contact,operand,sources/decoded-original/0281-FlgNet.xml
1918,r1 scraps gate 2,WorkData.W7,Global,write,Move out,853,799,706,Move,out1,sources/decoded-original/0281-FlgNet.xml
1918,r1 scraps gate 2,WorkData.W7,Global,read,비교 입력 핀,855,800,711,Eq,in1,sources/decoded-original/0281-FlgNet.xml
1918,r1 scraps gate 2,Data.SET_PV02B_Open_time,Global,read,타이머 설정 value,858,802,717,SdCoil,value,sources/decoded-original/0281-FlgNet.xml
1918,r1 scraps gate 2,Tag_168,Global,write,코일 operand,859,803,717,SdCoil,operand,sources/decoded-original/0281-FlgNet.xml
1918,r1 scraps gate 2,Tag_168,Global,read,접점 operand,860,804,908,Contact,operand,sources/decoded-original/0281-FlgNet.xml
1918,r1 scraps gate 2,WorkData.W7,Global,write,Move out,863,806,722,Move,out1,sources/decoded-original/0281-FlgNet.xml
1918,r1 scraps gate 2,WorkData.W7,Global,read,비교 입력 핀,865,807,727,Eq,in1,sources/decoded-original/0281-FlgNet.xml
1918,r1 scraps gate 2,Close EV B 01  PV-02,Global,write,코일 operand,868,809,733,SCoil,operand,sources/decoded-original/0281-FlgNet.xml
1918,r1 scraps gate 2,Open EV B 01  PV-02,Global,write,코일 operand,869,810,736,RCoil,operand,sources/decoded-original/0281-FlgNet.xml
1918,r1 scraps gate 2,Tag_169,Global,write,코일 operand,871,812,739,SdCoil,operand,sources/decoded-original/0281-FlgNet.xml
1918,r1 scraps gate 2,Tag_169,Global,read,접점 operand,872,813,910,Contact,operand,sources/decoded-original/0281-FlgNet.xml
1918,r1 scraps gate 2,WorkData.W7,Global,write,Move out,875,815,744,Move,out1,sources/decoded-original/0281-FlgNet.xml
1918,r1 scraps gate 2,WorkData.W7,Global,read,비교 입력 핀,877,816,749,Eq,in1,sources/decoded-original/0281-FlgNet.xml
1918,r1 scraps gate 2,Open EV A 01  PV-02,Global,write,코일 operand,880,818,755,SCoil,operand,sources/decoded-original/0281-FlgNet.xml
1918,r1 scraps gate 2,Close EV A 01  PV-02,Global,write,코일 operand,881,819,758,RCoil,operand,sources/decoded-original/0281-FlgNet.xml
1918,r1 scraps gate 2,Flag.PV_02_GATE_A_MEM_OPEN,Global,read,접점 operand,882,820,912,Contact,operand,sources/decoded-original/0281-FlgNet.xml
1918,r1 scraps gate 2,WorkData.W7,Global,write,Move out,885,822,762,Move,out1,sources/decoded-original/0281-FlgNet.xml
1918,r1 scraps gate 2,WorkData.W7,Global,read,비교 입력 핀,887,823,767,Eq,in1,sources/decoded-original/0281-FlgNet.xml
1918,r1 scraps gate 2,Data.SET_PV02A_Open_time,Global,read,타이머 설정 value,890,825,773,SdCoil,value,sources/decoded-original/0281-FlgNet.xml
1918,r1 scraps gate 2,Tag_170,Global,write,코일 operand,891,826,773,SdCoil,operand,sources/decoded-original/0281-FlgNet.xml
1918,r1 scraps gate 2,Tag_170,Global,read,접점 operand,892,827,914,Contact,operand,sources/decoded-original/0281-FlgNet.xml
1918,r1 scraps gate 2,WorkData.W7,Global,write,Move out,895,829,778,Move,out1,sources/decoded-original/0281-FlgNet.xml
1919,r1 scraps gate 2,ON,Global,read,접점 operand,696,691,704,Contact,operand,sources/decoded-original/0282-FlgNet.xml
1919,r1 scraps gate 2,Selector Op Gate A PV-02,Global,read,접점 operand,697,692,706,Contact,operand,sources/decoded-original/0282-FlgNet.xml
1919,r1 scraps gate 2,Open EV A 00 PV-02,Global,write,코일 operand,699,693,686,Coil,operand,sources/decoded-original/0282-FlgNet.xml
1919,r1 scraps gate 2,Selector Op Gate B PV-02,Global,read,접점 operand,700,694,708,Contact,operand,sources/decoded-original/0282-FlgNet.xml
1919,r1 scraps gate 2,Open EV B 00  PV-02,Global,write,코일 operand,702,695,690,Coil,operand,sources/decoded-original/0282-FlgNet.xml
1920,r1 scraps gate 2,ON,Global,read,접점 operand,734,725,748,Contact,operand,sources/decoded-original/0283-FlgNet.xml
1920,r1 scraps gate 2,Open EV B 00  PV-02,Global,read,접점 operand,735,726,750,Contact,operand,sources/decoded-original/0283-FlgNet.xml
1920,r1 scraps gate 2,Open EV B 01  PV-02,Global,read,접점 operand,736,727,752,Contact,operand,sources/decoded-original/0283-FlgNet.xml
1920,r1 scraps gate 2,maintenance PV02,Global,read,접점 operand,737,728,754,Contact,operand,sources/decoded-original/0283-FlgNet.xml
1920,r1 scraps gate 2,PV-02 GATE B EV,Global,write,코일 operand,740,729,717,Coil,operand,sources/decoded-original/0283-FlgNet.xml
1920,r1 scraps gate 2,Open EV A 00 PV-02,Global,read,접점 operand,741,730,756,Contact,operand,sources/decoded-original/0283-FlgNet.xml
1920,r1 scraps gate 2,Open EV A 01  PV-02,Global,read,접점 operand,742,731,758,Contact,operand,sources/decoded-original/0283-FlgNet.xml
1920,r1 scraps gate 2,maintenance PV02,Global,read,접점 operand,743,732,760,Contact,operand,sources/decoded-original/0283-FlgNet.xml
1920,r1 scraps gate 2,PV-02 GATE A EV,Global,write,코일 operand,746,733,724,Coil,operand,sources/decoded-original/0283-FlgNet.xml
1921,r1 scraps gate 2,ON,Global,read,접점 operand,50,36,21,Contact,operand,sources/decoded-original/0286-FlgNet.xml
1921,r1 scraps gate 2,PV-01 Gate a,Global,read,접점 operand,52,37,22,Contact,operand,sources/decoded-original/0286-FlgNet.xml
1921,r1 scraps gate 2,EV01_Open,Global,read,접점 operand,54,38,23,Contact,operand,sources/decoded-original/0286-FlgNet.xml
1921,r1 scraps gate 2,Inputs.FC GATE A OPEN,Global,read,접점 operand,56,39,24,Contact,operand,sources/decoded-original/0286-FlgNet.xml
1921,r1 scraps gate 2,Flag.PV_01_GATE_A_MEM_OPEN,Global,write,코일 operand,59,40,26,SCoil,operand,sources/decoded-original/0286-FlgNet.xml
1921,r1 scraps gate 2,PV-01 Gate a,Global,read,접점 operand,60,41,27,Contact,operand,sources/decoded-original/0286-FlgNet.xml
1921,r1 scraps gate 2,Flag.PV_01_GATE_A_MEM_OPEN,Global,write,코일 operand,62,42,28,RCoil,operand,sources/decoded-original/0286-FlgNet.xml
1921,r1 scraps gate 2,PV-01 Gate a,Global,read,접점 operand,63,43,29,Contact,operand,sources/decoded-original/0286-FlgNet.xml
1921,r1 scraps gate 2,EV01_Close,Global,read,접점 operand,65,44,30,Contact,operand,sources/decoded-original/0286-FlgNet.xml
1921,r1 scraps gate 2,Inputs.LIMIT SWITCH LS-02GATE A CLOSEDVALVE PV-01,Global,read,접점 operand,67,45,31,Contact,operand,sources/decoded-original/0286-FlgNet.xml
1921,r1 scraps gate 2,Flag.PV_01_GATE_A_MEM_CLOSE,Global,write,코일 operand,70,46,33,SCoil,operand,sources/decoded-original/0286-FlgNet.xml
1921,r1 scraps gate 2,PV-01 Gate a,Global,read,접점 operand,71,47,34,Contact,operand,sources/decoded-original/0286-FlgNet.xml
1921,r1 scraps gate 2,Flag.PV_01_GATE_A_MEM_CLOSE,Global,write,코일 operand,73,48,35,RCoil,operand,sources/decoded-original/0286-FlgNet.xml
1922,r1 scraps gate 2,ON,Global,read,접점 operand,54,38,21,Contact,operand,sources/decoded-original/0287-FlgNet.xml
1922,r1 scraps gate 2,PV-01 GATE B EV,Global,read,접점 operand,88,89,22,Contact,operand,sources/decoded-original/0287-FlgNet.xml
1922,r1 scraps gate 2,EV02_Open,Global,read,접점 operand,58,40,23,Contact,operand,sources/decoded-original/0287-FlgNet.xml
1922,r1 scraps gate 2,EV02_Close,Global,read,접점 operand,62,42,25,Contact,operand,sources/decoded-original/0287-FlgNet.xml
1922,r1 scraps gate 2,Inputs.PV-01 GATE B OPEN,Global,read,접점 operand,64,43,26,Contact,operand,sources/decoded-original/0287-FlgNet.xml
1922,r1 scraps gate 2,Flag.PV_01_GATE_B_MEM_OPEN,Global,write,코일 operand,67,44,28,SCoil,operand,sources/decoded-original/0287-FlgNet.xml
1922,r1 scraps gate 2,PV-01 GATE B EV,Global,read,접점 operand,91,92,29,Contact,operand,sources/decoded-original/0287-FlgNet.xml
1922,r1 scraps gate 2,Flag.PV_01_GATE_B_MEM_OPEN,Global,write,코일 operand,70,46,30,RCoil,operand,sources/decoded-original/0287-FlgNet.xml
1922,r1 scraps gate 2,PV-01 GATE B EV,Global,read,접점 operand,93,94,31,Contact,operand,sources/decoded-original/0287-FlgNet.xml
1922,r1 scraps gate 2,EV02_Close,Global,read,접점 operand,73,48,32,Contact,operand,sources/decoded-original/0287-FlgNet.xml
1922,r1 scraps gate 2,Inputs.LIMIT SWITCH LS-06GATE B CLOSEDVALVE PV-01,Global,read,접점 operand,75,49,33,Contact,operand,sources/decoded-original/0287-FlgNet.xml
1922,r1 scraps gate 2,Flag.PV_01_GATE_B_MEM_CLOSE,Global,write,코일 operand,78,50,35,SCoil,operand,sources/decoded-original/0287-FlgNet.xml
1922,r1 scraps gate 2,PV-01 GATE B EV,Global,read,접점 operand,96,97,36,Contact,operand,sources/decoded-original/0287-FlgNet.xml
1922,r1 scraps gate 2,Flag.PV_01_GATE_B_MEM_CLOSE,Global,write,코일 operand,81,52,37,RCoil,operand,sources/decoded-original/0287-FlgNet.xml
1923,r1 scraps gate 2,ON,Global,read,접점 operand,50,36,21,Contact,operand,sources/decoded-original/0288-FlgNet.xml
1923,r1 scraps gate 2,PV-02 GATE A EV,Global,read,접점 operand,52,37,22,Contact,operand,sources/decoded-original/0288-FlgNet.xml
1923,r1 scraps gate 2,EV04_Open,Global,read,접점 operand,54,38,23,Contact,operand,sources/decoded-original/0288-FlgNet.xml
1923,r1 scraps gate 2,Inputs.PV-02 EV A OPEN,Global,read,접점 operand,56,39,24,Contact,operand,sources/decoded-original/0288-FlgNet.xml
1923,r1 scraps gate 2,Flag.PV_02_GATE_A_MEM_OPEN,Global,write,코일 operand,59,40,26,SCoil,operand,sources/decoded-original/0288-FlgNet.xml
1923,r1 scraps gate 2,PV-02 GATE A EV,Global,read,접점 operand,60,41,27,Contact,operand,sources/decoded-original/0288-FlgNet.xml
1923,r1 scraps gate 2,Flag.PV_02_GATE_A_MEM_OPEN,Global,write,코일 operand,62,42,28,RCoil,operand,sources/decoded-original/0288-FlgNet.xml
1923,r1 scraps gate 2,PV-02 GATE A EV,Global,read,접점 operand,63,43,29,Contact,operand,sources/decoded-original/0288-FlgNet.xml
1923,r1 scraps gate 2,EV04_Close,Global,read,접점 operand,65,44,30,Contact,operand,sources/decoded-original/0288-FlgNet.xml
1923,r1 scraps gate 2,Inputs.PV-02 EV A CLOSE,Global,read,접점 operand,67,45,31,Contact,operand,sources/decoded-original/0288-FlgNet.xml
1923,r1 scraps gate 2,Flag.PV_02_GATE_A_MEM_CLOSE,Global,write,코일 operand,70,46,33,SCoil,operand,sources/decoded-original/0288-FlgNet.xml
1923,r1 scraps gate 2,PV-02 GATE A EV,Global,read,접점 operand,71,47,34,Contact,operand,sources/decoded-original/0288-FlgNet.xml
1923,r1 scraps gate 2,Flag.PV_02_GATE_A_MEM_CLOSE,Global,write,코일 operand,73,48,35,RCoil,operand,sources/decoded-original/0288-FlgNet.xml
1924,r1 scraps gate 2,ON,Global,read,접점 operand,50,36,21,Contact,operand,sources/decoded-original/0289-FlgNet.xml
1924,r1 scraps gate 2,PV-02 GATE B EV,Global,read,접점 operand,82,83,22,Contact,operand,sources/decoded-original/0289-FlgNet.xml
1924,r1 scraps gate 2,EV05_Open,Global,read,접점 operand,54,38,23,Contact,operand,sources/decoded-original/0289-FlgNet.xml
1924,r1 scraps gate 2,Inputs.PV-02 GATE B OPEN,Global,read,접점 operand,56,39,24,Contact,operand,sources/decoded-original/0289-FlgNet.xml
1924,r1 scraps gate 2,Flag.PV_02_GATE_B_MEM_OPEN,Global,write,코일 operand,59,40,26,SCoil,operand,sources/decoded-original/0289-FlgNet.xml
1924,r1 scraps gate 2,PV-02 GATE B EV,Global,read,접점 operand,85,86,27,Contact,operand,sources/decoded-original/0289-FlgNet.xml
1924,r1 scraps gate 2,Flag.PV_02_GATE_B_MEM_OPEN,Global,write,코일 operand,62,42,28,RCoil,operand,sources/decoded-original/0289-FlgNet.xml
1924,r1 scraps gate 2,PV-02 GATE B EV,Global,read,접점 operand,87,88,29,Contact,operand,sources/decoded-original/0289-FlgNet.xml
1924,r1 scraps gate 2,EV05_Close,Global,read,접점 operand,65,44,30,Contact,operand,sources/decoded-original/0289-FlgNet.xml
1924,r1 scraps gate 2,Inputs.PV-02 GATE B CLOSE,Global,read,접점 operand,67,45,31,Contact,operand,sources/decoded-original/0289-FlgNet.xml
1924,r1 scraps gate 2,Flag.PV_02_GATE_B_MEM_CLOSE,Global,write,코일 operand,70,46,33,SCoil,operand,sources/decoded-original/0289-FlgNet.xml
1924,r1 scraps gate 2,PV-02 GATE B EV,Global,read,접점 operand,90,91,34,Contact,operand,sources/decoded-original/0289-FlgNet.xml
1924,r1 scraps gate 2,Flag.PV_02_GATE_B_MEM_CLOSE,Global,write,코일 operand,73,48,35,RCoil,operand,sources/decoded-original/0289-FlgNet.xml
1925,r1 scraps gate 2,ON,Global,read,접점 operand,44,32,21,Contact,operand,sources/decoded-original/0290-FlgNet.xml
1925,r1 scraps gate 2,PV-03 GATE EV,Global,read,접점 operand,46,33,22,Contact,operand,sources/decoded-original/0290-FlgNet.xml
1925,r1 scraps gate 2,Deviator Open PV-03,Global,read,접점 operand,48,34,23,Contact,operand,sources/decoded-original/0290-FlgNet.xml
1925,r1 scraps gate 2,Inputs.Deviator Open PV-03,Global,read,접점 operand,76,78,77,Contact,operand,sources/decoded-original/0290-FlgNet.xml
1925,r1 scraps gate 2,Flag.M_PV03,Global,read,접점 operand,79,81,80,Contact,operand,sources/decoded-original/0290-FlgNet.xml
1925,r1 scraps gate 2,Flag.PV_03_GATE_MEM_OPEN,Global,write,코일 operand,50,35,24,SCoil,operand,sources/decoded-original/0290-FlgNet.xml
1925,r1 scraps gate 2,PV-03 GATE EV,Global,read,접점 operand,51,36,25,Contact,operand,sources/decoded-original/0290-FlgNet.xml
1925,r1 scraps gate 2,Flag.PV_03_GATE_MEM_OPEN,Global,write,코일 operand,53,37,26,RCoil,operand,sources/decoded-original/0290-FlgNet.xml
1925,r1 scraps gate 2,PV-03 GATE EV,Global,read,접점 operand,54,38,27,Contact,operand,sources/decoded-original/0290-FlgNet.xml
1925,r1 scraps gate 2,Deviator Close PV-03,Global,read,접점 operand,56,39,28,Contact,operand,sources/decoded-original/0290-FlgNet.xml
1925,r1 scraps gate 2,Inputs.Deviator Close PV-03,Global,read,접점 operand,62,64,63,Contact,operand,sources/decoded-original/0290-FlgNet.xml
1925,r1 scraps gate 2,Flag.M_PV03,Global,read,접점 operand,73,74,69,Contact,operand,sources/decoded-original/0290-FlgNet.xml
1925,r1 scraps gate 2,Flag.PV_03_GATE_MEM_CLOSE,Global,write,코일 operand,58,40,29,SCoil,operand,sources/decoded-original/0290-FlgNet.xml
1925,r1 scraps gate 2,PV-03 GATE EV,Global,read,접점 operand,59,41,30,Contact,operand,sources/decoded-original/0290-FlgNet.xml
1925,r1 scraps gate 2,Flag.PV_03_GATE_MEM_CLOSE,Global,write,코일 operand,61,42,31,RCoil,operand,sources/decoded-original/0290-FlgNet.xml
1930,motors 1,ON,Global,read,접점 operand,42,38,47,Contact,operand,sources/decoded-original/0237-FlgNet.xml
1930,motors 1,Flag.Maintenance_ON,Global,read,접점 operand,43,39,49,Contact,operand,sources/decoded-original/0237-FlgNet.xml
1930,motors 1,UNDER TESTING,Global,write,코일 operand,44,40,34,Coil,operand,sources/decoded-original/0237-FlgNet.xml
1930,motors 1,Allarm.Maintenance_ON,Global,write,코일 operand,45,41,36,Coil,operand,sources/decoded-original/0237-FlgNet.xml
1931,motors 1,ON,Global,read,접점 operand,78,67,91,Contact,operand,sources/decoded-original/0238-FlgNet.xml
1931,motors 1,Allarm.LOW_TC03_TEMP,Global,read,접점 operand,80,69,95,Contact,operand,sources/decoded-original/0238-FlgNet.xml
1931,motors 1,Allarm.Oxigen_Fault,Global,read,접점 operand,81,70,97,Contact,operand,sources/decoded-original/0238-FlgNet.xml
1931,motors 1,Allarm.Oxigen_Too_high,Global,read,접점 operand,82,71,99,Contact,operand,sources/decoded-original/0238-FlgNet.xml
1931,motors 1,Flag.STANDBY_ON,Global,read,접점 operand,83,72,101,Contact,operand,sources/decoded-original/0238-FlgNet.xml
1931,motors 1,Allarm.MAX_MAX_TC09,Global,read,접점 operand,84,73,103,Contact,operand,sources/decoded-original/0238-FlgNet.xml
1931,motors 1,Allarm.HYDROGEN_BOX_FAULT,Global,read,접점 operand,85,74,105,Contact,operand,sources/decoded-original/0238-FlgNet.xml
1931,motors 1,R1 Gate ON,Global,read,접점 operand,86,75,107,Contact,operand,sources/decoded-original/0238-FlgNet.xml
1931,motors 1,RD01_Fbk,Global,read,접점 operand,21,23,22,Contact,operand,sources/decoded-original/0238-FlgNet.xml
1931,motors 1,Disable_Load_RD01,Local,write,코일 operand,90,77,66,Coil,operand,sources/decoded-original/0238-FlgNet.xml
1932,motors 1,ON,Global,read,접점 operand,126,114,145,Contact,operand,sources/decoded-original/0239-FlgNet.xml
1932,motors 1,Allarm.BWF01_FAULT,Global,read,접점 operand,127,115,147,Contact,operand,sources/decoded-original/0239-FlgNet.xml
1932,motors 1,Allarm.BWF01_Fault_Control,Global,read,접점 operand,128,116,149,Contact,operand,sources/decoded-original/0239-FlgNet.xml
1932,motors 1,Data.SET_PERC_BWF01,Global,read,비교 입력 핀,129,117,100,Eq,in1,sources/decoded-original/0239-FlgNet.xml
1932,motors 1,Inputs.BWF01 OK,Global,read,접점 operand,21,23,22,Contact,operand,sources/decoded-original/0239-FlgNet.xml
1932,motors 1,Inputs.BC01 run,Global,read,접점 operand,25,27,26,Contact,operand,sources/decoded-original/0239-FlgNet.xml
1932,motors 1,Disable_Load_RD01,Local,read,접점 operand,134,121,155,Contact,operand,sources/decoded-original/0239-FlgNet.xml
1932,motors 1,Flag.M_BWF01,Global,write,코일 operand,140,123,109,RCoil,operand,sources/decoded-original/0239-FlgNet.xml
1932,motors 1,Flag.M_BWF01,Global,read,접점 operand,141,124,159,Contact,operand,sources/decoded-original/0239-FlgNet.xml
1932,motors 1,Consent Start BWF01,Global,write,코일 operand,143,125,113,Coil,operand,sources/decoded-original/0239-FlgNet.xml
1933,motors 1,ON,Global,read,접점 operand,164,152,183,Contact,operand,sources/decoded-original/0240-FlgNet.xml
1933,motors 1,Allarm.BWF02_FAULT,Global,read,접점 operand,165,153,185,Contact,operand,sources/decoded-original/0240-FlgNet.xml
1933,motors 1,Allarm.BWF02_Fault_Control,Global,read,접점 operand,166,154,187,Contact,operand,sources/decoded-original/0240-FlgNet.xml
1933,motors 1,Data.SET_PERC_BWF02,Global,read,비교 입력 핀,167,155,138,Eq,in1,sources/decoded-original/0240-FlgNet.xml
1933,motors 1,Inputs.BWF02 OK,Global,read,접점 operand,21,23,22,Contact,operand,sources/decoded-original/0240-FlgNet.xml
1933,motors 1,Inputs.BC01 run,Global,read,접점 operand,25,27,26,Contact,operand,sources/decoded-original/0240-FlgNet.xml
1933,motors 1,Disable_Load_RD01,Local,read,접점 operand,172,159,193,Contact,operand,sources/decoded-original/0240-FlgNet.xml
1933,motors 1,Flag.M_BWF02,Global,write,코일 operand,178,161,147,RCoil,operand,sources/decoded-original/0240-FlgNet.xml
1933,motors 1,Flag.M_BWF02,Global,read,접점 operand,179,162,197,Contact,operand,sources/decoded-original/0240-FlgNet.xml
1933,motors 1,Consent Start BWF02,Global,write,코일 operand,181,163,151,Coil,operand,sources/decoded-original/0240-FlgNet.xml
1934,motors 1,OFF,Global,read,접점 operand,182,174,193,Contact,operand,sources/decoded-original/0241-FlgNet.xml
1934,motors 1,Flag.M_BWF01,Global,read,접점 operand,183,175,195,Contact,operand,sources/decoded-original/0241-FlgNet.xml
1934,motors 1,Flag.M_BWF02,Global,read,접점 operand,184,176,197,Contact,operand,sources/decoded-original/0241-FlgNet.xml
1934,motors 1,Tag_114,Global,write,코일 operand,187,178,164,SdCoil,operand,sources/decoded-original/0241-FlgNet.xml
1934,motors 1,Tag_114,Global,read,접점 operand,188,179,199,Contact,operand,sources/decoded-original/0241-FlgNet.xml
1934,motors 1,Flag.M_BWF01,Global,write,코일 operand,189,180,170,RCoil,operand,sources/decoded-original/0241-FlgNet.xml
1934,motors 1,Flag.M_BWF02,Global,write,코일 operand,190,181,172,RCoil,operand,sources/decoded-original/0241-FlgNet.xml
1934,motors 1,ON,Global,read,접점 operand,209,207,206,Contact,operand,sources/decoded-original/0241-FlgNet.xml
1934,motors 1,Flag.M_BWF01,Global,read,접점 operand,26,28,27,Contact,operand,sources/decoded-original/0241-FlgNet.xml
1934,motors 1,Flag.M_BWF02,Global,read,접점 operand,235,233,232,Contact,operand,sources/decoded-original/0241-FlgNet.xml
1934,motors 1,Inputs.RD01 run,Global,read,접점 operand,205,203,202,Contact,operand,sources/decoded-original/0241-FlgNet.xml
1934,motors 1,Inputs.BC01 run,Global,read,접점 operand,227,225,224,Contact,operand,sources/decoded-original/0241-FlgNet.xml
1934,motors 1,Flag.M_BWF02,Global,write,코일 operand,231,229,228,RCoil,operand,sources/decoded-original/0241-FlgNet.xml
1934,motors 1,Flag.M_BWF01,Global,write,코일 operand,215,212,210,RCoil,operand,sources/decoded-original/0241-FlgNet.xml
1935,motors 1,ON,Global,read,접점 operand,212,203,227,Contact,operand,sources/decoded-original/0242-FlgNet.xml
1935,motors 1,Allarm.BC_01_FAULT,Global,read,접점 operand,213,204,229,Contact,operand,sources/decoded-original/0242-FlgNet.xml
1935,motors 1,Allarm.BC01_INV,Global,read,접점 operand,21,23,22,Contact,operand,sources/decoded-original/0242-FlgNet.xml
1935,motors 1,Allarm.BC_01_FC,Global,read,접점 operand,215,206,233,Contact,operand,sources/decoded-original/0242-FlgNet.xml
1935,motors 1,UNDER TESTING,Global,read,접점 operand,218,208,237,Contact,operand,sources/decoded-original/0242-FlgNet.xml
1935,motors 1,Flag.M_BC_01,Global,write,코일 operand,222,209,198,RCoil,operand,sources/decoded-original/0242-FlgNet.xml
1935,motors 1,Flag.M_BC_01,Global,read,접점 operand,223,210,239,Contact,operand,sources/decoded-original/0242-FlgNet.xml
1935,motors 1,Flag.R1_GATE_LOOP_ON,Global,read,접점 operand,36,37,242,Contact,operand,sources/decoded-original/0242-FlgNet.xml
1935,motors 1,MemoCMD_BC01_Startup,Global,read,접점 operand,40,42,41,Contact,operand,sources/decoded-original/0242-FlgNet.xml
1935,motors 1,Flag.Maintenance_ON,Global,read,접점 operand,25,27,26,Contact,operand,sources/decoded-original/0242-FlgNet.xml
1935,motors 1,Start BC01,Global,write,코일 operand,225,211,202,Coil,operand,sources/decoded-original/0242-FlgNet.xml
1936,motors 1,ON,Global,read,접점 operand,252,241,270,Contact,operand,sources/decoded-original/0243-FlgNet.xml
1936,motors 1,Allarm.RD_01_FAULT,Global,read,접점 operand,253,242,272,Contact,operand,sources/decoded-original/0243-FlgNet.xml
1936,motors 1,Allarm.RD01_INV,Global,read,접점 operand,21,23,22,Contact,operand,sources/decoded-original/0243-FlgNet.xml
1936,motors 1,Data.SET_PERC_FR01,Global,read,비교 입력 핀,254,243,227,Eq,in1,sources/decoded-original/0243-FlgNet.xml
1936,motors 1,Inputs.fan RD01 run,Global,read,접점 operand,25,27,26,Contact,operand,sources/decoded-original/0243-FlgNet.xml
1936,motors 1,Flag.R2_GATE_LOOP_ON,Global,read,접점 operand,260,247,278,Contact,operand,sources/decoded-original/0243-FlgNet.xml
1936,motors 1,Flag.STANDBY_ON,Global,read,접점 operand,261,248,280,Contact,operand,sources/decoded-original/0243-FlgNet.xml
1936,motors 1,UNDER TESTING,Global,read,접점 operand,34,36,35,Contact,operand,sources/decoded-original/0243-FlgNet.xml
1936,motors 1,Flag.M_RD_01,Global,write,코일 operand,265,249,236,RCoil,operand,sources/decoded-original/0243-FlgNet.xml
1936,motors 1,Flag.M_RD_01,Global,read,접점 operand,266,250,282,Contact,operand,sources/decoded-original/0243-FlgNet.xml
1936,motors 1,Start RD01,Global,write,코일 operand,268,251,240,Coil,operand,sources/decoded-original/0243-FlgNet.xml
1937,motors 1,Data.EV_03_W,Global,pending,호출 방향·미분류 핀 확인 필요,37,38,36,CRef,KF,sources/decoded-original/0275-FlgNet.xml
1937,motors 1,Data.EVFR01_Work_time,Global,write,식별 원본 AK=Write · 호출 방향/인터페이스 추가 확인,42,43,36,CRef,KT,sources/decoded-original/0275-FlgNet.xml
1937,motors 1,Data.EV_03P,Global,pending,호출 방향·미분류 핀 확인 필요,46,47,45,CRef,KF,sources/decoded-original/0275-FlgNet.xml
1937,motors 1,Data.EVFR01_Wait_time,Global,write,식별 원본 AK=Write · 호출 방향/인터페이스 추가 확인,51,52,45,CRef,KT,sources/decoded-original/0275-FlgNet.xml
1938,motors 1,ON,Global,read,접점 operand,280,269,295,Contact,operand,sources/decoded-original/0244-FlgNet.xml
1938,motors 1,Start RD01,Global,read,접점 operand,281,270,297,Contact,operand,sources/decoded-original/0244-FlgNet.xml
1938,motors 1,Tag_115,Global,read,접점 operand,283,272,299,Contact,operand,sources/decoded-original/0244-FlgNet.xml
1938,motors 1,Data.EVFR01_Work_time,Global,read,타이머 설정 value,282,271,257,SdCoil,value,sources/decoded-original/0244-FlgNet.xml
1938,motors 1,Tag_116,Global,write,코일 operand,285,273,257,SdCoil,operand,sources/decoded-original/0244-FlgNet.xml
1938,motors 1,Tag_116,Global,read,접점 operand,287,275,301,Contact,operand,sources/decoded-original/0244-FlgNet.xml
1938,motors 1,Data.EVFR01_Wait_time,Global,read,타이머 설정 value,286,274,262,SdCoil,value,sources/decoded-original/0244-FlgNet.xml
1938,motors 1,Tag_115,Global,write,코일 operand,289,276,262,SdCoil,operand,sources/decoded-original/0244-FlgNet.xml
1938,motors 1,Tag_116,Global,read,접점 operand,290,277,303,Contact,operand,sources/decoded-original/0244-FlgNet.xml
1938,motors 1,ON,Global,read,접점 operand,291,278,305,Contact,operand,sources/decoded-original/0244-FlgNet.xml
1938,motors 1,EV03,Global,write,코일 operand,293,279,268,Coil,operand,sources/decoded-original/0244-FlgNet.xml
1939,motors 1,ON,Global,read,접점 operand,295,288,307,Contact,operand,sources/decoded-original/0245-FlgNet.xml
1939,motors 1,Allarm.RD_01_FAN_FAULT,Global,read,접점 operand,296,289,309,Contact,operand,sources/decoded-original/0245-FlgNet.xml
1939,motors 1,Flag.R2_GATE_LOOP_ON,Global,read,접점 operand,297,290,311,Contact,operand,sources/decoded-original/0245-FlgNet.xml
1939,motors 1,Flag.STANDBY_ON,Global,read,접점 operand,298,291,313,Contact,operand,sources/decoded-original/0245-FlgNet.xml
1939,motors 1,UNDER TESTING,Global,read,접점 operand,321,319,318,Contact,operand,sources/decoded-original/0245-FlgNet.xml
1939,motors 1,Flag.M_RD_01_FAN,Global,write,코일 operand,302,292,283,RCoil,operand,sources/decoded-original/0245-FlgNet.xml
1939,motors 1,Flag.M_RD_01_FAN,Global,read,접점 operand,303,293,315,Contact,operand,sources/decoded-original/0245-FlgNet.xml
1939,motors 1,Start fan RD01,Global,write,코일 operand,305,294,287,Coil,operand,sources/decoded-original/0245-FlgNet.xml
1940,motors 1,ON,Global,read,접점 operand,328,319,343,Contact,operand,sources/decoded-original/0246-FlgNet.xml
1940,motors 1,Allarm.MC_03_FAULT,Global,read,접점 operand,329,320,345,Contact,operand,sources/decoded-original/0246-FlgNet.xml
1940,motors 1,Inputs.MC04 run,Global,read,접점 operand,330,321,347,Contact,operand,sources/decoded-original/0246-FlgNet.xml
1940,motors 1,Flag.STANDBY_ON,Global,read,접점 operand,331,322,349,Contact,operand,sources/decoded-original/0246-FlgNet.xml
1940,motors 1,Allarm.MC_03_TORQUE,Global,read,접점 operand,333,323,351,Contact,operand,sources/decoded-original/0246-FlgNet.xml
1940,motors 1,UNDER TESTING,Global,read,접점 operand,334,324,353,Contact,operand,sources/decoded-original/0246-FlgNet.xml
1940,motors 1,Flag.M_MC_03,Global,write,코일 operand,338,325,314,RCoil,operand,sources/decoded-original/0246-FlgNet.xml
1940,motors 1,Flag.M_MC_03,Global,read,접점 operand,339,326,355,Contact,operand,sources/decoded-original/0246-FlgNet.xml
1940,motors 1,Start Spare Motor,Global,write,코일 operand,341,327,318,Coil,operand,sources/decoded-original/0246-FlgNet.xml
1941,motors 1,ON,Global,read,접점 operand,353,345,367,Contact,operand,sources/decoded-original/0247-FlgNet.xml
1941,motors 1,Allarm.MC_04_FAULT,Global,read,접점 operand,354,346,369,Contact,operand,sources/decoded-original/0247-FlgNet.xml
1941,motors 1,Allarm.MC04_INV,Global,read,접점 operand,21,23,22,Contact,operand,sources/decoded-original/0247-FlgNet.xml
1941,motors 1,Inputs.VS01 run,Global,read,접점 operand,25,27,26,Contact,operand,sources/decoded-original/0247-FlgNet.xml
1941,motors 1,Allarm.Maintenance_ON,Global,read,접점 operand,383,381,380,Contact,operand,sources/decoded-original/0247-FlgNet.xml
1941,motors 1,Flag.M_MC_04,Global,write,코일 operand,362,350,340,RCoil,operand,sources/decoded-original/0247-FlgNet.xml
1941,motors 1,Flag.M_MC_04,Global,read,접점 operand,363,351,377,Contact,operand,sources/decoded-original/0247-FlgNet.xml
1941,motors 1,Start MC04,Global,write,코일 operand,365,352,344,Coil,operand,sources/decoded-original/0247-FlgNet.xml
1943,motors 1,ON,Global,read,접점 operand,387,382,395,Contact,operand,sources/decoded-original/0248-FlgNet.xml
1943,motors 1,Allarm.VS_01_FAULT,Global,read,접점 operand,388,383,397,Contact,operand,sources/decoded-original/0248-FlgNet.xml
1943,motors 1,Allarm.VS01_INV,Global,read,접점 operand,21,23,22,Contact,operand,sources/decoded-original/0248-FlgNet.xml
1943,motors 1,Flag.M_VS_01,Global,write,코일 operand,390,384,377,RCoil,operand,sources/decoded-original/0248-FlgNet.xml
1943,motors 1,Flag.M_VS_01,Global,read,접점 operand,391,385,399,Contact,operand,sources/decoded-original/0248-FlgNet.xml
1943,motors 1,Start VS01,Global,write,코일 operand,393,386,381,Coil,operand,sources/decoded-original/0248-FlgNet.xml
1944,motors 1,OFF,Global,read,접점 operand,459,445,479,Contact,operand,sources/decoded-original/0249-FlgNet.xml
1944,motors 1,Flag.M_VS_01,Global,read,접점 operand,460,446,481,Contact,operand,sources/decoded-original/0249-FlgNet.xml
1944,motors 1,Inputs.VS01 run,Global,read,접점 operand,461,447,483,Contact,operand,sources/decoded-original/0249-FlgNet.xml
1944,motors 1,Allarm.VS_01_FAULT,Global,read,접점 operand,462,448,485,Contact,operand,sources/decoded-original/0249-FlgNet.xml
1944,motors 1,Start VS01 BRAKE,Global,write,코일 operand,464,449,425,SCoil,operand,sources/decoded-original/0249-FlgNet.xml
1944,motors 1,Flag.M_VS_01,Global,read,접점 operand,465,450,487,Contact,operand,sources/decoded-original/0249-FlgNet.xml
1944,motors 1,Allarm.VS_01_FAULT,Global,read,접점 operand,466,451,489,Contact,operand,sources/decoded-original/0249-FlgNet.xml
1944,motors 1,Allarm.VS01_INV,Global,read,접점 operand,21,23,22,Contact,operand,sources/decoded-original/0249-FlgNet.xml
1944,motors 1,Start VS01 BRAKE,Global,write,코일 operand,469,452,431,RCoil,operand,sources/decoded-original/0249-FlgNet.xml
1944,motors 1,Inputs.VS01 run,Global,read,접점 operand,470,453,491,Contact,operand,sources/decoded-original/0249-FlgNet.xml
1944,motors 1,Start VS01 BRAKE,Global,read,접점 operand,471,454,493,Contact,operand,sources/decoded-original/0249-FlgNet.xml
1944,motors 1,Tag_117,Global,write,코일 operand,473,456,439,SdCoil,operand,sources/decoded-original/0249-FlgNet.xml
1944,motors 1,Tag_117,Global,read,접점 operand,474,457,495,Contact,operand,sources/decoded-original/0249-FlgNet.xml
1944,motors 1,Braking VS01,Global,write,코일 operand,476,458,444,Coil,operand,sources/decoded-original/0249-FlgNet.xml
1947,motors 1,Data.PV04,Global,pending,호출 방향·미분류 핀 확인 필요,31,32,29,CRef,KF,sources/decoded-original/0013-FlgNet.xml
1947,motors 1,Data.PV04_Clean_Delay,Global,write,식별 원본 AK=Write · 호출 방향/인터페이스 추가 확인,35,36,29,CRef,KT,sources/decoded-original/0013-FlgNet.xml
1948,motors 1,ON,Global,read,접점 operand,604,597,616,Contact,operand,sources/decoded-original/0250-FlgNet.xml
1948,motors 1,Allarm.FN_02_FAULT,Global,read,접점 operand,605,598,618,Contact,operand,sources/decoded-original/0250-FlgNet.xml
1948,motors 1,Allarm.FN02_INV,Global,read,접점 operand,21,23,22,Contact,operand,sources/decoded-original/0250-FlgNet.xml
1948,motors 1,Data.Set_Perc_VT02,Global,read,비교 입력 핀,606,599,589,Eq,in1,sources/decoded-original/0250-FlgNet.xml
1948,motors 1,Flag.M_FN_02,Global,write,코일 operand,611,601,592,RCoil,operand,sources/decoded-original/0250-FlgNet.xml
1948,motors 1,Flag.M_FN_02,Global,read,접점 operand,612,602,620,Contact,operand,sources/decoded-original/0250-FlgNet.xml
1948,motors 1,Start FN02,Global,write,코일 operand,614,603,596,Coil,operand,sources/decoded-original/0250-FlgNet.xml
1949,motors 1,ON,Global,read,접점 operand,614,609,622,Contact,operand,sources/decoded-original/0251-FlgNet.xml
1949,motors 1,Allarm.VR_01_FAULT,Global,read,접점 operand,615,610,624,Contact,operand,sources/decoded-original/0251-FlgNet.xml
1949,motors 1,Flag.M_VR_01,Global,write,코일 operand,617,611,604,RCoil,operand,sources/decoded-original/0251-FlgNet.xml
1949,motors 1,Flag.M_VR_01,Global,read,접점 operand,618,612,626,Contact,operand,sources/decoded-original/0251-FlgNet.xml
1949,motors 1,Start VR01,Global,write,코일 operand,620,613,608,Coil,operand,sources/decoded-original/0251-FlgNet.xml
1950,motors 1,ON,Global,read,접점 operand,674,662,691,Contact,operand,sources/decoded-original/0252-FlgNet.xml
1950,motors 1,Allarm.MAX_TC04_TEMP,Global,read,접점 operand,675,663,693,Contact,operand,sources/decoded-original/0252-FlgNet.xml
1950,motors 1,Allarm.MAX_TC05_TEMP,Global,read,접점 operand,676,664,695,Contact,operand,sources/decoded-original/0252-FlgNet.xml
1950,motors 1,Allarm.ZT01_FN01_Vibration,Global,read,접점 operand,677,665,697,Contact,operand,sources/decoded-original/0252-FlgNet.xml
1950,motors 1,Inputs.FN01 Run,Global,read,접점 operand,678,666,699,Contact,operand,sources/decoded-original/0252-FlgNet.xml
1950,motors 1,Inputs.VR-01 RUN,Global,read,접점 operand,679,667,701,Contact,operand,sources/decoded-original/0252-FlgNet.xml
1950,motors 1,Inputs.VR02 Run,Global,read,접점 operand,680,668,703,Contact,operand,sources/decoded-original/0252-FlgNet.xml
1950,motors 1,Allarm.Prealarms_FN01,Global,write,코일 operand,684,669,653,Coil,operand,sources/decoded-original/0252-FlgNet.xml
1950,motors 1,Tag_122,Global,write,코일 operand,686,671,656,SdCoil,operand,sources/decoded-original/0252-FlgNet.xml
1950,motors 1,Tag_122,Global,read,접점 operand,687,672,705,Contact,operand,sources/decoded-original/0252-FlgNet.xml
1950,motors 1,Stop_Fan_FN01,Local,write,코일 operand,689,673,661,Coil,operand,sources/decoded-original/0252-FlgNet.xml
1951,motors 1,ON,Global,read,접점 operand,700,690,716,Contact,operand,sources/decoded-original/0253-FlgNet.xml
1951,motors 1,Allarm.FN_01_FAULT,Global,read,접점 operand,701,691,718,Contact,operand,sources/decoded-original/0253-FlgNet.xml
1951,motors 1,Allarm.FN01_INV,Global,read,접점 operand,21,23,22,Contact,operand,sources/decoded-original/0253-FlgNet.xml
1951,motors 1,Data.SET_PERC_VT01,Global,read,비교 입력 핀,702,692,678,Eq,in1,sources/decoded-original/0253-FlgNet.xml
1951,motors 1,Stop_Fan_FN01,Local,read,접점 operand,705,694,720,Contact,operand,sources/decoded-original/0253-FlgNet.xml
1951,motors 1,Allarm.HYDROGEN_BOX_FAULT,Global,read,접점 operand,706,695,722,Contact,operand,sources/decoded-original/0253-FlgNet.xml
1951,motors 1,UNDER TESTING,Global,read,접점 operand,707,696,724,Contact,operand,sources/decoded-original/0253-FlgNet.xml
1951,motors 1,Flag.M_FN_01,Global,write,코일 operand,711,697,685,RCoil,operand,sources/decoded-original/0253-FlgNet.xml
1951,motors 1,Flag.M_FN_01,Global,read,접점 operand,712,698,726,Contact,operand,sources/decoded-original/0253-FlgNet.xml
1951,motors 1,Start FN01,Global,write,코일 operand,714,699,689,Coil,operand,sources/decoded-original/0253-FlgNet.xml
1952,motors 1,ON,Global,read,접점 operand,703,698,711,Contact,operand,sources/decoded-original/0254-FlgNet.xml
1952,motors 1,Allarm.VR_02_FAULT,Global,read,접점 operand,704,699,713,Contact,operand,sources/decoded-original/0254-FlgNet.xml
1952,motors 1,Flag.M_VR_02,Global,write,코일 operand,706,700,693,RCoil,operand,sources/decoded-original/0254-FlgNet.xml
1952,motors 1,Flag.M_VR_02,Global,read,접점 operand,707,701,715,Contact,operand,sources/decoded-original/0254-FlgNet.xml
1952,motors 1,Start VR02,Global,write,코일 operand,709,702,697,Coil,operand,sources/decoded-original/0254-FlgNet.xml
1953,motors 1,ON,Global,read,접점 operand,754,745,767,Contact,operand,sources/decoded-original/0255-FlgNet.xml
1953,motors 1,ServiceBit,Global,read,접점 operand,22,24,23,Contact,operand,sources/decoded-original/0255-FlgNet.xml
1953,motors 1,Allarm.CH_01_FAULT,Global,read,접점 operand,755,746,769,Contact,operand,sources/decoded-original/0255-FlgNet.xml
1953,motors 1,Flag.M_CH_01,Global,write,코일 operand,757,747,729,RCoil,operand,sources/decoded-original/0255-FlgNet.xml
1953,motors 1,Flag.M_CH_01,Global,read,접점 operand,758,748,771,Contact,operand,sources/decoded-original/0255-FlgNet.xml
1953,motors 1,Start CH01,Global,write,코일 operand,759,749,736,Coil,operand,sources/decoded-original/0255-FlgNet.xml
1953,motors 1,Tag_123,Global,write,코일 operand,761,751,739,SdCoil,operand,sources/decoded-original/0255-FlgNet.xml
1953,motors 1,Tag_123,Global,read,접점 operand,762,752,773,Contact,operand,sources/decoded-original/0255-FlgNet.xml
1953,motors 1,Enable start chiller,Global,write,코일 operand,764,753,744,Coil,operand,sources/decoded-original/0255-FlgNet.xml
1954,motors 1,ON,Global,read,접점 operand,755,750,763,Contact,operand,sources/decoded-original/0256-FlgNet.xml
1954,motors 1,Allarm.FN_03_FAULT,Global,read,접점 operand,756,751,765,Contact,operand,sources/decoded-original/0256-FlgNet.xml
1954,motors 1,Allarm.FN03_INV,Global,read,접점 operand,21,23,22,Contact,operand,sources/decoded-original/0256-FlgNet.xml
1954,motors 1,Flag.M_FN_03,Global,write,코일 operand,758,752,745,RCoil,operand,sources/decoded-original/0256-FlgNet.xml
1954,motors 1,Flag.M_FN_03,Global,read,접점 operand,759,753,767,Contact,operand,sources/decoded-original/0256-FlgNet.xml
1954,motors 1,Start FN03,Global,write,코일 operand,761,754,749,Coil,operand,sources/decoded-original/0256-FlgNet.xml
1955,motors 1,ON,Global,read,접점 operand,784,777,796,Contact,operand,sources/decoded-original/0257-FlgNet.xml
1955,motors 1,Allarm.MBVA01_FAULT,Global,read,접점 operand,785,778,798,Contact,operand,sources/decoded-original/0257-FlgNet.xml
1955,motors 1,Inputs.RD01 run,Global,read,접점 operand,21,23,22,Contact,operand,sources/decoded-original/0257-FlgNet.xml
1955,motors 1,UNDER TESTING,Global,read,접점 operand,787,780,802,Contact,operand,sources/decoded-original/0257-FlgNet.xml
1955,motors 1,Flag.M_FN_06,Global,write,코일 operand,791,781,772,RCoil,operand,sources/decoded-original/0257-FlgNet.xml
1955,motors 1,Flag.M_FN_06,Global,read,접점 operand,792,782,804,Contact,operand,sources/decoded-original/0257-FlgNet.xml
1955,motors 1,Start FN06,Global,write,코일 operand,794,783,776,Coil,operand,sources/decoded-original/0257-FlgNet.xml
1956,motors 1,ON,Global,read,접점 operand,807,800,819,Contact,operand,sources/decoded-original/0258-FlgNet.xml
1956,motors 1,Allarm.SC_01_FAULT,Global,read,접점 operand,808,801,821,Contact,operand,sources/decoded-original/0258-FlgNet.xml
1956,motors 1,Inputs.VR03 Run,Global,read,접점 operand,21,23,22,Contact,operand,sources/decoded-original/0258-FlgNet.xml
1956,motors 1,UNDER TESTING,Global,read,접점 operand,810,803,825,Contact,operand,sources/decoded-original/0258-FlgNet.xml
1956,motors 1,Flag.M_SC_01,Global,write,코일 operand,814,804,795,RCoil,operand,sources/decoded-original/0258-FlgNet.xml
1956,motors 1,Flag.M_SC_01,Global,read,접점 operand,815,805,827,Contact,operand,sources/decoded-original/0258-FlgNet.xml
1956,motors 1,Start SC01,Global,write,코일 operand,817,806,799,Coil,operand,sources/decoded-original/0258-FlgNet.xml
1958,motors 1,ON,Global,read,접점 operand,850,842,863,Contact,operand,sources/decoded-original/0259-FlgNet.xml
1958,motors 1,Allarm.LD_01_FAULT,Global,read,접점 operand,851,843,865,Contact,operand,sources/decoded-original/0259-FlgNet.xml
1958,motors 1,Inputs.VR-06 RUN,Global,read,접점 operand,21,23,22,Contact,operand,sources/decoded-original/0259-FlgNet.xml
1958,motors 1,UNDER TESTING,Global,read,접점 operand,853,845,869,Contact,operand,sources/decoded-original/0259-FlgNet.xml
1958,motors 1,Flag.M_LD_01,Global,write,코일 operand,857,846,836,RCoil,operand,sources/decoded-original/0259-FlgNet.xml
1958,motors 1,Flag.M_LD_01,Global,read,접점 operand,858,847,871,Contact,operand,sources/decoded-original/0259-FlgNet.xml
1958,motors 1,Inputs.LD-01 Inspection LS,Global,read,접점 operand,859,848,873,Contact,operand,sources/decoded-original/0259-FlgNet.xml
1958,motors 1,Start LD01,Global,write,코일 operand,861,849,841,Coil,operand,sources/decoded-original/0259-FlgNet.xml
1959,motors 1,Data.LD01_W,Global,pending,호출 방향·미분류 핀 확인 필요,37,38,36,CRef,KF,sources/decoded-original/0274-FlgNet.xml
1959,motors 1,Data.LD_01V_WorkTime,Global,write,식별 원본 AK=Write · 호출 방향/인터페이스 추가 확인,42,43,36,CRef,KT,sources/decoded-original/0274-FlgNet.xml
1959,motors 1,Data.LD01_P,Global,pending,호출 방향·미분류 핀 확인 필요,50,46,44,CRef,KF,sources/decoded-original/0274-FlgNet.xml
1959,motors 1,Data.LD_01V_PauseTime,Global,write,식별 원본 AK=Write · 호출 방향/인터페이스 추가 확인,52,48,44,CRef,KT,sources/decoded-original/0274-FlgNet.xml
1960,motors 1,ON,Global,read,접점 operand,882,872,896,Contact,operand,sources/decoded-original/0260-FlgNet.xml
1960,motors 1,Inputs.FEEDBACKMOTOR LD-01,Global,read,접점 operand,22,24,23,Contact,operand,sources/decoded-original/0260-FlgNet.xml
1960,motors 1,Tag_124,Global,read,접점 operand,885,875,900,Contact,operand,sources/decoded-original/0260-FlgNet.xml
1960,motors 1,Data.LD_01V_WorkTime,Global,read,타이머 설정 value,884,874,861,SdCoil,value,sources/decoded-original/0260-FlgNet.xml
1960,motors 1,Tag_125,Global,write,코일 operand,887,876,861,SdCoil,operand,sources/decoded-original/0260-FlgNet.xml
1960,motors 1,Tag_125,Global,read,접점 operand,889,878,902,Contact,operand,sources/decoded-original/0260-FlgNet.xml
1960,motors 1,Data.LD_01V_PauseTime,Global,read,타이머 설정 value,888,877,866,SdCoil,value,sources/decoded-original/0260-FlgNet.xml
1960,motors 1,Tag_124,Global,write,코일 operand,891,879,866,SdCoil,operand,sources/decoded-original/0260-FlgNet.xml
1960,motors 1,Tag_125,Global,read,접점 operand,892,880,904,Contact,operand,sources/decoded-original/0260-FlgNet.xml
1960,motors 1,Start_LD01Vib,Local,write,코일 operand,894,881,871,Coil,operand,sources/decoded-original/0260-FlgNet.xml
1961,motors 1,ON,Global,read,접점 operand,910,901,925,Contact,operand,sources/decoded-original/0261-FlgNet.xml
1961,motors 1,Allarm.LD_01_VIB_FAULT,Global,read,접점 operand,911,902,927,Contact,operand,sources/decoded-original/0261-FlgNet.xml
1961,motors 1,Inputs.VR-06 RUN,Global,read,접점 operand,21,23,22,Contact,operand,sources/decoded-original/0261-FlgNet.xml
1961,motors 1,UNDER TESTING,Global,read,접점 operand,912,903,929,Contact,operand,sources/decoded-original/0261-FlgNet.xml
1961,motors 1,Flag.M_LD_01_VIB,Global,write,코일 operand,915,904,891,RCoil,operand,sources/decoded-original/0261-FlgNet.xml
1961,motors 1,Flag.M_LD_01_VIB,Global,read,접점 operand,916,905,931,Contact,operand,sources/decoded-original/0261-FlgNet.xml
1961,motors 1,Allarm.LD_01_VIB_FAULT,Global,read,접점 operand,917,906,933,Contact,operand,sources/decoded-original/0261-FlgNet.xml
1961,motors 1,Start_LD01Vib,Local,read,접점 operand,918,907,935,Contact,operand,sources/decoded-original/0261-FlgNet.xml
1961,motors 1,Inputs.LD-01 Local Button,Global,read,접점 operand,30,32,31,Contact,operand,sources/decoded-original/0261-FlgNet.xml
1961,motors 1,Start Vibrator LD-01,Global,write,코일 operand,923,909,900,Coil,operand,sources/decoded-original/0261-FlgNet.xml
1962,motors 1,ON,Global,read,접점 operand,928,921,940,Contact,operand,sources/decoded-original/0262-FlgNet.xml
1962,motors 1,Allarm.SC_10_FAULT,Global,read,접점 operand,929,922,942,Contact,operand,sources/decoded-original/0262-FlgNet.xml
1962,motors 1,Inputs.VR04 Run,Global,read,접점 operand,21,23,22,Contact,operand,sources/decoded-original/0262-FlgNet.xml
1962,motors 1,UNDER TESTING,Global,read,접점 operand,931,924,946,Contact,operand,sources/decoded-original/0262-FlgNet.xml
1962,motors 1,Flag.M_SC_10,Global,write,코일 operand,935,925,916,RCoil,operand,sources/decoded-original/0262-FlgNet.xml
1962,motors 1,Flag.M_SC_10,Global,read,접점 operand,936,926,948,Contact,operand,sources/decoded-original/0262-FlgNet.xml
1962,motors 1,Start SC10,Global,write,코일 operand,938,927,920,Coil,operand,sources/decoded-original/0262-FlgNet.xml
1963,motors 1,ON,Global,read,접점 operand,951,944,963,Contact,operand,sources/decoded-original/0263-FlgNet.xml
1963,motors 1,Allarm.SC_11_FAULT,Global,read,접점 operand,952,945,965,Contact,operand,sources/decoded-original/0263-FlgNet.xml
1963,motors 1,Inputs.VR05 Run,Global,read,접점 operand,21,23,22,Contact,operand,sources/decoded-original/0263-FlgNet.xml
1963,motors 1,UNDER TESTING,Global,read,접점 operand,954,947,969,Contact,operand,sources/decoded-original/0263-FlgNet.xml
1963,motors 1,Flag.M_SC_11,Global,write,코일 operand,958,948,939,RCoil,operand,sources/decoded-original/0263-FlgNet.xml
1963,motors 1,Flag.M_SC_11,Global,read,접점 operand,959,949,971,Contact,operand,sources/decoded-original/0263-FlgNet.xml
1963,motors 1,Start SC11,Global,write,코일 operand,961,950,943,Coil,operand,sources/decoded-original/0263-FlgNet.xml
1964,motors 1,ON,Global,read,접점 operand,1004,991,1020,Contact,operand,sources/decoded-original/0264-FlgNet.xml
1964,motors 1,Inputs.FN04 Run,Global,read,접점 operand,1005,992,1022,Contact,operand,sources/decoded-original/0264-FlgNet.xml
1964,motors 1,Inputs.FEEDBACKMOTOR SC-01,Global,read,접점 operand,1006,993,1024,Contact,operand,sources/decoded-original/0264-FlgNet.xml
1964,motors 1,Inputs.VR03 Run,Global,read,접점 operand,1007,994,1026,Contact,operand,sources/decoded-original/0264-FlgNet.xml
1964,motors 1,Inputs.FEEDBACKMOTOR SC-10,Global,read,접점 operand,1008,995,1028,Contact,operand,sources/decoded-original/0264-FlgNet.xml
1964,motors 1,Inputs.VR04 Run,Global,read,접점 operand,1009,996,1030,Contact,operand,sources/decoded-original/0264-FlgNet.xml
1964,motors 1,Inputs.FEEDBACKMOTOR SC-11,Global,read,접점 operand,1010,997,1032,Contact,operand,sources/decoded-original/0264-FlgNet.xml
1964,motors 1,Inputs.VR05 Run,Global,read,접점 operand,1011,998,1034,Contact,operand,sources/decoded-original/0264-FlgNet.xml
1964,motors 1,Allarm.Prealarms_FN04,Global,write,코일 operand,1013,999,982,Coil,operand,sources/decoded-original/0264-FlgNet.xml
1964,motors 1,Tag_126,Global,write,코일 operand,1015,1001,985,SdCoil,operand,sources/decoded-original/0264-FlgNet.xml
1964,motors 1,Tag_126,Global,read,접점 operand,1016,1002,1036,Contact,operand,sources/decoded-original/0264-FlgNet.xml
1964,motors 1,Stop_Fan_FN04,Local,write,코일 operand,1018,1003,990,Coil,operand,sources/decoded-original/0264-FlgNet.xml
1965,motors 1,ON,Global,read,접점 operand,1024,1015,1038,Contact,operand,sources/decoded-original/0265-FlgNet.xml
1965,motors 1,Allarm.FN_04_FAULT,Global,read,접점 operand,1025,1016,1040,Contact,operand,sources/decoded-original/0265-FlgNet.xml
1965,motors 1,Allarm.FN04_INV,Global,read,접점 operand,21,23,22,Contact,operand,sources/decoded-original/0265-FlgNet.xml
1965,motors 1,Data.SET_PERC_FN04,Global,read,비교 입력 핀,1026,1017,1005,Eq,in1,sources/decoded-original/0265-FlgNet.xml
1965,motors 1,Stop_Fan_FN04,Local,read,접점 operand,1029,1019,1042,Contact,operand,sources/decoded-original/0265-FlgNet.xml
1965,motors 1,Allarm.MAX_MAX_TC09,Global,read,접점 operand,1030,1020,1044,Contact,operand,sources/decoded-original/0265-FlgNet.xml
1965,motors 1,Flag.M_FN_04,Global,write,코일 operand,1033,1021,1010,RCoil,operand,sources/decoded-original/0265-FlgNet.xml
1965,motors 1,Flag.M_FN_04,Global,read,접점 operand,1034,1022,1046,Contact,operand,sources/decoded-original/0265-FlgNet.xml
1965,motors 1,Start FN04,Global,write,코일 operand,1036,1023,1014,Coil,operand,sources/decoded-original/0265-FlgNet.xml
1966,motors 1,ON,Global,read,접점 operand,1030,1025,1038,Contact,operand,sources/decoded-original/0266-FlgNet.xml
1966,motors 1,Allarm.VR_03_FAULT,Global,read,접점 operand,1031,1026,1040,Contact,operand,sources/decoded-original/0266-FlgNet.xml
1966,motors 1,Flag.M_VR_03,Global,write,코일 operand,1033,1027,1020,RCoil,operand,sources/decoded-original/0266-FlgNet.xml
1966,motors 1,Flag.M_VR_03,Global,read,접점 operand,1034,1028,1042,Contact,operand,sources/decoded-original/0266-FlgNet.xml
1966,motors 1,Start VR03,Global,write,코일 operand,1036,1029,1024,Coil,operand,sources/decoded-original/0266-FlgNet.xml
1967,motors 1,ON,Global,read,접점 operand,1046,1041,1054,Contact,operand,sources/decoded-original/0267-FlgNet.xml
1967,motors 1,Allarm.VR_04_FAULT,Global,read,접점 operand,1047,1042,1056,Contact,operand,sources/decoded-original/0267-FlgNet.xml
1967,motors 1,Flag.M_VR_04,Global,write,코일 operand,1049,1043,1036,RCoil,operand,sources/decoded-original/0267-FlgNet.xml
1967,motors 1,Flag.M_VR_04,Global,read,접점 operand,1050,1044,1058,Contact,operand,sources/decoded-original/0267-FlgNet.xml
1967,motors 1,Start VR04,Global,write,코일 operand,1052,1045,1040,Coil,operand,sources/decoded-original/0267-FlgNet.xml
1968,motors 1,ON,Global,read,접점 operand,1062,1057,1070,Contact,operand,sources/decoded-original/0268-FlgNet.xml
1968,motors 1,Allarm.VR_05_FAULT,Global,read,접점 operand,1063,1058,1072,Contact,operand,sources/decoded-original/0268-FlgNet.xml
1968,motors 1,Flag.M_VR_05,Global,write,코일 operand,1065,1059,1052,RCoil,operand,sources/decoded-original/0268-FlgNet.xml
1968,motors 1,Flag.M_VR_05,Global,read,접점 operand,1066,1060,1074,Contact,operand,sources/decoded-original/0268-FlgNet.xml
1968,motors 1,Start VR05,Global,write,코일 operand,1068,1061,1056,Coil,operand,sources/decoded-original/0268-FlgNet.xml
1969,motors 1,ON,Global,read,접점 operand,1091,1084,1103,Contact,operand,sources/decoded-original/0269-FlgNet.xml
1969,motors 1,Allarm.VR_06_FAULT,Global,read,접점 operand,1092,1085,1105,Contact,operand,sources/decoded-original/0269-FlgNet.xml
1969,motors 1,Start ER-01,Global,read,접점 operand,1093,1086,1107,Contact,operand,sources/decoded-original/0269-FlgNet.xml
1969,motors 1,UNDER TESTING,Global,read,접점 operand,1094,1087,1109,Contact,operand,sources/decoded-original/0269-FlgNet.xml
1969,motors 1,Flag.M_VR_06,Global,write,코일 operand,1098,1088,1079,RCoil,operand,sources/decoded-original/0269-FlgNet.xml
1969,motors 1,Flag.M_VR_06,Global,read,접점 operand,1099,1089,1111,Contact,operand,sources/decoded-original/0269-FlgNet.xml
1969,motors 1,Start VR06,Global,write,코일 operand,1101,1090,1083,Coil,operand,sources/decoded-original/0269-FlgNet.xml
1970,motors 1,ON,Global,read,접점 operand,1114,1107,1126,Contact,operand,sources/decoded-original/0270-FlgNet.xml
1970,motors 1,Allarm.FN_05_FAULT,Global,read,접점 operand,1115,1108,1128,Contact,operand,sources/decoded-original/0270-FlgNet.xml
1970,motors 1,Inputs.FN04 Run,Global,read,접점 operand,21,23,22,Contact,operand,sources/decoded-original/0270-FlgNet.xml
1970,motors 1,UNDER TESTING,Global,read,접점 operand,1117,1110,1132,Contact,operand,sources/decoded-original/0270-FlgNet.xml
1970,motors 1,Flag.M_FN_05,Global,write,코일 operand,1121,1111,1102,RCoil,operand,sources/decoded-original/0270-FlgNet.xml
1970,motors 1,Flag.M_FN_05,Global,read,접점 operand,1122,1112,1134,Contact,operand,sources/decoded-original/0270-FlgNet.xml
1970,motors 1,Start FN05,Global,write,코일 operand,1124,1113,1106,Coil,operand,sources/decoded-original/0270-FlgNet.xml
1971,motors 1,ON,Global,read,접점 operand,1137,1130,1149,Contact,operand,sources/decoded-original/0271-FlgNet.xml
1971,motors 1,OFF,Global,read,접점 operand,1138,1131,1151,Contact,operand,sources/decoded-original/0271-FlgNet.xml
1971,motors 1,Allarm.ER01_run,Global,read,접점 operand,21,23,22,Contact,operand,sources/decoded-original/0271-FlgNet.xml
1971,motors 1,Inputs.FN-05 RUN,Global,read,접점 operand,25,27,26,Contact,operand,sources/decoded-original/0271-FlgNet.xml
1971,motors 1,UNDER TESTING,Global,read,접점 operand,1140,1133,1155,Contact,operand,sources/decoded-original/0271-FlgNet.xml
1971,motors 1,Flag.M_ER01,Global,write,코일 operand,1144,1134,1125,RCoil,operand,sources/decoded-original/0271-FlgNet.xml
1971,motors 1,Flag.M_ER01,Global,read,접점 operand,1145,1135,1157,Contact,operand,sources/decoded-original/0271-FlgNet.xml
1971,motors 1,Inputs.177T1_OK,Global,read,접점 operand,29,31,30,Contact,operand,sources/decoded-original/0271-FlgNet.xml
1971,motors 1,Start ER-01,Global,write,코일 operand,1147,1136,1129,Coil,operand,sources/decoded-original/0271-FlgNet.xml
1972,motors 1,ON,Global,read,접점 operand,1154,1148,1164,Contact,operand,sources/decoded-original/0272-FlgNet.xml
1972,motors 1,OFF,Global,read,접점 operand,1155,1149,1166,Contact,operand,sources/decoded-original/0272-FlgNet.xml
1972,motors 1,Flag.M_PV03,Global,write,코일 operand,1157,1150,1141,RCoil,operand,sources/decoded-original/0272-FlgNet.xml
1972,motors 1,Flag.M_PV03,Global,read,접점 operand,1158,1151,1168,Contact,operand,sources/decoded-original/0272-FlgNet.xml
1972,motors 1,Inputs.PV03 Local Selector,Global,read,접점 operand,1159,1152,1170,Contact,operand,sources/decoded-original/0272-FlgNet.xml
1972,motors 1,PV-03 GATE EV,Global,write,코일 operand,1162,1153,1147,Coil,operand,sources/decoded-original/0272-FlgNet.xml
1973,motors 1,ON,Global,read,접점 operand,1230,1216,1251,Contact,operand,sources/decoded-original/0273-FlgNet.xml
1973,motors 1,Inputs.BWF 01 RUN,Global,read,접점 operand,1231,1217,1253,Contact,operand,sources/decoded-original/0273-FlgNet.xml
1973,motors 1,Inputs.BWF 02 RUN,Global,read,접점 operand,1232,1218,1255,Contact,operand,sources/decoded-original/0273-FlgNet.xml
1973,motors 1,Tag_127,Global,write,코일 operand,1235,1220,1196,SdCoil,operand,sources/decoded-original/0273-FlgNet.xml
1973,motors 1,PV-03 GATE EV,Global,read,접점 operand,1236,1221,1257,Contact,operand,sources/decoded-original/0273-FlgNet.xml
1973,motors 1,START LIW FEEDER,Global,write,코일 operand,1238,1222,1201,SCoil,operand,sources/decoded-original/0273-FlgNet.xml
1973,motors 1,START LIW FEEDER,Global,read,접점 operand,1240,1223,1259,Contact,operand,sources/decoded-original/0273-FlgNet.xml
1973,motors 1,Inputs.BWF 01 RUN,Global,read,접점 operand,1242,1225,1261,Contact,operand,sources/decoded-original/0273-FlgNet.xml
1973,motors 1,Inputs.BWF 02 RUN,Global,read,접점 operand,1243,1226,1263,Contact,operand,sources/decoded-original/0273-FlgNet.xml
1973,motors 1,Tag_128,Global,write,코일 operand,1245,1227,1210,SdCoil,operand,sources/decoded-original/0273-FlgNet.xml
1973,motors 1,Tag_128,Global,read,접점 operand,1246,1228,1265,Contact,operand,sources/decoded-original/0273-FlgNet.xml
1973,motors 1,START LIW FEEDER,Global,write,코일 operand,1248,1229,1215,RCoil,operand,sources/decoded-original/0273-FlgNet.xml
1979,allarms 3,ON,Global,read,접점 operand,240,209,286,Contact,operand,sources/decoded-original/0527-FlgNet.xml
1979,allarms 3,Manage_TC1_2.PID_Ref_Temp,Global,read,비교 입력 핀,241,210,149,Gt,in1,sources/decoded-original/0527-FlgNet.xml
1979,allarms 3,Data.TC01_MAX_ALL,Global,read,비교 입력 핀,242,211,149,Gt,in2,sources/decoded-original/0527-FlgNet.xml
1979,allarms 3,Tag_99,Global,write,코일 operand,245,213,155,SdCoil,operand,sources/decoded-original/0527-FlgNet.xml
1979,allarms 3,Tag_99,Global,read,접점 operand,246,214,288,Contact,operand,sources/decoded-original/0527-FlgNet.xml
1979,allarms 3,Allarm.MAX_TC01_TEMP,Global,write,코일 operand,248,215,160,SCoil,operand,sources/decoded-original/0527-FlgNet.xml
1979,allarms 3,Allarm.MAX_TC01_TEMP,Global,read,접점 operand,250,216,290,Contact,operand,sources/decoded-original/0527-FlgNet.xml
1979,allarms 3,Data.TC01_MAX_ALL,Global,read,연산 입력 핀,252,217,165,Sub,in1,sources/decoded-original/0527-FlgNet.xml
1979,allarms 3,app00,Local,write,연산 출력 핀,254,219,165,Sub,out,sources/decoded-original/0527-FlgNet.xml
1979,allarms 3,Manage_TC1_2.PID_Ref_Temp,Global,read,비교 입력 핀,256,220,169,Lt,in1,sources/decoded-original/0527-FlgNet.xml
1979,allarms 3,app00,Local,read,비교 입력 핀,257,221,169,Lt,in2,sources/decoded-original/0527-FlgNet.xml
1979,allarms 3,Allarm.MAX_TC01_TEMP,Global,write,코일 operand,259,222,173,RCoil,operand,sources/decoded-original/0527-FlgNet.xml
1979,allarms 3,Flag.STOP_HORN,Global,write,코일 operand,260,223,175,SCoil,operand,sources/decoded-original/0527-FlgNet.xml
1979,allarms 3,Data.TC01_MAX_ALL,Global,read,연산 입력 핀,262,224,179,Add,in1,sources/decoded-original/0527-FlgNet.xml
1979,allarms 3,max_max_tc1,Local,write,연산 출력 핀,264,226,179,Add,out,sources/decoded-original/0527-FlgNet.xml
1979,allarms 3,Manage_TC1_2.PID_Ref_Temp,Global,read,비교 입력 핀,265,227,186,Gt,in1,sources/decoded-original/0527-FlgNet.xml
1979,allarms 3,max_max_tc1,Local,read,비교 입력 핀,266,228,186,Gt,in2,sources/decoded-original/0527-FlgNet.xml
1979,allarms 3,Manage_TC1_2.PID_Ref_Temp,Global,read,비교 입력 핀,268,229,189,Gt,in1,sources/decoded-original/0527-FlgNet.xml
1979,allarms 3,Manage_TC1_2.PID_Ref_Temp,Global,read,비교 입력 핀,271,231,192,Lt,in1,sources/decoded-original/0527-FlgNet.xml
1979,allarms 3,Tag_100,Global,write,코일 operand,276,234,198,SdCoil,operand,sources/decoded-original/0527-FlgNet.xml
1979,allarms 3,Tag_100,Global,read,접점 operand,277,235,292,Contact,operand,sources/decoded-original/0527-FlgNet.xml
1979,allarms 3,Allarm.MAX_MAX_TC01_TEMP,Global,write,코일 operand,279,236,203,SCoil,operand,sources/decoded-original/0527-FlgNet.xml
1979,allarms 3,Flag.RESET_ALLARM,Global,read,접점 operand,281,237,294,Contact,operand,sources/decoded-original/0527-FlgNet.xml
1979,allarms 3,Allarm.MAX_MAX_TC01_TEMP,Global,read,접점 operand,282,238,296,Contact,operand,sources/decoded-original/0527-FlgNet.xml
1979,allarms 3,Allarm.MAX_MAX_TC01_TEMP,Global,write,코일 operand,284,239,208,RCoil,operand,sources/decoded-original/0527-FlgNet.xml
1980,allarms 3,ON,Global,read,접점 operand,473,426,543,Contact,operand,sources/decoded-original/0528-FlgNet.xml
1980,allarms 3,Inputs.BWF 01 RUN,Global,read,접점 operand,474,427,545,Contact,operand,sources/decoded-original/0528-FlgNet.xml
1980,allarms 3,Inputs.BWF 02 RUN,Global,read,접점 operand,475,428,547,Contact,operand,sources/decoded-original/0528-FlgNet.xml
1980,allarms 3,Data.Temp_TC03,Global,read,비교 입력 핀,477,429,336,Lt,in1,sources/decoded-original/0528-FlgNet.xml
1980,allarms 3,Data.TC03_MIN_ALL,Global,read,비교 입력 핀,478,430,336,Lt,in2,sources/decoded-original/0528-FlgNet.xml
1980,allarms 3,Tag_101,Global,write,코일 operand,481,432,342,SdCoil,operand,sources/decoded-original/0528-FlgNet.xml
1980,allarms 3,Tag_101,Global,read,접점 operand,482,433,549,Contact,operand,sources/decoded-original/0528-FlgNet.xml
1980,allarms 3,Allarm.LOW_TC03_TEMP,Global,write,코일 operand,484,434,347,SCoil,operand,sources/decoded-original/0528-FlgNet.xml
1980,allarms 3,Data.TC03_MIN_ALL,Global,read,비교 입력 핀,22,24,21,Lt,in1,sources/decoded-original/0528-FlgNet.xml
1980,allarms 3,Data.TC03_MIN_ALL,Global,write,Move out,30,32,27,Move,out1,sources/decoded-original/0528-FlgNet.xml
1980,allarms 3,Allarm.LOW_TC03_TEMP,Global,read,접점 operand,486,435,551,Contact,operand,sources/decoded-original/0528-FlgNet.xml
1980,allarms 3,Data.TC03_MIN_ALL,Global,read,연산 입력 핀,488,436,352,Add,in1,sources/decoded-original/0528-FlgNet.xml
1980,allarms 3,app00,Local,write,연산 출력 핀,490,438,352,Add,out,sources/decoded-original/0528-FlgNet.xml
1980,allarms 3,Data.Temp_TC03,Global,read,비교 입력 핀,492,439,356,Gt,in1,sources/decoded-original/0528-FlgNet.xml
1980,allarms 3,app00,Local,read,비교 입력 핀,493,440,356,Gt,in2,sources/decoded-original/0528-FlgNet.xml
1980,allarms 3,Allarm.LOW_TC03_TEMP,Global,write,코일 operand,495,441,360,RCoil,operand,sources/decoded-original/0528-FlgNet.xml
1980,allarms 3,Flag.STOP_HORN,Global,write,코일 operand,496,442,362,SCoil,operand,sources/decoded-original/0528-FlgNet.xml
1980,allarms 3,Data.Temp_TC03,Global,read,비교 입력 핀,498,443,366,Gt,in1,sources/decoded-original/0528-FlgNet.xml
1980,allarms 3,Data.TC03_MAX_ALL,Global,read,비교 입력 핀,499,444,366,Gt,in2,sources/decoded-original/0528-FlgNet.xml
1980,allarms 3,Tag_102,Global,write,코일 operand,502,446,372,SdCoil,operand,sources/decoded-original/0528-FlgNet.xml
1980,allarms 3,Tag_102,Global,read,접점 operand,503,447,553,Contact,operand,sources/decoded-original/0528-FlgNet.xml
1980,allarms 3,Allarm.MAX_TC03_TEMP,Global,write,코일 operand,505,448,377,SCoil,operand,sources/decoded-original/0528-FlgNet.xml
1980,allarms 3,Allarm.MAX_TC03_TEMP,Global,read,접점 operand,507,449,555,Contact,operand,sources/decoded-original/0528-FlgNet.xml
1980,allarms 3,Data.TC03_MAX_ALL,Global,read,연산 입력 핀,509,450,382,Sub,in1,sources/decoded-original/0528-FlgNet.xml
1980,allarms 3,app00,Local,write,연산 출력 핀,511,452,382,Sub,out,sources/decoded-original/0528-FlgNet.xml
1980,allarms 3,Data.Temp_TC03,Global,read,비교 입력 핀,513,453,386,Lt,in1,sources/decoded-original/0528-FlgNet.xml
1980,allarms 3,app00,Local,read,비교 입력 핀,514,454,386,Lt,in2,sources/decoded-original/0528-FlgNet.xml
1980,allarms 3,Allarm.MAX_TC03_TEMP,Global,write,코일 operand,516,455,390,RCoil,operand,sources/decoded-original/0528-FlgNet.xml
1980,allarms 3,Flag.STOP_HORN,Global,write,코일 operand,517,456,392,SCoil,operand,sources/decoded-original/0528-FlgNet.xml
1980,allarms 3,Data.TC03_MAX_ALL,Global,read,연산 입력 핀,519,457,396,Add,in1,sources/decoded-original/0528-FlgNet.xml
1980,allarms 3,max_max_tc3,Local,write,연산 출력 핀,521,459,396,Add,out,sources/decoded-original/0528-FlgNet.xml
1980,allarms 3,Data.Temp_TC03,Global,read,비교 입력 핀,522,460,403,Gt,in1,sources/decoded-original/0528-FlgNet.xml
1980,allarms 3,max_max_tc3,Local,read,비교 입력 핀,523,461,403,Gt,in2,sources/decoded-original/0528-FlgNet.xml
1980,allarms 3,Data.Temp_TC03,Global,read,비교 입력 핀,525,462,406,Gt,in1,sources/decoded-original/0528-FlgNet.xml
1980,allarms 3,Data.Temp_TC03,Global,read,비교 입력 핀,528,464,409,Lt,in1,sources/decoded-original/0528-FlgNet.xml
1980,allarms 3,Tag_103,Global,write,코일 operand,533,467,415,SdCoil,operand,sources/decoded-original/0528-FlgNet.xml
1980,allarms 3,Tag_103,Global,read,접점 operand,534,468,557,Contact,operand,sources/decoded-original/0528-FlgNet.xml
1980,allarms 3,Allarm.MAX_MAX_TC03_TEMP,Global,write,코일 operand,536,469,420,SCoil,operand,sources/decoded-original/0528-FlgNet.xml
1980,allarms 3,Flag.RESET_ALLARM,Global,read,접점 operand,538,470,559,Contact,operand,sources/decoded-original/0528-FlgNet.xml
1980,allarms 3,Allarm.MAX_MAX_TC03_TEMP,Global,read,접점 operand,539,471,561,Contact,operand,sources/decoded-original/0528-FlgNet.xml
1980,allarms 3,Allarm.MAX_MAX_TC03_TEMP,Global,write,코일 operand,541,472,425,RCoil,operand,sources/decoded-original/0528-FlgNet.xml
1981,allarms 3,ON,Global,read,접점 operand,515,489,557,Contact,operand,sources/decoded-original/0529-FlgNet.xml
1981,allarms 3,Data.Temp_TC04,Global,read,비교 입력 핀,516,490,438,Gt,in1,sources/decoded-original/0529-FlgNet.xml
1981,allarms 3,Data.TC04_TC05_MAX_ALL,Global,read,비교 입력 핀,517,491,438,Gt,in2,sources/decoded-original/0529-FlgNet.xml
1981,allarms 3,Data.Temp_TC04,Global,read,비교 입력 핀,519,492,441,Gt,in1,sources/decoded-original/0529-FlgNet.xml
1981,allarms 3,Data.Temp_TC04,Global,read,비교 입력 핀,522,494,444,Lt,in1,sources/decoded-original/0529-FlgNet.xml
1981,allarms 3,Tag_104,Global,write,코일 operand,527,497,450,SdCoil,operand,sources/decoded-original/0529-FlgNet.xml
1981,allarms 3,Tag_104,Global,read,접점 operand,528,498,559,Contact,operand,sources/decoded-original/0529-FlgNet.xml
1981,allarms 3,Allarm.MAX_TC04_TEMP,Global,write,코일 operand,530,499,455,SCoil,operand,sources/decoded-original/0529-FlgNet.xml
1981,allarms 3,Data.Temp_TC05,Global,read,비교 입력 핀,532,500,459,Gt,in1,sources/decoded-original/0529-FlgNet.xml
1981,allarms 3,Data.TC04_TC05_MAX_ALL,Global,read,비교 입력 핀,533,501,459,Gt,in2,sources/decoded-original/0529-FlgNet.xml
1981,allarms 3,Data.Temp_TC05,Global,read,비교 입력 핀,535,502,462,Gt,in1,sources/decoded-original/0529-FlgNet.xml
1981,allarms 3,Data.Temp_TC05,Global,read,비교 입력 핀,538,504,465,Lt,in1,sources/decoded-original/0529-FlgNet.xml
1981,allarms 3,Tag_105,Global,write,코일 operand,543,507,471,SdCoil,operand,sources/decoded-original/0529-FlgNet.xml
1981,allarms 3,Tag_105,Global,read,접점 operand,544,508,561,Contact,operand,sources/decoded-original/0529-FlgNet.xml
1981,allarms 3,ServiceBit,Global,read,접점 operand,27,28,22,Contact,operand,sources/decoded-original/0529-FlgNet.xml
1981,allarms 3,Allarm.MAX_TC05_TEMP,Global,write,코일 operand,546,509,476,SCoil,operand,sources/decoded-original/0529-FlgNet.xml
1981,allarms 3,Flag.RESET_ALLARM,Global,read,접점 operand,548,510,563,Contact,operand,sources/decoded-original/0529-FlgNet.xml
1981,allarms 3,Allarm.MAX_TC04_TEMP,Global,read,접점 operand,549,511,565,Contact,operand,sources/decoded-original/0529-FlgNet.xml
1981,allarms 3,Allarm.MAX_TC04_TEMP,Global,write,코일 operand,551,512,484,RCoil,operand,sources/decoded-original/0529-FlgNet.xml
1981,allarms 3,Allarm.MAX_TC05_TEMP,Global,read,접점 operand,552,513,567,Contact,operand,sources/decoded-original/0529-FlgNet.xml
1981,allarms 3,Allarm.MAX_TC05_TEMP,Global,write,코일 operand,554,514,488,RCoil,operand,sources/decoded-original/0529-FlgNet.xml
1982,allarms 3,ON,Global,read,접점 operand,518,505,539,Contact,operand,sources/decoded-original/0530-FlgNet.xml
1982,allarms 3,Data.Oxigen_RO01,Global,read,비교 입력 핀,519,506,484,Le,in1,sources/decoded-original/0530-FlgNet.xml
1982,allarms 3,Data.Oxigen_RO01,Global,read,비교 입력 핀,522,508,487,Ge,in1,sources/decoded-original/0530-FlgNet.xml
1982,allarms 3,ServiceBit,Global,read,접점 operand,21,23,22,Contact,operand,sources/decoded-original/0530-FlgNet.xml
1982,allarms 3,Allarm.Oxigen_Fault,Global,write,코일 operand,527,510,490,SCoil,operand,sources/decoded-original/0530-FlgNet.xml
1982,allarms 3,Allarm.Oxigen_Fault,Global,read,접점 operand,528,511,541,Contact,operand,sources/decoded-original/0530-FlgNet.xml
1982,allarms 3,Data.Oxigen_RO01,Global,read,비교 입력 핀,529,512,494,Ge,in1,sources/decoded-original/0530-FlgNet.xml
1982,allarms 3,Data.Oxigen_RO01,Global,read,비교 입력 핀,532,514,497,Le,in1,sources/decoded-original/0530-FlgNet.xml
1982,allarms 3,Allarm.Oxigen_Fault,Global,write,코일 operand,535,516,501,RCoil,operand,sources/decoded-original/0530-FlgNet.xml
1982,allarms 3,Flag.STOP_HORN,Global,write,코일 operand,536,517,503,SCoil,operand,sources/decoded-original/0530-FlgNet.xml
1983,allarms 3,Data.RO01_MAX_SETPOINT,Global,read,비교 입력 핀,667,664,663,Gt,in1,sources/decoded-original/0531-FlgNet.xml
1983,allarms 3,Data.RO01_MAX_SETPOINT,Global,write,Move out,35,37,32,Move,out1,sources/decoded-original/0531-FlgNet.xml
1983,allarms 3,ON,Global,read,접점 operand,647,634,626,Contact,operand,sources/decoded-original/0531-FlgNet.xml
1983,allarms 3,Data.Oxigen_RO01,Global,read,비교 입력 핀,649,635,627,Ge,in1,sources/decoded-original/0531-FlgNet.xml
1983,allarms 3,Data.RO01_MAX_SETPOINT,Global,read,비교 입력 핀,650,636,627,Ge,in2,sources/decoded-original/0531-FlgNet.xml
1983,allarms 3,Allarm.Oxigen_Too_high,Global,write,코일 operand,652,637,628,SCoil,operand,sources/decoded-original/0531-FlgNet.xml
1983,allarms 3,Allarm.Oxigen_Too_high,Global,read,접점 operand,653,638,629,Contact,operand,sources/decoded-original/0531-FlgNet.xml
1983,allarms 3,Data.RO01_MAX_SETPOINT,Global,read,연산 입력 핀,655,639,630,Sub,in1,sources/decoded-original/0531-FlgNet.xml
1983,allarms 3,app05,Local,write,연산 출력 핀,657,641,630,Sub,out,sources/decoded-original/0531-FlgNet.xml
1983,allarms 3,Data.Oxigen_RO01,Global,read,비교 입력 핀,658,642,631,Lt,in1,sources/decoded-original/0531-FlgNet.xml
1983,allarms 3,app05,Local,read,비교 입력 핀,659,643,631,Lt,in2,sources/decoded-original/0531-FlgNet.xml
1983,allarms 3,Allarm.Oxigen_Too_high,Global,write,코일 operand,661,644,632,RCoil,operand,sources/decoded-original/0531-FlgNet.xml
1983,allarms 3,Flag.STOP_HORN,Global,write,코일 operand,662,645,633,SCoil,operand,sources/decoded-original/0531-FlgNet.xml
1984,allarms 3,OFF,Global,read,접점 operand,633,617,658,Contact,operand,sources/decoded-original/0532-FlgNet.xml
1984,allarms 3,Manage_TC1_2.PID_Ref_Temp,Global,read,비교 입력 핀,634,618,590,Gt,in1,sources/decoded-original/0532-FlgNet.xml
1984,allarms 3,Data.Oxigen_RO01,Global,read,비교 입력 핀,637,620,593,Le,in1,sources/decoded-original/0532-FlgNet.xml
1984,allarms 3,Tag_106,Global,write,코일 operand,641,623,599,SdCoil,operand,sources/decoded-original/0532-FlgNet.xml
1984,allarms 3,Tag_106,Global,read,접점 operand,642,624,660,Contact,operand,sources/decoded-original/0532-FlgNet.xml
1984,allarms 3,Allarm.Oxigen_LOW,Global,write,코일 operand,644,625,604,SCoil,operand,sources/decoded-original/0532-FlgNet.xml
1984,allarms 3,Flag.RESET_ALLARM,Global,read,접점 operand,646,626,662,Contact,operand,sources/decoded-original/0532-FlgNet.xml
1984,allarms 3,Allarm.Oxigen_LOW,Global,read,접점 operand,647,627,664,Contact,operand,sources/decoded-original/0532-FlgNet.xml
1984,allarms 3,Data.Oxigen_RO01,Global,read,비교 입력 핀,648,628,610,Ge,in1,sources/decoded-original/0532-FlgNet.xml
1984,allarms 3,Manage_TC1_2.PID_Ref_Temp,Global,read,비교 입력 핀,651,630,613,Le,in1,sources/decoded-original/0532-FlgNet.xml
1984,allarms 3,Allarm.Oxigen_LOW,Global,write,코일 operand,656,632,616,RCoil,operand,sources/decoded-original/0532-FlgNet.xml
1985,allarms 3,ON,Global,read,접점 operand,714,696,741,Contact,operand,sources/decoded-original/0533-FlgNet.xml
1985,allarms 3,RO01-RO02control disable,Global,read,접점 operand,715,697,743,Contact,operand,sources/decoded-original/0533-FlgNet.xml
1985,allarms 3,Manage_TC1_2.PID_Ref_Temp,Global,read,비교 입력 핀,716,698,663,Gt,in1,sources/decoded-original/0533-FlgNet.xml
1985,allarms 3,Data.Oxigen_RO01,Global,read,연산 입력 핀,719,700,669,Sub,in1,sources/decoded-original/0533-FlgNet.xml
1985,allarms 3,Data.Oxigen_RO02,Global,read,연산 입력 핀,720,701,669,Sub,in2,sources/decoded-original/0533-FlgNet.xml
1985,allarms 3,app01,Local,write,연산 출력 핀,721,702,669,Sub,out,sources/decoded-original/0533-FlgNet.xml
1985,allarms 3,app01,Local,read,비교 입력 핀,722,703,676,Lt,in1,sources/decoded-original/0533-FlgNet.xml
1985,allarms 3,app01,Local,read,비교 입력 핀,725,705,679,Gt,in1,sources/decoded-original/0533-FlgNet.xml
1985,allarms 3,Tag_107,Global,write,코일 operand,730,708,685,SdCoil,operand,sources/decoded-original/0533-FlgNet.xml
1985,allarms 3,Tag_107,Global,read,접점 operand,731,709,745,Contact,operand,sources/decoded-original/0533-FlgNet.xml
1985,allarms 3,Allarm.RO01_Signal_Fault,Global,write,코일 operand,733,710,690,SCoil,operand,sources/decoded-original/0533-FlgNet.xml
1985,allarms 3,Flag.RESET_ALLARM,Global,read,접점 operand,736,711,747,Contact,operand,sources/decoded-original/0533-FlgNet.xml
1985,allarms 3,Allarm.RO01_Signal_Fault,Global,read,접점 operand,737,712,749,Contact,operand,sources/decoded-original/0533-FlgNet.xml
1985,allarms 3,Allarm.RO01_Signal_Fault,Global,write,코일 operand,739,713,695,RCoil,operand,sources/decoded-original/0533-FlgNet.xml
1986,allarms 3,ON,Global,read,접점 operand,801,781,832,Contact,operand,sources/decoded-original/0534-FlgNet.xml
1986,allarms 3,TC01-TC02control disable,Global,read,접점 operand,802,782,834,Contact,operand,sources/decoded-original/0534-FlgNet.xml
1986,allarms 3,Data.Temp_TC01,Global,read,비교 입력 핀,803,783,745,Gt,in1,sources/decoded-original/0534-FlgNet.xml
1986,allarms 3,Data.Temp_TC02,Global,read,비교 입력 핀,806,785,748,Gt,in1,sources/decoded-original/0534-FlgNet.xml
1986,allarms 3,Data.Temp_TC01,Global,read,연산 입력 핀,810,787,754,Sub,in1,sources/decoded-original/0534-FlgNet.xml
1986,allarms 3,Data.Temp_TC02,Global,read,연산 입력 핀,811,788,754,Sub,in2,sources/decoded-original/0534-FlgNet.xml
1986,allarms 3,app02,Local,write,연산 출력 핀,812,789,754,Sub,out,sources/decoded-original/0534-FlgNet.xml
1986,allarms 3,app02,Local,read,비교 입력 핀,813,790,761,Lt,in1,sources/decoded-original/0534-FlgNet.xml
1986,allarms 3,app02,Local,read,비교 입력 핀,816,792,764,Gt,in1,sources/decoded-original/0534-FlgNet.xml
1986,allarms 3,Tag_108,Global,write,코일 operand,821,795,770,SdCoil,operand,sources/decoded-original/0534-FlgNet.xml
1986,allarms 3,Tag_108,Global,read,접점 operand,822,796,836,Contact,operand,sources/decoded-original/0534-FlgNet.xml
1986,allarms 3,Allarm.TC01_TC02_COMP_FAULT,Global,write,코일 operand,824,797,775,SCoil,operand,sources/decoded-original/0534-FlgNet.xml
1986,allarms 3,Flag.RESET_ALLARM,Global,read,접점 operand,827,798,838,Contact,operand,sources/decoded-original/0534-FlgNet.xml
1986,allarms 3,Allarm.TC01_TC02_COMP_FAULT,Global,read,접점 operand,828,799,840,Contact,operand,sources/decoded-original/0534-FlgNet.xml
1986,allarms 3,Allarm.TC01_TC02_COMP_FAULT,Global,write,코일 operand,830,800,780,RCoil,operand,sources/decoded-original/0534-FlgNet.xml
1987,allarms 3,ON,Global,read,접점 operand,834,820,856,Contact,operand,sources/decoded-original/0535-FlgNet.xml
1987,allarms 3,Inputs.FN01 Run,Global,read,접점 operand,22,24,23,Contact,operand,sources/decoded-original/0535-FlgNet.xml
1987,allarms 3,Inputs.FN04 Run,Global,read,접점 operand,26,28,27,Contact,operand,sources/decoded-original/0535-FlgNet.xml
1987,allarms 3,Data.PC_01,Global,read,비교 입력 핀,835,821,797,Gt,in1,sources/decoded-original/0535-FlgNet.xml
1987,allarms 3,Data.PC_01,Global,read,비교 입력 핀,838,823,800,Gt,in1,sources/decoded-original/0535-FlgNet.xml
1987,allarms 3,Data.Min_Pressure_PC_01,Global,read,비교 입력 핀,839,824,800,Gt,in2,sources/decoded-original/0535-FlgNet.xml
1987,allarms 3,Data.PC_01,Global,read,비교 입력 핀,841,825,803,Lt,in1,sources/decoded-original/0535-FlgNet.xml
1987,allarms 3,Tag_109,Global,write,코일 operand,846,828,809,SdCoil,operand,sources/decoded-original/0535-FlgNet.xml
1987,allarms 3,Tag_109,Global,read,접점 operand,847,829,858,Contact,operand,sources/decoded-original/0535-FlgNet.xml
1987,allarms 3,Allarm.Low_Aspiration,Global,write,코일 operand,849,830,814,SCoil,operand,sources/decoded-original/0535-FlgNet.xml
1987,allarms 3,Flag.RESET_ALLARM,Global,read,접점 operand,851,831,860,Contact,operand,sources/decoded-original/0535-FlgNet.xml
1987,allarms 3,Allarm.Low_Aspiration,Global,read,접점 operand,852,832,862,Contact,operand,sources/decoded-original/0535-FlgNet.xml
1987,allarms 3,Allarm.Low_Aspiration,Global,write,코일 operand,854,833,819,RCoil,operand,sources/decoded-original/0535-FlgNet.xml
1988,allarms 3,OFF,Global,read,접점 operand,883,870,904,Contact,operand,sources/decoded-original/0536-FlgNet.xml
1988,allarms 3,Data.ZT_01,Global,read,비교 입력 핀,884,871,848,Gt,in1,sources/decoded-original/0536-FlgNet.xml
1988,allarms 3,Data.ZT_01,Global,read,비교 입력 핀,887,873,851,Lt,in1,sources/decoded-original/0536-FlgNet.xml
1988,allarms 3,Tag_110,Global,write,코일 operand,892,876,857,SdCoil,operand,sources/decoded-original/0536-FlgNet.xml
1988,allarms 3,Tag_110,Global,read,접점 operand,893,877,906,Contact,operand,sources/decoded-original/0536-FlgNet.xml
1988,allarms 3,Allarm.ZT01_FN01_Vibration,Global,write,코일 operand,895,878,862,SCoil,operand,sources/decoded-original/0536-FlgNet.xml
1988,allarms 3,Allarm.ZT01_FN01_Vibration,Global,read,접점 operand,897,879,908,Contact,operand,sources/decoded-original/0536-FlgNet.xml
1988,allarms 3,Data.ZT_01,Global,read,비교 입력 핀,898,880,866,Lt,in1,sources/decoded-original/0536-FlgNet.xml
1988,allarms 3,Allarm.ZT01_FN01_Vibration,Global,write,코일 operand,902,882,869,RCoil,operand,sources/decoded-original/0536-FlgNet.xml
1989,allarms 3,ON,Global,read,접점 operand,955,940,977,Contact,operand,sources/decoded-original/0537-FlgNet.xml
1989,allarms 3,Data.PSH_02,Global,read,비교 입력 핀,956,941,908,Ge,in1,sources/decoded-original/0537-FlgNet.xml
1989,allarms 3,Data.PSH02_MAX_SETPOINT,Global,read,비교 입력 핀,957,942,908,Ge,in2,sources/decoded-original/0537-FlgNet.xml
1989,allarms 3,Tag_111,Global,write,코일 operand,960,944,914,SdCoil,operand,sources/decoded-original/0537-FlgNet.xml
1989,allarms 3,Tag_111,Global,read,접점 operand,961,945,979,Contact,operand,sources/decoded-original/0537-FlgNet.xml
1989,allarms 3,Allarm.MAX_PSH_02,Global,write,코일 operand,963,946,919,SCoil,operand,sources/decoded-original/0537-FlgNet.xml
1989,allarms 3,Allarm.MAX_PSH_02,Global,read,접점 operand,965,947,981,Contact,operand,sources/decoded-original/0537-FlgNet.xml
1989,allarms 3,Data.PSH02_MAX_SETPOINT,Global,read,연산 입력 핀,966,948,926,Sub,in1,sources/decoded-original/0537-FlgNet.xml
1989,allarms 3,app06,Local,write,연산 출력 핀,968,950,926,Sub,out,sources/decoded-original/0537-FlgNet.xml
1989,allarms 3,Data.PSH_02,Global,read,비교 입력 핀,969,951,932,Lt,in1,sources/decoded-original/0537-FlgNet.xml
1989,allarms 3,app06,Local,read,비교 입력 핀,970,952,932,Lt,in2,sources/decoded-original/0537-FlgNet.xml
1989,allarms 3,Allarm.MAX_PSH_02,Global,write,코일 operand,972,953,936,RCoil,operand,sources/decoded-original/0537-FlgNet.xml
1989,allarms 3,Flag.STOP_HORN,Global,write,코일 operand,973,954,938,SCoil,operand,sources/decoded-original/0537-FlgNet.xml
1990,allarms 3,ON,Global,read,접점 operand,943,936,953,Contact,operand,sources/decoded-original/0538-FlgNet.xml
1990,allarms 3,Inputs.NITROGEN TANK READY,Global,read,접점 operand,944,937,955,Contact,operand,sources/decoded-original/0538-FlgNet.xml
1990,allarms 3,ServiceBit,Global,read,접점 operand,26,28,27,Contact,operand,sources/decoded-original/0538-FlgNet.xml
1990,allarms 3,Allarm.HYDROGEN_BOX_FAULT,Global,write,코일 operand,946,938,929,SCoil,operand,sources/decoded-original/0538-FlgNet.xml
1990,allarms 3,Flag.RESET_ALLARM,Global,read,접점 operand,947,939,957,Contact,operand,sources/decoded-original/0538-FlgNet.xml
1990,allarms 3,Allarm.HYDROGEN_BOX_FAULT,Global,read,접점 operand,948,940,959,Contact,operand,sources/decoded-original/0538-FlgNet.xml
1990,allarms 3,Inputs.NITROGEN TANK READY,Global,read,접점 operand,949,941,961,Contact,operand,sources/decoded-original/0538-FlgNet.xml
1990,allarms 3,ServiceBit,Global,read,접점 operand,35,36,964,Contact,operand,sources/decoded-original/0538-FlgNet.xml
1990,allarms 3,Allarm.HYDROGEN_BOX_FAULT,Global,write,코일 operand,951,942,935,RCoil,operand,sources/decoded-original/0538-FlgNet.xml
1991,allarms 3,ON,Global,read,접점 operand,1130,1101,1175,Contact,operand,sources/decoded-original/0539-FlgNet.xml
1991,allarms 3,Data.TC_09,Global,read,비교 입력 핀,1131,1102,1046,Gt,in1,sources/decoded-original/0539-FlgNet.xml
1991,allarms 3,Data.TC09_MAX,Global,read,비교 입력 핀,1132,1103,1046,Gt,in2,sources/decoded-original/0539-FlgNet.xml
1991,allarms 3,Open false air,Global,write,코일 operand,1135,1104,1049,SCoil,operand,sources/decoded-original/0539-FlgNet.xml
1991,allarms 3,Data.TC09_MAX,Global,read,연산 입력 핀,1136,1105,1053,Add,in1,sources/decoded-original/0539-FlgNet.xml
1991,allarms 3,app07,Local,write,연산 출력 핀,1138,1107,1053,Add,out,sources/decoded-original/0539-FlgNet.xml
1991,allarms 3,Data.TC_09,Global,read,비교 입력 핀,1140,1108,1057,Gt,in1,sources/decoded-original/0539-FlgNet.xml
1991,allarms 3,app07,Local,read,비교 입력 핀,1141,1109,1057,Gt,in2,sources/decoded-original/0539-FlgNet.xml
1991,allarms 3,Allarm.MAX_TC09,Global,write,코일 operand,1144,1110,1060,SCoil,operand,sources/decoded-original/0539-FlgNet.xml
1991,allarms 3,Data.TC09_MAX,Global,read,연산 입력 핀,1145,1111,1064,Sub,in1,sources/decoded-original/0539-FlgNet.xml
1991,allarms 3,app03,Local,write,연산 출력 핀,1147,1113,1064,Sub,out,sources/decoded-original/0539-FlgNet.xml
1991,allarms 3,Data.TC_09,Global,read,비교 입력 핀,1149,1114,1068,Lt,in1,sources/decoded-original/0539-FlgNet.xml
1991,allarms 3,app03,Local,read,비교 입력 핀,1150,1115,1068,Lt,in2,sources/decoded-original/0539-FlgNet.xml
1991,allarms 3,Allarm.MAX_TC09,Global,read,접점 operand,1152,1116,1177,Contact,operand,sources/decoded-original/0539-FlgNet.xml
1991,allarms 3,Allarm.MAX_TC09,Global,write,코일 operand,1153,1117,1076,RCoil,operand,sources/decoded-original/0539-FlgNet.xml
1991,allarms 3,Flag.STOP_HORN,Global,write,코일 operand,1154,1118,1078,SCoil,operand,sources/decoded-original/0539-FlgNet.xml
1991,allarms 3,Open false air,Global,write,코일 operand,1156,1119,1082,RCoil,operand,sources/decoded-original/0539-FlgNet.xml
1991,allarms 3,Data.TC_09,Global,read,비교 입력 핀,1158,1120,1086,Gt,in1,sources/decoded-original/0539-FlgNet.xml
1991,allarms 3,Data.TC09_MAX_MAX,Global,read,비교 입력 핀,1159,1121,1086,Gt,in2,sources/decoded-original/0539-FlgNet.xml
1991,allarms 3,Data.TC_09,Global,read,비교 입력 핀,1161,1122,1089,Gt,in1,sources/decoded-original/0539-FlgNet.xml
1991,allarms 3,Data.TC_09,Global,read,비교 입력 핀,1164,1124,1092,Lt,in1,sources/decoded-original/0539-FlgNet.xml
1991,allarms 3,Allarm.MAX_MAX_TC09,Global,write,코일 operand,1169,1126,1095,SCoil,operand,sources/decoded-original/0539-FlgNet.xml
1991,allarms 3,Flag.RESET_ALLARM,Global,read,접점 operand,1170,1127,1179,Contact,operand,sources/decoded-original/0539-FlgNet.xml
1991,allarms 3,Allarm.MAX_MAX_TC09,Global,read,접점 operand,1171,1128,1181,Contact,operand,sources/decoded-original/0539-FlgNet.xml
1991,allarms 3,Allarm.MAX_MAX_TC09,Global,write,코일 operand,1173,1129,1100,RCoil,operand,sources/decoded-original/0539-FlgNet.xml
1992,allarms 3,ON,Global,read,접점 operand,1173,1153,1204,Contact,operand,sources/decoded-original/0540-FlgNet.xml
1992,allarms 3,Data.DP_01,Global,read,비교 입력 핀,1174,1154,1121,Gt,in1,sources/decoded-original/0540-FlgNet.xml
1992,allarms 3,Data.DP_02,Global,read,비교 입력 핀,1177,1156,1124,Gt,in1,sources/decoded-original/0540-FlgNet.xml
1992,allarms 3,Data.DP_01,Global,read,비교 입력 핀,1180,1158,1127,Lt,in1,sources/decoded-original/0540-FlgNet.xml
1992,allarms 3,Data.DP_02,Global,read,비교 입력 핀,1183,1160,1130,Lt,in1,sources/decoded-original/0540-FlgNet.xml
1992,allarms 3,Tag_112,Global,write,코일 operand,1188,1163,1136,SdCoil,operand,sources/decoded-original/0540-FlgNet.xml
1992,allarms 3,Tag_112,Global,read,접점 operand,1189,1164,1206,Contact,operand,sources/decoded-original/0540-FlgNet.xml
1992,allarms 3,Allarm.MAX_DP_FILTER,Global,write,코일 operand,1191,1165,1141,SCoil,operand,sources/decoded-original/0540-FlgNet.xml
1992,allarms 3,Flag.RESET_ALLARM,Global,read,접점 operand,1193,1166,1208,Contact,operand,sources/decoded-original/0540-FlgNet.xml
1992,allarms 3,Allarm.MAX_DP_FILTER,Global,read,접점 operand,1194,1167,1210,Contact,operand,sources/decoded-original/0540-FlgNet.xml
1992,allarms 3,Data.DP_01,Global,read,비교 입력 핀,1195,1168,1146,Lt,in1,sources/decoded-original/0540-FlgNet.xml
1992,allarms 3,Data.DP_02,Global,read,비교 입력 핀,1198,1170,1149,Lt,in1,sources/decoded-original/0540-FlgNet.xml
1992,allarms 3,Allarm.MAX_DP_FILTER,Global,write,코일 operand,1202,1172,1152,RCoil,operand,sources/decoded-original/0540-FlgNet.xml
1993,allarms 3,ON,Global,read,접점 operand,1208,1195,1227,Contact,operand,sources/decoded-original/0541-FlgNet.xml
1993,allarms 3,Inputs.BWF 01 RUN,Global,read,접점 operand,21,23,22,Contact,operand,sources/decoded-original/0541-FlgNet.xml
1993,allarms 3,Inputs.BWF 02 RUN,Global,read,접점 operand,25,27,26,Contact,operand,sources/decoded-original/0541-FlgNet.xml
1993,allarms 3,Data.SET_PERC_BWF01,Global,read,연산 입력 핀,1209,1196,1174,Add,in1,sources/decoded-original/0541-FlgNet.xml
1993,allarms 3,Data.SET_PERC_BWF02,Global,read,연산 입력 핀,1210,1197,1174,Add,in2,sources/decoded-original/0541-FlgNet.xml
1993,allarms 3,Somma_Perc_alim,Local,write,연산 출력 핀,1211,1198,1174,Add,out,sources/decoded-original/0541-FlgNet.xml
1993,allarms 3,Somma_Perc_alim,Local,read,비교 입력 핀,1213,1199,1178,Ne,in1,sources/decoded-original/0541-FlgNet.xml
1993,allarms 3,Tag_113,Global,write,코일 operand,1217,1202,1184,SdCoil,operand,sources/decoded-original/0541-FlgNet.xml
1993,allarms 3,Tag_113,Global,read,접점 operand,1218,1203,1229,Contact,operand,sources/decoded-original/0541-FlgNet.xml
1993,allarms 3,Allarm.Formula_Fault,Global,write,코일 operand,1220,1204,1189,SCoil,operand,sources/decoded-original/0541-FlgNet.xml
1993,allarms 3,Flag.RESET_ALLARM,Global,read,접점 operand,1222,1205,1231,Contact,operand,sources/decoded-original/0541-FlgNet.xml
1993,allarms 3,Allarm.Formula_Fault,Global,read,접점 operand,1223,1206,1233,Contact,operand,sources/decoded-original/0541-FlgNet.xml
1993,allarms 3,Allarm.Formula_Fault,Global,write,코일 operand,1225,1207,1194,RCoil,operand,sources/decoded-original/0541-FlgNet.xml
1994,allarms 3,ON,Global,read,접점 operand,1250,1235,1269,Contact,operand,sources/decoded-original/0542-FlgNet.xml
1994,allarms 3,I/O FLT,Global,read,접점 operand,1251,1236,1271,Contact,operand,sources/decoded-original/0542-FlgNet.xml
1994,allarms 3,OB Fault,Global,read,접점 operand,1252,1237,1273,Contact,operand,sources/decoded-original/0542-FlgNet.xml
1994,allarms 3,Rack FAULT,Global,read,접점 operand,1253,1238,1275,Contact,operand,sources/decoded-original/0542-FlgNet.xml
1994,allarms 3,Module Access FLT,Global,read,접점 operand,1254,1239,1277,Contact,operand,sources/decoded-original/0542-FlgNet.xml
1994,allarms 3,Prog FAULT,Global,read,접점 operand,1255,1240,1279,Contact,operand,sources/decoded-original/0542-FlgNet.xml
1994,allarms 3,Allarm.PLC_DIAGNOSTIC_FAULT,Global,write,코일 operand,1258,1241,1217,SCoil,operand,sources/decoded-original/0542-FlgNet.xml
1994,allarms 3,Flag.RESET_ALLARM,Global,read,접점 operand,1259,1242,1281,Contact,operand,sources/decoded-original/0542-FlgNet.xml
1994,allarms 3,Allarm.PLC_DIAGNOSTIC_FAULT,Global,read,접점 operand,1260,1243,1283,Contact,operand,sources/decoded-original/0542-FlgNet.xml
1994,allarms 3,Allarm.PLC_DIAGNOSTIC_FAULT,Global,write,코일 operand,1261,1244,1223,RCoil,operand,sources/decoded-original/0542-FlgNet.xml
1994,allarms 3,I/O FLT,Global,write,코일 operand,1262,1245,1225,RCoil,operand,sources/decoded-original/0542-FlgNet.xml
1994,allarms 3,OB Fault,Global,write,코일 operand,1263,1246,1227,RCoil,operand,sources/decoded-original/0542-FlgNet.xml
1994,allarms 3,Rack FAULT,Global,write,코일 operand,1264,1247,1229,RCoil,operand,sources/decoded-original/0542-FlgNet.xml
1994,allarms 3,Module Access FLT,Global,write,코일 operand,1265,1248,1231,RCoil,operand,sources/decoded-original/0542-FlgNet.xml
1994,allarms 3,Prog FAULT,Global,write,코일 operand,1266,1249,1233,RCoil,operand,sources/decoded-original/0542-FlgNet.xml
1995,allarms 3,ON,Global,read,접점 operand,22,24,23,Contact,operand,sources/decoded-original/0543-FlgNet.xml
1995,allarms 3,Data.RO_03,Global,read,비교 입력 핀,26,27,25,Lt,in1,sources/decoded-original/0543-FlgNet.xml
1995,allarms 3,,Unknown,pending,호출 방향·미분류 핀 확인 필요,35,37,31,CRef,ET,sources/decoded-original/0543-FlgNet.xml
1995,allarms 3,Allarm.RO03_Min,Global,write,코일 operand,44,45,41,SCoil,operand,sources/decoded-original/0543-FlgNet.xml
1995,allarms 3,ON,Global,read,접점 operand,32,40,39,Contact,operand,sources/decoded-original/0543-FlgNet.xml
1995,allarms 3,Data.RO_03,Global,read,비교 입력 핀,72,77,67,Gt,in1,sources/decoded-original/0543-FlgNet.xml
1995,allarms 3,,Unknown,pending,호출 방향·미분류 핀 확인 필요,82,74,68,CRef,ET,sources/decoded-original/0543-FlgNet.xml
1995,allarms 3,Allarm.RO03_Max,Global,write,코일 operand,83,75,70,SCoil,operand,sources/decoded-original/0543-FlgNet.xml
1995,allarms 3,Flag.RESET_ALLARM,Global,read,접점 operand,123,117,112,Contact,operand,sources/decoded-original/0543-FlgNet.xml
1995,allarms 3,Allarm.RO03_Min,Global,read,접점 operand,125,118,113,Contact,operand,sources/decoded-original/0543-FlgNet.xml
1995,allarms 3,Allarm.RO03_Min,Global,write,코일 operand,127,119,114,RCoil,operand,sources/decoded-original/0543-FlgNet.xml
1995,allarms 3,Allarm.RO03_Max,Global,read,접점 operand,128,120,115,Contact,operand,sources/decoded-original/0543-FlgNet.xml
1995,allarms 3,Allarm.RO03_Max,Global,write,코일 operand,130,121,116,RCoil,operand,sources/decoded-original/0543-FlgNet.xml
5,cyc_int5 ogni 100ms,ON,Global,read,접점 operand,150,131,188,Contact,operand,sources/decoded-original/0475-FlgNet.xml
5,cyc_int5 ogni 100ms,Flag.MV05_Auto,Global,read,접점 operand,151,132,190,Contact,operand,sources/decoded-original/0475-FlgNet.xml
5,cyc_int5 ogni 100ms,Allarm.Oxigen_Fault,Global,read,접점 operand,152,133,192,Contact,operand,sources/decoded-original/0475-FlgNet.xml
5,cyc_int5 ogni 100ms,UNDER TESTING,Global,read,접점 operand,153,134,194,Contact,operand,sources/decoded-original/0475-FlgNet.xml
5,cyc_int5 ogni 100ms,Inputs.MV05 open,Global,read,접점 operand,156,135,196,Contact,operand,sources/decoded-original/0475-FlgNet.xml
5,cyc_int5 ogni 100ms,Inputs.MV05 Close,Global,read,접점 operand,157,136,198,Contact,operand,sources/decoded-original/0475-FlgNet.xml
5,cyc_int5 ogni 100ms,,Unknown,pending,호출 방향·미분류 핀 확인 필요,159,158,109,CRef,LMNS_ON,sources/decoded-original/0475-FlgNet.xml
5,cyc_int5 ogni 100ms,,Unknown,pending,호출 방향·미분류 핀 확인 필요,161,160,109,CRef,LMNUP,sources/decoded-original/0475-FlgNet.xml
5,cyc_int5 ogni 100ms,,Unknown,pending,호출 방향·미분류 핀 확인 필요,163,162,109,CRef,LMNDN,sources/decoded-original/0475-FlgNet.xml
5,cyc_int5 ogni 100ms,,Unknown,pending,호출 방향·미분류 핀 확인 필요,165,164,109,CRef,PVPER_ON,sources/decoded-original/0475-FlgNet.xml
5,cyc_int5 ogni 100ms,Real_SPO2,Local,pending,호출 방향·미분류 핀 확인 필요,167,138,109,CRef,SP_INT,sources/decoded-original/0475-FlgNet.xml
5,cyc_int5 ogni 100ms,Real_O2,Local,pending,호출 방향·미분류 핀 확인 필요,168,139,109,CRef,PV_IN,sources/decoded-original/0475-FlgNet.xml
5,cyc_int5 ogni 100ms,,Unknown,pending,호출 방향·미분류 핀 확인 필요,170,169,109,CRef,PV_PER,sources/decoded-original/0475-FlgNet.xml
5,cyc_int5 ogni 100ms,,Unknown,pending,호출 방향·미분류 핀 확인 필요,175,174,109,CRef,PV_FAC,sources/decoded-original/0475-FlgNet.xml
5,cyc_int5 ogni 100ms,,Unknown,pending,호출 방향·미분류 핀 확인 필요,177,176,109,CRef,PV_OFF,sources/decoded-original/0475-FlgNet.xml
5,cyc_int5 ogni 100ms,PID UP MV05,Global,write,식별 원본 AK=Write · 호출 방향/인터페이스 추가 확인,182,147,109,CRef,QLMNUP,sources/decoded-original/0475-FlgNet.xml
5,cyc_int5 ogni 100ms,PID DOWN MV05,Global,write,식별 원본 AK=Write · 호출 방향/인터페이스 추가 확인,183,148,109,CRef,QLMNDN,sources/decoded-original/0475-FlgNet.xml
5,cyc_int5 ogni 100ms,,Unknown,pending,호출 방향·미분류 핀 확인 필요,185,184,109,CRef,PV,sources/decoded-original/0475-FlgNet.xml
5,cyc_int5 ogni 100ms,,Unknown,pending,호출 방향·미분류 핀 확인 필요,187,186,109,CRef,ER,sources/decoded-original/0475-FlgNet.xml
7,cyc_int5 ogni 100ms,ON,Global,read,접점 operand,211,194,245,Contact,operand,sources/decoded-original/0476-FlgNet.xml
7,cyc_int5 ogni 100ms,Flag.MV02_Auto,Global,read,접점 operand,212,195,247,Contact,operand,sources/decoded-original/0476-FlgNet.xml
7,cyc_int5 ogni 100ms,Inputs.MV02 Open,Global,read,접점 operand,213,196,249,Contact,operand,sources/decoded-original/0476-FlgNet.xml
7,cyc_int5 ogni 100ms,Inputs.MV02 Close,Global,read,접점 operand,214,197,251,Contact,operand,sources/decoded-original/0476-FlgNet.xml
7,cyc_int5 ogni 100ms,,Unknown,pending,호출 방향·미분류 핀 확인 필요,216,215,172,CRef,LMNS_ON,sources/decoded-original/0476-FlgNet.xml
7,cyc_int5 ogni 100ms,,Unknown,pending,호출 방향·미분류 핀 확인 필요,218,217,172,CRef,LMNUP,sources/decoded-original/0476-FlgNet.xml
7,cyc_int5 ogni 100ms,,Unknown,pending,호출 방향·미분류 핀 확인 필요,220,219,172,CRef,LMNDN,sources/decoded-original/0476-FlgNet.xml
7,cyc_int5 ogni 100ms,,Unknown,pending,호출 방향·미분류 핀 확인 필요,222,221,172,CRef,PVPER_ON,sources/decoded-original/0476-FlgNet.xml
7,cyc_int5 ogni 100ms,Real_SPPC01,Local,pending,호출 방향·미분류 핀 확인 필요,224,199,172,CRef,SP_INT,sources/decoded-original/0476-FlgNet.xml
7,cyc_int5 ogni 100ms,Real_PC01,Local,pending,호출 방향·미분류 핀 확인 필요,225,200,172,CRef,PV_IN,sources/decoded-original/0476-FlgNet.xml
7,cyc_int5 ogni 100ms,,Unknown,pending,호출 방향·미분류 핀 확인 필요,227,226,172,CRef,PV_PER,sources/decoded-original/0476-FlgNet.xml
7,cyc_int5 ogni 100ms,,Unknown,pending,호출 방향·미분류 핀 확인 필요,232,231,172,CRef,PV_FAC,sources/decoded-original/0476-FlgNet.xml
7,cyc_int5 ogni 100ms,,Unknown,pending,호출 방향·미분류 핀 확인 필요,234,233,172,CRef,PV_OFF,sources/decoded-original/0476-FlgNet.xml
7,cyc_int5 ogni 100ms,PID MV02 UP,Global,write,식별 원본 AK=Write · 호출 방향/인터페이스 추가 확인,239,208,172,CRef,QLMNUP,sources/decoded-original/0476-FlgNet.xml
7,cyc_int5 ogni 100ms,PID MV02 Down,Global,write,식별 원본 AK=Write · 호출 방향/인터페이스 추가 확인,240,209,172,CRef,QLMNDN,sources/decoded-original/0476-FlgNet.xml
7,cyc_int5 ogni 100ms,,Unknown,pending,호출 방향·미분류 핀 확인 필요,242,241,172,CRef,PV,sources/decoded-original/0476-FlgNet.xml
7,cyc_int5 ogni 100ms,,Unknown,pending,호출 방향·미분류 핀 확인 필요,244,243,172,CRef,ER,sources/decoded-original/0476-FlgNet.xml
8,cyc_int5 ogni 100ms,Data.TC03_SETPOINT,Global,read,비교 입력 핀,27,29,22,Lt,in1,sources/decoded-original/0480-FlgNet.xml
8,cyc_int5 ogni 100ms,Data.TC03_SETPOINT,Global,write,Move out,35,37,32,Move,out1,sources/decoded-original/0480-FlgNet.xml
11,cyc_int5 ogni 100ms,ON,Global,read,접점 operand,413,388,463,Contact,operand,sources/decoded-original/0477-FlgNet.xml
11,cyc_int5 ogni 100ms,Flag.MV01_Auto,Global,read,접점 operand,414,389,465,Contact,operand,sources/decoded-original/0477-FlgNet.xml
11,cyc_int5 ogni 100ms,ON,Global,read,접점 operand,415,390,467,Contact,operand,sources/decoded-original/0477-FlgNet.xml
11,cyc_int5 ogni 100ms,Inputs.MV01 Open,Global,read,접점 operand,416,391,469,Contact,operand,sources/decoded-original/0477-FlgNet.xml
11,cyc_int5 ogni 100ms,OFF,Global,read,접점 operand,417,392,471,Contact,operand,sources/decoded-original/0477-FlgNet.xml
11,cyc_int5 ogni 100ms,Data.Pot_MV01,Global,read,비교 입력 핀,418,393,352,Ge,in1,sources/decoded-original/0477-FlgNet.xml
11,cyc_int5 ogni 100ms,ON,Global,read,접점 operand,424,395,473,Contact,operand,sources/decoded-original/0477-FlgNet.xml
11,cyc_int5 ogni 100ms,Inputs.MV01 Close,Global,read,접점 operand,425,396,475,Contact,operand,sources/decoded-original/0477-FlgNet.xml
11,cyc_int5 ogni 100ms,OFF,Global,read,접점 operand,426,397,477,Contact,operand,sources/decoded-original/0477-FlgNet.xml
11,cyc_int5 ogni 100ms,Data.Pot_MV01,Global,read,비교 입력 핀,427,398,361,Le,in1,sources/decoded-original/0477-FlgNet.xml
11,cyc_int5 ogni 100ms,,Unknown,pending,호출 방향·미분류 핀 확인 필요,434,433,366,CRef,LMNS_ON,sources/decoded-original/0477-FlgNet.xml
11,cyc_int5 ogni 100ms,,Unknown,pending,호출 방향·미분류 핀 확인 필요,436,435,366,CRef,LMNUP,sources/decoded-original/0477-FlgNet.xml
11,cyc_int5 ogni 100ms,,Unknown,pending,호출 방향·미분류 핀 확인 필요,438,437,366,CRef,LMNDN,sources/decoded-original/0477-FlgNet.xml
11,cyc_int5 ogni 100ms,,Unknown,pending,호출 방향·미분류 핀 확인 필요,440,439,366,CRef,PVPER_ON,sources/decoded-original/0477-FlgNet.xml
11,cyc_int5 ogni 100ms,Real_SP_TC03xMV01,Local,pending,호출 방향·미분류 핀 확인 필요,442,401,366,CRef,SP_INT,sources/decoded-original/0477-FlgNet.xml
11,cyc_int5 ogni 100ms,Real_TC03xMV01,Local,pending,호출 방향·미분류 핀 확인 필요,443,402,366,CRef,PV_IN,sources/decoded-original/0477-FlgNet.xml
11,cyc_int5 ogni 100ms,,Unknown,pending,호출 방향·미분류 핀 확인 필요,445,444,366,CRef,PV_PER,sources/decoded-original/0477-FlgNet.xml
11,cyc_int5 ogni 100ms,,Unknown,pending,호출 방향·미분류 핀 확인 필요,450,449,366,CRef,PV_FAC,sources/decoded-original/0477-FlgNet.xml
11,cyc_int5 ogni 100ms,,Unknown,pending,호출 방향·미분류 핀 확인 필요,452,451,366,CRef,PV_OFF,sources/decoded-original/0477-FlgNet.xml
11,cyc_int5 ogni 100ms,UP MV01 PID,Global,write,식별 원본 AK=Write · 호출 방향/인터페이스 추가 확인,457,410,366,CRef,QLMNUP,sources/decoded-original/0477-FlgNet.xml
11,cyc_int5 ogni 100ms,DOWN MV01 PID,Global,write,식별 원본 AK=Write · 호출 방향/인터페이스 추가 확인,458,411,366,CRef,QLMNDN,sources/decoded-original/0477-FlgNet.xml
11,cyc_int5 ogni 100ms,,Unknown,pending,호출 방향·미분류 핀 확인 필요,460,459,366,CRef,PV,sources/decoded-original/0477-FlgNet.xml
11,cyc_int5 ogni 100ms,,Unknown,pending,호출 방향·미분류 핀 확인 필요,462,461,366,CRef,ER,sources/decoded-original/0477-FlgNet.xml
12,cyc_int5 ogni 100ms,ON,Global,read,접점 operand,368,363,375,Contact,operand,sources/decoded-original/0478-FlgNet.xml
12,cyc_int5 ogni 100ms,Flag.MV04_Auto,Global,read,접점 operand,369,364,377,Contact,operand,sources/decoded-original/0478-FlgNet.xml
12,cyc_int5 ogni 100ms,Start FN02,Global,read,접점 operand,370,365,379,Contact,operand,sources/decoded-original/0478-FlgNet.xml
12,cyc_int5 ogni 100ms,ON,Global,read,접점 operand,371,366,381,Contact,operand,sources/decoded-original/0478-FlgNet.xml
12,cyc_int5 ogni 100ms,VT02Manuale,Local,write,코일 operand,374,367,362,Coil,operand,sources/decoded-original/0478-FlgNet.xml
15,cyc_int5 ogni 100ms,OFF,Global,read,접점 operand,547,529,583,Contact,operand,sources/decoded-original/0479-FlgNet.xml
15,cyc_int5 ogni 100ms,Flag.MV03_Auto,Global,read,접점 operand,548,530,585,Contact,operand,sources/decoded-original/0479-FlgNet.xml
15,cyc_int5 ogni 100ms,Open MV03 for washing,Global,read,접점 operand,549,531,587,Contact,operand,sources/decoded-original/0479-FlgNet.xml
15,cyc_int5 ogni 100ms,Inputs.MV03 open,Global,read,접점 operand,551,532,589,Contact,operand,sources/decoded-original/0479-FlgNet.xml
15,cyc_int5 ogni 100ms,Inputs.MV03 Close,Global,read,접점 operand,552,533,591,Contact,operand,sources/decoded-original/0479-FlgNet.xml
15,cyc_int5 ogni 100ms,,Unknown,pending,호출 방향·미분류 핀 확인 필요,554,553,507,CRef,LMNS_ON,sources/decoded-original/0479-FlgNet.xml
15,cyc_int5 ogni 100ms,,Unknown,pending,호출 방향·미분류 핀 확인 필요,556,555,507,CRef,LMNUP,sources/decoded-original/0479-FlgNet.xml
15,cyc_int5 ogni 100ms,,Unknown,pending,호출 방향·미분류 핀 확인 필요,558,557,507,CRef,LMNDN,sources/decoded-original/0479-FlgNet.xml
15,cyc_int5 ogni 100ms,,Unknown,pending,호출 방향·미분류 핀 확인 필요,560,559,507,CRef,PVPER_ON,sources/decoded-original/0479-FlgNet.xml
15,cyc_int5 ogni 100ms,Real_SPPC02,Local,pending,호출 방향·미분류 핀 확인 필요,562,535,507,CRef,SP_INT,sources/decoded-original/0479-FlgNet.xml
15,cyc_int5 ogni 100ms,Real_PC02,Local,pending,호출 방향·미분류 핀 확인 필요,563,536,507,CRef,PV_IN,sources/decoded-original/0479-FlgNet.xml
15,cyc_int5 ogni 100ms,,Unknown,pending,호출 방향·미분류 핀 확인 필요,565,564,507,CRef,PV_PER,sources/decoded-original/0479-FlgNet.xml
15,cyc_int5 ogni 100ms,,Unknown,pending,호출 방향·미분류 핀 확인 필요,570,569,507,CRef,PV_FAC,sources/decoded-original/0479-FlgNet.xml
15,cyc_int5 ogni 100ms,,Unknown,pending,호출 방향·미분류 핀 확인 필요,572,571,507,CRef,PV_OFF,sources/decoded-original/0479-FlgNet.xml
15,cyc_int5 ogni 100ms,PID UP MV03,Global,write,식별 원본 AK=Write · 호출 방향/인터페이스 추가 확인,577,544,507,CRef,QLMNUP,sources/decoded-original/0479-FlgNet.xml
15,cyc_int5 ogni 100ms,PID down MV03,Global,write,식별 원본 AK=Write · 호출 방향/인터페이스 추가 확인,578,545,507,CRef,QLMNDN,sources/decoded-original/0479-FlgNet.xml
15,cyc_int5 ogni 100ms,,Unknown,pending,호출 방향·미분류 핀 확인 필요,580,579,507,CRef,PV,sources/decoded-original/0479-FlgNet.xml
15,cyc_int5 ogni 100ms,,Unknown,pending,호출 방향·미분류 핀 확인 필요,582,581,507,CRef,ER,sources/decoded-original/0479-FlgNet.xml
16,cyc_int5 ogni 100ms,ON,Global,read,접점 operand,25,26,513,Contact,operand,sources/decoded-original/0028-FlgNet.xml
